SUMLEV,STATE,COUNTY,STNAME,CTYNAME,YEAR,POPESTIMATE,POPEST_MALE,POPEST_FEM,UNDER5_TOT,UNDER5_MALE,UNDER5_FEM,AGE513_TOT,AGE513_MALE,AGE513_FEM,AGE1417_TOT,AGE1417_MALE,AGE1417_FEM,AGE1824_TOT,AGE1824_MALE,AGE1824_FEM,AGE16PLUS_TOT,AGE16PLUS_MALE,AGE16PLUS_FEM,AGE18PLUS_TOT,AGE18PLUS_MALE,AGE18PLUS_FEM,AGE1544_TOT,AGE1544_MALE,AGE1544_FEM,AGE2544_TOT,AGE2544_MALE,AGE2544_FEM,AGE4564_TOT,AGE4564_MALE,AGE4564_FEM,AGE65PLUS_TOT,AGE65PLUS_MALE,AGE65PLUS_FEM,AGE04_TOT,AGE04_MALE,AGE04_FEM,AGE59_TOT,AGE59_MALE,AGE59_FEM,AGE1014_TOT,AGE1014_MALE,AGE1014_FEM,AGE1519_TOT,AGE1519_MALE,AGE1519_FEM,AGE2024_TOT,AGE2024_MALE,AGE2024_FEM,AGE2529_TOT,AGE2529_MALE,AGE2529_FEM,AGE3034_TOT,AGE3034_MALE,AGE3034_FEM,AGE3539_TOT,AGE3539_MALE,AGE3539_FEM,AGE4044_TOT,AGE4044_MALE,AGE4044_FEM,AGE4549_TOT,AGE4549_MALE,AGE4549_FEM,AGE5054_TOT,AGE5054_MALE,AGE5054_FEM,AGE5559_TOT,AGE5559_MALE,AGE5559_FEM,AGE6064_TOT,AGE6064_MALE,AGE6064_FEM,AGE6569_TOT,AGE6569_MALE,AGE6569_FEM,AGE7074_TOT,AGE7074_MALE,AGE7074_FEM,AGE7579_TOT,AGE7579_MALE,AGE7579_FEM,AGE8084_TOT,AGE8084_MALE,AGE8084_FEM,AGE85PLUS_TOT,AGE85PLUS_MALE,AGE85PLUS_FEM,MEDIAN_AGE_TOT,MEDIAN_AGE_MALE,MEDIAN_AGE_FEM
050,51,001,Virginia,Accomack County,1,33164,16154,17010,1942,993,949,3467,1859,1608,1516,795,721,2496,1254,1242,27038,12927,14111,26239,12507,13732,10971,5480,5491,7302,3608,3694,10105,4815,5290,6336,2830,3506,1942,993,949,1977,1058,919,1833,978,855,1956,994,962,1713,878,835,1824,917,907,1713,841,872,1766,868,898,1999,982,1017,2381,1144,1237,2684,1285,1399,2642,1258,1384,2398,1128,1270,1985,927,1058,1520,734,786,1215,562,653,878,359,519,738,248,490,44.7,42.9,46.2
050,51,001,Virginia,Accomack County,2,33162,16153,17009,1942,993,949,3467,1859,1608,1516,795,721,2496,1254,1242,27036,12926,14110,26237,12506,13731,10971,5480,5491,7302,3608,3694,10103,4814,5289,6336,2830,3506,1942,993,949,1977,1058,919,1833,978,855,1956,994,962,1713,878,835,1824,917,907,1713,841,872,1766,868,898,1999,982,1017,2381,1144,1237,2684,1285,1399,2641,1258,1383,2397,1127,1270,1985,927,1058,1520,734,786,1215,562,653,878,359,519,738,248,490,44.7,42.9,46.2
050,51,001,Virginia,Accomack County,3,33150,16153,16997,1938,992,946,3476,1862,1614,1503,789,714,2501,1255,1246,27023,12927,14096,26233,12510,13723,10938,5462,5476,7281,3597,3684,10118,4832,5286,6333,2826,3507,1938,992,946,1973,1053,920,1850,988,862,1934,988,946,1723,877,846,1805,905,900,1729,848,881,1765,865,900,1982,979,1003,2368,1137,1231,2685,1292,1393,2657,1264,1393,2408,1139,1269,2002,930,1072,1524,734,790,1197,553,644,868,357,511,742,252,490,44.7,42.9,46.2
050,51,001,Virginia,Accomack County,4,33227,16224,17003,2045,1049,996,3539,1888,1651,1445,765,680,2499,1293,1206,26922,12907,14015,26198,12522,13676,10752,5417,5335,7169,3550,3619,10113,4837,5276,6417,2842,3575,2045,1049,996,1961,1054,907,1939,1025,914,1818,961,857,1765,906,859,1812,885,927,1729,876,853,1711,832,879,1917,957,960,2294,1099,1195,2656,1285,1371,2720,1282,1438,2443,1171,1272,2059,938,1121,1562,752,810,1173,539,634,856,358,498,767,255,512,44.8,42.7,46.5
050,51,001,Virginia,Accomack County,5,33276,16279,16997,2102,1075,1027,3503,1847,1656,1462,790,672,2458,1257,1201,26911,12938,13973,26209,12567,13642,10662,5386,5276,7137,3565,3572,9971,4786,5185,6643,2959,3684,2102,1075,1027,1934,1044,890,1964,1029,935,1718,917,801,1807,904,903,1742,869,873,1818,927,891,1671,824,847,1906,945,961,2195,1057,1138,2564,1245,1319,2823,1338,1485,2389,1146,1243,2204,1026,1178,1602,754,848,1191,545,646,874,376,498,772,258,514,44.9,42.9,46.8
050,51,001,Virginia,Accomack County,6,32982,16096,16886,1934,995,939,3498,1799,1699,1450,758,692,2401,1211,1190,26793,12901,13892,26100,12544,13556,10472,5291,5181,6992,3510,3482,9863,4733,5130,6844,3090,3754,1934,995,939,1938,1002,936,1931,985,946,1682,895,787,1798,886,912,1714,872,842,1815,923,892,1627,789,838,1836,926,910,2120,1022,1098,2470,1191,1279,2825,1356,1469,2448,1164,1284,2236,1049,1187,1691,816,875,1233,557,676,875,386,489,809,282,527,45.6,43.8,47.2
050,51,001,Virginia,Accomack County,7,32992,16080,16912,1940,1006,934,3451,1776,1675,1507,782,725,2329,1168,1161,26832,12911,13921,26094,12516,13578,10408,5227,5181,6972,3476,3496,9812,4695,5117,6981,3177,3804,1940,1006,934,1929,967,962,1922,1008,914,1676,890,786,1760,861,899,1754,897,857,1778,897,881,1650,808,842,1790,874,916,2051,988,1063,2425,1161,1264,2767,1326,1441,2569,1220,1349,2288,1070,1218,1751,842,909,1267,590,677,858,380,478,817,295,522,45.8,44.1,47.4
050,51,001,Virginia,Accomack County,8,32930,16021,16909,1981,1030,951,3386,1748,1638,1536,775,761,2242,1145,1097,26754,12854,13900,26027,12468,13559,10372,5189,5183,7005,3464,3541,9669,4611,5058,7111,3248,3863,1981,1030,951,1909,936,973,1888,1007,881,1683,882,801,1684,843,841,1828,912,916,1730,852,878,1701,845,856,1746,855,891,1966,956,1010,2364,1113,1251,2707,1302,1405,2632,1240,1392,2342,1102,1240,1807,836,971,1280,605,675,840,377,463,842,328,514,45.8,44.2,47.4
050,51,001,Virginia,Accomack County,9,32903,16019,16884,1899,979,920,3441,1783,1658,1526,758,768,2212,1153,1059,26783,12872,13911,26037,12499,13538,10292,5130,5162,6932,3409,3523,9599,4588,5011,7294,3349,3945,1899,979,920,1955,983,972,1864,990,874,1760,893,867,1600,828,772,1870,944,926,1691,803,888,1682,853,829,1689,809,880,1909,950,959,2285,1063,1222,2678,1286,1392,2727,1289,1438,2403,1151,1252,1860,859,1001,1330,628,702,833,366,467,868,345,523,46.2,44.6,47.7
050,51,001,Virginia,Accomack County,10,32729,15980,16749,1834,962,872,3477,1830,1647,1505,756,749,2071,1094,977,26685,12808,13877,25913,12432,13481,10082,5035,5047,6874,3380,3494,9450,4511,4939,7518,3447,4071,1834,962,872,1978,1028,950,1867,997,870,1735,880,855,1473,775,698,1871,933,938,1689,808,881,1699,879,820,1615,760,855,1879,934,945,2203,1037,1166,2537,1213,1324,2831,1327,1504,2396,1153,1243,1995,923,1072,1373,628,745,855,382,473,899,361,538,46.7,44.8,48.4
050,51,001,Virginia,Accomack County,11,32603,15935,16668,1877,983,894,3447,1781,1666,1477,771,706,2037,1095,942,26557,12774,13783,25802,12400,13402,10022,5030,4992,6865,3367,3498,9209,4408,4801,7691,3530,4161,1877,983,894,1895,978,917,1909,1006,903,1727,889,838,1430,774,656,1868,891,977,1716,881,835,1686,838,848,1595,757,838,1818,912,906,2110,1003,1107,2452,1157,1295,2829,1336,1493,2418,1143,1275,2055,973,1082,1419,662,757,891,392,499,908,360,548,46.7,44.8,48.5
050,51,001,Virginia,Accomack County,12,32325,15790,16535,1773,909,864,3405,1742,1663,1485,811,674,2078,1090,988,26400,12722,13678,25662,12328,13334,9909,5021,4888,6727,3329,3398,8963,4277,4686,7894,3632,4262,1773,909,864,1860,965,895,1926,986,940,1741,922,819,1441,770,671,1759,871,888,1725,877,848,1652,821,831,1591,760,831,1793,887,906,2044,970,1074,2366,1129,1237,2760,1291,1469,2497,1188,1309,2093,971,1122,1475,689,786,918,414,504,911,370,541,47.0,45.1,48.9
050,51,001,Virginia,Accomack County,13,32315,15810,16505,1770,911,859,3362,1752,1610,1488,808,680,2092,1113,979,26422,12739,13683,25695,12339,13356,9867,5009,4858,6679,3292,3387,8838,4223,4615,8086,3711,4375,1770,911,859,1841,969,872,1913,987,926,1728,928,800,1460,789,671,1709,856,853,1738,869,869,1605,777,828,1627,790,837,1747,866,881,1996,953,1043,2341,1109,1232,2754,1295,1459,2610,1237,1373,2122,982,1140,1532,704,828,917,424,493,905,364,541,47.3,45.2,49.2
050,51,001,Virginia,Accomack County,14,32238,15763,16475,1758,903,855,3344,1747,1597,1491,809,682,2086,1114,972,26370,12708,13662,25645,12304,13341,9837,4995,4842,6655,3274,3381,8785,4196,4589,8119,3720,4399,1758,903,855,1827,963,864,1912,986,926,1720,928,792,1462,793,669,1688,849,839,1743,868,875,1590,760,830,1634,797,837,1729,858,871,1980,947,1033,2332,1100,1232,2744,1291,1453,2640,1249,1391,2124,983,1141,1546,706,840,914,424,490,895,358,537,47.4,45.2,49.3
050,51,003,Virginia,Albemarle County,1,98970,47609,51361,5527,2859,2668,10830,5488,5342,4928,2552,2376,12250,5946,6304,80223,38039,42184,77685,36710,40975,40476,19985,20491,24450,12061,12389,26861,12664,14197,14124,6039,8085,5527,2859,2668,5939,2975,2964,6043,3087,2956,9050,4408,4642,6976,3516,3460,6801,3385,3416,5759,2891,2868,5526,2774,2752,6364,3011,3353,7104,3346,3758,7421,3489,3932,6713,3137,3576,5623,2692,2931,4159,1923,2236,3121,1439,1682,2497,1031,1466,2101,875,1226,2246,771,1475,38.2,36.2,39.9
050,51,003,Virginia,Albemarle County,2,98984,47607,51377,5524,2857,2667,10826,5488,5338,4929,2551,2378,12284,5953,6331,80243,38040,42203,77705,36711,40994,40494,19983,20511,24433,12052,12381,26858,12662,14196,14130,6044,8086,5524,2857,2667,5934,2974,2960,6044,3087,2957,9065,4410,4655,6996,3521,3475,6799,3384,3415,5759,2891,2868,5525,2774,2751,6350,3003,3347,7100,3344,3756,7424,3490,3934,6710,3136,3574,5624,2692,2932,4162,1925,2237,3121,1438,1683,2500,1034,1466,2102,876,1226,2245,771,1474,38.2,36.2,39.9
050,51,003,Virginia,Albemarle County,3,99196,47708,51488,5543,2859,2684,10826,5488,5338,4933,2552,2381,12260,5950,6310,80439,38140,42299,77894,36809,41085,40497,19996,20501,24466,12079,12387,26964,12710,14254,14204,6070,8134,5543,2859,2684,5923,2978,2945,6065,3095,2970,9123,4433,4690,6908,3484,3424,6834,3397,3437,5800,2912,2888,5506,2766,2740,6326,3004,3322,7064,3316,3748,7432,3491,3941,6759,3165,3594,5709,2738,2971,4177,1922,2255,3153,1451,1702,2486,1034,1452,2117,879,1238,2271,784,1487,38.2,36.3,39.9
050,51,003,Virginia,Albemarle County,4,100231,48056,52175,5700,2898,2802,10851,5464,5387,4914,2538,2376,12186,5889,6297,81299,38481,42818,78766,37156,41610,40517,19974,20543,24631,12167,12464,27345,12870,14475,14604,6230,8374,5700,2898,2802,5875,2955,2920,6190,3129,3061,9175,4462,4713,6711,3345,3366,6903,3413,3490,5985,2987,2998,5453,2742,2711,6290,3025,3265,6858,3235,3623,7421,3464,3957,6942,3255,3687,6124,2916,3208,4282,1958,2324,3281,1497,1784,2491,1052,1439,2191,908,1283,2359,815,1544,38.3,36.5,40.0
050,51,003,Virginia,Albemarle County,5,101504,48577,52927,5697,2899,2798,10891,5460,5431,4988,2556,2432,12364,5963,6401,82425,38941,43484,79928,37662,42266,40987,20175,20812,24893,12296,12597,27286,12816,14470,15385,6587,8798,5697,2899,2798,5907,2966,2941,6242,3134,3108,9332,4545,4787,6762,3334,3428,7056,3511,3545,6075,3020,3055,5473,2706,2767,6289,3059,3230,6741,3190,3551,7283,3393,3890,7050,3299,3751,6212,2934,3278,4761,2207,2554,3431,1561,1870,2586,1084,1502,2168,888,1280,2439,847,1592,38.3,36.6,40.1
050,51,003,Virginia,Albemarle County,6,102329,48940,53389,5678,2935,2743,11005,5517,5488,5042,2552,2490,11951,5779,6172,83083,39211,43872,80604,37936,42668,40886,20097,20789,25170,12398,12772,27433,12836,14597,16050,6923,9127,5678,2935,2743,6044,3034,3010,6238,3115,3123,8983,4376,4607,6733,3323,3410,6985,3439,3546,6327,3150,3177,5585,2730,2855,6273,3079,3194,6578,3113,3465,7259,3396,3863,7149,3300,3849,6447,3027,3420,5045,2342,2703,3650,1664,1986,2699,1156,1543,2175,889,1286,2481,872,1609,38.7,37.0,40.4
050,51,003,Virginia,Albemarle County,7,103811,49673,54138,5708,2913,2795,11028,5609,5419,5143,2565,2578,12141,5847,6294,84525,39903,44622,81932,38586,43346,41401,20367,21034,25378,12580,12798,27564,12835,14729,16849,7324,9525,5708,2913,2795,6103,3126,2977,6186,3108,3078,9043,4346,4697,6980,3441,3539,7068,3516,3552,6443,3196,3247,5859,2879,2980,6008,2989,3019,6436,3038,3398,7269,3371,3898,7290,3383,3907,6569,3043,3526,5448,2526,2922,3833,1772,2061,2806,1229,1577,2172,860,1312,2590,937,1653,38.7,37.1,40.4
050,51,003,Virginia,Albemarle County,8,105221,50437,54784,5800,2990,2810,10942,5611,5331,5190,2570,2620,12555,6053,6502,85917,40576,45341,83289,39266,44023,41943,20599,21344,25476,12607,12869,27658,12920,14738,17600,7686,9914,5800,2990,2810,6032,3097,2935,6188,3145,3043,9213,4403,4810,7254,3589,3665,7000,3422,3578,6604,3334,3270,6037,2940,3097,5835,2911,2924,6524,3097,3427,7096,3334,3762,7351,3400,3951,6687,3089,3598,5799,2712,3087,4018,1846,2172,2961,1309,1652,2137,844,1293,2685,975,1710,38.7,37.1,40.3
050,51,003,Virginia,Albemarle County,9,106662,51039,55623,5867,2945,2922,10953,5584,5369,5150,2559,2591,12789,6169,6620,87320,41224,46096,84692,39951,44741,42437,20811,21626,25729,12730,12999,27779,13001,14778,18395,8051,10344,5867,2945,2922,6098,3100,2998,6086,3131,2955,9383,4458,4925,7325,3623,3702,7025,3420,3605,6658,3364,3294,6300,3075,3225,5746,2871,2875,6512,3125,3387,6942,3266,3676,7419,3423,3996,6906,3187,3719,6163,2882,3281,4204,1925,2279,3097,1359,1738,2184,894,1290,2747,991,1756,38.9,37.3,40.3
050,51,003,Virginia,Albemarle County,10,108107,51682,56425,5952,2981,2971,10907,5574,5333,5095,2541,2554,12934,6193,6741,88773,41868,46905,86153,40586,45567,43089,21123,21966,26308,13009,13299,27568,12899,14669,19343,8485,10858,5952,2981,2971,6081,3114,2967,6074,3080,2994,9382,4470,4912,7399,3644,3755,7108,3463,3645,6866,3446,3420,6466,3153,3313,5868,2947,2921,6418,3109,3309,6751,3209,3542,7301,3347,3954,7098,3234,3864,6286,2922,3364,4716,2181,2535,3286,1448,1838,2259,921,1338,2796,1013,1783,39.0,37.5,40.4
050,51,003,Virginia,Albemarle County,11,108832,52035,56797,5898,2986,2912,10825,5521,5304,5049,2553,2496,12897,6167,6730,89599,42259,47340,87060,40975,46085,43344,21163,22181,26633,13083,13550,27245,12801,14444,20285,8924,11361,5898,2986,2912,5962,3064,2898,6098,3097,3001,9355,4445,4910,7356,3635,3721,6992,3348,3644,7012,3507,3505,6602,3259,3343,6027,2969,3058,6332,3105,3227,6523,3134,3389,7168,3314,3854,7222,3248,3974,6498,2995,3503,5017,2326,2691,3545,1576,1969,2391,1005,1386,2834,1022,1812,39.3,37.8,40.7
050,51,003,Virginia,Albemarle County,12,109843,52548,57295,5886,2993,2893,10945,5603,5342,4999,2543,2456,12770,6089,6681,90541,42678,47863,88013,41409,46604,43807,21406,22401,27280,13413,13867,26934,12685,14249,21029,9222,11807,5886,2993,2893,6050,3092,2958,6137,3150,2987,9303,4459,4844,7224,3534,3690,7236,3445,3791,7064,3554,3510,6869,3388,3481,6111,3026,3085,6081,3010,3071,6454,3077,3377,7092,3271,3821,7307,3327,3980,6596,3024,3572,5323,2408,2915,3727,1686,2041,2539,1080,1459,2844,1024,1820,39.4,38.0,40.8
050,51,003,Virginia,Albemarle County,13,110549,52888,57661,5804,2929,2875,11106,5677,5429,4972,2548,2424,12763,6118,6645,91207,43017,48190,88667,41734,46933,44058,21565,22493,27511,13526,13985,26674,12566,14108,21719,9524,12195,5804,2929,2875,6133,3137,2996,6161,3167,2994,9307,4466,4841,7240,3573,3667,7210,3451,3759,7045,3490,3555,6995,3500,3495,6261,3085,3176,5990,2952,3038,6473,3107,3366,6921,3183,3738,7290,3324,3966,6746,3082,3664,5598,2548,3050,3845,1715,2130,2629,1135,1494,2901,1044,1857,39.5,38.2,40.9
050,51,003,Virginia,Albemarle County,14,110652,52931,57721,5774,2909,2865,11139,5689,5450,4966,2553,2413,12745,6119,6626,91315,43066,48249,88773,41780,46993,44120,21607,22513,27580,13560,14020,26571,12511,14060,21877,9590,12287,5774,2909,2865,6147,3144,3003,6163,3170,2993,9301,4464,4837,7239,3583,3656,7190,3446,3744,7035,3466,3569,7041,3541,3500,6314,3107,3207,5955,2929,3026,6484,3117,3367,6862,3152,3710,7270,3313,3957,6785,3098,3687,5670,2583,3087,3870,1717,2153,2653,1150,1503,2899,1042,1857,39.6,38.2,41.0
050,51,005,Virginia,Alleghany County,1,16250,7954,8296,778,428,350,1777,912,865,895,471,424,1024,528,496,13230,6372,6858,12800,6143,6657,5193,2604,2589,3477,1706,1771,4994,2454,2540,3305,1455,1850,778,428,350,936,471,465,1044,542,502,1037,545,492,679,353,326,711,338,373,723,357,366,962,475,487,1081,536,545,1204,589,615,1288,616,672,1218,613,605,1284,636,648,1073,539,534,814,385,429,574,255,319,438,160,278,406,116,290,45.8,44.5,46.9
050,51,005,Virginia,Alleghany County,2,16264,7963,8301,779,429,350,1779,913,866,895,471,424,1025,529,496,13241,6379,6862,12811,6150,6661,5199,2608,2591,3482,1709,1773,4995,2454,2541,3309,1458,1851,779,429,350,937,471,466,1045,543,502,1038,546,492,679,353,326,712,339,373,724,357,367,964,477,487,1082,536,546,1204,589,615,1288,616,672,1219,613,606,1284,636,648,1075,540,535,814,385,429,575,256,319,438,160,278,407,117,290,45.8,44.4,46.9
050,51,005,Virginia,Alleghany County,3,16203,7945,8258,766,419,347,1769,915,854,898,474,424,1024,527,497,13211,6373,6838,12770,6137,6633,5167,2593,2574,3453,1697,1756,4992,2455,2537,3301,1458,1843,766,419,347,928,472,456,1049,548,501,1021,542,479,693,354,339,711,340,371,723,358,365,944,465,479,1075,534,541,1206,591,615,1291,618,673,1209,607,602,1286,639,647,1071,537,534,812,389,423,570,254,316,437,160,277,411,118,293,45.8,44.5,47.0
050,51,005,Virginia,Alleghany County,4,16163,7931,8232,762,417,345,1708,899,809,917,483,434,1070,543,527,13261,6388,6873,12776,6132,6644,5140,2572,2568,3377,1664,1713,4997,2446,2551,3332,1479,1853,762,417,345,873,462,411,1059,555,504,1016,543,473,747,365,382,708,345,363,739,372,367,872,421,451,1058,526,532,1197,582,615,1283,615,668,1214,597,617,1303,652,651,1058,525,533,837,408,429,573,259,314,445,167,278,419,120,299,46.0,44.6,47.4
050,51,005,Virginia,Alleghany County,5,16035,7857,8178,769,399,370,1669,878,791,898,478,420,1129,569,560,13145,6331,6814,12699,6102,6597,5082,2538,2544,3272,1616,1656,4839,2370,2469,3459,1547,1912,769,399,370,863,468,395,1023,535,488,1017,526,491,793,396,397,696,336,360,741,370,371,791,397,394,1044,513,531,1158,560,598,1238,585,653,1232,606,626,1211,619,592,1127,551,576,881,434,447,595,276,319,415,162,253,441,124,317,46.3,44.9,47.5
050,51,005,Virginia,Alleghany County,6,15926,7858,8068,769,395,374,1605,853,752,864,466,398,1201,624,577,13111,6367,6744,12688,6144,6544,5073,2563,2510,3227,1590,1637,4727,2338,2389,3533,1592,1941,769,395,374,830,454,376,994,516,478,1020,544,476,826,429,397,693,332,361,746,376,370,752,378,374,1036,504,532,1140,564,576,1190,577,613,1266,609,657,1131,588,543,1150,544,606,920,459,461,614,290,324,423,172,251,426,127,299,46.5,45.0,47.7
050,51,005,Virginia,Alleghany County,7,15613,7676,7937,725,375,350,1515,791,724,854,462,392,1180,607,573,12952,6283,6669,12519,6048,6471,4940,2483,2457,3111,1524,1587,4652,2304,2348,3576,1613,1963,725,375,350,789,431,358,931,470,461,986,526,460,843,433,410,680,335,345,711,341,370,738,380,358,982,468,514,1078,551,527,1189,576,613,1254,595,659,1131,582,549,1160,550,610,946,461,485,632,307,325,417,164,253,421,131,290,47.1,45.8,48.4
050,51,005,Virginia,Alleghany County,8,15432,7559,7873,733,369,364,1434,765,669,848,445,403,1169,597,572,12851,6213,6638,12417,5980,6437,4829,2414,2415,3024,1477,1547,4602,2260,2342,3622,1646,1976,733,369,364,758,416,342,888,454,434,949,502,447,856,435,421,688,342,346,691,330,361,733,370,363,912,435,477,1071,542,529,1156,573,583,1215,562,653,1160,583,577,1158,564,594,955,462,493,654,305,349,427,180,247,428,135,293,47.5,46.2,48.7
050,51,005,Virginia,Alleghany County,9,15393,7527,7866,707,352,355,1439,776,663,823,419,404,1128,578,550,12843,6200,6643,12424,5980,6444,4792,2377,2415,3027,1469,1558,4579,2250,2329,3690,1683,2007,707,352,355,757,405,352,868,460,408,966,508,458,799,400,399,742,357,385,704,345,359,762,386,376,819,381,438,1044,530,514,1151,580,571,1217,572,645,1167,568,599,1175,577,598,938,440,498,697,340,357,435,180,255,445,146,299,47.7,46.6,49.0
050,51,005,Virginia,Alleghany County,10,15143,7404,7739,671,330,341,1422,764,658,764,391,373,1097,563,534,12709,6133,6576,12286,5919,6367,4662,2330,2332,2959,1465,1494,4513,2190,2323,3717,1701,2016,671,330,341,759,392,367,821,461,360,921,471,450,782,394,388,764,376,388,662,326,336,776,390,386,757,373,384,1042,522,520,1125,554,571,1185,549,636,1161,565,596,1110,558,552,989,460,529,748,364,384,431,180,251,439,139,300,48.1,46.9,49.4
050,51,005,Virginia,Alleghany County,11,15016,7339,7677,655,323,332,1419,752,667,731,389,342,1091,568,523,12607,6076,6531,12211,5875,6336,4570,2299,2271,2921,1440,1481,4451,2162,2289,3748,1705,2043,655,323,332,762,394,368,830,456,374,860,446,414,789,413,376,792,393,399,663,321,342,736,362,374,730,364,366,1010,489,521,1098,555,543,1146,550,596,1197,568,629,1044,535,509,1031,463,568,767,372,395,448,189,259,458,146,312,48.5,47.3,49.7
050,51,005,Virginia,Alleghany County,12,14898,7280,7618,658,324,334,1366,723,643,704,373,331,1098,580,518,12513,6038,6475,12170,5860,6310,4574,2321,2253,2949,1457,1492,4320,2096,2224,3803,1727,2076,658,324,334,735,378,357,808,434,374,843,450,393,782,414,368,814,408,406,687,334,353,705,345,360,743,370,373,953,454,499,1069,552,517,1155,552,603,1143,538,605,1051,532,519,1036,478,558,788,369,419,479,212,267,449,136,313,48.7,47.3,49.9
050,51,005,Virginia,Alleghany County,13,14767,7204,7563,659,327,332,1341,702,639,719,398,321,1057,550,507,12395,5970,6425,12048,5777,6271,4517,2282,2235,2926,1440,1486,4247,2057,2190,3818,1730,2088,659,327,332,733,380,353,793,428,365,819,432,387,772,410,362,807,397,410,693,346,347,690,332,358,736,365,371,895,426,469,1063,538,525,1142,562,580,1147,531,616,1056,526,530,1028,481,547,802,365,437,493,223,270,439,135,304,49.0,47.4,50.2
050,51,005,Virginia,Alleghany County,14,14701,7165,7536,657,327,330,1331,691,640,721,404,317,1043,537,506,12340,5940,6400,11992,5743,6249,4502,2266,2236,2924,1436,1488,4217,2043,2174,3808,1727,2081,657,327,330,734,379,355,783,423,360,809,423,386,769,407,362,805,392,413,695,350,345,691,331,360,733,363,370,875,417,458,1059,535,524,1140,567,573,1143,524,619,1057,525,532,1022,480,542,801,363,438,496,226,270,432,133,299,49.0,47.5,50.2
050,51,007,Virginia,Amelia County,1,12690,6227,6463,745,371,374,1436,732,704,641,330,311,952,504,448,10173,4949,5224,9868,4794,5074,4390,2217,2173,2947,1464,1483,3970,1945,2025,1999,881,1118,745,371,374,774,395,379,812,418,394,779,402,377,664,351,313,668,342,326,669,326,343,719,342,377,891,454,437,1085,542,543,1095,527,568,929,446,483,861,430,431,723,346,377,491,230,261,337,143,194,242,101,141,206,61,145,42.7,41.6,43.9
050,51,007,Virginia,Amelia County,2,12690,6228,6462,745,371,374,1434,731,703,641,330,311,953,505,448,10175,4951,5224,9870,4796,5074,4390,2218,2172,2946,1464,1482,3973,1946,2027,1998,881,1117,745,371,374,774,395,379,810,417,393,779,402,377,665,352,313,668,342,326,669,326,343,719,342,377,890,454,436,1086,541,545,1097,529,568,929,446,483,861,430,431,722,346,376,491,230,261,337,143,194,242,101,141,206,61,145,42.7,41.6,43.9
050,51,007,Virginia,Amelia County,3,12741,6252,6489,749,374,375,1429,726,703,642,331,311,949,496,453,10232,4979,5253,9921,4821,5100,4393,2220,2173,2957,1475,1482,3998,1958,2040,2017,892,1125,749,374,375,775,396,379,809,412,397,762,394,368,674,351,323,681,353,328,670,327,343,713,340,373,893,455,438,1082,540,542,1102,530,572,945,457,488,869,431,438,722,348,374,501,236,265,337,144,193,247,99,148,210,65,145,42.9,41.7,44.0
050,51,007,Virginia,Amelia County,4,12747,6236,6511,731,361,370,1393,700,693,661,341,320,932,478,454,10301,5011,5290,9962,4834,5128,4347,2194,2153,2922,1458,1464,4056,1983,2073,2052,915,1137,731,361,370,741,374,367,820,409,411,735,390,345,690,346,344,698,361,337,664,331,333,680,314,366,880,452,428,1022,508,514,1122,540,582,1007,504,503,905,431,474,717,352,365,532,253,279,333,147,186,256,95,161,214,68,146,43.5,42.5,44.5
050,51,007,Virginia,Amelia County,5,12741,6227,6514,725,349,376,1397,700,697,640,337,303,943,489,454,10304,5013,5291,9979,4841,5138,4318,2176,2142,2892,1436,1456,4011,1961,2050,2133,955,1178,725,349,376,746,365,381,808,421,387,738,384,354,688,356,332,688,347,341,681,340,341,668,312,356,855,437,418,957,470,487,1112,539,573,1071,537,534,871,415,456,751,373,378,562,271,291,336,143,193,260,100,160,224,68,156,43.8,43.0,44.7
050,51,007,Virginia,Amelia County,6,12655,6165,6490,712,357,355,1366,678,688,617,307,310,943,484,459,10268,4976,5292,9960,4823,5137,4254,2119,2135,2853,1403,1450,3963,1943,2020,2201,993,1208,712,357,355,755,364,391,770,389,381,718,371,347,683,345,338,696,345,351,698,350,348,655,303,352,804,405,399,938,471,467,1086,534,552,1069,525,544,870,413,457,753,378,375,603,292,311,349,148,201,264,105,159,232,70,162,44.1,43.6,44.8
050,51,007,Virginia,Amelia County,7,12713,6198,6515,701,355,346,1335,669,666,644,319,325,961,482,479,10340,5013,5327,10033,4855,5178,4199,2077,2122,2773,1360,1413,3999,1969,2030,2300,1044,1256,701,355,346,736,359,377,778,394,384,719,371,348,707,346,361,696,345,351,693,348,345,633,309,324,751,358,393,924,469,455,1096,548,548,1110,546,564,869,406,463,787,392,395,626,300,326,375,167,208,267,103,164,245,82,163,44.7,44.0,45.3
050,51,007,Virginia,Amelia County,8,12784,6277,6507,712,370,342,1360,694,666,638,329,309,891,444,447,10382,5045,5337,10074,4884,5190,4154,2054,2100,2784,1368,1416,4010,1983,2027,2389,1089,1300,712,370,342,742,379,363,777,402,375,714,361,353,656,325,331,739,375,364,690,348,342,644,314,330,711,331,380,880,446,434,1093,550,543,1122,537,585,915,450,465,807,400,407,647,307,340,414,191,223,255,99,156,266,92,174,45.0,44.1,45.9
050,51,007,Virginia,Amelia County,9,12805,6305,6500,715,380,335,1354,680,674,650,346,304,870,444,426,10416,5063,5353,10086,4899,5187,4157,2072,2085,2806,1376,1430,3975,1982,1993,2435,1097,1338,715,380,335,743,375,368,780,399,381,716,381,335,635,315,320,735,365,370,720,361,359,681,337,344,670,313,357,877,450,427,1020,497,523,1133,552,581,945,483,462,841,399,442,630,309,321,442,205,237,253,99,154,269,85,184,45.0,43.9,45.9
050,51,007,Virginia,Amelia County,10,12974,6392,6582,709,388,321,1339,670,669,655,342,313,892,459,433,10604,5163,5441,10271,4992,5279,4260,2135,2125,2858,1409,1449,4016,2002,2014,2505,1122,1383,709,388,321,727,363,364,757,382,375,754,397,357,648,329,319,764,379,385,730,360,370,690,358,332,674,312,362,881,453,428,985,466,519,1134,568,566,1016,515,501,809,383,426,672,327,345,477,224,253,266,98,168,281,90,191,45.2,43.9,46.3
050,51,007,Virginia,Amelia County,11,12997,6401,6596,687,373,314,1370,679,691,649,354,295,931,484,447,10637,5185,5452,10291,4995,5296,4286,2157,2129,2865,1406,1459,3944,1957,1987,2551,1148,1403,687,373,314,741,372,369,788,394,394,753,399,354,668,352,316,755,368,387,726,360,366,704,359,345,680,319,361,811,403,408,942,465,477,1146,566,580,1045,523,522,797,377,420,686,349,337,492,224,268,277,106,171,299,92,207,45.0,43.5,46.2
050,51,007,Virginia,Amelia County,12,13058,6445,6613,705,385,320,1369,702,667,648,329,319,900,478,422,10664,5201,5463,10336,5029,5307,4300,2171,2129,2914,1433,1481,3914,1931,1983,2608,1187,1421,705,385,320,731,379,352,800,392,408,741,397,344,645,341,304,755,366,389,750,360,390,711,362,349,698,345,353,777,368,409,921,461,460,1116,551,565,1100,551,549,787,372,415,718,365,353,519,239,280,288,120,168,296,91,205,45.0,43.5,46.3
050,51,007,Virginia,Amelia County,13,13047,6456,6591,679,374,305,1364,698,666,616,313,303,902,466,436,10693,5235,5458,10388,5071,5317,4277,2159,2118,2911,1456,1455,3918,1919,1999,2657,1230,1427,679,374,305,742,386,356,774,388,386,726,380,346,640,323,317,729,361,368,763,370,393,715,374,341,704,351,353,774,364,410,897,443,454,1105,551,554,1142,561,581,809,405,404,734,370,364,516,238,278,311,130,181,287,87,200,45.3,43.8,46.7
050,51,007,Virginia,Amelia County,14,13014,6450,6564,666,368,298,1361,697,664,611,312,299,900,459,441,10676,5237,5439,10376,5073,5303,4272,2156,2116,2911,1464,1447,3907,1910,1997,2658,1240,1418,666,368,298,747,390,357,764,386,378,725,376,349,636,316,320,721,360,361,767,373,394,713,376,337,710,355,355,771,360,411,888,437,451,1098,550,548,1150,563,587,815,417,398,739,373,366,508,233,275,314,132,182,282,85,197,45.4,43.9,46.7
050,51,009,Virginia,Amherst County,1,32353,15452,16901,1752,898,854,3407,1770,1637,1781,940,841,3270,1419,1851,26328,12326,14002,25413,11844,13569,11891,5626,6265,7262,3495,3767,9551,4613,4938,5330,2317,3013,1752,898,854,1763,902,861,2066,1096,970,2421,1142,1279,2208,989,1219,1609,788,821,1617,784,833,1911,915,996,2125,1008,1117,2508,1193,1315,2573,1255,1318,2336,1111,1225,2134,1054,1080,1701,785,916,1333,651,682,981,421,560,721,289,432,594,171,423,42.0,41.1,42.7
050,51,009,Virginia,Amherst County,2,32354,15452,16902,1753,898,855,3407,1770,1637,1781,940,841,3270,1419,1851,26328,12326,14002,25413,11844,13569,11893,5627,6266,7264,3496,3768,9551,4613,4938,5328,2316,3012,1753,898,855,1763,902,861,2066,1096,970,2421,1142,1279,2208,989,1219,1610,788,822,1617,784,833,1912,916,996,2125,1008,1117,2508,1193,1315,2573,1255,1318,2336,1111,1225,2134,1054,1080,1701,785,916,1331,650,681,981,421,560,721,289,432,594,171,423,42.0,41.1,42.7
050,51,009,Virginia,Amherst County,3,32389,15463,16926,1750,896,854,3389,1761,1628,1773,931,842,3274,1428,1846,26388,12349,14039,25477,11875,13602,11882,5615,6267,7260,3484,3776,9571,4627,4944,5372,2336,3036,1750,896,854,1753,897,856,2061,1092,969,2398,1136,1262,2224,995,1229,1626,788,838,1625,786,839,1875,901,974,2134,1009,1125,2496,1192,1304,2591,1264,1327,2339,1112,1227,2145,1059,1086,1718,800,918,1328,636,692,997,434,563,728,291,437,601,175,426,42.1,41.2,42.9
050,51,009,Virginia,Amherst County,4,32160,15341,16819,1707,883,824,3295,1708,1587,1722,886,836,3267,1445,1822,26331,12317,14014,25436,11864,13572,11692,5521,6171,7117,3402,3715,9569,4628,4941,5483,2389,3094,1707,883,824,1687,866,821,2022,1054,968,2334,1119,1215,2241,1000,1241,1656,799,857,1629,792,837,1699,809,890,2133,1002,1131,2404,1163,1241,2608,1276,1332,2350,1117,1233,2207,1072,1135,1752,844,908,1327,593,734,1041,475,566,745,298,447,618,179,439,42.6,41.7,43.4
050,51,009,Virginia,Amherst County,5,32640,15626,17014,1694,861,833,3308,1723,1585,1695,879,816,3334,1483,1851,26831,12628,14203,25943,12163,13780,11795,5634,6161,7152,3469,3683,9731,4713,5018,5726,2498,3228,1694,861,833,1731,892,839,1963,1028,935,2338,1140,1198,2305,1025,1280,1695,841,854,1642,802,840,1685,796,889,2130,1030,1100,2379,1156,1223,2667,1289,1378,2433,1182,1251,2252,1086,1166,1863,888,975,1425,648,777,1038,475,563,714,288,426,686,199,487,43.0,42.1,43.9
050,51,009,Virginia,Amherst County,6,32331,15456,16875,1641,855,786,3203,1623,1580,1618,830,788,3333,1498,1835,26709,12574,14135,25869,12148,13721,11556,5535,6021,7006,3423,3583,9699,4677,5022,5831,2550,3281,1641,855,786,1714,849,865,1890,990,900,2223,1056,1167,2327,1056,1271,1690,836,854,1632,797,835,1594,755,839,2090,1035,1055,2318,1139,1179,2631,1239,1392,2474,1206,1268,2276,1093,1183,1874,910,964,1502,679,823,1037,463,574,718,286,432,700,212,488,43.5,42.6,44.4
050,51,009,Virginia,Amherst County,7,32174,15407,16767,1606,841,765,3146,1612,1534,1580,811,769,3236,1449,1787,26614,12528,14086,25842,12143,13699,11386,5480,5906,6980,3429,3551,9574,4606,4968,6052,2659,3393,1606,841,765,1739,879,860,1817,942,875,2128,1023,1105,2278,1028,1250,1783,884,899,1607,799,808,1598,764,834,1992,982,1010,2221,1083,1138,2588,1221,1367,2504,1236,1268,2261,1066,1195,1982,966,1016,1524,695,829,1073,493,580,743,285,458,730,220,510,43.9,42.9,44.9
050,51,009,Virginia,Amherst County,8,31855,15488,16367,1670,893,777,3119,1581,1538,1560,804,756,2750,1415,1335,26285,12617,13668,25506,12210,13296,10993,5503,5490,7075,3483,3592,9488,4582,4906,6193,2730,3463,1670,893,777,1749,876,873,1762,904,858,1957,1003,954,1961,1017,944,1880,945,935,1675,818,857,1579,778,801,1941,942,999,2138,1037,1101,2553,1223,1330,2552,1255,1297,2245,1067,1178,2015,959,1056,1551,721,830,1121,517,604,757,305,452,749,228,521,44.4,43.0,45.9
050,51,009,Virginia,Amherst County,9,31903,15431,16472,1648,865,783,3124,1586,1538,1530,799,731,2810,1380,1430,26401,12602,13799,25601,12181,13420,10979,5413,5566,6978,3414,3564,9426,4558,4868,6387,2829,3558,1648,865,783,1728,895,833,1735,871,864,1994,994,1000,2007,1005,1002,1838,911,927,1703,824,879,1648,810,838,1789,869,920,2125,1027,1098,2451,1188,1263,2595,1279,1316,2255,1064,1191,2087,990,1097,1595,771,824,1133,483,650,787,338,449,785,247,538,44.7,43.4,45.9
050,51,009,Virginia,Amherst County,10,31893,15476,16417,1668,876,792,3145,1608,1537,1458,755,703,2748,1388,1360,26415,12647,13768,25622,12237,13385,10839,5373,5466,6970,3406,3564,9343,4526,4817,6561,2917,3644,1668,876,792,1718,898,820,1764,886,878,1912,980,932,1957,987,970,1852,901,951,1736,860,876,1644,799,845,1738,846,892,2142,1045,1097,2360,1148,1212,2574,1242,1332,2267,1091,1176,2097,983,1114,1670,801,869,1230,542,688,775,326,449,789,265,524,44.9,43.5,46.2
050,51,009,Virginia,Amherst County,11,31771,15457,16314,1681,881,800,3159,1629,1530,1381,710,671,2648,1332,1316,26271,12612,13659,25550,12237,13313,10578,5273,5305,6899,3402,3497,9290,4519,4771,6713,2984,3729,1681,881,800,1719,914,805,1790,886,904,1820,947,873,1859,924,935,1829,924,905,1743,849,894,1672,825,847,1655,804,851,2116,1058,1058,2319,1133,1186,2549,1215,1334,2306,1113,1193,2103,977,1126,1700,826,874,1331,593,738,779,333,446,800,255,545,45.3,43.6,46.7
050,51,009,Virginia,Amherst County,12,31678,15366,16312,1670,878,792,3099,1613,1486,1378,686,692,2604,1330,1274,26186,12529,13657,25531,12189,13342,10539,5260,5279,6921,3412,3509,9183,4442,4741,6823,3005,3818,1670,878,792,1679,885,794,1784,896,888,1792,920,872,1826,928,898,1806,911,895,1781,866,915,1674,824,850,1660,811,849,2069,1013,1056,2261,1102,1159,2513,1186,1327,2340,1141,1199,2076,947,1129,1808,863,945,1322,595,727,811,356,455,806,244,562,45.5,43.6,47.0
050,51,009,Virginia,Amherst County,13,31714,15372,16342,1651,872,779,3132,1639,1493,1382,677,705,2559,1306,1253,26218,12529,13689,25549,12184,13365,10597,5286,5311,7013,3471,3542,9069,4369,4700,6908,3038,3870,1651,872,779,1703,919,784,1786,888,898,1767,896,871,1817,919,898,1808,919,889,1835,903,932,1700,829,871,1670,820,850,2007,980,1027,2183,1060,1123,2500,1186,1314,2379,1143,1236,2069,950,1119,1841,858,983,1339,604,735,851,373,478,808,253,555,45.3,43.2,47.1
050,51,009,Virginia,Amherst County,14,31667,15340,16327,1642,866,776,3131,1643,1488,1384,674,710,2544,1296,1248,26182,12501,13681,25510,12157,13353,10597,5281,5316,7023,3479,3544,9029,4344,4685,6914,3038,3876,1642,866,776,1704,928,776,1781,883,898,1758,887,871,1816,915,901,1800,918,882,1850,913,937,1707,830,877,1666,818,848,1988,969,1019,2160,1047,1113,2490,1185,1305,2391,1143,1248,2067,953,1114,1846,853,993,1336,600,736,862,377,485,803,255,548,45.3,43.2,47.1
050,51,011,Virginia,Appomattox County,1,14973,7290,7683,809,380,429,1739,913,826,777,411,366,1120,588,532,12032,5786,6246,11648,5586,6062,5173,2587,2586,3460,1682,1778,4461,2151,2310,2607,1165,1442,809,380,429,925,489,436,998,518,480,928,506,422,785,399,386,874,433,441,745,358,387,927,445,482,914,446,468,1163,548,615,1211,575,636,1038,500,538,1049,528,521,872,415,457,644,307,337,496,212,284,307,138,169,288,93,195,42.8,41.3,44.0
050,51,011,Virginia,Appomattox County,2,15022,7314,7708,812,382,430,1742,915,827,780,414,366,1127,590,537,12073,5804,6269,11688,5603,6085,5193,2596,2597,3472,1688,1784,4474,2159,2315,2615,1166,1449,812,382,430,925,488,437,1003,523,480,932,507,425,789,401,388,879,435,444,746,360,386,928,445,483,919,448,471,1165,549,616,1219,580,639,1038,499,539,1052,531,521,874,415,459,645,307,338,498,213,285,308,138,170,290,93,197,42.8,41.3,44.0
050,51,011,Virginia,Appomattox County,3,15091,7339,7752,833,392,441,1736,910,826,781,415,366,1137,595,542,12132,5827,6305,11741,5622,6119,5208,2600,2608,3478,1689,1789,4483,2158,2325,2643,1180,1463,833,392,441,920,481,439,1004,528,476,927,499,428,803,412,391,878,434,444,762,370,392,912,433,479,926,452,474,1164,548,616,1235,587,648,1047,500,547,1037,523,514,879,423,456,658,308,350,500,215,285,318,141,177,288,93,195,42.8,41.3,44.1
050,51,011,Virginia,Appomattox County,4,15104,7336,7768,830,404,426,1713,886,827,785,418,367,1147,605,542,12169,5840,6329,11776,5628,6148,5214,2604,2610,3481,1686,1795,4450,2129,2321,2698,1208,1490,830,404,426,902,454,448,1010,537,473,910,481,429,823,437,386,858,420,438,816,400,416,857,401,456,950,465,485,1109,521,588,1248,595,653,1078,500,578,1015,513,502,876,437,439,700,312,388,500,225,275,335,140,195,287,94,193,42.8,41.2,44.2
050,51,011,Virginia,Appomattox County,5,15240,7409,7831,887,437,450,1677,852,825,776,410,366,1165,612,553,12292,5921,6371,11900,5710,6190,5298,2660,2638,3541,1734,1807,4402,2090,2312,2792,1274,1518,887,437,450,869,429,440,992,519,473,909,477,432,848,449,399,879,423,456,871,441,430,827,398,429,964,472,492,1051,487,564,1213,579,634,1132,536,596,1006,488,518,909,462,447,743,340,403,490,221,269,355,157,198,295,94,201,42.7,41.4,44.2
050,51,011,Virginia,Appomattox County,6,15315,7428,7887,887,443,444,1644,835,809,801,414,387,1143,591,552,12373,5938,6435,11983,5736,6247,5274,2627,2647,3553,1739,1814,4405,2084,2321,2882,1322,1560,887,443,444,864,441,423,1003,511,492,883,460,423,838,428,410,876,425,451,903,448,455,790,381,409,984,485,499,1025,473,552,1186,566,620,1178,563,615,1016,482,534,943,475,468,755,356,399,512,235,277,363,154,209,309,102,207,43.1,42.0,44.3
050,51,011,Virginia,Appomattox County,7,15343,7445,7898,877,452,425,1620,821,799,836,430,406,1141,573,568,12403,5940,6463,12010,5742,6268,5335,2652,2683,3575,1763,1812,4344,2054,2290,2950,1352,1598,877,452,425,863,442,421,974,493,481,923,479,444,837,410,427,889,440,449,926,467,459,770,366,404,990,490,500,966,449,517,1160,550,610,1193,576,617,1025,479,546,962,483,479,793,380,413,520,236,284,375,156,219,300,97,203,43.3,41.9,44.4
050,51,011,Virginia,Appomattox County,8,15485,7523,7962,882,466,416,1623,802,821,834,426,408,1140,582,558,12558,6034,6524,12146,5829,6317,5387,2666,2721,3612,1766,1846,4361,2073,2288,3033,1408,1625,882,466,416,870,420,450,952,490,462,941,485,456,834,415,419,923,450,473,933,453,480,811,396,415,945,467,478,948,465,483,1162,551,611,1215,570,645,1036,487,549,981,488,493,819,401,418,554,255,299,363,157,206,316,107,209,43.3,42.2,44.4
050,51,011,Virginia,Appomattox County,9,15535,7547,7988,901,473,428,1610,794,816,829,424,405,1129,566,563,12638,6081,6557,12195,5856,6339,5325,2652,2673,3560,1753,1807,4413,2099,2314,3093,1438,1655,901,473,428,864,419,445,939,466,473,933,481,452,832,418,414,925,474,451,923,436,487,866,424,442,846,419,427,993,495,498,1094,515,579,1240,587,653,1086,502,584,989,491,498,801,401,400,603,260,343,366,168,198,334,118,216,43.6,42.4,44.8
050,51,011,Virginia,Appomattox County,10,15715,7641,8074,895,464,431,1681,847,834,798,388,410,1147,586,561,12760,6159,6601,12341,5942,6399,5406,2705,2701,3645,1812,1833,4389,2091,2298,3160,1453,1707,895,464,431,929,462,467,936,466,470,920,464,456,841,429,412,956,493,463,921,431,490,932,464,468,836,424,412,1001,487,514,1046,500,546,1218,573,645,1124,531,593,982,475,507,835,408,427,651,291,360,353,156,197,339,123,216,43.3,41.9,44.6
050,51,011,Virginia,Appomattox County,11,15874,7705,8169,947,474,473,1655,849,806,766,379,387,1184,608,576,12885,6196,6689,12506,6003,6503,5451,2712,2739,3704,1829,1875,4360,2084,2276,3258,1482,1776,947,474,473,933,477,456,925,476,449,911,457,454,836,426,410,974,495,479,944,452,492,946,461,485,840,421,419,1010,503,507,1012,472,540,1172,559,613,1166,550,616,989,464,525,880,433,447,675,307,368,374,166,208,340,112,228,43.1,41.5,44.6
050,51,011,Virginia,Appomattox County,12,15902,7715,8187,952,470,482,1649,847,802,767,379,388,1191,616,575,12895,6184,6711,12534,6019,6515,5456,2705,2751,3697,1817,1880,4323,2081,2242,3323,1505,1818,952,470,482,910,481,429,938,473,465,905,455,450,854,433,421,962,477,485,945,449,496,966,480,486,824,411,413,1040,520,520,969,459,510,1138,545,593,1176,557,619,999,446,553,902,439,463,687,330,357,386,171,215,349,119,230,43.0,41.6,44.6
050,51,011,Virginia,Appomattox County,13,16033,7793,8240,986,486,500,1676,865,811,774,386,388,1154,584,570,12992,6246,6746,12597,6056,6541,5535,2755,2780,3790,1873,1917,4265,2065,2200,3388,1534,1854,986,486,500,928,503,425,931,450,481,892,456,436,853,426,427,991,510,481,975,466,509,970,476,494,854,421,433,982,491,491,974,477,497,1139,542,597,1170,555,615,998,444,554,915,443,472,706,338,368,406,181,225,363,128,235,42.7,41.4,44.1
050,51,011,Virginia,Appomattox County,14,16043,7807,8236,995,492,503,1678,868,810,777,390,387,1139,572,567,12998,6255,6743,12593,6057,6536,5556,2771,2785,3819,1892,1927,4243,2058,2185,3392,1535,1857,995,492,503,928,507,421,929,444,485,885,456,429,852,423,429,1003,521,482,981,470,511,971,475,496,864,426,438,963,482,481,977,482,495,1137,540,597,1166,554,612,996,442,554,916,443,473,706,337,369,410,183,227,364,130,234,42.6,41.2,43.9
050,51,013,Virginia,Arlington County,1,207627,103501,104126,11782,6000,5782,15165,7711,7454,5679,2899,2780,20315,9651,10664,177947,88474,89473,175001,86891,88110,114949,57837,57112,90270,45913,44357,46362,23442,22920,18054,7885,10169,11782,6000,5782,9173,4647,4526,7307,3690,3617,6975,3596,3379,17704,8328,9376,33372,16497,16875,24030,12171,11859,17848,9351,8497,15020,7894,7126,13608,7139,6469,12109,6078,6031,11228,5502,5726,9417,4723,4694,6194,2978,3216,3892,1829,2063,2906,1331,1575,2247,872,1375,2815,875,1940,33.4,33.5,33.4
050,51,013,Virginia,Arlington County,2,207696,103533,104163,11791,6003,5788,15165,7710,7455,5684,2902,2782,20320,9656,10664,178004,88503,89501,175056,86918,88138,114988,57855,57133,90300,45924,44376,46380,23453,22927,18056,7885,10171,11791,6003,5788,9171,4645,4526,7310,3692,3618,6979,3598,3381,17709,8333,9376,33381,16499,16882,24041,12174,11867,17855,9355,8500,15023,7896,7127,13611,7141,6470,12117,6082,6035,11232,5504,5728,9420,4726,4694,6193,2977,3216,3893,1829,2064,2907,1331,1576,2248,873,1375,2815,875,1940,33.4,33.5,33.4
050,51,013,Virginia,Arlington County,3,209319,104353,104966,12019,6110,5909,15355,7800,7555,5726,2919,2807,19950,9522,10428,179177,89100,90077,176219,87524,88695,115602,58178,57424,91287,46397,44890,46792,23648,23144,18190,7957,10233,12019,6110,5909,9287,4698,4589,7429,3762,3667,7054,3631,3423,17261,8150,9111,33549,16545,17004,24513,12425,12088,18025,9430,8595,15200,7997,7203,13719,7193,6526,12214,6144,6070,11298,5521,5777,9561,4790,4771,6264,3010,3254,3950,1861,2089,2905,1331,1574,2255,885,1370,2816,870,1946,33.5,33.5,33.4
050,51,013,Virginia,Arlington County,4,216078,107808,108270,12594,6467,6127,16108,8162,7946,5945,3006,2939,18701,9006,9695,184426,91704,92722,181431,90173,91258,118853,59725,59128,95754,48493,47261,48266,24397,23869,18710,8277,10433,12594,6467,6127,9720,4888,4832,7935,4054,3881,7381,3744,3637,15718,7488,8230,34762,17025,17737,26342,13390,12952,18795,9743,9052,15855,8335,7520,14015,7361,6654,12658,6437,6221,11477,5567,5910,10116,5032,5084,6583,3174,3409,4170,1982,2188,2954,1346,1608,2238,918,1320,2765,857,1908,33.6,33.6,33.6
050,51,013,Virginia,Arlington County,5,221614,110277,111337,13008,6680,6328,17099,8679,8420,6030,3017,3013,17789,8487,9302,188433,93336,95097,185477,91901,93576,121043,60445,60598,98769,49747,49022,49070,24832,24238,19849,8835,11014,13008,6680,6328,10405,5285,5120,8239,4200,4039,7616,3781,3835,14658,6917,7741,35067,17045,18022,27701,14056,13645,19577,10081,9496,16424,8565,7859,14292,7475,6817,12956,6664,6292,11746,5713,6033,10076,4980,5096,7274,3517,3757,4459,2120,2339,3042,1377,1665,2277,952,1325,2797,869,1928,33.8,33.8,33.7
050,51,013,Virginia,Arlington County,6,225120,112156,112964,13477,6951,6526,17861,9100,8761,6245,3161,3084,17395,8455,8940,190639,94494,96145,187537,92944,94593,121743,60799,60944,99680,49967,49713,49752,25205,24547,20710,9317,11393,13477,6951,6526,10768,5493,5275,8670,4391,4279,7760,3864,3896,14303,6968,7335,34216,16429,17787,28486,14514,13972,20117,10316,9801,16861,8708,8153,14526,7635,6891,13192,6792,6400,11889,5839,6050,10145,4939,5206,7687,3751,3936,4834,2287,2547,3166,1425,1741,2228,970,1258,2795,884,1911,33.9,34.0,33.9
050,51,013,Virginia,Arlington County,7,226274,112816,113458,13491,6914,6577,18382,9344,9038,6555,3313,3242,17765,8772,8993,191094,94913,96181,187846,93245,94601,120890,60454,60436,98292,49222,49070,50248,25533,24715,21541,9718,11823,13491,6914,6577,11013,5639,5374,9091,4558,4533,7847,3885,3962,14751,7347,7404,32551,15791,16760,28446,14433,14013,20409,10347,10062,16886,8651,8235,14653,7701,6952,13329,6911,6418,11844,5862,5982,10422,5059,5363,7988,3919,4069,5121,2378,2743,3258,1495,1763,2344,1018,1326,2830,908,1922,34.2,34.1,34.2
050,51,013,Virginia,Arlington County,8,228887,114384,114503,13794,7152,6642,18953,9673,9280,6901,3491,3410,17896,8882,9014,192576,95762,96814,189239,94068,95171,120569,60306,60263,97600,48867,48733,51240,26119,25121,22503,10200,12303,13794,7152,6642,11137,5693,5444,9644,4914,4730,8245,4108,4137,14724,7331,7393,31293,15143,16150,28428,14506,13922,20912,10559,10353,16967,8659,8308,15133,7991,7142,13543,7023,6520,12076,6049,6027,10488,5056,5432,8309,4045,4264,5449,2515,2934,3434,1590,1844,2388,1057,1331,2923,993,1930,34.4,34.4,34.5
050,51,013,Virginia,Arlington County,9,231805,115930,115875,14116,7308,6808,19672,10016,9656,7179,3621,3558,18662,9312,9350,194322,96722,97600,190838,94985,95853,120609,60485,60124,96573,48461,48112,52114,26547,25567,23489,10665,12824,14116,7308,6808,11474,5878,5596,10003,5047,4956,8629,4335,4294,15407,7689,7718,30416,14957,15459,27840,14175,13665,21429,10767,10662,16888,8562,8326,15590,8106,7484,13615,7091,6524,12290,6244,6046,10619,5106,5513,8709,4228,4481,5696,2612,3084,3632,1701,1931,2397,1035,1362,3055,1089,1966,34.6,34.4,34.8
050,51,013,Virginia,Arlington County,10,235193,117554,117639,14244,7301,6943,20303,10390,9913,7564,3843,3721,19033,9450,9583,196870,97955,98915,193082,96020,97062,121443,60869,60574,96784,48547,48237,52845,26908,25937,24420,11115,13305,14244,7301,6943,11734,6013,5721,10507,5348,5159,8935,4525,4410,15724,7797,7927,30142,14844,15298,27753,14111,13642,21747,10920,10827,17142,8672,8470,15960,8218,7742,13764,7181,6583,12349,6325,6024,10772,5184,5588,8702,4190,4512,6315,2938,3377,3852,1773,2079,2446,1061,1385,3105,1153,1952,34.7,34.5,34.9
050,51,013,Virginia,Arlington County,11,236662,118550,118112,14053,7170,6883,20806,10722,10084,7827,4008,3819,19368,9653,9715,197756,98616,99140,193976,96650,97326,121260,61049,60211,96162,48436,47726,53088,27010,26078,25358,11551,13807,14053,7170,6883,12024,6212,5812,10879,5558,5321,9111,4636,4475,15987,7977,8010,29877,14877,15000,26972,13656,13316,22039,11178,10861,17274,8725,8549,16102,8194,7908,13722,7116,6606,12547,6504,6043,10717,5196,5521,8788,4213,4575,6635,3144,3491,4180,1892,2288,2598,1125,1473,3157,1177,1980,34.9,34.7,35.1
050,51,013,Virginia,Arlington County,12,238392,119496,118896,13736,6972,6764,21202,10892,10310,8246,4243,4003,19782,9842,9940,199097,99366,99731,195208,97389,97819,121531,61168,60363,95726,48273,47453,53233,27184,26049,26467,12090,14377,13736,6972,6764,12325,6376,5949,11100,5706,5394,9540,4829,4711,16265,8066,8199,30113,15174,14939,26182,13254,12928,21822,11032,10790,17609,8813,8796,16014,8108,7906,13782,7182,6600,12705,6628,6077,10732,5266,5466,9073,4348,4725,6968,3322,3646,4478,2018,2460,2664,1166,1498,3284,1236,2048,35.0,34.8,35.2
050,51,013,Virginia,Arlington County,13,239850,120194,119656,13466,6857,6609,21460,11032,10428,8534,4355,4179,20206,10061,10145,200520,100040,100480,196390,97950,98440,121907,61375,60532,95347,48051,47296,53701,27446,26255,27136,12392,14744,13466,6857,6609,12496,6434,6062,11144,5690,5454,9919,5069,4850,16641,8255,8386,30391,15249,15142,25489,12984,12505,21688,10959,10729,17779,8859,8920,15903,8014,7889,14113,7336,6777,12853,6712,6141,10832,5384,5448,9103,4353,4750,7244,3438,3806,4673,2101,2572,2770,1219,1551,3346,1281,2065,35.1,34.8,35.4
050,51,013,Virginia,Arlington County,14,240119,120337,119782,13365,6811,6554,21515,11057,10458,8630,4391,4239,20312,10121,10191,200813,100203,100610,196609,98078,98531,121949,61422,60527,95176,47969,47207,53836,27524,26312,27285,12464,14821,13365,6811,6554,12534,6440,6094,11150,5676,5474,10028,5144,4884,16745,8309,8436,30449,15259,15190,25250,12894,12356,21654,10947,10707,17823,8869,8954,15865,7985,7880,14238,7392,6846,12888,6735,6153,10845,5412,5433,9109,4358,4751,7317,3466,3851,4718,2119,2599,2799,1236,1563,3342,1285,2057,35.1,34.9,35.4
050,51,015,Virginia,Augusta County,1,73750,37412,36338,3839,1970,1869,8051,4118,3933,3865,1966,1899,5485,2997,2488,59922,30305,29617,57995,29358,28637,26241,13846,12395,17818,9365,8453,22853,11485,11368,11839,5511,6328,3839,1970,1869,4323,2225,2098,4655,2375,2280,4769,2464,2305,3654,2017,1637,3905,2154,1751,3995,2066,1929,4679,2441,2238,5239,2704,2535,6201,3160,3041,6049,3093,2956,5563,2786,2777,5040,2446,2594,4002,2018,1984,2890,1350,1540,2133,1035,1098,1558,694,864,1256,414,842,42.9,41.8,44.1
050,51,015,Virginia,Augusta County,2,73759,37418,36341,3838,1969,1869,8053,4119,3934,3869,1968,1901,5485,2997,2488,59928,30309,29619,57999,29362,28637,26240,13847,12393,17815,9366,8449,22861,11487,11374,11838,5512,6326,3838,1969,1869,4324,2225,2099,4658,2378,2280,4771,2464,2307,3654,2017,1637,3899,2151,1748,3996,2068,1928,4681,2442,2239,5239,2705,2534,6206,3162,3044,6048,3092,2956,5564,2785,2779,5043,2448,2595,3999,2017,1982,2891,1350,1541,2135,1037,1098,1557,694,863,1256,414,842,42.9,41.8,44.1
050,51,015,Virginia,Augusta County,3,73593,37298,36295,3787,1955,1832,8013,4102,3911,3851,1957,1894,5460,2973,2487,59872,30243,29629,57942,29284,28658,26051,13734,12317,17677,9282,8395,22876,11480,11396,11929,5549,6380,3787,1955,1832,4304,2211,2093,4646,2369,2277,4711,2431,2280,3663,2021,1642,3870,2126,1744,4001,2070,1931,4590,2386,2204,5216,2700,2516,6172,3126,3046,6050,3099,2951,5588,2793,2795,5066,2462,2604,4014,2017,1997,2921,1370,1551,2154,1042,1112,1565,698,867,1275,422,853,43.1,42.0,44.3
050,51,015,Virginia,Augusta County,4,73656,37289,36367,3655,1887,1768,7915,4079,3836,3847,1944,1903,5609,3060,2549,60184,30383,29801,58239,29379,28860,25870,13648,12222,17364,9100,8264,22899,11478,11421,12367,5741,6626,3655,1887,1768,4242,2171,2071,4623,2364,2259,4628,2385,2243,3878,2163,1715,3817,2076,1741,4045,2101,1944,4316,2229,2087,5186,2694,2492,5991,2983,3008,6079,3143,2936,5633,2820,2813,5196,2532,2664,4110,2047,2063,3054,1457,1597,2248,1051,1197,1589,728,861,1366,458,908,43.5,42.4,44.7
050,51,015,Virginia,Augusta County,5,73599,37218,36381,3576,1815,1761,7848,4059,3789,3805,1919,1886,5715,3094,2621,60306,30416,29890,58370,29425,28945,25604,13461,12143,17001,8912,8089,22605,11333,11272,13049,6086,6963,3576,1815,1761,4214,2132,2082,4551,2391,2160,4525,2330,2195,4078,2219,1859,3725,2025,1700,4058,2156,1902,4100,2096,2004,5118,2635,2483,5776,2895,2881,6069,3119,2950,5664,2838,2826,5096,2481,2615,4382,2170,2212,3257,1593,1664,2339,1071,1268,1619,753,866,1452,499,953,43.9,42.8,45.1
050,51,015,Virginia,Augusta County,6,73862,37307,36555,3563,1817,1746,7760,4011,3749,3753,1884,1869,5837,3125,2712,60684,30531,30153,58786,29595,29191,25620,13440,12180,16954,8907,8047,22478,11241,11237,13517,6322,7195,3563,1817,1746,4166,2130,2036,4518,2357,2161,4469,2308,2161,4197,2225,1972,3847,2104,1743,4083,2149,1934,4035,2090,1945,4989,2564,2425,5492,2761,2731,6074,3084,2990,5755,2882,2873,5157,2514,2643,4487,2190,2297,3472,1732,1740,2417,1103,1314,1621,741,880,1520,556,964,44.1,43.0,45.3
050,51,015,Virginia,Augusta County,7,73908,37308,36600,3579,1814,1765,7577,3884,3693,3740,1908,1832,5789,3086,2703,60874,30615,30259,59012,29702,29310,25471,13372,12099,16880,8887,7993,22338,11180,11158,14005,6549,7456,3579,1814,1765,4047,2075,1972,4468,2318,2150,4392,2260,2132,4199,2225,1974,3978,2172,1806,4073,2143,1930,4041,2106,1935,4788,2466,2322,5305,2668,2637,6040,3047,2993,5769,2885,2884,5224,2580,2644,4669,2259,2410,3614,1778,1836,2512,1149,1363,1670,774,896,1540,589,951,44.4,43.3,45.6
050,51,015,Virginia,Augusta County,8,74324,37642,36682,3467,1759,1708,7508,3871,3637,3728,1946,1782,5785,3080,2705,61447,31007,30440,59621,30066,29555,25550,13535,12015,16985,8998,7987,22399,11231,11168,14452,6757,7695,3467,1759,1708,3978,2050,1928,4478,2310,2168,4374,2293,2081,4191,2244,1947,4084,2241,1843,4113,2180,1933,4164,2180,1984,4624,2397,2227,5206,2643,2563,6089,3062,3027,5805,2912,2893,5299,2614,2685,4795,2298,2497,3742,1844,1898,2583,1183,1400,1731,800,931,1601,632,969,44.7,43.5,46.0
050,51,015,Virginia,Augusta County,9,74875,38001,36874,3537,1782,1755,7471,3819,3652,3673,1941,1732,5693,3077,2616,62041,31445,30596,60194,30459,29735,25635,13703,11932,17137,9143,7994,22430,11250,11180,14934,6989,7945,3537,1782,1755,3937,2027,1910,4402,2250,2152,4346,2305,2041,4152,2255,1897,4272,2387,1885,4165,2195,1970,4340,2298,2042,4360,2263,2097,5244,2687,2557,5897,2923,2974,5895,2993,2902,5394,2647,2747,4944,2390,2554,3803,1839,1964,2709,1279,1430,1810,825,985,1668,656,1012,44.9,43.5,46.3
050,51,015,Virginia,Augusta County,10,75324,38203,37121,3521,1748,1773,7396,3778,3618,3621,1900,1721,5691,3103,2588,62647,31764,30883,60786,30777,30009,25760,13815,11945,17344,9262,8082,22297,11175,11122,15454,7237,8217,3521,1748,1773,3890,1974,1916,4402,2254,2148,4293,2314,1979,4123,2239,1884,4459,2465,1994,4185,2218,1967,4469,2395,2074,4231,2184,2047,5170,2647,2523,5742,2859,2883,5896,2992,2904,5489,2677,2812,4875,2363,2512,4064,1963,2101,2909,1406,1503,1875,817,1058,1731,688,1043,45.1,43.6,46.6
050,51,015,Virginia,Augusta County,11,75906,38484,37422,3617,1791,1826,7313,3737,3576,3648,1890,1758,5653,3119,2534,63140,32020,31120,61328,31066,30262,25904,13880,12024,17526,9348,8178,22140,11095,11045,16009,7504,8505,3617,1791,1826,3822,1936,1886,4414,2278,2136,4313,2307,2006,4065,2225,1840,4559,2487,2072,4283,2296,1987,4442,2362,2080,4242,2203,2039,5107,2613,2494,5433,2718,2715,5967,3008,2959,5633,2756,2877,4918,2367,2551,4204,2014,2190,3135,1531,1604,1951,848,1103,1801,744,1057,45.2,43.6,46.8
050,51,015,Virginia,Augusta County,12,76120,38597,37523,3636,1804,1832,7216,3695,3521,3621,1869,1752,5613,3101,2512,63441,32163,31278,61647,31229,30418,25995,13973,12022,17658,9460,8198,21841,10900,10941,16535,7768,8767,3636,1804,1832,3840,1928,1912,4273,2224,2049,4320,2303,2017,4017,2210,1807,4545,2510,2035,4324,2298,2026,4514,2394,2120,4275,2258,2017,4914,2525,2389,5330,2658,2672,5968,2992,2976,5629,2725,2904,5016,2437,2579,4380,2090,2290,3244,1570,1674,2016,884,1132,1879,787,1092,45.4,43.6,47.1
050,51,015,Virginia,Augusta County,13,76522,38763,37759,3649,1807,1842,7217,3690,3527,3605,1839,1766,5626,3130,2496,63869,32350,31519,62051,31427,30624,26294,14090,12204,17933,9566,8367,21630,10830,10800,16862,7901,8961,3649,1807,1842,3874,1952,1922,4213,2183,2030,4299,2274,2025,4062,2250,1812,4567,2498,2069,4464,2366,2098,4553,2409,2144,4349,2293,2056,4761,2462,2299,5211,2623,2588,6007,3001,3006,5651,2744,2907,5078,2469,2609,4492,2123,2369,3321,1606,1715,2051,907,1144,1920,796,1124,45.3,43.5,47.1
050,51,015,Virginia,Augusta County,14,76544,38755,37789,3646,1802,1844,7206,3682,3524,3592,1824,1768,5613,3129,2484,63920,32364,31556,62100,31447,30653,26357,14106,12251,18013,9593,8420,21561,10806,10755,16913,7919,8994,3646,1802,1844,3875,1956,1919,4192,2166,2026,4279,2259,2020,4065,2254,1811,4565,2485,2080,4512,2389,2123,4564,2414,2150,4372,2305,2067,4708,2442,2266,5180,2612,2568,6019,3004,3015,5654,2748,2906,5093,2477,2616,4513,2127,2386,3330,1610,1720,2059,913,1146,1918,792,1126,45.2,43.5,47.1
050,51,017,Virginia,Bath County,1,4731,2390,2341,158,75,83,404,217,187,242,125,117,333,175,158,4051,2034,2017,3927,1973,1954,1540,797,743,1024,527,497,1518,761,757,1052,510,542,158,75,83,200,109,91,263,138,125,289,159,130,227,111,116,187,99,88,222,115,107,280,143,137,335,170,165,411,221,190,367,178,189,340,170,170,400,192,208,326,165,161,284,145,139,208,91,117,137,76,61,97,33,64,47.5,46.9,48.3
050,51,017,Virginia,Bath County,2,4727,2387,2340,158,75,83,403,216,187,242,125,117,332,174,158,4048,2032,2016,3924,1971,1953,1537,795,742,1022,526,496,1518,761,757,1052,510,542,158,75,83,200,109,91,262,137,125,288,158,130,227,111,116,187,99,88,222,115,107,279,142,137,334,170,164,411,221,190,367,178,189,340,170,170,400,192,208,326,165,161,284,145,139,208,91,117,137,76,61,97,33,64,47.6,46.9,48.3
050,51,017,Virginia,Bath County,3,4721,2380,2341,156,74,82,401,215,186,234,120,114,340,178,162,4050,2030,2020,3930,1971,1959,1533,789,744,1014,519,495,1514,763,751,1062,511,551,156,74,82,196,107,89,260,136,124,284,153,131,235,117,118,187,99,88,224,114,110,270,136,134,333,170,163,407,218,189,367,180,187,346,174,172,394,191,203,325,162,163,289,147,142,207,89,118,142,80,62,99,33,66,47.7,47.1,48.4
050,51,017,Virginia,Bath County,4,4655,2340,2315,154,67,87,397,208,189,224,119,105,344,180,164,3997,2007,1990,3880,1946,1934,1477,759,718,959,488,471,1513,767,746,1064,511,553,154,67,87,193,97,96,254,139,115,276,144,132,242,127,115,161,87,74,215,104,111,249,130,119,334,167,167,396,205,191,370,187,183,353,181,172,394,194,200,317,155,162,304,155,149,202,86,116,145,81,64,96,34,62,48.3,47.9,48.8
050,51,017,Virginia,Bath County,5,4642,2333,2309,151,75,76,391,193,198,221,115,106,355,173,182,3992,2010,1982,3879,1950,1929,1459,741,718,943,485,458,1494,763,731,1087,529,558,151,75,76,186,91,95,265,134,131,259,133,126,257,123,134,185,103,82,213,104,109,228,115,113,317,163,154,389,194,195,374,197,177,370,196,174,361,176,185,343,164,179,302,155,147,200,94,106,150,76,74,92,40,52,48.5,48.4,48.5
050,51,017,Virginia,Bath County,6,4591,2304,2287,164,79,85,358,183,175,224,113,111,343,174,169,3948,1981,1967,3845,1929,1916,1419,713,706,910,456,454,1474,751,723,1118,548,570,164,79,85,180,82,98,236,131,105,261,134,127,248,123,125,205,114,91,194,91,103,208,96,112,303,155,148,360,184,176,393,209,184,367,189,178,354,169,185,362,183,179,300,148,152,195,93,102,160,78,82,101,46,55,49.1,48.9,49.3
050,51,017,Virginia,Bath County,7,4536,2292,2244,181,90,91,335,177,158,200,99,101,340,171,169,3923,1976,1947,3820,1926,1894,1403,704,699,907,457,450,1445,741,704,1128,557,571,181,90,91,174,80,94,205,120,85,244,124,120,252,123,129,225,117,108,195,102,93,209,95,114,278,143,135,354,186,168,397,208,189,360,180,180,334,167,167,359,178,181,290,145,145,204,105,99,166,74,92,109,55,54,49.4,49.2,49.7
050,51,017,Virginia,Bath County,8,4463,2248,2215,198,96,102,306,153,153,208,108,100,326,162,164,3863,1948,1915,3751,1891,1860,1388,702,686,900,458,442,1389,704,685,1136,567,569,198,96,102,153,74,79,199,105,94,237,121,116,251,123,128,239,123,116,197,106,91,208,101,107,256,128,128,311,161,150,390,201,189,357,171,186,331,171,160,370,189,181,274,135,139,220,116,104,152,66,86,120,61,59,49.7,49.6,49.9
050,51,017,Virginia,Bath County,9,4408,2227,2181,195,97,98,305,147,158,195,105,90,319,158,161,3819,1934,1885,3713,1878,1835,1314,680,634,845,442,403,1400,708,692,1149,570,579,195,97,98,169,77,92,181,95,86,231,121,110,238,117,121,228,123,105,200,108,92,187,91,96,230,120,110,322,157,165,370,197,173,361,178,183,347,176,171,376,196,180,268,126,142,227,118,109,161,66,95,117,64,53,50.4,50.2,50.6
050,51,017,Virginia,Bath County,10,4270,2160,2110,190,96,94,293,138,155,165,90,75,284,140,144,3708,1881,1827,3622,1836,1786,1240,647,593,824,438,386,1370,695,675,1144,563,581,190,96,94,163,77,86,163,82,81,215,113,102,201,96,105,237,124,113,189,110,79,193,97,96,205,107,98,286,143,143,361,185,176,361,182,179,362,185,177,349,177,172,303,143,160,223,111,112,144,69,75,125,63,62,51.3,51.0,51.7
050,51,017,Virginia,Bath County,11,4275,2157,2118,183,90,93,311,136,175,154,86,68,277,135,142,3713,1890,1823,3627,1845,1782,1255,654,601,862,455,407,1323,676,647,1165,579,586,183,90,93,181,78,103,168,80,88,189,104,85,204,95,109,238,125,113,217,120,97,192,97,95,215,113,102,270,126,144,337,181,156,366,193,173,350,176,174,332,165,167,326,162,164,238,118,120,133,63,70,136,71,65,51.3,51.3,51.2
050,51,017,Virginia,Bath County,12,4169,2110,2059,178,94,84,313,140,173,151,80,71,262,134,128,3605,1838,1767,3527,1796,1731,1204,623,581,827,427,400,1288,664,624,1150,571,579,178,94,84,188,83,105,161,75,86,179,98,81,198,98,100,218,113,105,217,110,107,188,104,84,204,100,104,266,129,137,322,178,144,354,181,173,346,176,170,323,161,162,331,160,171,219,117,102,141,67,74,136,66,70,51.6,51.5,51.6
050,51,017,Virginia,Bath County,13,4137,2097,2040,177,88,89,317,145,172,132,67,65,254,130,124,3580,1835,1745,3511,1797,1714,1181,613,568,822,428,394,1268,648,620,1167,591,576,177,88,89,190,85,105,154,72,82,171,91,80,188,94,94,211,113,98,225,115,110,180,99,81,206,101,105,255,128,127,307,165,142,359,185,174,347,170,177,319,166,153,336,167,169,218,112,106,146,72,74,148,74,74,52.0,52.1,51.8
050,51,017,Virginia,Bath County,14,4119,2082,2037,176,85,91,319,148,171,126,62,64,253,130,123,3562,1822,1740,3498,1787,1711,1172,608,564,818,426,392,1258,637,621,1169,594,575,176,85,91,192,87,105,152,71,81,169,89,80,185,93,92,209,113,96,225,115,110,177,97,80,207,101,106,251,127,124,300,159,141,360,185,175,347,166,181,315,165,150,339,170,169,219,111,108,146,73,73,150,75,75,52.2,52.3,51.9
050,51,019,Virginia,Bedford County,1,68676,34057,34619,3388,1661,1727,7959,4044,3915,3958,2102,1856,4509,2374,2135,55367,27283,28084,53371,26250,27121,22683,11362,11321,15202,7428,7774,22513,11202,11311,11147,5246,5901,3388,1661,1727,4219,2121,2098,4726,2465,2261,4549,2397,2152,2932,1537,1395,2707,1351,1356,3266,1586,1680,4317,2069,2248,4912,2422,2490,5960,2923,3037,6048,3030,3018,5447,2686,2761,5058,2563,2495,4036,1975,2061,2780,1370,1410,2047,962,1085,1319,578,741,965,361,604,44.3,43.8,44.8
050,51,019,Virginia,Bedford County,2,74928,36950,37978,3792,1883,1909,8564,4339,4225,4238,2231,2007,5095,2669,2426,60476,29599,30877,58334,28497,29837,24862,12405,12457,16593,8084,8509,24149,11975,12174,12497,5769,6728,3792,1883,1909,4569,2292,2277,5059,2626,2433,4938,2583,2355,3331,1738,1593,3056,1527,1529,3608,1748,1860,4676,2240,2436,5253,2569,2684,6383,3126,3257,6502,3261,3241,5863,2872,2991,5401,2716,2685,4286,2091,2195,3056,1481,1575,2321,1082,1239,1542,657,885,1292,458,834,44.2,43.6,44.8
050,51,019,Virginia,Bedford County,3,75032,36993,38039,3803,1890,1913,8542,4311,4231,4229,2241,1988,5143,2682,2461,60587,29656,30931,58458,28551,29907,24854,12406,12448,16541,8061,8480,24189,11985,12204,12585,5823,6762,3803,1890,1913,4562,2286,2276,5039,2603,2436,4923,2577,2346,3390,1768,1622,3080,1544,1536,3595,1743,1852,4608,2212,2396,5258,2562,2696,6349,3104,3245,6493,3265,3228,5908,2895,3013,5439,2721,2718,4308,2106,2202,3092,1504,1588,2322,1084,1238,1557,664,893,1306,465,841,44.3,43.7,44.9
050,51,019,Virginia,Bedford County,4,75555,37220,38335,3808,1917,1891,8437,4198,4239,4262,2308,1954,5361,2753,2608,61163,29931,31232,59048,28797,30251,24827,12415,12412,16293,7949,8344,24436,12077,12359,12958,6018,6940,3808,1917,1891,4506,2244,2262,5020,2549,2471,4889,2606,2283,3645,1860,1785,3186,1606,1580,3499,1719,1780,4285,2096,2189,5323,2528,2795,6100,2968,3132,6579,3293,3286,6118,3028,3090,5639,2788,2851,4424,2177,2247,3253,1578,1675,2344,1089,1255,1604,695,909,1333,479,854,44.6,44.0,45.2
050,51,019,Virginia,Bedford County,5,75755,37319,38436,3700,1887,1813,8335,4166,4169,4231,2218,2013,5526,2868,2658,61607,30169,31438,59489,29048,30441,24845,12434,12411,16100,7841,8259,24180,11954,12226,13683,6385,7298,3700,1887,1813,4454,2221,2233,4893,2438,2455,4892,2633,2259,3853,1960,1893,3220,1644,1576,3517,1723,1794,4042,1971,2071,5321,2503,2818,5846,2863,2983,6532,3237,3295,6247,3123,3124,5555,2731,2824,4818,2391,2427,3436,1667,1769,2390,1114,1276,1667,723,944,1372,490,882,45.0,44.4,45.6
050,51,019,Virginia,Bedford County,6,76189,37544,38645,3791,1945,1846,8215,4122,4093,4215,2186,2029,5676,2947,2729,62137,30461,31676,59968,29291,30677,24805,12401,12404,15932,7778,8154,24162,11951,12211,14198,6615,7583,3791,1945,1846,4378,2199,2179,4855,2433,2422,4860,2581,2279,4013,2042,1971,3315,1689,1626,3468,1682,1786,3925,1945,1980,5224,2462,2762,5666,2778,2888,6503,3195,3308,6396,3203,3193,5597,2775,2822,4955,2466,2489,3674,1755,1919,2453,1134,1319,1701,765,936,1415,495,920,45.3,44.6,45.9
050,51,019,Virginia,Bedford County,7,77054,37954,39100,3813,1909,1904,8155,4126,4029,4197,2139,2058,5810,3048,2762,63040,30893,32147,60889,29780,31109,25010,12529,12481,16006,7845,8161,24290,11968,12322,14783,6919,7864,3813,1909,1904,4256,2145,2111,4902,2484,2418,4826,2526,2300,4178,2158,2020,3618,1827,1791,3465,1700,1765,3876,1910,1966,5047,2408,2639,5501,2691,2810,6494,3185,3309,6575,3276,3299,5720,2816,2904,5166,2580,2586,3859,1849,2010,2536,1204,1332,1737,765,972,1485,521,964,45.5,44.8,46.1
050,51,019,Virginia,Bedford County,8,77653,38313,39340,3828,1957,1871,8019,4063,3956,4190,2075,2115,5895,3130,2765,63728,31248,32480,61616,30218,31398,24993,12553,12440,15965,7882,8083,24379,11972,12407,15377,7234,8143,3828,1957,1871,4171,2113,2058,4905,2484,2421,4805,2480,2325,4223,2191,2032,3771,1947,1824,3506,1737,1769,3860,1866,1994,4828,2332,2496,5353,2624,2729,6438,3131,3307,6643,3308,3335,5945,2909,3036,5311,2671,2640,4013,1920,2093,2671,1266,1405,1791,791,1000,1591,586,1005,45.8,45.1,46.5
050,51,019,Virginia,Bedford County,9,78024,38449,39575,3768,1939,1829,7975,4026,3949,4121,2082,2039,5861,3029,2832,64236,31436,32800,62160,30402,31758,24966,12537,12429,15959,7930,8029,24508,12018,12490,15832,7425,8407,3768,1939,1829,4198,2132,2066,4752,2398,2354,4795,2432,2363,4212,2175,2037,3914,2037,1877,3699,1810,1889,3892,1915,1977,4454,2168,2286,5528,2663,2865,6219,3048,3171,6644,3314,3330,6117,2993,3124,5478,2699,2779,4125,2002,2123,2783,1320,1463,1828,813,1015,1618,591,1027,46.2,45.4,46.8
050,51,019,Virginia,Bedford County,10,78445,38695,39750,3815,1962,1853,7909,4035,3874,4086,2080,2006,5748,2992,2756,64759,31686,33073,62635,30618,32017,24965,12583,12382,16109,8015,8094,24429,11942,12487,16349,7669,8680,3815,1962,1853,4186,2145,2041,4701,2394,2307,4660,2350,2310,4196,2218,1978,4118,2097,2021,3795,1867,1928,3997,1981,2016,4199,2070,2129,5573,2659,2914,6016,2963,3053,6572,3225,3347,6268,3095,3173,5418,2652,2766,4464,2169,2295,2946,1385,1561,1853,830,1023,1668,633,1035,46.4,45.5,47.2
050,51,019,Virginia,Bedford County,11,79115,38982,40133,3820,1927,1893,8002,4097,3905,4066,2077,1989,5749,2935,2814,65289,31930,33359,63227,30881,32346,25103,12605,12498,16277,8095,8182,24325,11912,12413,16876,7939,8937,3820,1927,1893,4352,2247,2105,4639,2352,2287,4643,2370,2273,4183,2140,2043,4245,2157,2088,3850,1924,1926,3972,1931,2041,4210,2083,2127,5447,2628,2819,5879,2889,2990,6584,3221,3363,6415,3174,3241,5505,2704,2801,4536,2222,2314,3199,1490,1709,1898,843,1055,1738,680,1058,46.7,45.8,47.4
050,51,019,Virginia,Bedford County,12,79431,39081,40350,3720,1827,1893,7978,4091,3887,3966,2027,1939,5802,2940,2862,65777,32174,33603,63767,31136,32631,25188,12637,12551,16383,8162,8221,24102,11799,12303,17480,8235,9245,3720,1827,1893,4318,2217,2101,4623,2366,2257,4631,2370,2261,4174,2105,2069,4193,2119,2074,3989,2000,1989,4001,1975,2026,4200,2068,2132,5249,2546,2703,5706,2793,2913,6612,3230,3382,6535,3230,3305,5613,2765,2848,4711,2285,2426,3377,1573,1804,1967,898,1069,1812,714,1098,47.0,46.2,47.8
050,51,019,Virginia,Bedford County,13,79800,39297,40503,3696,1817,1879,7955,4067,3888,3998,2018,1980,5751,2916,2835,66209,32443,33766,64151,31395,32756,25295,12710,12585,16507,8254,8253,23913,11719,12194,17980,8506,9474,3696,1817,1879,4326,2216,2110,4590,2329,2261,4605,2354,2251,4183,2102,2081,4243,2174,2069,4106,2059,2047,4020,1993,2027,4138,2028,2110,5083,2474,2609,5617,2760,2857,6582,3216,3366,6631,3269,3362,5813,2850,2963,4856,2378,2478,3450,1607,1843,2017,919,1098,1844,752,1092,47.2,46.3,48.0
050,51,019,Virginia,Bedford County,14,79811,39309,40502,3674,1806,1868,7933,4051,3882,4009,2015,1994,5721,2900,2821,66263,32484,33779,64195,31437,32758,25303,12724,12579,16537,8285,8252,23845,11686,12159,18092,8566,9526,3674,1806,1868,4319,2210,2109,4578,2317,2261,4593,2345,2248,4173,2094,2079,4247,2187,2060,4146,2080,2066,4030,2002,2028,4114,2016,2098,5023,2447,2576,5598,2752,2846,6570,3210,3360,6654,3277,3377,5873,2873,3000,4893,2404,2489,3456,1609,1847,2031,923,1108,1839,757,1082,47.2,46.3,48.1
050,51,021,Virginia,Bland County,1,6824,3765,3059,285,147,138,619,336,283,316,169,147,442,239,203,5751,3180,2571,5604,3113,2491,2585,1562,1023,1903,1205,698,2074,1103,971,1185,566,619,285,147,138,340,185,155,355,202,153,390,196,194,292,161,131,372,234,138,432,278,154,509,317,192,590,376,214,492,280,212,531,282,249,524,258,266,527,283,244,401,205,196,315,164,151,214,102,112,134,52,82,121,43,78,43.6,42.0,46.4
050,51,021,Virginia,Bland County,2,6826,3766,3060,285,147,138,619,336,283,316,169,147,442,239,203,5753,3181,2572,5606,3114,2492,2585,1562,1023,1903,1205,698,2076,1104,972,1185,566,619,285,147,138,340,185,155,355,202,153,390,196,194,292,161,131,372,234,138,432,278,154,509,317,192,590,376,214,493,280,213,532,283,249,524,258,266,527,283,244,401,205,196,315,164,151,214,102,112,134,52,82,121,43,78,43.6,42.0,46.4
050,51,021,Virginia,Bland County,3,6801,3750,3051,273,140,133,613,329,284,323,174,149,443,240,203,5746,3178,2568,5592,3107,2485,2577,1557,1020,1890,1194,696,2080,1106,974,1179,567,612,273,140,133,338,182,156,354,198,156,387,197,190,300,166,134,374,235,139,431,275,156,498,312,186,587,372,215,498,285,213,534,284,250,519,254,265,529,283,246,400,207,193,315,165,150,211,102,109,135,51,84,118,42,76,43.7,42.1,46.4
050,51,021,Virginia,Bland County,4,6776,3744,3032,258,135,123,591,315,276,339,191,148,463,244,219,5759,3193,2566,5588,3103,2485,2543,1545,998,1830,1160,670,2082,1112,970,1213,587,626,258,135,123,327,176,151,353,189,164,376,208,168,337,177,160,358,232,126,424,268,156,479,306,173,569,354,215,509,300,209,527,280,247,511,246,265,535,286,249,411,217,194,335,174,161,212,107,105,144,50,94,111,39,72,44.1,42.5,46.8
050,51,021,Virginia,Bland County,5,6693,3713,2980,243,131,112,572,304,268,324,190,134,472,248,224,5722,3191,2531,5554,3088,2466,2494,1529,965,1769,1132,637,2051,1104,947,1262,604,658,243,131,112,311,157,154,332,188,144,377,209,168,348,188,160,348,228,120,394,259,135,478,307,171,549,338,211,523,304,219,502,264,238,507,255,252,519,281,238,439,229,210,343,173,170,232,119,113,140,51,89,108,32,76,44.6,42.8,47.5
050,51,021,Virginia,Bland County,6,6674,3692,2982,261,141,120,579,297,282,303,173,130,463,243,220,5701,3180,2521,5531,3081,2450,2465,1507,958,1753,1122,631,2033,1091,942,1282,625,657,261,141,120,308,153,155,325,175,150,374,213,161,338,172,166,356,241,115,394,259,135,442,278,164,561,344,217,513,303,210,506,266,240,505,250,255,509,272,237,443,230,213,347,177,170,245,125,120,141,62,79,106,31,75,44.8,43.0,47.6
050,51,021,Virginia,Bland County,7,6586,3641,2945,243,126,117,569,300,269,277,151,126,462,257,205,5653,3149,2504,5497,3064,2433,2378,1451,927,1711,1080,631,1991,1070,921,1333,657,676,243,126,117,303,154,149,338,183,155,330,193,137,337,178,159,355,228,127,408,269,139,407,259,148,541,324,217,514,312,202,493,265,228,491,245,246,493,248,245,469,252,217,358,180,178,247,125,122,147,63,84,112,37,75,45.3,43.4,48.1
050,51,021,Virginia,Bland County,8,6536,3587,2949,254,129,125,532,277,255,265,137,128,460,257,203,5608,3110,2498,5485,3044,2441,2337,1419,918,1683,1062,621,1954,1049,905,1388,676,712,254,129,125,272,140,132,331,174,157,313,171,142,341,186,155,382,236,146,393,257,136,408,260,148,500,309,191,507,311,196,481,260,221,489,248,241,477,230,247,491,258,233,363,180,183,260,130,130,153,72,81,121,36,85,45.7,43.7,48.6
050,51,021,Virginia,Bland County,9,6483,3562,2921,266,135,131,522,259,263,262,143,119,436,254,182,5552,3089,2463,5433,3025,2408,2295,1422,873,1669,1065,604,1903,1011,892,1425,695,730,266,135,131,268,134,134,326,165,161,295,166,129,331,191,140,402,249,153,377,245,132,418,265,153,472,306,166,499,300,199,473,259,214,480,241,239,451,211,240,504,260,244,366,191,175,271,134,137,153,72,81,131,38,93,45.8,43.7,49.1
050,51,021,Virginia,Bland County,10,6361,3497,2864,242,117,125,499,260,239,274,142,132,402,237,165,5489,3052,2437,5346,2978,2368,2235,1386,849,1618,1034,584,1881,1001,880,1445,706,739,242,117,125,252,136,116,306,151,155,305,166,139,312,186,126,407,245,162,367,244,123,382,251,131,462,294,168,491,291,200,477,269,208,448,218,230,465,223,242,459,242,217,406,205,201,279,136,143,161,77,84,140,46,94,46.4,44.3,49.6
050,51,021,Virginia,Bland County,11,6295,3459,2836,239,113,126,483,258,225,247,131,116,411,238,173,5462,3036,2426,5326,2957,2369,2178,1352,826,1573,1008,565,1890,999,891,1452,712,740,239,113,126,250,135,115,286,148,138,285,151,134,320,193,127,416,247,169,354,248,106,373,237,136,430,276,154,509,296,213,468,272,196,445,216,229,468,215,253,450,239,211,393,191,202,304,157,147,166,77,89,139,48,91,46.8,44.6,50.0
050,51,021,Virginia,Bland County,12,6292,3455,2837,243,119,124,454,230,224,246,132,114,402,236,166,5471,3041,2430,5349,2974,2375,2151,1337,814,1577,1010,567,1874,1008,866,1496,720,776,243,119,124,237,124,113,291,147,144,278,146,132,296,181,115,426,254,172,359,247,112,382,241,141,410,268,142,502,296,206,473,278,195,448,219,229,451,215,236,462,229,233,407,207,200,308,154,154,179,80,99,140,50,90,47.2,45.0,50.5
050,51,021,Virginia,Bland County,13,6261,3440,2821,233,113,120,453,229,224,246,124,122,392,227,165,5444,3033,2411,5329,2974,2355,2147,1332,815,1572,1011,561,1841,1011,830,1524,725,799,233,113,120,241,123,118,275,136,139,287,154,133,288,167,121,402,247,155,371,244,127,376,245,131,423,275,148,471,288,183,484,286,198,434,216,218,452,221,231,462,216,246,418,212,206,306,155,151,188,89,99,150,53,97,47.5,45.3,50.9
050,51,021,Virginia,Bland County,14,6239,3422,2817,230,111,119,452,228,224,247,121,126,388,222,166,5423,3017,2406,5310,2962,2348,2144,1328,816,1568,1011,557,1824,1006,818,1530,723,807,230,111,119,240,121,119,271,133,138,291,156,135,285,161,124,391,243,148,374,242,132,374,248,126,429,278,151,462,286,176,486,288,198,426,211,215,450,221,229,460,211,249,420,212,208,305,155,150,194,92,102,151,53,98,47.6,45.3,50.9
050,51,023,Virginia,Botetourt County,1,33148,16417,16731,1632,819,813,3920,2010,1910,1882,987,895,2009,1060,949,26671,13109,13562,25714,12601,13113,10622,5374,5248,7195,3572,3623,11085,5526,5559,5425,2443,2982,1632,819,813,2043,1043,1000,2341,1212,1129,2079,1102,977,1348,700,648,1276,704,572,1430,665,765,2043,997,1046,2446,1206,1240,2899,1414,1485,2876,1463,1413,2798,1383,1415,2512,1266,1246,1829,895,934,1345,634,711,987,455,532,712,290,422,552,169,383,44.9,44.2,45.6
050,51,023,Virginia,Botetourt County,2,33149,16418,16731,1631,818,813,3920,2010,1910,1882,987,895,2009,1060,949,26673,13111,13562,25716,12603,13113,10620,5373,5247,7193,3571,3622,11089,5529,5560,5425,2443,2982,1631,818,813,2043,1043,1000,2341,1212,1129,2079,1102,977,1348,700,648,1276,704,572,1429,665,764,2043,997,1046,2445,1205,1240,2900,1415,1485,2876,1463,1413,2798,1383,1415,2515,1268,1247,1829,895,934,1345,634,711,987,455,532,712,290,422,552,169,383,44.9,44.2,45.6
050,51,023,Virginia,Botetourt County,3,33195,16439,16756,1608,798,810,3910,2008,1902,1885,987,898,2039,1081,958,26747,13151,13596,25792,12646,13146,10620,5380,5240,7164,3557,3607,11112,5536,5576,5477,2472,3005,1608,798,810,2055,1050,1005,2323,1203,1120,2084,1106,978,1372,717,655,1288,706,582,1436,672,764,2008,984,1024,2432,1195,1237,2892,1413,1479,2875,1460,1415,2803,1388,1415,2542,1275,1267,1836,903,933,1364,638,726,997,465,532,720,293,427,560,173,387,45.0,44.2,45.7
050,51,023,Virginia,Botetourt County,4,33001,16321,16680,1485,711,774,3790,1962,1828,1924,979,945,2113,1120,993,26772,13161,13611,25802,12669,13133,10415,5274,5141,6872,3426,3446,11167,5555,5612,5650,2568,3082,1485,711,774,2013,1031,982,2271,1182,1089,2115,1099,1016,1428,749,679,1285,686,599,1410,691,719,1823,900,923,2354,1149,1205,2812,1381,1431,2888,1453,1435,2803,1397,1406,2664,1324,1340,1880,947,933,1432,649,783,1017,489,528,726,292,434,595,191,404,45.6,44.8,46.3
050,51,023,Virginia,Botetourt County,5,33121,16396,16725,1400,705,695,3739,1941,1798,1940,985,955,2175,1128,1047,27002,13251,13751,26042,12765,13277,10439,5264,5175,6812,3403,3409,11082,5488,5594,5973,2746,3227,1400,705,695,1971,1012,959,2256,1181,1075,2164,1106,1058,1463,755,708,1344,705,639,1425,715,710,1695,816,879,2348,1167,1181,2746,1348,1398,2864,1427,1437,2803,1394,1409,2669,1319,1350,2070,1057,1013,1478,668,810,1045,500,545,737,305,432,643,216,427,46.0,45.1,46.7
050,51,023,Virginia,Botetourt County,6,32995,16328,16667,1389,695,694,3531,1819,1712,1898,976,922,2271,1167,1104,27152,13340,13812,26177,12838,13339,10392,5255,5137,6671,3341,3330,10941,5410,5531,6294,2920,3374,1389,695,694,1833,927,906,2146,1121,1025,2174,1124,1050,1547,790,757,1335,699,636,1477,749,728,1583,762,821,2276,1131,1145,2606,1288,1318,2872,1412,1460,2788,1380,1408,2675,1330,1345,2202,1123,1079,1582,736,846,1090,524,566,757,324,433,663,213,450,46.6,45.7,47.3
050,51,023,Virginia,Botetourt County,7,33086,16375,16711,1396,716,680,3492,1752,1740,1883,990,893,2322,1211,1111,27316,13439,13877,26315,12917,13398,10377,5252,5125,6604,3289,3315,10838,5363,5475,6551,3054,3497,1396,716,680,1752,874,878,2172,1116,1056,2156,1122,1034,1617,841,776,1356,689,667,1472,756,716,1588,767,821,2188,1077,1111,2464,1211,1253,2918,1424,1494,2782,1400,1382,2674,1328,1346,2317,1157,1160,1639,789,850,1155,541,614,743,332,411,697,235,462,46.8,46.0,47.6
050,51,023,Virginia,Botetourt County,8,33391,16536,16855,1382,706,676,3477,1731,1746,1837,980,857,2390,1255,1135,27637,13611,14026,26695,13119,13576,10448,5288,5160,6678,3301,3377,10808,5372,5436,6819,3191,3628,1382,706,676,1783,890,893,2151,1089,1062,2091,1108,983,1679,879,800,1452,727,725,1540,799,741,1598,752,846,2088,1023,1065,2479,1230,1249,2881,1389,1492,2773,1408,1365,2675,1345,1330,2438,1220,1218,1693,828,865,1195,550,645,797,365,432,696,228,468,46.9,46.1,47.7
050,51,023,Virginia,Botetourt County,9,33298,16495,16803,1429,740,689,3376,1686,1690,1769,918,851,2380,1256,1124,27621,13619,14002,26724,13151,13573,10296,5217,5079,6583,3261,3322,10671,5310,5361,7090,3324,3766,1429,740,689,1745,848,897,2067,1056,1011,2052,1074,978,1661,882,779,1498,746,752,1547,804,743,1632,780,852,1906,931,975,2433,1221,1212,2793,1371,1422,2784,1380,1404,2661,1338,1323,2547,1266,1281,1736,865,871,1252,558,694,804,376,428,751,259,492,47.2,46.5,48.0
050,51,023,Virginia,Botetourt County,10,33355,16532,16823,1463,764,699,3230,1609,1621,1738,903,835,2348,1201,1147,27801,13735,14066,26924,13256,13668,10281,5238,5043,6627,3346,3281,10627,5288,5339,7322,3421,3901,1463,764,699,1651,796,855,2011,1025,986,1984,1043,941,1670,849,821,1557,819,738,1615,834,781,1668,821,847,1787,872,915,2448,1235,1213,2719,1331,1388,2770,1369,1401,2690,1353,1337,2542,1249,1293,1901,956,945,1304,572,732,809,380,429,766,264,502,47.6,46.8,48.4
050,51,023,Virginia,Botetourt County,11,33412,16582,16830,1483,758,725,3173,1593,1580,1746,892,854,2329,1210,1119,27884,13793,14091,27010,13339,13671,10291,5257,5034,6653,3379,3274,10462,5195,5267,7566,3555,4011,1483,758,725,1640,821,819,1970,996,974,1960,1015,945,1678,863,815,1577,850,727,1624,833,791,1729,857,872,1723,839,884,2381,1208,1173,2643,1291,1352,2788,1378,1410,2650,1318,1332,2515,1252,1263,2027,1008,1019,1377,621,756,866,390,476,781,284,497,47.8,47.0,48.7
050,51,023,Virginia,Botetourt County,12,33500,16644,16856,1496,773,723,3207,1621,1586,1732,874,858,2286,1212,1074,27942,13821,14121,27065,13376,13689,10329,5293,5036,6725,3412,3313,10332,5147,5185,7722,3605,4117,1496,773,723,1663,858,805,1958,968,990,1956,1025,931,1648,856,792,1537,819,718,1713,860,853,1779,902,877,1696,831,865,2294,1168,1126,2552,1239,1313,2830,1396,1434,2656,1344,1312,2488,1226,1262,2110,1028,1082,1407,655,752,913,400,513,804,296,508,48.0,47.1,48.9
050,51,023,Virginia,Botetourt County,13,33646,16706,16940,1479,779,700,3191,1590,1601,1720,899,821,2276,1189,1087,28151,13901,14250,27256,13438,13818,10425,5325,5100,6837,3467,3370,10243,5087,5156,7900,3695,4205,1479,779,700,1665,860,805,1934,960,974,1946,1008,938,1642,850,792,1540,822,718,1715,852,863,1809,934,875,1773,859,914,2219,1127,1092,2502,1229,1273,2832,1384,1448,2690,1347,1343,2478,1233,1245,2219,1078,1141,1446,672,774,936,405,531,821,307,514,48.2,47.1,49.2
050,51,023,Virginia,Botetourt County,14,33633,16691,16942,1476,782,694,3179,1579,1600,1714,906,808,2262,1176,1086,28161,13891,14270,27264,13424,13840,10435,5325,5110,6865,3480,3385,10205,5058,5147,7932,3710,4222,1476,782,694,1662,861,801,1923,955,968,1937,999,938,1633,846,787,1538,822,716,1717,848,869,1817,943,874,1793,867,926,2190,1110,1080,2490,1226,1264,2829,1378,1451,2696,1344,1352,2475,1236,1239,2246,1089,1157,1451,673,778,940,404,536,820,308,512,48.2,47.1,49.2
050,51,025,Virginia,Brunswick County,1,17434,9150,8284,826,431,395,1682,886,796,859,444,415,1767,1025,742,14500,7619,6881,14067,7389,6678,6805,3938,2867,4393,2578,1815,5025,2536,2489,2882,1250,1632,826,431,395,902,469,433,994,526,468,1183,629,554,1229,731,498,1165,726,439,1078,660,418,1058,606,452,1092,586,506,1283,675,608,1322,666,656,1276,622,654,1144,573,571,906,427,479,713,338,375,562,249,313,391,157,234,310,79,231,41.3,38.3,44.8
050,51,025,Virginia,Brunswick County,2,17418,9143,8275,826,431,395,1678,884,794,858,443,415,1767,1025,742,14488,7614,6874,14056,7385,6671,6802,3937,2865,4391,2578,1813,5021,2537,2484,2877,1245,1632,826,431,395,901,469,432,991,524,467,1182,628,554,1229,731,498,1165,726,439,1077,660,417,1057,606,451,1092,586,506,1285,677,608,1321,665,656,1276,622,654,1139,573,566,903,424,479,711,336,375,562,249,313,391,157,234,310,79,231,41.3,38.3,44.8
050,51,025,Virginia,Brunswick County,3,17393,9131,8262,827,431,396,1667,883,784,849,437,412,1778,1034,744,14478,7604,6874,14050,7380,6670,6787,3923,2864,4370,2562,1808,5019,2531,2488,2883,1253,1630,827,431,396,891,468,423,986,525,461,1173,619,554,1244,742,502,1159,724,435,1074,659,415,1047,595,452,1090,584,506,1284,680,604,1316,659,657,1272,624,648,1147,568,579,894,424,470,716,338,378,563,252,311,394,157,237,316,82,234,41.4,38.4,44.9
050,51,025,Virginia,Brunswick County,4,17119,8958,8161,778,396,382,1600,845,755,811,422,389,1779,1039,740,14342,7506,6836,13930,7295,6635,6652,3856,2796,4254,2502,1752,4982,2472,2510,2915,1282,1633,778,396,382,849,451,398,943,501,442,1125,592,533,1273,762,511,1135,719,416,1061,649,412,996,559,437,1062,575,487,1250,660,590,1285,629,656,1273,635,638,1174,548,626,890,438,452,727,340,387,585,268,317,388,146,242,325,90,235,41.8,38.7,45.6
050,51,025,Virginia,Brunswick County,5,17023,8905,8118,751,378,373,1560,816,744,806,406,400,1721,1009,712,14322,7513,6809,13906,7305,6601,6559,3827,2732,4225,2506,1719,4953,2462,2491,3007,1328,1679,751,378,373,844,444,400,909,466,443,1089,579,510,1245,742,503,1118,707,411,1080,680,400,955,542,413,1072,577,495,1213,629,584,1277,649,628,1282,634,648,1181,550,631,945,463,482,718,334,384,602,278,324,400,148,252,342,105,237,42.4,39.2,46.1
050,51,025,Virginia,Brunswick County,6,16976,8971,8005,756,366,390,1522,780,742,777,392,385,1543,931,612,14323,7638,6685,13921,7433,6488,6507,3910,2597,4374,2679,1695,4905,2458,2447,3099,1365,1734,756,366,390,843,437,406,866,435,431,963,505,458,1170,726,444,1140,738,402,1169,754,415,980,574,406,1085,613,472,1171,620,551,1235,630,605,1284,648,636,1215,560,655,962,473,489,747,345,402,611,276,335,400,154,246,379,117,262,42.9,39.6,46.8
050,51,025,Virginia,Brunswick County,7,16815,8961,7854,737,364,373,1479,775,704,709,368,341,1537,930,607,14254,7641,6613,13890,7454,6436,6462,3916,2546,4381,2709,1672,4809,2421,2388,3163,1394,1769,737,364,373,796,428,368,848,438,410,915,482,433,1166,725,441,1207,793,414,1133,733,400,990,581,409,1051,602,449,1101,588,513,1240,640,600,1256,620,636,1212,573,639,997,488,509,779,355,424,609,277,332,407,166,241,371,108,263,43.1,39.4,47.4
050,51,025,Virginia,Brunswick County,8,16838,8992,7846,766,359,407,1431,758,673,697,360,337,1521,936,585,14314,7700,6614,13944,7515,6429,6403,3930,2473,4346,2715,1631,4804,2422,2382,3273,1442,1831,766,359,407,752,404,348,840,435,405,897,493,404,1160,722,438,1226,826,400,1092,709,383,1011,589,422,1017,591,426,1066,581,485,1239,634,605,1285,633,652,1214,574,640,1052,510,542,801,368,433,613,265,348,430,183,247,377,116,261,43.5,39.7,48.1
050,51,025,Virginia,Brunswick County,9,16607,8874,7733,709,346,363,1388,726,662,690,360,330,1484,903,581,14157,7626,6531,13820,7442,6378,6256,3846,2410,4272,2672,1600,4730,2389,2341,3334,1478,1856,709,346,363,746,376,370,832,439,393,845,463,382,1139,711,428,1247,843,404,1058,683,375,978,575,403,989,571,418,1039,555,484,1193,626,567,1269,610,659,1229,598,631,1099,511,588,809,383,426,616,278,338,434,187,247,376,119,257,43.8,40.0,48.5
050,51,025,Virginia,Brunswick County,10,16572,8824,7748,737,345,392,1390,724,666,672,351,321,1481,913,568,14104,7577,6527,13773,7404,6369,6268,3865,2403,4273,2687,1586,4613,2281,2332,3406,1523,1883,737,345,392,723,374,349,825,436,389,836,443,393,1159,735,424,1251,844,407,1062,681,381,979,587,392,981,575,406,1017,539,478,1146,575,571,1253,616,637,1197,551,646,1108,518,590,858,404,454,605,278,327,459,208,251,376,115,261,43.7,39.7,48.5
050,51,025,Virginia,Brunswick County,11,16289,8725,7564,700,347,353,1308,660,648,676,347,329,1407,878,529,13952,7540,6412,13605,7371,6234,6173,3858,2315,4270,2728,1542,4480,2234,2246,3448,1531,1917,700,347,353,695,339,356,793,416,377,798,424,374,1105,706,399,1240,857,383,1075,712,363,1001,591,410,954,568,386,983,526,457,1082,544,538,1201,583,618,1214,581,633,1136,524,612,853,405,448,624,282,342,456,197,259,379,123,256,43.9,39.7,49.1
050,51,025,Virginia,Brunswick County,12,16176,8697,7479,701,348,353,1286,652,634,686,365,321,1384,867,517,13851,7515,6336,13503,7332,6171,6124,3841,2283,4217,2702,1515,4415,2209,2206,3487,1554,1933,701,348,353,702,356,346,747,389,358,822,446,376,1085,693,392,1216,838,378,1070,716,354,992,594,398,939,554,385,973,529,444,1029,522,507,1198,596,602,1215,562,653,1125,526,599,887,422,465,655,285,370,440,190,250,380,131,249,44.0,39.7,49.6
050,51,025,Virginia,Brunswick County,13,16084,8644,7440,682,355,327,1250,604,646,645,360,285,1384,857,527,13842,7507,6335,13507,7325,6182,6105,3831,2274,4228,2704,1524,4346,2178,2168,3549,1586,1963,682,355,327,691,327,364,711,367,344,805,438,367,1072,689,383,1207,832,375,1103,746,357,965,573,392,953,553,400,933,514,419,995,506,489,1189,580,609,1229,578,651,1121,517,604,940,455,485,662,291,371,443,188,255,383,135,248,44.2,40.0,49.9
050,51,025,Virginia,Brunswick County,14,16037,8615,7422,675,359,316,1231,584,647,638,361,277,1384,855,529,13827,7494,6333,13493,7311,6182,6108,3830,2278,4236,2704,1532,4320,2169,2151,3553,1583,1970,675,359,316,684,314,370,697,360,337,804,439,365,1068,687,381,1206,831,375,1113,753,360,961,569,392,956,551,405,918,509,409,987,503,484,1186,576,610,1229,581,648,1117,511,606,951,460,491,661,291,370,444,186,258,380,135,245,44.3,40.0,50.0
050,51,027,Virginia,Buchanan County,1,24098,12310,11788,1114,591,523,2241,1126,1115,1158,667,491,1858,983,875,20175,10271,9904,19585,9926,9659,8848,4778,4070,6116,3283,2833,7743,3913,3830,3868,1747,2121,1114,591,523,1176,589,587,1349,692,657,1416,789,627,1316,706,610,1440,784,656,1418,802,616,1519,802,717,1739,895,844,1982,1024,958,2086,1102,984,1936,971,965,1739,816,923,1352,669,683,1107,502,605,686,318,368,415,153,262,308,105,203,43.8,42.3,45.3
050,51,027,Virginia,Buchanan County,2,24109,12319,11790,1114,591,523,2242,1127,1115,1158,667,491,1859,984,875,20185,10279,9906,19595,9934,9661,8852,4781,4071,6119,3285,2834,7747,3915,3832,3870,1750,2120,1114,591,523,1177,590,587,1349,692,657,1417,790,627,1316,706,610,1443,786,657,1417,802,615,1519,802,717,1740,895,845,1983,1025,958,2089,1103,986,1936,970,966,1739,817,922,1351,669,682,1109,504,605,686,318,368,416,154,262,308,105,203,43.8,42.3,45.3
050,51,027,Virginia,Buchanan County,3,24091,12311,11780,1115,593,522,2233,1125,1108,1150,655,495,1853,985,868,20177,10280,9897,19593,9938,9655,8814,4765,4049,6093,3276,2817,7737,3912,3825,3910,1765,2145,1115,593,522,1177,594,583,1338,682,656,1395,779,616,1326,710,616,1437,779,658,1421,805,616,1502,795,707,1733,897,836,1972,1017,955,2084,1097,987,1935,971,964,1746,827,919,1358,670,688,1117,509,608,705,325,380,416,154,262,314,107,207,43.9,42.4,45.4
050,51,027,Virginia,Buchanan County,4,23835,12194,11641,1089,578,511,2171,1115,1056,1116,612,504,1812,993,819,20022,10219,9803,19459,9889,9570,8607,4697,3910,5948,3227,2721,7648,3855,3793,4051,1814,2237,1089,578,511,1155,594,561,1285,656,629,1320,745,575,1339,725,614,1412,755,657,1409,810,599,1417,752,665,1710,910,800,1905,977,928,2053,1066,987,1916,961,955,1774,851,923,1373,671,702,1126,512,614,792,354,438,417,163,254,343,114,229,44.4,42.7,46.2
050,51,027,Virginia,Buchanan County,5,23835,12182,11653,1103,577,526,2157,1111,1046,1103,577,526,1829,1017,812,20040,10219,9821,19472,9917,9555,8582,4685,3897,5921,3236,2685,7486,3767,3719,4236,1897,2339,1103,577,526,1158,596,562,1270,660,610,1280,695,585,1381,754,627,1441,787,654,1407,808,599,1392,746,646,1681,895,786,1847,947,900,1982,1014,968,1950,995,955,1707,811,896,1474,718,756,1124,512,612,869,377,492,418,174,244,351,116,235,44.4,42.6,46.3
050,51,027,Virginia,Buchanan County,6,23638,12055,11583,1131,563,568,2127,1109,1018,1076,549,527,1790,996,794,19850,10108,9742,19304,9834,9470,8439,4599,3840,5833,3189,2644,7355,3707,3648,4326,1942,2384,1131,563,568,1171,629,542,1216,615,601,1253,668,585,1353,742,611,1407,789,618,1422,794,628,1390,761,629,1614,845,769,1770,923,847,1914,957,957,1981,1019,962,1690,808,882,1479,701,778,1156,546,610,896,386,510,458,194,264,337,115,222,44.6,42.8,46.5
050,51,027,Virginia,Buchanan County,7,23167,11800,11367,1065,537,528,2077,1075,1002,1027,528,499,1691,934,757,19523,9926,9597,18998,9660,9338,8130,4422,3708,5654,3091,2563,7198,3632,3566,4455,2003,2452,1065,537,528,1126,596,530,1193,610,583,1203,615,588,1273,716,557,1408,783,625,1339,737,602,1356,754,602,1551,817,734,1699,883,816,1859,924,935,1966,1017,949,1674,808,866,1526,705,821,1182,574,608,922,394,528,462,200,262,363,130,233,45.2,43.5,47.1
050,51,027,Virginia,Buchanan County,8,22767,11564,11203,1031,532,499,2044,1051,993,1006,514,492,1620,904,716,19205,9726,9479,18686,9467,9219,7840,4274,3566,5458,2979,2479,7079,3565,3514,4529,2019,2510,1031,532,499,1112,571,541,1176,603,573,1172,596,576,1210,699,511,1361,772,589,1298,702,596,1348,753,595,1451,752,699,1659,863,796,1773,886,887,1951,1007,944,1696,809,887,1518,694,824,1187,574,613,924,394,530,516,216,300,384,141,243,45.7,43.8,47.8
050,51,027,Virginia,Buchanan County,9,22229,11304,10925,925,475,450,2000,1034,966,977,488,489,1528,873,655,18820,9553,9267,18327,9307,9020,7509,4102,3407,5240,2864,2376,6909,3497,3412,4650,2073,2577,925,475,450,1065,554,511,1171,603,568,1143,570,573,1126,668,458,1342,758,584,1245,669,576,1311,727,584,1342,710,632,1639,875,764,1702,844,858,1905,976,929,1663,802,861,1542,716,826,1202,576,626,928,408,520,583,231,352,395,142,253,46.3,44.4,48.5
050,51,027,Virginia,Buchanan County,10,21622,10909,10713,904,465,439,1931,989,942,971,489,482,1441,792,649,18304,9212,9092,17816,8966,8850,7134,3862,3272,4959,2701,2258,6687,3364,3323,4729,2109,2620,904,465,439,1002,509,493,1166,600,566,1112,557,555,1063,604,459,1237,708,529,1183,630,553,1284,695,589,1255,668,587,1572,827,745,1638,805,833,1778,899,879,1699,833,866,1505,696,809,1294,619,675,912,403,509,628,244,384,390,147,243,46.9,45.1,48.9
050,51,027,Virginia,Buchanan County,11,21373,10794,10579,868,443,425,1928,991,937,926,458,468,1432,795,637,18117,9127,8990,17651,8902,8749,7048,3829,3219,4909,2692,2217,6526,3276,3250,4784,2139,2645,868,443,425,1029,522,507,1118,585,533,1075,534,541,1064,603,461,1222,700,522,1183,656,527,1241,654,587,1263,682,581,1500,781,719,1595,799,796,1703,842,861,1728,854,874,1490,695,795,1276,590,686,946,443,503,655,256,399,417,155,262,47.2,45.1,49.2
050,51,027,Virginia,Buchanan County,12,21031,10628,10403,869,450,419,1874,957,917,909,458,451,1380,717,663,17844,8988,8856,17379,8763,8616,6839,3720,3119,4779,2667,2112,6376,3214,3162,4844,2165,2679,869,450,419,994,501,493,1109,578,531,1043,516,527,1017,537,480,1201,708,493,1153,661,492,1174,625,549,1251,673,578,1466,757,709,1521,771,750,1660,828,832,1729,858,871,1451,683,768,1319,591,728,963,459,504,680,268,412,431,164,267,47.6,45.4,49.5
050,51,027,Virginia,Buchanan County,13,20726,10460,10266,851,424,427,1818,943,875,908,456,452,1343,688,655,17597,8857,8740,17149,8637,8512,6711,3646,3065,4695,2622,2073,6205,3123,3082,4906,2204,2702,851,424,427,970,503,467,1083,560,523,1029,504,525,987,520,467,1181,701,480,1156,665,491,1128,596,532,1230,660,570,1398,719,679,1485,751,734,1606,799,807,1716,854,862,1479,698,781,1313,594,719,957,449,508,672,273,399,485,190,295,47.9,45.7,49.8
050,51,027,Virginia,Buchanan County,14,20613,10401,10212,844,415,429,1806,942,864,909,457,452,1331,679,652,17497,8806,8691,17054,8587,8467,6672,3624,3048,4669,2608,2061,6146,3091,3055,4908,2209,2699,844,415,429,967,506,461,1076,556,520,1025,502,523,978,514,464,1176,701,475,1155,664,491,1112,586,526,1226,657,569,1376,706,670,1476,746,730,1585,788,797,1709,851,858,1486,702,784,1306,593,713,952,444,508,666,274,392,498,196,302,47.9,45.8,49.9
050,51,029,Virginia,Buckingham County,1,17146,9493,7653,925,453,472,1571,836,735,801,417,384,1468,835,633,14268,7993,6275,13849,7787,6062,6783,4092,2691,4699,2932,1767,5230,2879,2351,2452,1141,1311,925,453,472,835,452,383,921,476,445,1030,541,489,1054,619,435,1097,705,392,1137,707,430,1128,694,434,1337,826,511,1445,833,612,1407,814,593,1181,626,555,1197,606,591,823,418,405,614,286,328,445,207,238,305,152,153,265,78,187,41.7,40.6,43.5
050,51,029,Virginia,Buckingham County,2,17140,9491,7649,924,453,471,1571,836,735,801,417,384,1468,835,633,14263,7991,6272,13844,7785,6059,6781,4091,2690,4697,2931,1766,5228,2878,2350,2451,1141,1310,924,453,471,835,452,383,921,476,445,1030,541,489,1054,619,435,1096,705,391,1137,707,430,1127,693,434,1337,826,511,1445,833,612,1406,814,592,1181,626,555,1196,605,591,823,418,405,613,286,327,445,207,238,305,152,153,265,78,187,41.7,40.6,43.5
050,51,029,Virginia,Buckingham County,3,17092,9465,7627,923,449,474,1562,828,734,794,414,380,1462,828,634,14224,7979,6245,13813,7774,6039,6747,4078,2669,4678,2932,1746,5220,2871,2349,2453,1143,1310,923,449,474,837,455,382,912,469,443,1008,528,480,1061,618,443,1088,702,386,1139,709,430,1119,692,427,1332,829,503,1437,829,608,1397,807,590,1188,630,558,1198,605,593,823,418,405,617,289,328,444,208,236,306,150,156,263,78,185,41.7,40.7,43.5
050,51,029,Virginia,Buckingham County,4,17217,9526,7691,940,457,483,1556,833,723,780,413,367,1484,828,656,14339,8037,6302,13941,7823,6118,6740,4071,2669,4677,2939,1738,5265,2879,2386,2515,1177,1338,940,457,483,857,472,385,900,470,430,955,500,455,1108,632,476,1118,711,407,1140,710,430,1099,678,421,1320,840,480,1414,816,598,1396,797,599,1214,645,569,1241,621,620,847,424,423,643,305,338,457,212,245,304,146,158,264,90,174,41.9,40.8,43.7
050,51,029,Virginia,Buckingham County,5,17071,9400,7671,911,432,479,1574,833,741,737,393,344,1454,827,627,14217,7936,6281,13849,7742,6107,6608,3995,2613,4596,2868,1728,5131,2805,2326,2668,1242,1426,911,432,479,878,466,412,875,460,415,907,486,421,1105,641,464,1141,718,423,1109,692,417,1053,651,402,1293,807,486,1338,783,555,1392,784,608,1243,652,591,1158,586,572,946,456,490,660,325,335,482,221,261,300,140,160,280,100,180,42.2,41.0,44.2
050,51,029,Virginia,Buckingham County,6,17154,9421,7733,898,436,462,1606,848,758,768,401,367,1424,822,602,14264,7941,6323,13882,7736,6146,6555,3953,2602,4570,2834,1736,5093,2778,2315,2795,1302,1493,898,436,462,917,470,447,896,482,414,879,478,401,1106,641,465,1147,707,440,1114,708,406,1058,652,406,1251,767,484,1295,749,546,1374,780,594,1254,662,592,1170,587,583,1001,486,515,689,335,354,503,230,273,306,143,163,296,108,188,42.4,41.0,44.5
050,51,029,Virginia,Buckingham County,7,16936,9251,7685,862,432,430,1589,826,763,742,384,358,1347,788,559,14120,7805,6315,13743,7609,6134,6357,3809,2548,4440,2724,1716,5052,2747,2305,2904,1350,1554,862,432,430,919,459,460,842,454,388,857,456,401,1060,629,431,1152,697,455,1089,679,410,1012,622,390,1187,726,461,1267,735,532,1351,768,583,1265,670,595,1169,574,595,1041,502,539,712,351,361,523,241,282,311,135,176,317,121,196,42.9,41.4,45.2
050,51,029,Virginia,Buckingham County,8,17022,9348,7674,822,420,402,1628,850,778,702,347,355,1345,796,549,14234,7913,6321,13870,7731,6139,6348,3832,2516,4466,2768,1698,5025,2759,2266,3034,1408,1626,822,420,402,921,454,467,872,475,397,847,438,409,1035,626,409,1168,705,463,1101,703,398,1047,637,410,1150,723,427,1255,750,505,1346,736,610,1282,703,579,1142,570,572,1124,543,581,726,356,370,534,243,291,333,143,190,317,123,194,43.1,41.5,45.6
050,51,029,Virginia,Buckingham County,9,17044,9373,7671,791,425,366,1630,824,806,710,367,343,1309,774,535,14271,7933,6338,13913,7757,6156,6306,3809,2497,4472,2775,1697,4977,2742,2235,3155,1466,1689,791,425,366,959,459,500,856,472,384,825,418,407,1009,616,393,1167,722,445,1124,704,420,1055,637,418,1126,712,414,1209,738,471,1326,734,592,1281,679,602,1161,591,570,1161,553,608,755,369,386,552,254,298,365,160,205,322,130,192,43.3,41.6,46.0
050,51,029,Virginia,Buckingham County,10,17046,9429,7617,791,431,360,1597,796,801,694,384,310,1266,772,494,14308,7996,6312,13964,7818,6146,6299,3874,2425,4509,2819,1690,4942,2726,2216,3247,1501,1746,791,431,360,901,431,470,866,466,400,801,428,373,989,627,362,1184,740,444,1160,731,429,1054,644,410,1111,704,407,1199,727,472,1268,709,559,1283,690,593,1192,600,592,1108,542,566,858,405,453,550,263,287,389,155,234,342,136,206,43.5,41.6,46.7
050,51,029,Virginia,Buckingham County,11,17042,9416,7626,756,410,346,1622,817,805,705,387,318,1215,732,483,14309,7999,6310,13959,7802,6157,6294,3889,2405,4554,2857,1697,4851,2676,2175,3339,1537,1802,756,410,346,883,429,454,919,475,444,815,458,357,925,574,351,1192,751,441,1166,730,436,1095,674,421,1101,702,399,1156,696,460,1231,696,535,1253,668,585,1211,616,595,1115,535,580,888,426,462,580,278,302,408,162,246,348,136,212,43.6,41.6,46.8
050,51,029,Virginia,Buckingham County,12,17134,9441,7693,761,417,344,1649,819,830,695,388,307,1207,714,493,14391,8031,6360,14029,7817,6212,6332,3893,2439,4590,2886,1704,4847,2671,2176,3385,1546,1839,761,417,344,883,447,436,926,467,459,820,448,372,922,559,363,1201,768,433,1192,748,444,1086,655,431,1111,715,396,1133,681,452,1227,694,533,1247,660,587,1240,636,604,1100,515,585,930,438,492,598,293,305,420,179,241,337,121,216,43.5,41.5,46.8
050,51,029,Virginia,Buckingham County,13,17174,9449,7725,771,415,356,1643,825,818,667,357,310,1209,723,486,14434,8037,6397,14093,7852,6241,6324,3895,2429,4614,2901,1713,4802,2638,2164,3468,1590,1878,771,415,356,865,443,422,944,468,476,792,437,355,918,557,361,1175,755,420,1218,747,471,1101,685,416,1120,714,406,1103,663,440,1206,700,506,1252,638,614,1241,637,604,1103,526,577,985,471,514,611,297,314,420,172,248,349,124,225,43.6,41.5,47.1
050,51,029,Virginia,Buckingham County,14,17168,9443,7725,779,417,362,1639,827,812,659,350,309,1206,723,483,14425,8026,6399,14091,7849,6242,6320,3893,2427,4623,2904,1719,4785,2627,2158,3477,1595,1882,779,417,362,858,442,416,949,469,480,782,435,347,915,554,361,1166,752,414,1226,746,480,1108,694,414,1123,712,411,1092,656,436,1201,701,500,1251,631,620,1241,639,602,1099,527,572,998,478,520,611,298,313,417,167,250,352,125,227,43.6,41.5,47.2
050,51,031,Virginia,Campbell County,1,54842,26688,28154,3015,1551,1464,5974,2986,2988,3055,1569,1486,5066,2580,2486,44315,21358,22957,42798,20582,22216,20566,10335,10231,13181,6567,6614,15866,7611,8255,8685,3824,4861,3015,1551,1464,3163,1610,1553,3547,1757,1790,3749,1929,1820,3636,1839,1797,3109,1582,1527,2953,1448,1505,3416,1716,1700,3703,1821,1882,4233,2074,2159,4279,2090,2189,3790,1768,2022,3564,1679,1885,2750,1313,1437,2182,978,1204,1710,781,929,1102,466,636,941,286,655,41.1,39.8,42.4
050,51,031,Virginia,Campbell County,2,54815,26671,28144,3011,1548,1463,5975,2985,2990,3055,1566,1489,5062,2581,2481,44290,21346,22944,42774,20572,22202,20552,10329,10223,13169,6561,6608,15869,7608,8261,8674,3822,4852,3011,1548,1463,3165,1612,1553,3544,1752,1792,3750,1930,1820,3633,1838,1795,3104,1580,1524,2954,1447,1507,3412,1714,1698,3699,1820,1879,4235,2074,2161,4275,2086,2189,3789,1769,2020,3570,1679,1891,2747,1312,1435,2183,980,1203,1705,779,926,1099,465,634,940,286,654,41.1,39.8,42.4
050,51,031,Virginia,Campbell County,3,54910,26694,28216,3026,1549,1477,5978,2988,2990,3050,1553,1497,5050,2576,2474,44386,21386,23000,42856,20604,22252,20556,10321,10235,13189,6560,6629,15889,7626,8263,8728,3842,4886,3026,1549,1477,3168,1610,1558,3543,1746,1797,3702,1905,1797,3665,1856,1809,3139,1598,1541,2966,1456,1510,3378,1680,1698,3706,1826,1880,4206,2064,2142,4287,2095,2192,3819,1789,2030,3577,1678,1899,2778,1324,1454,2181,982,1199,1703,772,931,1109,468,641,957,296,661,41.1,39.9,42.4
050,51,031,Virginia,Campbell County,4,54799,26652,28147,2981,1516,1465,5807,2955,2852,2978,1475,1503,5013,2561,2452,44562,21490,23072,43033,20706,22327,20413,10246,10167,13140,6547,6593,15895,7658,8237,8985,3940,5045,2981,1516,1465,3102,1586,1516,3423,1706,1717,3520,1798,1722,3753,1901,1852,3219,1638,1581,2969,1467,1502,3204,1575,1629,3748,1867,1881,4040,1997,2043,4289,2091,2198,3923,1870,2053,3643,1700,1943,2873,1363,1510,2207,1007,1200,1730,771,959,1159,483,676,1016,316,700,41.6,40.3,42.9
050,51,031,Virginia,Campbell County,5,54843,26581,28262,2972,1504,1468,5719,2933,2786,2946,1457,1489,4922,2474,2448,44725,21447,23278,43206,20687,22519,20220,10033,10187,13058,6460,6598,15783,7612,8171,9443,4141,5302,2972,1504,1468,3072,1578,1494,3353,1713,1640,3427,1716,1711,3735,1857,1878,3316,1684,1632,2968,1461,1507,3077,1509,1568,3697,1806,1891,3941,1955,1986,4266,2051,2215,4087,1949,2138,3489,1657,1832,3128,1464,1664,2284,1053,1231,1755,785,970,1226,511,715,1050,328,722,42.0,40.8,43.2
050,51,031,Virginia,Campbell County,6,55093,26808,28285,2919,1509,1410,5716,2917,2799,2822,1400,1422,4918,2509,2409,45087,21675,23412,43636,20982,22654,20354,10174,10180,13289,6611,6678,15680,7584,8096,9749,4278,5471,2919,1509,1410,3087,1579,1508,3304,1684,1620,3366,1697,1669,3699,1866,1833,3503,1779,1724,3075,1532,1543,3034,1516,1518,3677,1784,1893,3797,1882,1915,4222,2040,2182,4180,2012,2168,3481,1650,1831,3248,1508,1740,2361,1100,1261,1806,793,1013,1255,530,725,1079,347,732,42.2,40.8,43.5
050,51,031,Virginia,Campbell County,7,55286,26886,28400,2872,1455,1417,5668,2890,2778,2817,1398,1419,4797,2471,2326,45382,21848,23534,43929,21143,22786,20330,10211,10119,13402,6684,6718,15690,7578,8112,10040,4410,5630,2872,1455,1417,3081,1550,1531,3273,1682,1591,3329,1683,1646,3599,1844,1755,3656,1836,1820,3102,1578,1524,3048,1523,1525,3596,1747,1849,3725,1834,1891,4232,2060,2172,4172,2019,2153,3561,1665,1896,3328,1563,1765,2448,1130,1318,1852,805,1047,1269,543,726,1143,369,774,42.5,40.9,43.9
050,51,031,Virginia,Campbell County,8,55374,26852,28522,2876,1446,1430,5598,2829,2769,2788,1445,1343,4654,2335,2319,45509,21860,23649,44112,21132,22980,20208,10149,10059,13447,6728,6719,15723,7551,8172,10288,4518,5770,2876,1446,1430,3066,1549,1517,3213,1639,1574,3251,1641,1610,3510,1780,1730,3822,1923,1899,3128,1594,1534,3027,1488,1539,3470,1723,1747,3706,1791,1915,4149,2000,2149,4204,2048,2156,3664,1712,1952,3370,1559,1811,2544,1183,1361,1843,799,1044,1346,564,782,1185,413,772,42.7,41.1,44.2
050,51,031,Virginia,Campbell County,9,55391,26858,28533,2873,1451,1422,5556,2804,2752,2761,1392,1369,4476,2267,2209,45627,21924,23703,44201,21211,22990,20074,10069,10005,13488,6732,6756,15741,7592,8149,10496,4620,5876,2873,1451,1422,3049,1541,1508,3158,1585,1573,3234,1653,1581,3352,1684,1668,3967,1962,2005,3184,1652,1532,3062,1532,1530,3275,1586,1689,3727,1810,1917,3977,1915,2062,4249,2069,2180,3788,1798,1990,3407,1564,1843,2613,1210,1403,1869,832,1037,1353,575,778,1254,439,815,42.9,41.3,44.3
050,51,031,Virginia,Campbell County,10,55440,26878,28562,2979,1464,1515,5490,2758,2732,2725,1369,1356,4374,2183,2191,45670,22004,23666,44246,21287,22959,19915,10013,9902,13458,6785,6673,15721,7593,8128,10693,4726,5967,2979,1464,1515,3034,1522,1512,3098,1560,1538,3188,1637,1551,3269,1591,1678,3921,1982,1939,3296,1713,1583,3063,1549,1514,3178,1541,1637,3699,1803,1896,3883,1897,1986,4220,2015,2205,3919,1878,2041,3293,1540,1753,2846,1301,1545,1905,841,1064,1355,583,772,1294,461,833,43.0,41.4,44.5
050,51,031,Virginia,Campbell County,11,55526,26967,28559,3029,1471,1558,5457,2782,2675,2617,1329,1288,4393,2196,2197,45776,22070,23706,44423,21385,23038,19855,10017,9838,13454,6805,6649,15556,7508,8048,11020,4876,6144,3029,1471,1558,2984,1519,1465,3082,1576,1506,3126,1588,1538,3275,1624,1651,3884,1948,1936,3388,1750,1638,3133,1604,1529,3049,1503,1546,3648,1768,1880,3752,1837,1915,4135,1964,2171,4021,1939,2082,3306,1537,1769,2968,1327,1641,2011,920,1091,1414,615,799,1321,477,844,43.1,41.4,44.7
050,51,031,Virginia,Campbell County,12,55371,26924,28447,3055,1512,1543,5479,2755,2724,2522,1269,1253,4323,2207,2116,45635,22044,23591,44315,21388,22927,19729,10003,9726,13495,6837,6658,15285,7379,7906,11212,4965,6247,3055,1512,1543,3011,1524,1487,3079,1541,1538,2987,1540,1447,3247,1626,1621,3835,1939,1896,3500,1790,1710,3093,1578,1515,3067,1530,1537,3485,1703,1782,3638,1768,1870,4129,1961,2168,4033,1947,2086,3342,1533,1809,3036,1378,1658,2100,954,1146,1400,596,804,1334,504,830,43.1,41.3,44.8
050,51,031,Virginia,Campbell County,13,55391,26917,28474,3052,1505,1547,5467,2750,2717,2487,1257,1230,4249,2170,2079,45651,22048,23603,44385,21405,22980,19656,9956,9700,13534,6828,6706,15126,7333,7793,11476,5074,6402,3052,1505,1547,3022,1531,1491,3059,1518,1541,2922,1508,1414,3200,1620,1580,3750,1878,1872,3599,1833,1766,3115,1595,1520,3070,1522,1548,3399,1662,1737,3618,1768,1850,4064,1929,2135,4045,1974,2071,3401,1562,1839,3082,1380,1702,2182,989,1193,1424,607,817,1387,536,851,43.2,41.5,44.9
050,51,031,Virginia,Campbell County,14,55304,26854,28450,3050,1502,1548,5454,2743,2711,2479,1254,1225,4212,2150,2062,45570,21994,23576,44321,21355,22966,19608,9920,9688,13534,6812,6722,15053,7303,7750,11522,5090,6432,3050,1502,1548,3013,1526,1487,3058,1513,1545,2898,1496,1402,3176,1612,1564,3713,1850,1863,3627,1843,1784,3119,1596,1523,3075,1523,1552,3363,1644,1719,3614,1764,1850,4040,1918,2122,4036,1977,2059,3416,1568,1848,3086,1376,1710,2196,994,1202,1430,609,821,1394,543,851,43.2,41.5,44.9
050,51,033,Virginia,Caroline County,1,28545,14052,14493,2008,993,1015,3406,1727,1679,1430,720,710,2143,1048,1095,22392,10968,11424,21701,10612,11089,10927,5485,5442,7716,3907,3809,8098,3993,4105,3744,1664,2080,2008,993,1015,1930,961,969,1838,956,882,1696,842,854,1515,736,779,1892,931,961,1946,971,975,1920,1004,916,1958,1001,957,2199,1111,1088,2272,1068,1204,1885,963,922,1742,851,891,1317,640,677,880,389,491,654,305,349,469,191,278,424,139,285,38.9,38.4,39.5
050,51,033,Virginia,Caroline County,2,28550,14052,14498,2009,992,1017,3406,1727,1679,1431,720,711,2143,1048,1095,22395,10969,11426,21704,10613,11091,10929,5485,5444,7718,3907,3811,8099,3994,4105,3744,1664,2080,2009,992,1017,1930,961,969,1839,956,883,1696,842,854,1515,736,779,1894,931,963,1946,972,974,1920,1004,916,1958,1000,958,2198,1110,1088,2273,1068,1205,1886,965,921,1742,851,891,1317,640,677,880,389,491,654,305,349,469,191,278,424,139,285,38.9,38.4,39.5
050,51,033,Virginia,Caroline County,3,28631,14102,14529,2020,1005,1015,3432,1734,1698,1416,716,700,2157,1053,1104,22454,11004,11450,21763,10647,11116,10953,5501,5452,7734,3914,3820,8101,4002,4099,3771,1678,2093,2020,1005,1015,1939,963,976,1847,953,894,1684,844,840,1535,743,792,1912,941,971,1966,981,985,1905,995,910,1951,997,954,2170,1099,1071,2282,1078,1204,1904,973,931,1745,852,893,1328,649,679,891,396,495,656,301,355,469,191,278,427,141,286,38.8,38.3,39.4
050,51,033,Virginia,Caroline County,4,28672,14138,14534,1978,1002,976,3430,1748,1682,1391,691,700,2163,1063,1100,22563,11036,11527,21873,10697,11176,10892,5478,5414,7684,3894,3790,8145,4003,4142,3881,1737,2144,1978,1002,976,1912,965,947,1864,953,911,1632,818,814,1576,766,810,1892,923,969,2012,1013,999,1834,959,875,1946,999,947,2089,1054,1035,2314,1102,1212,1937,966,971,1805,881,924,1349,658,691,955,439,516,669,294,375,460,194,266,448,152,296,39.1,38.4,39.8
050,51,033,Virginia,Caroline County,5,28950,14273,14677,1980,982,998,3540,1786,1754,1392,691,701,2166,1070,1096,22737,11150,11587,22038,10814,11224,10904,5496,5408,7688,3910,3778,8105,3998,4107,4079,1836,2243,1980,982,998,1982,1008,974,1900,953,947,1612,808,804,1604,778,826,1879,922,957,2037,1037,1000,1797,930,867,1975,1021,954,2050,1044,1006,2288,1118,1170,1991,977,1014,1776,859,917,1451,706,745,1022,476,546,674,297,377,475,195,280,457,162,295,39.1,38.5,39.8
050,51,033,Virginia,Caroline County,6,29253,14404,14849,1977,962,1015,3537,1784,1753,1403,739,664,2188,1065,1123,23019,11272,11747,22336,10919,11417,10970,5522,5448,7747,3921,3826,8153,4031,4122,4248,1902,2346,1977,962,1015,1993,1026,967,1912,961,951,1588,807,781,1635,794,841,1906,935,971,2034,1039,995,1854,927,927,1953,1020,933,2074,1057,1017,2262,1123,1139,2068,973,1095,1749,878,871,1491,727,764,1085,510,575,718,301,417,472,201,271,482,163,319,39.2,38.6,39.9
050,51,033,Virginia,Caroline County,7,29747,14654,15093,2113,1035,1078,3522,1789,1733,1453,760,693,2187,1077,1110,23356,11428,11928,22659,11070,11589,11095,5600,5495,7845,3966,3879,8177,4032,4145,4450,1995,2455,2113,1035,1078,1999,1034,965,1913,958,955,1623,846,777,1627,788,839,1986,965,1021,2026,1064,962,1889,935,954,1944,1002,942,2029,1052,977,2250,1121,1129,2119,975,1144,1779,884,895,1553,754,799,1154,546,608,738,310,428,502,219,283,503,166,337,39.2,38.5,40.0
050,51,033,Virginia,Caroline County,8,29907,14737,15170,2094,1043,1051,3565,1804,1761,1495,769,726,2076,1044,1032,23480,11509,11971,22753,11121,11632,11069,5576,5493,7865,3950,3915,8187,4043,4144,4625,2084,2541,2094,1043,1051,2027,1015,1012,1905,976,929,1664,861,803,1540,765,775,1981,937,1044,2064,1078,986,1926,976,950,1894,959,935,1998,1023,975,2162,1095,1067,2235,1043,1192,1792,882,910,1640,784,856,1198,580,618,757,329,428,512,225,287,518,166,352,39.3,38.5,40.2
050,51,033,Virginia,Caroline County,9,30091,14797,15294,2073,1030,1043,3565,1796,1769,1474,725,749,2108,1036,1072,23725,11627,12098,22979,11246,11733,11121,5602,5519,7913,4015,3898,8212,4070,4142,4746,2125,2621,2073,1030,1043,2039,1003,1036,1900,967,933,1643,830,813,1565,757,808,2024,988,1036,2107,1073,1034,1944,1004,940,1838,950,888,1977,1010,967,2115,1066,1049,2278,1105,1173,1842,889,953,1714,816,898,1221,583,638,789,361,428,508,200,308,514,165,349,39.4,38.7,40.0
050,51,033,Virginia,Caroline County,10,30441,15008,15433,2087,1058,1029,3568,1797,1771,1470,729,741,2110,1054,1056,24046,11787,12259,23316,11424,11892,11193,5661,5532,7983,4062,3921,8316,4111,4205,4907,2197,2710,2087,1058,1029,2028,994,1034,1910,987,923,1675,860,815,1535,739,796,2031,981,1050,2132,1089,1043,1990,1051,939,1830,941,889,2047,1038,1009,2050,1011,1039,2301,1138,1163,1918,924,994,1710,807,903,1315,632,683,856,386,470,505,205,300,521,167,354,39.6,38.7,40.5
050,51,033,Virginia,Caroline County,11,30766,15223,15543,2016,1004,1012,3609,1843,1766,1452,722,730,2155,1093,1062,24406,12005,12401,23689,11654,12035,11356,5759,5597,8114,4131,3983,8344,4135,4209,5076,2295,2781,2016,1004,1012,2042,1024,1018,1932,1006,926,1682,857,825,1560,771,789,2135,1033,1102,2142,1109,1033,2001,1060,941,1836,929,907,2001,1030,971,2077,1017,1060,2260,1144,1116,2006,944,1062,1707,810,897,1364,667,697,938,437,501,548,205,343,519,176,343,39.7,38.6,40.7
050,51,033,Virginia,Caroline County,12,30745,15215,15530,1970,1007,963,3628,1841,1787,1435,731,704,2116,1076,1040,24440,11997,12443,23712,11636,12076,11341,5783,5558,8144,4163,3981,8260,4077,4183,5192,2320,2872,1970,1007,963,2092,1055,1037,1890,973,917,1653,845,808,1544,775,769,2064,1010,1054,2194,1144,1050,1979,1059,920,1907,950,957,1952,998,954,2006,995,1011,2217,1117,1100,2085,967,1118,1712,818,894,1415,678,737,977,435,542,541,203,338,547,186,361,40.0,38.8,41.2
050,51,033,Virginia,Caroline County,13,30866,15258,15608,1916,983,933,3618,1847,1771,1467,734,733,2118,1078,1040,24584,12047,12537,23865,11694,12171,11409,5819,5590,8217,4203,4014,8224,4052,4172,5306,2361,2945,1916,983,933,2096,1077,1019,1915,966,949,1637,825,812,1555,791,764,2045,1015,1030,2243,1155,1088,2031,1086,945,1898,947,951,1907,976,931,1982,984,998,2171,1095,1076,2164,997,1167,1740,832,908,1447,674,773,1015,455,560,561,220,341,543,180,363,40.0,38.8,41.4
050,51,033,Virginia,Caroline County,14,30860,15250,15610,1903,977,926,3603,1843,1760,1476,736,740,2114,1074,1040,24593,12045,12548,23878,11694,12184,11416,5824,5592,8230,4212,4018,8204,4044,4160,5330,2364,2966,1903,977,926,2089,1080,1009,1918,961,957,1630,820,810,1556,792,764,2032,1014,1018,2258,1157,1101,2055,1097,958,1885,944,941,1895,970,925,1977,980,997,2153,1088,1065,2179,1006,1173,1752,834,918,1454,669,785,1022,459,563,563,225,338,539,177,362,40.0,38.8,41.4
050,51,035,Virginia,Carroll County,1,30042,14821,15221,1583,820,763,3152,1625,1527,1483,775,708,1984,1016,968,24571,11984,12587,23824,11601,12223,10036,5092,4944,6931,3491,3440,9072,4506,4566,5837,2588,3249,1583,820,763,1671,829,842,1843,986,857,1770,923,847,1335,678,657,1411,685,726,1502,769,733,1939,983,956,2079,1054,1025,2291,1150,1141,2240,1131,1109,2360,1186,1174,2181,1039,1142,1860,913,947,1442,672,770,1097,494,603,779,300,479,659,209,450,44.7,43.5,45.9
050,51,035,Virginia,Carroll County,2,30072,14835,15237,1589,822,767,3154,1625,1529,1484,776,708,1984,1016,968,24592,11995,12597,23845,11612,12233,10042,5097,4945,6937,3496,3441,9080,4510,4570,5844,2590,3254,1589,822,767,1672,830,842,1845,986,859,1769,923,846,1336,678,658,1415,688,727,1504,770,734,1939,982,957,2079,1056,1023,2295,1151,1144,2240,1132,1108,2359,1186,1173,2186,1041,1145,1863,914,949,1444,672,772,1097,494,603,780,301,479,660,209,451,44.7,43.5,45.9
050,51,035,Virginia,Carroll County,3,30071,14829,15242,1565,802,763,3147,1623,1524,1486,776,710,1989,1012,977,24618,12010,12608,23873,11628,12245,10017,5081,4936,6911,3487,3424,9113,4527,4586,5860,2602,3258,1565,802,763,1675,831,844,1841,986,855,1747,913,834,1359,681,678,1416,695,721,1488,757,731,1928,972,956,2079,1063,1016,2297,1155,1142,2251,1132,1119,2362,1189,1173,2203,1051,1152,1865,913,952,1441,679,762,1109,494,615,779,304,475,666,212,454,44.9,43.6,46.0
050,51,035,Virginia,Carroll County,4,30093,14870,15223,1481,776,705,3124,1601,1523,1477,774,703,2039,1040,999,24728,12099,12629,24011,11719,12292,9915,5039,4876,6777,3424,3353,9217,4580,4637,5978,2675,3303,1481,776,705,1661,827,834,1841,973,868,1700,891,809,1438,724,714,1424,710,714,1464,743,721,1827,897,930,2062,1074,988,2258,1141,1117,2303,1152,1151,2343,1171,1172,2313,1116,1197,1894,921,973,1476,718,758,1135,491,644,790,311,479,683,234,449,45.3,44.1,46.5
050,51,035,Virginia,Carroll County,5,29920,14820,15100,1440,741,699,3071,1584,1487,1470,784,686,2075,1066,1009,24687,12106,12581,23939,11711,12228,9806,4994,4812,6607,3333,3274,9069,4526,4543,6188,2786,3402,1440,741,699,1638,841,797,1779,932,847,1693,901,792,1506,760,746,1373,691,682,1443,736,707,1760,875,885,2031,1031,1000,2178,1105,1073,2319,1165,1154,2310,1141,1169,2262,1115,1147,1986,949,1037,1560,774,786,1149,507,642,803,312,491,690,244,446,45.7,44.5,46.9
050,51,035,Virginia,Carroll County,6,29915,14802,15113,1387,709,678,3000,1533,1467,1495,812,683,2101,1088,1013,24784,12148,12636,24033,11748,12285,9696,4943,4753,6499,3266,3233,9040,4520,4520,6393,2874,3519,1387,709,678,1621,848,773,1778,908,870,1671,900,771,1526,777,749,1361,688,673,1434,724,710,1685,842,843,2019,1012,1007,2165,1119,1046,2313,1154,1159,2305,1124,1181,2257,1123,1134,2077,998,1079,1644,809,835,1168,506,662,789,321,468,715,240,475,46.1,45.0,47.4
050,51,035,Virginia,Carroll County,7,29721,14703,15018,1358,695,663,2936,1498,1438,1469,788,681,2094,1078,1016,24660,12100,12560,23958,11722,12236,9584,4900,4684,6396,3222,3174,8948,4485,4463,6520,2937,3583,1358,695,663,1589,837,752,1722,849,873,1680,917,763,1508,761,747,1357,695,662,1434,720,714,1599,821,778,2006,986,1020,2080,1074,1006,2287,1148,1139,2246,1108,1138,2335,1155,1180,2117,1010,1107,1704,836,868,1164,517,647,821,345,476,714,229,485,46.5,45.4,47.8
050,51,035,Virginia,Carroll County,8,29882,14754,15128,1392,729,663,2932,1479,1453,1426,751,675,2036,1065,971,24851,12189,12662,24132,11795,12337,9491,4825,4666,6361,3177,3184,9012,4513,4499,6723,3040,3683,1392,729,663,1585,829,756,1679,818,861,1672,895,777,1458,753,705,1441,723,718,1452,727,725,1504,753,751,1964,974,990,2082,1071,1011,2297,1150,1147,2256,1127,1129,2377,1165,1212,2178,1037,1141,1742,864,878,1203,548,655,826,340,486,774,251,523,46.9,45.8,48.1
050,51,035,Virginia,Carroll County,9,29788,14745,15043,1357,726,631,2807,1433,1374,1447,749,698,1926,1017,909,24930,12240,12690,24177,11837,12340,9344,4741,4603,6337,3156,3181,9037,4521,4516,6877,3143,3734,1357,726,631,1502,785,717,1671,829,842,1613,859,754,1394,726,668,1550,763,787,1455,746,709,1483,748,735,1849,899,950,2065,1069,996,2282,1146,1136,2324,1157,1167,2366,1149,1217,2273,1109,1164,1734,850,884,1240,588,652,863,350,513,767,246,521,47.4,46.4,48.6
050,51,035,Virginia,Carroll County,10,29845,14776,15069,1330,710,620,2783,1428,1355,1412,697,715,1975,1071,904,25020,12294,12726,24320,11941,12379,9329,4768,4561,6279,3159,3120,8941,4437,4504,7125,3274,3851,1330,710,620,1483,768,715,1637,819,818,1635,862,773,1415,747,668,1567,767,800,1473,778,695,1463,731,732,1776,883,893,2042,1018,1024,2227,1127,1100,2350,1176,1174,2322,1116,1206,2260,1104,1156,1857,881,976,1324,651,673,880,376,504,804,262,542,47.8,46.7,49.0
050,51,035,Virginia,Carroll County,11,29824,14737,15087,1340,690,650,2752,1426,1326,1333,651,682,1944,1038,906,25084,12314,12770,24399,11970,12429,9139,4678,4461,6180,3143,3037,8917,4396,4521,7358,3393,3965,1340,690,650,1447,743,704,1623,837,786,1596,816,780,1363,719,644,1557,761,796,1480,774,706,1477,748,729,1666,860,806,2012,973,1039,2213,1138,1075,2378,1177,1201,2314,1108,1206,2266,1123,1143,1932,917,1015,1436,692,744,895,369,526,829,292,537,48.4,47.3,49.5
050,51,035,Virginia,Carroll County,12,30022,14876,15146,1325,705,620,2726,1396,1330,1346,655,691,1957,1044,913,25316,12457,12859,24625,12120,12505,9138,4663,4475,6167,3129,3038,8862,4408,4454,7639,3539,4100,1325,705,620,1443,718,725,1615,843,772,1553,771,782,1418,763,655,1545,746,799,1527,808,719,1483,747,736,1612,828,784,2007,985,1022,2145,1104,1041,2385,1182,1203,2325,1137,1188,2387,1173,1214,1966,945,1021,1507,714,793,909,391,518,870,316,554,48.8,47.7,49.8
050,51,035,Virginia,Carroll County,13,30092,14929,15163,1308,689,619,2726,1401,1325,1293,632,661,1982,1047,935,25419,12522,12897,24765,12207,12558,9086,4621,4465,6132,3104,3028,8848,4417,4431,7803,3639,4164,1308,689,619,1435,723,712,1612,840,772,1518,752,766,1436,765,671,1492,740,752,1573,814,759,1495,760,735,1572,790,782,1963,983,980,2155,1101,1054,2393,1183,1210,2337,1150,1187,2418,1183,1235,2042,989,1053,1518,723,795,943,424,519,882,320,562,49.1,48.1,50.2
050,51,035,Virginia,Carroll County,14,30074,14935,15139,1304,686,618,2724,1402,1322,1273,623,650,1989,1049,940,25412,12531,12881,24773,12224,12549,9065,4610,4455,6118,3097,3021,8832,4417,4415,7834,3661,4173,1304,686,618,1433,726,707,1606,835,771,1505,746,759,1442,767,675,1473,737,736,1585,815,770,1502,767,735,1558,778,780,1946,981,965,2166,1103,1063,2386,1180,1206,2334,1153,1181,2428,1187,1241,2061,1000,1061,1514,723,791,952,433,519,879,318,561,49.2,48.1,50.2
050,51,036,Virginia,Charles City County,1,7256,3567,3689,306,148,158,672,370,302,323,167,156,493,259,234,6136,2985,3151,5955,2882,3073,2367,1182,1185,1617,786,831,2631,1292,1339,1214,545,669,306,148,158,352,190,162,386,210,176,414,220,194,336,176,160,382,167,215,334,181,153,357,162,195,544,276,268,707,342,365,675,337,338,668,313,355,581,300,281,442,230,212,292,129,163,231,92,139,163,66,97,86,28,58,46.6,45.9,47.2
050,51,036,Virginia,Charles City County,2,7252,3565,3687,306,148,158,672,370,302,323,167,156,493,259,234,6132,2983,3149,5951,2880,3071,2367,1182,1185,1617,786,831,2629,1291,1338,1212,544,668,306,148,158,352,190,162,386,210,176,414,220,194,336,176,160,382,167,215,334,181,153,357,162,195,544,276,268,707,342,365,675,337,338,666,312,354,581,300,281,442,230,212,292,129,163,231,92,139,163,66,97,84,27,57,46.5,45.9,47.2
050,51,036,Virginia,Charles City County,3,7255,3566,3689,319,152,167,666,369,297,322,166,156,492,260,232,6128,2980,3148,5948,2879,3069,2363,1182,1181,1618,788,830,2627,1290,1337,1211,541,670,319,152,167,348,192,156,387,209,178,410,218,192,335,176,159,383,169,214,338,184,154,359,163,196,538,272,266,695,333,362,678,339,339,659,311,348,595,307,288,444,229,215,292,131,161,232,90,142,156,62,94,87,29,58,46.6,45.8,47.2
050,51,036,Virginia,Charles City County,4,7200,3578,3622,266,129,137,672,366,306,304,161,143,516,278,238,6110,2999,3111,5958,2922,3036,2286,1162,1124,1545,773,772,2650,1312,1338,1247,559,688,266,129,137,358,190,168,393,226,167,398,204,194,343,185,158,379,184,195,325,177,148,337,159,178,504,253,251,663,327,336,711,357,354,644,312,332,632,316,316,453,228,225,297,136,161,245,102,143,155,58,97,97,35,62,47.3,46.4,48.2
050,51,036,Virginia,Charles City County,5,7123,3549,3574,277,137,140,634,344,290,294,165,129,505,264,241,6058,2970,3088,5918,2903,3015,2238,1147,1091,1521,768,753,2560,1263,1297,1332,608,724,277,137,140,329,179,150,387,215,172,348,190,158,369,189,180,351,181,170,354,179,175,331,169,162,485,239,246,610,296,314,702,351,351,635,313,322,613,303,310,520,266,254,307,135,172,238,106,132,164,64,100,103,37,66,47.9,46.9,48.7
050,51,036,Virginia,Charles City County,6,7068,3505,3563,284,152,132,602,318,284,297,170,127,501,256,245,6028,2942,3086,5885,2865,3020,2186,1095,1091,1463,713,750,2530,1252,1278,1391,644,747,284,152,132,315,168,147,362,194,168,337,188,149,386,194,192,356,168,188,363,181,182,306,149,157,438,215,223,585,288,297,679,340,339,645,321,324,621,303,318,521,273,248,341,160,181,244,106,138,169,63,106,116,42,74,48.6,47.7,49.3
050,51,036,Virginia,Charles City County,7,6975,3452,3523,278,141,137,566,301,265,291,167,124,485,237,248,5993,2934,3059,5840,2843,2997,2116,1066,1050,1401,693,708,2501,1234,1267,1453,679,774,278,141,137,300,145,155,327,187,140,342,182,160,373,191,182,347,173,174,348,165,183,319,166,153,387,189,198,542,272,270,692,344,348,654,319,335,613,299,314,543,284,259,361,179,182,250,110,140,172,61,111,127,45,82,49.4,48.5,50.1
050,51,036,Virginia,Charles City County,8,7043,3463,3580,315,161,154,543,268,275,287,163,124,498,254,244,6061,2965,3096,5898,2871,3027,2087,1051,1036,1368,674,694,2508,1239,1269,1524,704,820,315,161,154,288,125,163,321,183,138,340,187,153,379,190,189,360,179,181,355,163,192,293,150,143,360,182,178,520,261,259,679,332,347,665,330,335,644,316,328,558,286,272,392,197,195,255,107,148,188,71,117,131,43,88,49.9,49.1,50.6
050,51,036,Virginia,Charles City County,9,7026,3422,3604,307,148,159,527,256,271,276,147,129,496,254,242,6055,2946,3109,5916,2871,3045,2074,1040,1034,1370,672,698,2440,1209,1231,1610,736,874,307,148,159,267,115,152,328,174,154,339,191,148,365,177,188,357,181,176,334,164,170,321,155,166,358,172,186,487,241,246,653,321,332,677,335,342,623,312,311,596,300,296,409,201,208,259,114,145,203,79,124,143,42,101,50.5,49.8,51.0
050,51,036,Virginia,Charles City County,10,7024,3408,3616,304,143,161,524,252,272,276,153,123,462,235,227,6054,2933,3121,5920,2860,3060,2023,1011,1012,1363,668,695,2432,1200,1232,1663,757,906,304,143,161,277,122,155,325,175,150,324,176,148,336,167,169,389,203,186,315,153,162,328,157,171,331,155,176,479,238,241,632,311,321,697,345,352,624,306,318,573,277,296,464,235,229,268,118,150,194,77,117,164,50,114,51.0,50.3,51.6
050,51,036,Virginia,Charles City County,11,6983,3406,3577,285,147,138,536,253,283,258,152,106,436,227,209,6035,2927,3108,5904,2854,3050,2043,1032,1011,1401,689,712,2337,1144,1193,1730,794,936,285,147,138,282,138,144,306,151,155,327,183,144,315,160,155,419,219,200,326,164,162,343,162,181,313,144,169,441,216,225,583,281,302,706,347,359,607,300,307,586,283,303,469,238,231,308,144,164,187,71,116,180,58,122,51.3,50.3,52.3
050,51,036,Virginia,Charles City County,12,6969,3402,3567,272,141,131,510,252,258,254,137,117,461,238,223,6071,2942,3129,5933,2872,3061,2045,1040,1005,1392,695,697,2294,1117,1177,1786,822,964,272,141,131,287,154,133,285,128,157,310,172,138,343,173,170,406,205,201,347,179,168,335,161,174,304,150,154,401,193,208,549,264,285,714,356,358,630,304,326,574,272,302,503,260,243,321,148,173,196,81,115,192,61,131,51.8,50.8,52.9
050,51,036,Virginia,Charles City County,13,6876,3338,3538,259,136,123,492,235,257,251,134,117,436,232,204,6002,2905,3097,5874,2833,3041,2005,1017,988,1380,680,700,2248,1097,1151,1810,824,986,259,136,123,274,136,138,280,128,152,304,168,136,321,169,152,399,199,200,333,170,163,337,160,177,311,151,160,389,195,194,519,254,265,700,336,364,640,312,328,584,268,316,504,263,241,333,152,181,200,79,121,189,62,127,52.3,51.2,53.4
050,51,036,Virginia,Charles City County,14,6821,3308,3513,248,133,115,487,232,255,250,133,117,429,229,200,5960,2883,3077,5836,2810,3026,1990,1009,981,1375,677,698,2222,1084,1138,1810,820,990,248,133,115,270,132,138,281,130,151,299,164,135,316,168,148,393,198,195,330,167,163,337,160,177,315,152,163,385,195,190,508,251,257,692,326,366,637,312,325,585,266,319,505,263,242,335,151,184,198,77,121,187,63,124,52.3,51.2,53.5
050,51,037,Virginia,Charlotte County,1,12586,6180,6406,697,380,317,1466,752,714,738,393,345,986,518,468,10051,4850,5201,9685,4655,5030,4150,2066,2084,2601,1257,1344,3747,1867,1880,2351,1013,1338,697,380,317,768,402,366,873,452,421,893,451,442,656,358,298,580,294,286,586,279,307,669,311,358,766,373,393,979,497,482,1037,507,530,889,440,449,842,423,419,713,346,367,569,270,299,461,187,274,296,110,186,312,100,212,43.7,42.1,45.1
050,51,037,Virginia,Charlotte County,2,12597,6189,6408,697,381,316,1466,753,713,738,392,346,988,520,468,10063,4858,5205,9696,4663,5033,4153,2068,2085,2602,1258,1344,3751,1870,1881,2355,1015,1340,697,381,316,769,403,366,872,452,420,893,450,443,658,360,298,580,294,286,586,279,307,670,312,358,766,373,393,982,499,483,1039,509,530,891,441,450,839,421,418,711,345,366,570,270,300,463,188,275,299,112,187,312,100,212,43.7,42.1,45.2
050,51,037,Virginia,Charlotte County,3,12568,6177,6391,686,375,311,1450,748,702,739,393,346,988,517,471,10059,4855,5204,9693,4661,5032,4146,2071,2075,2597,1260,1337,3756,1872,1884,2352,1012,1340,686,375,311,762,398,364,866,449,417,888,454,434,661,357,304,585,298,287,587,282,305,660,305,355,765,375,390,972,494,478,1042,509,533,896,443,453,846,426,420,709,346,363,564,266,298,463,189,274,299,109,190,317,102,215,43.9,42.2,45.3
050,51,037,Virginia,Charlotte County,4,12497,6126,6371,667,369,298,1396,706,690,728,386,342,1009,534,475,10068,4851,5217,9706,4665,5041,4124,2083,2041,2569,1256,1313,3752,1848,1904,2376,1027,1349,667,369,298,743,367,376,835,432,403,866,455,411,689,372,317,583,296,287,596,293,303,627,285,342,763,382,381,914,453,461,1041,509,532,898,438,460,899,448,451,706,356,350,566,258,308,489,213,276,301,99,202,314,101,213,44.3,42.5,45.8
050,51,037,Virginia,Charlotte County,5,12400,6104,6296,687,368,319,1333,697,636,713,378,335,1010,531,479,10025,4853,5172,9667,4661,5006,4073,2068,2005,2523,1245,1278,3701,1814,1887,2433,1071,1362,687,368,319,687,360,327,819,423,396,833,455,378,717,368,349,605,313,292,567,288,279,610,276,334,741,368,373,890,433,457,1015,505,510,938,452,486,858,424,434,754,379,375,587,266,321,467,211,256,317,116,201,308,99,209,44.5,42.7,46.2
050,51,037,Virginia,Charlotte County,6,12281,6030,6251,708,371,337,1276,670,606,726,385,341,989,524,465,9946,4812,5134,9571,4604,4967,4037,2053,1984,2491,1233,1258,3615,1758,1857,2476,1089,1387,708,371,337,671,351,320,774,408,366,836,448,388,710,372,338,601,311,290,561,271,290,606,290,316,723,361,362,830,390,440,982,504,478,965,459,506,838,405,433,764,375,389,625,291,334,445,202,243,346,130,216,296,91,205,44.7,42.8,46.5
050,51,037,Virginia,Charlotte County,7,12177,5977,6200,692,352,340,1226,636,590,702,366,336,979,532,447,9916,4808,5108,9557,4623,4934,4000,2052,1948,2484,1241,1243,3576,1744,1832,2518,1106,1412,692,352,340,651,353,298,740,370,370,817,437,380,699,374,325,618,330,288,559,279,280,606,293,313,701,339,362,787,354,433,982,511,471,975,475,500,832,404,428,780,371,409,647,316,331,454,202,252,345,129,216,292,88,204,45.0,43.2,46.9
050,51,037,Virginia,Charlotte County,8,12182,6033,6149,707,364,343,1229,648,581,672,355,317,1001,530,471,9924,4847,5077,9574,4666,4908,3961,2030,1931,2440,1227,1213,3541,1749,1792,2592,1160,1432,707,364,343,657,360,297,724,370,354,803,425,378,718,378,340,618,351,267,565,282,283,591,283,308,666,311,355,741,356,385,974,501,473,988,487,501,838,405,433,825,406,419,645,312,333,469,217,252,344,132,212,309,93,216,45.3,43.5,47.1
050,51,037,Virginia,Charlotte County,9,12113,6009,6104,723,387,336,1241,660,581,655,340,315,948,512,436,9836,4801,5035,9494,4622,4872,3875,1995,1880,2435,1221,1214,3497,1716,1781,2614,1173,1441,723,387,336,675,369,306,729,369,360,767,408,359,673,366,307,646,347,299,565,273,292,606,304,302,618,297,321,748,356,392,912,454,458,998,494,504,839,412,427,848,409,439,629,312,317,459,210,249,368,152,216,310,90,220,45.4,43.2,47.1
050,51,037,Virginia,Charlotte County,10,12078,6003,6075,692,373,319,1292,675,617,597,318,279,916,484,432,9811,4805,5006,9497,4637,4860,3835,1954,1881,2447,1222,1225,3486,1729,1757,2648,1202,1446,692,373,319,709,387,322,708,358,350,724,380,344,664,352,312,654,350,304,582,282,300,590,296,294,621,294,327,728,358,370,895,438,457,977,506,471,886,427,459,812,399,413,684,337,347,491,217,274,344,149,195,317,100,217,45.8,43.9,47.3
050,51,037,Virginia,Charlotte County,11,11906,5896,6010,676,372,304,1248,665,583,592,294,298,893,472,421,9695,4719,4976,9390,4565,4825,3721,1887,1834,2398,1192,1206,3471,1716,1755,2628,1185,1443,676,372,304,690,376,314,720,360,360,691,359,332,632,336,296,639,336,303,581,284,297,571,279,292,607,293,314,720,349,371,842,409,433,979,508,471,930,450,480,794,381,413,671,322,349,521,240,281,327,145,182,315,97,218,46.1,44.0,47.7
050,51,037,Virginia,Charlotte County,12,11849,5874,5975,684,381,303,1216,635,581,608,306,302,882,468,414,9619,4694,4925,9341,4552,4789,3728,1899,1829,2394,1209,1185,3419,1677,1742,2646,1198,1448,684,381,303,665,351,314,707,368,339,697,354,343,637,336,301,638,334,304,582,298,284,565,275,290,609,302,307,695,326,369,788,370,418,961,507,454,975,474,501,772,372,400,692,330,362,528,255,273,336,147,189,318,94,224,46.2,44.1,48.0
050,51,037,Virginia,Charlotte County,13,11855,5881,5974,665,362,303,1248,655,593,591,308,283,856,451,405,9638,4702,4936,9351,4556,4795,3727,1908,1819,2421,1225,1196,3394,1666,1728,2680,1214,1466,665,362,303,692,365,327,697,366,331,683,353,330,623,330,293,659,344,315,585,301,284,570,280,290,607,300,307,682,317,365,766,374,392,956,493,463,990,482,508,778,370,408,717,350,367,523,254,269,334,145,189,328,95,233,46.2,44.0,48.0
050,51,037,Virginia,Charlotte County,14,11820,5865,5955,660,355,305,1249,660,589,587,309,278,850,447,403,9615,4687,4928,9324,4541,4783,3728,1912,1816,2427,1230,1197,3377,1656,1721,2670,1208,1462,660,355,305,698,371,327,687,363,324,678,352,326,623,330,293,663,347,316,587,303,284,572,281,291,605,299,306,672,311,361,759,375,384,951,485,466,995,485,510,773,365,408,720,354,366,516,250,266,333,145,188,328,94,234,46.1,43.8,48.0
050,51,041,Virginia,Chesterfield County,1,316236,152399,163837,19897,9997,9900,42004,21547,20457,20614,10701,9913,26763,13366,13397,244268,115680,128588,233721,110154,123567,126312,61426,64886,83917,39898,44019,90163,42534,47629,32878,14356,18522,19897,9997,9900,22791,11806,10985,24195,12280,11915,24886,12777,12109,17509,8751,8758,18085,8816,9269,19796,9308,10488,22238,10480,11758,23798,11294,12504,25688,12180,13508,24542,11433,13109,21698,10206,11492,18235,8715,9520,11949,5699,6250,7606,3462,4144,5633,2458,3175,4194,1628,2566,3496,1109,2387,37.6,36.3,38.8
050,51,041,Virginia,Chesterfield County,2,316236,152402,163834,19898,9997,9901,42002,21547,20455,20615,10701,9914,26764,13367,13397,244269,115683,128586,233721,110157,123564,126310,61426,64884,83912,39897,44015,90168,42537,47631,32877,14356,18521,19898,9997,9901,22791,11806,10985,24192,12280,11912,24888,12777,12111,17510,8752,8758,18084,8816,9268,19797,9309,10488,22235,10479,11756,23796,11293,12503,25691,12183,13508,24542,11432,13110,21700,10207,11493,18235,8715,9520,11947,5698,6249,7607,3462,4145,5632,2458,3174,4195,1629,2566,3496,1109,2387,37.6,36.3,38.8
050,51,041,Virginia,Chesterfield County,3,317210,152789,164421,19961,10002,9959,41976,21520,20456,20597,10651,9946,27033,13497,13536,245256,116142,129114,234676,110616,124060,126551,61534,65017,83853,39888,43965,90540,42690,47850,33250,14541,18709,19961,10002,9959,22706,11719,10987,24202,12303,11899,25081,12858,12223,17617,8788,8829,18131,8859,9272,19871,9341,10530,22031,10387,11644,23820,11301,12519,25666,12201,13465,24572,11447,13125,21817,10247,11570,18485,8795,9690,12092,5774,6318,7700,3504,4196,5653,2471,3182,4235,1660,2575,3570,1132,2438,37.7,36.3,38.8
050,51,041,Virginia,Chesterfield County,4,320344,153996,166348,19724,9857,9867,41718,21440,20278,20435,10457,9978,28089,13906,14183,248991,117690,131301,238467,112242,126225,127067,61566,65501,83437,39636,43801,92049,43404,48645,34892,15296,19596,19724,9857,9867,22387,11487,10900,24225,12386,11839,25419,12959,12460,18211,8971,9240,18071,8832,9239,19995,9370,10625,21272,10069,11203,24099,11365,12734,25357,12110,13247,24875,11644,13231,22362,10455,11907,19455,9195,10260,12815,6105,6710,8204,3769,4435,5717,2482,3235,4339,1738,2601,3817,1202,2615,38.0,36.6,39.1
050,51,041,Virginia,Chesterfield County,5,323942,155786,168156,19377,9678,9699,41683,21573,20110,20180,10280,9900,29393,14488,14905,253046,119614,133432,242702,114255,128447,128047,61936,66111,83353,39597,43756,92228,43537,48691,37728,16633,21095,19377,9678,9699,22325,11508,10817,24237,12494,11743,25540,12887,12653,19154,9452,9702,18082,8888,9194,19975,9384,10591,21027,9877,11150,24269,11448,12821,24890,11890,13000,25042,11814,13228,22969,10709,12260,19327,9124,10203,14467,6889,7578,8993,4155,4838,5857,2563,3294,4345,1744,2601,4066,1282,2784,38.2,36.9,39.4
050,51,041,Virginia,Chesterfield County,6,327721,157755,169966,19575,9888,9687,41549,21358,20191,20047,10283,9764,30166,14921,15245,256753,121484,135269,246550,116226,130324,128978,62492,66486,83666,39836,43830,92502,43619,48883,40216,17850,22366,19575,9888,9687,22172,11243,10929,24278,12663,11615,25143,12620,12523,20169,10036,10133,18153,8941,9212,20064,9466,10598,21292,9965,11327,24157,11464,12693,24377,11614,12763,25046,11843,13203,23566,10952,12614,19513,9210,10303,15531,7388,8143,9910,4605,5305,6200,2723,3477,4361,1795,2566,4214,1339,2875,38.4,37.0,39.5
050,51,041,Virginia,Chesterfield County,7,332221,160034,172187,19829,10150,9679,41369,21183,20186,20156,10352,9804,30555,15169,15386,261084,123554,137530,250867,118349,132518,130173,63179,66994,84463,40224,44239,93205,43982,49223,42644,18974,23670,19829,10150,9679,22041,11132,10909,24329,12617,11712,24835,12561,12274,20875,10394,10481,18448,8978,9470,20406,9745,10661,21717,10141,11576,23892,11360,12532,24059,11467,12592,25173,11962,13211,23820,11080,12740,20153,9473,10680,16493,7782,8711,10720,5029,5691,6634,2911,3723,4430,1813,2617,4367,1439,2928,38.5,37.2,39.7
050,51,041,Virginia,Chesterfield County,8,335093,161511,173582,19993,10426,9567,41117,20890,20227,20232,10510,9722,30486,15152,15334,263876,124911,138965,253751,119685,134066,130391,63372,67019,84703,40343,44360,93639,44168,49471,44923,20022,24901,19993,10426,9567,22061,11084,10977,24086,12439,11647,24624,12535,12089,21064,10494,10570,18681,9035,9646,20623,9860,10763,22168,10401,11767,23231,11047,12184,24122,11494,12628,25130,11992,13138,23739,11072,12667,20648,9610,11038,17558,8247,9311,11400,5326,6074,6968,3083,3885,4466,1830,2636,4531,1536,2995,38.7,37.3,39.9
050,51,041,Virginia,Chesterfield County,9,338677,163268,175409,20226,10586,9640,41083,20898,20185,20156,10501,9655,30298,14952,15346,267397,126606,140791,257212,121283,135929,130860,63736,67124,85322,40794,44528,94287,44518,49769,47305,21019,26286,20226,10586,9640,22137,11168,10969,23862,12241,11621,24494,12490,12004,21044,10452,10592,19162,9308,9854,20886,10008,10878,22770,10798,11972,22504,10680,11824,24364,11570,12794,24791,11872,12919,24062,11316,12746,21070,9760,11310,18484,8545,9939,12077,5634,6443,7436,3328,4108,4609,1890,2719,4699,1622,3077,38.8,37.5,40.1
050,51,041,Virginia,Chesterfield County,10,343500,165526,177974,20686,10701,9985,41446,21200,20246,20142,10425,9717,30412,14960,15452,271489,128561,142928,261226,123200,138026,132143,64273,67870,86507,41426,45081,94697,44767,49930,49610,22047,27563,20686,10701,9985,22386,11466,10920,23978,12272,11706,24568,12463,12105,21068,10384,10684,19748,9664,10084,21186,10186,11000,23185,11047,12138,22388,10529,11859,24562,11675,12887,24320,11689,12631,24105,11327,12778,21710,10076,11634,18173,8385,9788,13693,6336,7357,8161,3668,4493,4768,1972,2796,4815,1686,3129,38.9,37.6,40.2
050,51,041,Virginia,Chesterfield County,11,348704,168051,180653,21098,10906,10192,41765,21376,20389,20210,10483,9727,30519,15004,15515,275876,130628,145248,265631,125286,140345,134268,65350,68918,88516,42432,46084,94550,44690,49860,52046,23160,28886,21098,10906,10192,22616,11627,10989,24126,12318,11808,24809,12661,12148,20943,10257,10686,20557,10051,10506,21411,10326,11085,23649,11268,12381,22899,10787,12112,24537,11720,12817,23795,11428,12367,24115,11356,12759,22103,10186,11917,18426,8514,9912,14615,6739,7876,9000,4060,4940,5108,2139,2969,4897,1708,3189,39.0,37.6,40.2
050,51,041,Virginia,Chesterfield County,12,353376,170049,183327,21401,10989,10412,42114,21596,20518,20116,10371,9745,30490,14995,15495,279888,132325,147563,269745,127093,142652,136146,66228,69918,90443,43388,47055,94530,44614,49916,54282,24096,30186,21401,10989,10412,23016,11945,11071,24001,12177,11824,24793,12629,12164,20910,10211,10699,20952,10219,10733,22122,10670,11452,23935,11459,12476,23434,11040,12394,24210,11590,12620,23586,11255,12331,24308,11504,12804,22426,10265,12161,18981,8709,10272,15411,7051,8360,9581,4366,5215,5370,2238,3132,4939,1732,3207,39.1,37.8,40.3
050,51,041,Virginia,Chesterfield County,13,357241,171824,185417,21571,11026,10545,42591,21893,20698,20157,10336,9821,30651,15066,15585,283148,133844,149304,272922,128569,144353,137549,66934,70615,91682,44020,47662,94339,44581,49758,56250,24902,31348,21571,11026,10545,23292,12129,11163,24240,12252,11988,24814,12635,12179,21053,10279,10774,21040,10294,10746,22577,10825,11752,24245,11638,12607,23820,11263,12557,23862,11407,12455,23718,11356,12362,24293,11495,12798,22466,10323,12143,19375,8813,10562,16177,7380,8797,10091,4573,5518,5558,2345,3213,5049,1791,3258,39.1,37.8,40.4
050,51,041,Virginia,Chesterfield County,14,358245,172281,185964,21620,11035,10585,42689,21965,20724,20193,10335,9858,30661,15065,15596,283997,134236,149761,273743,128946,144797,137977,67155,70822,92087,44235,47852,94246,44548,49698,56749,25098,31651,21620,11035,10585,23340,12168,11172,24313,12277,12036,24808,12632,12176,21082,10288,10794,21035,10304,10731,22730,10875,11855,24374,11718,12656,23948,11338,12610,23743,11343,12400,23795,11402,12393,24279,11490,12789,22429,10313,12116,19503,8845,10658,16368,7460,8908,10223,4624,5599,5610,2375,3235,5045,1794,3251,39.2,37.8,40.4
050,51,043,Virginia,Clarke County,1,14034,6989,7045,736,375,361,1629,820,809,856,419,437,821,468,353,11240,5594,5646,10813,5375,5438,4486,2278,2208,2987,1469,1518,4718,2401,2317,2287,1037,1250,736,375,361,843,413,430,964,485,479,971,525,446,528,284,244,593,311,282,592,304,288,743,343,400,1059,511,548,1304,661,643,1316,679,637,1097,556,541,1001,505,496,714,344,370,532,280,252,428,192,236,312,130,182,301,91,210,44.9,44.5,45.4
050,51,043,Virginia,Clarke County,2,14028,6987,7041,736,375,361,1628,820,808,855,420,435,820,467,353,11235,5591,5644,10809,5372,5437,4480,2276,2204,2982,1467,1515,4720,2401,2319,2287,1037,1250,736,375,361,841,413,428,964,485,479,971,526,445,527,283,244,592,311,281,591,303,288,740,342,398,1059,511,548,1303,660,643,1318,680,638,1099,557,542,1000,504,496,714,344,370,532,280,252,428,192,236,312,130,182,301,91,210,45.0,44.5,45.4
050,51,043,Virginia,Clarke County,3,14018,6982,7036,737,372,365,1611,814,797,847,416,431,849,479,370,11250,5599,5651,10823,5380,5443,4484,2273,2211,2970,1460,1510,4725,2406,2319,2279,1035,1244,737,372,365,834,413,421,959,483,476,972,521,451,542,292,250,597,310,287,605,312,293,724,338,386,1044,500,544,1297,655,642,1310,680,630,1108,557,551,1010,514,496,716,344,372,528,276,252,429,195,234,312,131,181,294,89,205,45.0,44.5,45.4
050,51,043,Virginia,Clarke County,4,14197,7091,7106,731,372,359,1588,829,759,846,403,443,937,515,422,11479,5708,5771,11032,5487,5545,4525,2281,2244,2945,1457,1488,4815,2456,2359,2335,1059,1276,731,372,359,842,440,402,949,483,466,995,504,491,585,320,265,606,318,288,652,337,315,668,311,357,1019,491,528,1283,642,641,1338,695,643,1129,561,568,1065,558,507,747,357,390,526,274,252,438,204,234,324,125,199,300,99,201,45.2,44.7,45.7
050,51,043,Virginia,Clarke County,5,14255,7083,7172,685,348,337,1597,818,779,827,395,432,1030,565,465,11564,5711,5853,11146,5522,5624,4521,2281,2240,2852,1417,1435,4824,2422,2402,2440,1118,1322,685,348,337,841,427,414,944,487,457,992,492,500,677,372,305,609,317,292,668,348,320,640,302,338,935,450,485,1268,630,638,1356,679,677,1146,563,583,1054,550,504,836,415,421,545,268,277,423,195,228,337,138,199,299,102,197,45.5,45.0,46.0
050,51,043,Virginia,Clarke County,6,14264,7077,7187,671,345,326,1550,778,772,807,406,401,1066,564,502,11635,5741,5894,11236,5548,5688,4447,2232,2215,2791,1377,1414,4845,2440,2405,2534,1167,1367,671,345,326,845,423,422,922,470,452,929,464,465,727,391,336,607,311,296,675,341,334,659,326,333,850,399,451,1234,632,602,1360,679,681,1190,584,606,1061,545,516,872,428,444,584,284,300,437,208,229,330,146,184,311,101,210,46.1,45.6,46.5
050,51,043,Virginia,Clarke County,7,14329,7130,7199,679,337,342,1508,770,738,825,425,400,1138,606,532,11713,5800,5913,11317,5598,5719,4525,2325,2200,2763,1394,1369,4806,2391,2415,2610,1207,1403,679,337,342,811,414,397,898,456,442,954,485,469,808,446,362,606,316,290,668,350,318,683,341,342,806,387,419,1166,575,591,1325,654,671,1257,625,632,1058,537,521,909,454,455,618,293,325,440,211,229,319,143,176,324,106,218,46.3,45.4,47.1
050,51,043,Virginia,Clarke County,8,14252,7086,7166,656,338,318,1522,784,738,811,407,404,1089,561,528,11668,5774,5894,11263,5557,5706,4457,2267,2190,2746,1380,1366,4704,2340,2364,2724,1276,1448,656,338,318,807,416,391,904,449,455,933,486,447,778,401,377,642,334,308,661,344,317,656,323,333,787,379,408,1090,536,554,1267,629,638,1295,654,641,1052,521,531,971,492,479,653,311,342,438,218,220,345,153,192,317,102,215,46.6,45.9,47.3
050,51,043,Virginia,Clarke County,9,14309,7098,7211,635,322,313,1520,787,733,814,403,411,1043,537,506,11770,5809,5961,11340,5586,5754,4446,2235,2211,2772,1387,1385,4684,2324,2360,2841,1338,1503,635,322,313,789,418,371,914,461,453,930,464,466,744,384,360,626,317,309,684,354,330,696,346,350,766,370,396,1069,510,559,1240,636,604,1319,661,658,1056,517,539,1025,534,491,683,321,362,462,225,237,348,153,195,323,105,218,47.0,46.3,47.5
050,51,043,Virginia,Clarke County,10,14468,7190,7278,655,329,326,1505,768,737,763,381,382,1061,561,500,11947,5903,6044,11545,5712,5833,4479,2278,2201,2813,1419,1394,4708,2324,2384,2963,1408,1555,655,329,326,761,392,369,902,459,443,913,461,452,753,398,355,619,321,298,701,351,350,715,369,346,778,378,400,1026,493,533,1259,646,613,1330,657,673,1093,528,565,1020,538,482,768,381,387,501,227,274,352,151,201,322,111,211,47.3,46.5,48.0
050,51,043,Virginia,Clarke County,11,14517,7227,7290,633,326,307,1442,722,720,771,379,392,1057,569,488,12071,5985,6086,11671,5800,5871,4488,2280,2208,2863,1437,1426,4678,2337,2341,3073,1457,1616,633,326,307,708,356,352,937,471,466,883,443,440,742,400,342,643,333,310,680,349,331,771,377,394,769,378,391,959,466,493,1263,650,613,1313,664,649,1143,557,586,1009,530,479,814,390,424,548,253,295,368,168,200,334,116,218,47.7,47.1,48.4
050,51,043,Virginia,Clarke County,12,14576,7223,7353,616,320,296,1439,710,729,783,407,376,1068,539,529,12109,5982,6127,11738,5786,5952,4584,2320,2264,2926,1470,1456,4604,2291,2313,3140,1486,1654,616,320,296,715,346,369,917,460,457,907,466,441,751,384,367,674,352,322,671,340,331,792,391,401,789,387,402,897,436,461,1221,595,626,1282,655,627,1204,605,599,1009,510,499,851,413,438,544,255,289,379,181,198,357,127,230,47.8,47.2,48.4
050,51,043,Virginia,Clarke County,13,14613,7225,7388,609,312,297,1418,709,709,788,397,391,1057,531,526,12171,5998,6173,11798,5807,5991,4591,2308,2283,2952,1481,1471,4566,2274,2292,3223,1521,1702,609,312,297,717,357,360,907,453,454,890,450,440,749,377,372,713,363,350,682,347,335,757,381,376,800,390,410,871,426,445,1181,570,611,1272,655,617,1242,623,619,1006,495,511,898,441,457,581,281,300,371,175,196,367,129,238,48.0,47.5,48.5
050,51,043,Virginia,Clarke County,14,14622,7227,7395,608,310,298,1402,703,699,793,396,397,1048,527,521,12192,6009,6183,11819,5818,6001,4605,2314,2291,2977,1494,1483,4552,2268,2284,3242,1529,1713,608,310,298,714,358,356,901,448,453,885,446,439,743,374,369,728,370,358,695,353,342,748,378,370,806,393,413,867,424,443,1169,565,604,1263,651,612,1253,628,625,1006,491,515,910,448,462,589,289,300,371,173,198,366,128,238,48.0,47.5,48.5
050,51,045,Virginia,Craig County,1,5190,2565,2625,259,133,126,566,274,292,286,143,143,341,177,164,4220,2093,2127,4079,2015,2064,1708,877,831,1157,592,565,1695,839,856,886,407,479,259,133,126,317,151,166,325,158,167,325,167,158,226,118,108,228,111,117,257,131,126,300,153,147,372,197,175,434,216,218,454,226,228,412,201,211,395,196,199,323,174,149,212,95,117,170,77,93,86,32,54,95,29,66,44.8,44.3,45.5
050,51,045,Virginia,Craig County,2,5175,2558,2617,259,133,126,562,272,290,286,143,143,340,177,163,4209,2088,2121,4068,2010,2058,1702,874,828,1152,589,563,1692,838,854,884,406,478,259,133,126,314,150,164,324,157,167,324,167,157,226,118,108,228,111,117,255,130,125,299,153,146,370,195,175,432,216,216,453,225,228,413,201,212,394,196,198,322,174,148,211,94,117,170,77,93,86,32,54,95,29,66,44.9,44.3,45.6
050,51,045,Virginia,Craig County,3,5198,2568,2630,258,132,126,560,269,291,285,141,144,346,182,164,4236,2101,2135,4095,2026,2069,1706,872,834,1148,584,564,1703,846,857,898,414,484,258,132,126,310,147,163,323,157,166,323,166,157,235,122,113,229,111,118,255,131,124,300,152,148,364,190,174,433,216,217,460,231,229,415,202,213,395,197,198,325,175,150,213,96,117,172,79,93,92,35,57,96,29,67,45.0,44.5,45.7
050,51,045,Virginia,Craig County,4,5170,2561,2609,239,128,111,558,273,285,282,137,145,352,193,159,4234,2091,2143,4091,2023,2068,1686,845,841,1116,549,567,1694,851,843,929,430,499,239,128,111,292,149,143,330,158,172,322,164,158,248,132,116,225,105,120,250,124,126,298,145,153,343,175,168,413,206,207,472,244,228,404,197,207,405,204,201,332,175,157,219,102,117,182,85,97,97,38,59,99,30,69,45.5,45.0,46.1
050,51,045,Virginia,Craig County,5,5139,2550,2589,227,119,108,549,270,279,274,136,138,366,199,167,4240,2097,2143,4089,2025,2064,1661,845,816,1083,540,543,1665,840,825,975,446,529,227,119,108,277,136,141,334,164,170,310,161,149,268,144,124,211,105,106,242,113,129,280,143,137,350,179,171,416,204,212,458,234,224,402,197,205,389,205,184,361,185,176,225,106,119,186,81,105,104,43,61,99,31,68,46.0,45.3,46.7
050,51,045,Virginia,Craig County,6,5138,2536,2602,213,113,100,529,261,268,266,129,137,391,202,189,4274,2103,2171,4130,2033,2097,1669,838,831,1078,539,539,1662,835,827,999,457,542,213,113,100,281,147,134,314,146,168,301,143,158,290,156,134,217,109,108,236,116,120,276,133,143,349,181,168,403,206,197,438,218,220,434,207,227,387,204,183,368,183,185,247,118,129,180,85,95,111,42,69,93,29,64,46.3,45.6,46.9
050,51,045,Virginia,Craig County,7,5177,2562,2615,219,110,109,525,272,253,258,130,128,391,200,191,4297,2113,2184,4175,2050,2125,1659,832,827,1084,541,543,1652,828,824,1048,481,567,219,110,109,282,152,130,317,159,158,302,147,155,273,144,129,237,123,114,234,114,120,267,129,138,346,175,171,370,198,172,448,218,230,429,212,217,405,200,205,374,182,192,268,134,134,184,83,101,126,50,76,96,32,64,46.6,45.8,47.5
050,51,045,Virginia,Craig County,8,5140,2563,2577,191,103,88,507,267,240,261,135,126,370,188,182,4304,2118,2186,4181,2058,2123,1645,834,811,1078,544,534,1662,827,835,1071,499,572,191,103,88,277,150,127,294,150,144,301,155,146,266,135,131,267,132,135,221,113,108,256,129,127,334,170,164,356,184,172,440,215,225,445,225,220,421,203,218,373,191,182,277,143,134,181,76,105,138,60,78,102,29,73,47.4,46.4,48.4
050,51,045,Virginia,Craig County,9,5138,2554,2584,231,112,119,478,255,223,271,136,135,357,188,169,4298,2125,2173,4158,2051,2107,1636,834,802,1074,539,535,1625,813,812,1102,511,591,231,112,119,249,127,122,295,157,138,294,153,141,268,142,126,266,138,128,235,120,115,249,121,128,324,160,164,334,169,165,423,208,215,459,231,228,409,205,204,384,197,187,286,145,141,184,76,108,139,63,76,109,30,79,47.4,46.3,48.4
050,51,045,Virginia,Craig County,10,5070,2502,2568,224,104,120,459,241,218,251,126,125,334,168,166,4271,2100,2171,4136,2031,2105,1563,785,778,1030,520,510,1621,814,807,1151,529,622,224,104,120,228,112,116,283,158,125,292,141,151,241,124,117,280,146,134,223,114,109,232,109,123,295,151,144,350,177,173,412,208,204,455,227,228,404,202,202,387,196,191,315,161,154,183,80,103,144,58,86,122,34,88,48.3,47.4,49.2
050,51,045,Virginia,Craig County,11,5105,2539,2566,219,105,114,444,229,215,250,126,124,353,178,175,4323,2139,2184,4192,2079,2113,1562,790,772,1024,524,500,1621,820,801,1194,557,637,219,105,114,226,116,110,283,151,132,290,145,145,248,121,127,275,143,132,237,131,106,239,112,127,273,138,135,355,173,182,418,221,197,425,217,208,423,209,214,380,195,185,331,163,168,210,99,111,133,57,76,140,43,97,48.5,47.7,49.1
050,51,045,Virginia,Craig County,12,5127,2559,2568,215,100,115,434,230,204,255,133,122,366,182,184,4340,2153,2187,4223,2096,2127,1575,798,777,1019,520,499,1613,822,791,1225,572,653,215,100,115,216,107,109,283,160,123,294,150,144,262,128,134,271,149,122,247,132,115,230,109,121,271,130,141,355,176,179,374,202,172,463,233,230,421,211,210,391,196,195,325,157,168,222,113,109,141,57,84,146,49,97,48.9,48.0,49.5
050,51,045,Virginia,Craig County,13,5094,2539,2555,208,101,107,432,222,210,242,133,109,364,175,189,4334,2149,2185,4212,2083,2129,1554,789,765,1007,516,491,1596,816,780,1245,576,669,208,101,107,206,102,104,285,155,130,280,141,139,267,132,135,264,144,120,254,130,124,227,115,112,262,127,135,343,175,168,372,193,179,451,228,223,430,220,210,388,189,199,333,166,167,230,116,114,139,54,85,155,51,104,49.3,48.5,50.1
050,51,045,Virginia,Craig County,14,5077,2528,2549,206,100,106,432,220,212,237,133,104,361,171,190,4325,2143,2182,4202,2075,2127,1546,785,761,1003,515,488,1587,812,775,1251,577,674,206,100,106,204,100,104,283,154,129,275,138,137,268,132,136,259,140,119,257,131,126,225,116,109,262,128,134,340,175,165,369,188,181,446,226,220,432,223,209,391,189,202,335,169,166,230,115,115,139,53,86,156,51,105,49.4,48.6,50.2
050,51,047,Virginia,Culpeper County,1,46689,23684,23005,3274,1636,1638,6154,3142,3012,2657,1352,1305,3628,1969,1659,35943,18231,17712,34604,17554,17050,18057,9456,8601,12408,6456,5952,12870,6497,6373,5698,2632,3066,3274,1636,1638,3467,1773,1694,3323,1690,1633,3180,1695,1485,2469,1305,1164,2779,1454,1325,2962,1532,1430,3128,1595,1533,3539,1875,1664,3859,2013,1846,3489,1760,1729,2933,1435,1498,2589,1289,1300,1993,982,1011,1354,675,679,1030,453,577,716,315,401,605,207,398,38.2,37.5,38.8
050,51,047,Virginia,Culpeper County,2,46687,23682,23005,3274,1636,1638,6154,3142,3012,2657,1352,1305,3628,1969,1659,35941,18229,17712,34602,17552,17050,18056,9455,8601,12407,6455,5952,12868,6495,6373,5699,2633,3066,3274,1636,1638,3467,1773,1694,3323,1690,1633,3180,1695,1485,2469,1305,1164,2779,1454,1325,2962,1532,1430,3127,1594,1533,3539,1875,1664,3858,2012,1846,3489,1760,1729,2933,1435,1498,2588,1288,1300,1993,982,1011,1354,676,678,1031,453,578,716,315,401,605,207,398,38.2,37.5,38.8
050,51,047,Virginia,Culpeper County,3,46834,23741,23093,3316,1655,1661,6158,3140,3018,2647,1346,1301,3645,1970,1675,36051,18283,17768,34713,17600,17113,18032,9426,8606,12379,6429,5950,12945,6545,6400,5744,2656,3088,3316,1655,1661,3455,1762,1693,3342,1697,1645,3172,1690,1482,2481,1307,1174,2789,1457,1332,2970,1532,1438,3096,1576,1520,3524,1864,1660,3861,2012,1849,3517,1780,1737,2960,1456,1504,2607,1297,1310,2012,986,1026,1367,680,687,1030,457,573,728,322,406,607,211,396,38.2,37.6,38.8
050,51,047,Virginia,Culpeper County,4,47347,23924,23423,3280,1635,1645,6190,3126,3064,2618,1334,1284,3736,2030,1706,36587,18510,18077,35259,17829,17430,18091,9406,8685,12387,6376,6011,13173,6679,6494,5963,2744,3219,3280,1635,1645,3439,1725,1714,3401,1735,1666,3156,1668,1488,2548,1362,1186,2817,1451,1366,3104,1589,1515,2980,1521,1459,3486,1815,1671,3826,2005,1821,3575,1805,1770,3055,1516,1539,2717,1353,1364,2097,1000,1097,1431,703,728,1035,477,558,767,341,426,633,223,410,38.3,37.7,39.0
050,51,047,Virginia,Culpeper County,5,47850,24098,23752,3166,1570,1596,6424,3253,3171,2605,1317,1288,3860,2081,1779,36974,18615,18359,35655,17958,17697,18042,9315,8727,12210,6238,5972,13258,6706,6552,6327,2933,3394,3166,1570,1596,3552,1799,1753,3505,1775,1730,3201,1693,1508,2631,1384,1247,2743,1388,1355,3033,1560,1473,2997,1502,1495,3437,1788,1649,3772,1960,1812,3578,1826,1752,3212,1565,1647,2696,1355,1341,2220,1059,1161,1578,767,811,1062,508,554,779,347,432,688,252,436,38.5,37.9,39.0
050,51,047,Virginia,Culpeper County,6,48609,24447,24162,3168,1587,1581,6535,3323,3212,2624,1315,1309,3905,2095,1810,37586,18879,18707,36282,18222,18060,18079,9294,8785,12228,6219,6009,13476,6816,6660,6673,3092,3581,3168,1587,1581,3608,1829,1779,3605,1829,1776,3124,1655,1469,2727,1420,1307,2697,1357,1340,3095,1576,1519,3075,1546,1529,3361,1740,1621,3714,1937,1777,3703,1893,1810,3317,1615,1702,2742,1371,1371,2364,1125,1239,1711,821,890,1091,528,563,795,347,448,712,271,441,38.7,38.1,39.3
050,51,047,Virginia,Culpeper County,7,49243,24681,24562,3236,1617,1619,6559,3338,3221,2719,1361,1358,3876,2077,1799,38011,19006,19005,36729,18365,18364,18185,9274,8911,12333,6223,6110,13567,6858,6709,6953,3207,3746,3236,1617,1619,3636,1802,1834,3666,1923,1743,3126,1632,1494,2726,1419,1307,2787,1363,1424,3100,1582,1518,3077,1532,1545,3369,1746,1623,3576,1894,1682,3794,1907,1887,3388,1654,1734,2809,1403,1406,2464,1171,1293,1827,873,954,1150,559,591,787,334,453,725,270,455,38.8,38.2,39.3
050,51,047,Virginia,Culpeper County,8,49559,24771,24788,3273,1627,1646,6418,3229,3189,2840,1403,1437,3802,2006,1796,38354,19147,19207,37028,18512,18516,18212,9283,8929,12329,6262,6067,13667,6883,6784,7230,3361,3869,3273,1627,1646,3545,1748,1797,3632,1869,1763,3147,1591,1556,2736,1430,1306,2833,1423,1410,3090,1585,1505,3168,1588,1580,3238,1666,1572,3457,1818,1639,3801,1946,1855,3489,1690,1799,2920,1429,1491,2536,1232,1304,1919,905,1014,1221,590,631,793,339,454,761,295,466,38.9,38.5,39.4
050,51,047,Virginia,Culpeper County,9,50337,25101,25236,3338,1675,1663,6467,3203,3264,2945,1472,1473,3852,2009,1843,39050,19470,19580,37587,18751,18836,18504,9411,9093,12425,6298,6127,13836,6975,6861,7474,3469,4005,3338,1675,1663,3552,1731,1821,3633,1840,1793,3293,1679,1614,2786,1434,1352,2912,1467,1445,3117,1602,1515,3249,1630,1619,3147,1599,1548,3462,1814,1648,3783,1950,1833,3560,1740,1820,3031,1471,1560,2641,1289,1352,1972,924,1048,1286,618,668,784,335,449,791,303,488,38.9,38.5,39.4
050,51,047,Virginia,Culpeper County,10,51261,25583,25678,3419,1686,1733,6511,3239,3272,2964,1505,1459,3915,2023,1892,39891,19935,19956,38367,19153,19214,18836,9636,9200,12666,6460,6206,13998,7068,6930,7788,3602,4186,3419,1686,1733,3506,1706,1800,3714,1885,1829,3369,1716,1653,2801,1460,1341,2991,1523,1468,3151,1605,1546,3314,1688,1626,3210,1644,1566,3482,1819,1663,3773,1926,1847,3582,1805,1777,3161,1518,1643,2651,1297,1354,2099,972,1127,1394,668,726,858,376,482,786,289,497,39.1,38.6,39.5
050,51,047,Virginia,Culpeper County,11,51785,25842,25943,3389,1691,1698,6544,3235,3309,2906,1485,1421,3954,2029,1925,40412,20185,20227,38946,19431,19515,19008,9728,9280,12880,6599,6281,13986,7033,6953,8126,3770,4356,3389,1691,1698,3544,1757,1787,3732,1863,1869,3380,1731,1649,2748,1398,1350,3062,1600,1462,3174,1577,1597,3383,1758,1625,3261,1664,1597,3401,1779,1622,3679,1863,1816,3691,1871,1820,3215,1520,1695,2707,1337,1370,2209,1007,1202,1514,717,797,874,401,473,822,308,514,39.2,38.7,39.8
050,51,047,Virginia,Culpeper County,12,52722,26262,26460,3415,1712,1703,6676,3279,3397,2955,1468,1487,4043,2084,1959,41122,20526,20596,39676,19803,19873,19311,9899,9412,13067,6702,6365,14049,7079,6970,8517,3938,4579,3415,1712,1703,3619,1782,1837,3811,1852,1959,3456,1795,1661,2788,1402,1386,3082,1597,1485,3227,1620,1607,3463,1812,1651,3295,1673,1622,3397,1772,1625,3553,1824,1729,3835,1923,1912,3264,1560,1704,2764,1351,1413,2343,1069,1274,1622,760,862,975,451,524,813,307,506,39.3,38.8,39.8
050,51,047,Virginia,Culpeper County,13,53390,26602,26788,3466,1751,1715,6693,3298,3395,3034,1508,1526,4107,2110,1997,41684,20798,20886,40197,20045,20152,19614,10036,9578,13254,6806,6448,14069,7083,6986,8767,4046,4721,3466,1751,1715,3670,1815,1855,3804,1871,1933,3506,1792,1714,2854,1438,1416,3095,1605,1490,3280,1655,1625,3469,1786,1683,3410,1760,1650,3317,1721,1596,3467,1781,1686,3891,1954,1937,3394,1627,1767,2829,1362,1467,2413,1126,1287,1672,772,900,1002,455,547,851,331,520,39.4,38.9,39.9
050,51,047,Virginia,Culpeper County,14,53569,26690,26879,3475,1759,1716,6688,3299,3389,3064,1521,1543,4113,2106,2007,41841,20871,20970,40342,20111,20231,19704,10071,9633,13322,6845,6477,14082,7088,6994,8825,4072,4753,3475,1759,1716,3679,1821,1858,3804,1879,1925,3515,1785,1730,2867,1441,1426,3097,1607,1490,3302,1671,1631,3474,1779,1695,3449,1788,1661,3291,1703,1588,3448,1776,1672,3909,1962,1947,3434,1647,1787,2847,1365,1482,2432,1142,1290,1683,774,909,1006,455,551,857,336,521,39.4,38.9,39.9
050,51,049,Virginia,Cumberland County,1,10052,4870,5182,625,310,315,1105,548,557,557,295,262,882,437,445,8070,3885,4185,7765,3717,4048,3655,1817,1838,2328,1143,1185,2938,1408,1530,1617,729,888,625,310,315,584,295,289,633,311,322,715,371,344,612,303,309,580,299,281,507,251,256,560,265,295,681,328,353,779,369,410,726,355,371,689,310,379,744,374,370,549,268,281,406,195,211,295,140,155,201,77,124,166,49,117,41.6,40.5,42.6
050,51,049,Virginia,Cumberland County,2,10039,4865,5174,621,309,312,1100,545,555,554,295,259,881,436,445,8067,3884,4183,7764,3716,4048,3649,1815,1834,2325,1142,1183,2940,1409,1531,1618,729,889,621,309,312,582,294,288,629,309,320,712,370,342,612,303,309,580,299,281,507,251,256,558,265,293,680,327,353,779,369,410,727,355,372,689,310,379,745,375,370,549,268,281,407,195,212,295,140,155,201,77,124,166,49,117,41.7,40.5,42.7
050,51,049,Virginia,Cumberland County,3,10028,4855,5173,620,308,312,1094,538,556,545,289,256,883,437,446,8065,3882,4183,7769,3720,4049,3633,1802,1831,2321,1136,1185,2940,1412,1528,1625,735,890,620,308,312,577,288,289,633,310,323,694,359,335,618,307,311,584,298,286,510,254,256,552,261,291,675,323,352,776,373,403,729,353,376,693,313,380,742,373,369,553,272,281,407,195,212,300,142,158,201,78,123,164,48,116,41.8,40.7,42.7
050,51,049,Virginia,Cumberland County,4,9987,4831,5156,605,287,318,1087,555,532,530,268,262,877,445,432,8037,3865,4172,7765,3721,4044,3548,1755,1793,2275,1105,1170,2927,1414,1513,1686,757,929,605,287,318,585,309,276,636,309,327,651,338,313,622,312,310,571,294,277,520,251,269,525,250,275,659,310,349,762,380,382,727,353,374,690,313,377,748,368,380,567,281,286,427,194,233,313,148,165,211,85,126,168,49,119,42.1,41.1,43.1
050,51,049,Virginia,Cumberland County,5,9845,4755,5090,565,275,290,1047,527,520,534,263,271,861,443,418,7963,3828,4135,7699,3690,4009,3450,1699,1751,2186,1055,1131,2876,1393,1483,1776,799,977,565,275,290,572,292,280,606,297,309,639,328,311,625,316,309,549,274,275,519,246,273,511,245,266,607,290,317,739,367,372,745,358,387,684,318,366,708,350,358,616,302,314,451,205,246,308,144,164,217,89,128,184,59,125,42.9,42.0,43.7
050,51,049,Virginia,Cumberland County,6,9852,4771,5081,532,269,263,1047,530,517,500,236,264,866,449,417,8028,3855,4173,7773,3736,4037,3440,1688,1752,2178,1050,1128,2873,1401,1472,1856,836,1020,532,269,263,563,289,274,588,288,300,610,307,303,652,331,321,557,279,278,522,246,276,502,237,265,597,288,309,717,357,360,765,372,393,688,332,356,703,340,363,652,317,335,493,229,264,306,139,167,215,91,124,190,60,130,43.4,42.6,44.2
050,51,049,Virginia,Cumberland County,7,9843,4706,5137,533,264,269,1045,513,532,503,239,264,817,408,409,8037,3820,4217,7762,3690,4072,3365,1614,1751,2163,1028,1135,2853,1375,1478,1929,879,1050,533,264,269,563,279,284,600,295,305,592,281,311,610,305,305,592,291,301,491,223,268,500,240,260,580,274,306,689,337,352,772,379,393,700,336,364,692,323,369,691,333,358,493,244,249,333,146,187,211,86,125,201,70,131,44.0,43.5,44.4
050,51,049,Virginia,Cumberland County,8,9758,4701,5057,516,260,256,998,497,501,495,239,256,784,393,391,7989,3820,4169,7749,3705,4044,3248,1576,1672,2106,1006,1100,2847,1373,1474,2012,933,1079,516,260,256,562,279,283,573,280,293,556,269,287,586,301,285,575,279,296,499,249,250,479,215,264,553,263,290,672,334,338,770,386,384,715,350,365,690,303,387,720,354,366,494,242,252,349,163,186,229,97,132,220,77,143,44.8,44.3,45.4
050,51,049,Virginia,Cumberland County,9,9742,4670,5072,510,262,248,958,482,476,478,229,249,765,379,386,8025,3810,4215,7796,3697,4099,3218,1540,1678,2089,988,1101,2875,1383,1492,2067,947,1120,510,262,248,524,252,272,548,286,262,570,272,298,559,280,279,598,277,321,500,259,241,483,211,272,508,241,267,686,340,346,759,381,378,728,348,380,702,314,388,729,353,376,521,256,265,364,164,200,228,97,131,225,77,148,45.6,44.9,46.2
050,51,049,Virginia,Cumberland County,10,9840,4748,5092,510,265,245,994,500,494,472,231,241,750,369,381,8116,3872,4244,7864,3752,4112,3250,1570,1680,2135,1026,1109,2830,1373,1457,2149,984,1165,510,265,245,530,264,266,571,292,279,560,278,282,555,266,289,606,290,316,517,258,259,496,236,260,516,242,274,633,313,320,759,389,370,756,359,397,682,312,370,695,333,362,590,289,301,404,187,217,229,98,131,231,77,154,45.6,44.7,46.5
050,51,049,Virginia,Cumberland County,11,9863,4745,5118,502,237,265,962,490,472,474,231,243,733,357,376,8179,3903,4276,7925,3787,4138,3263,1578,1685,2160,1045,1115,2811,1377,1434,2221,1008,1213,502,237,265,512,268,244,554,277,277,556,273,283,547,260,287,640,322,318,511,246,265,522,256,266,487,221,266,606,291,315,747,375,372,778,390,388,680,321,359,679,318,361,625,297,328,437,208,229,242,106,136,238,79,159,45.9,45.2,46.6
050,51,049,Virginia,Cumberland County,12,9967,4807,5160,523,262,261,984,491,493,445,224,221,719,356,363,8243,3942,4301,8015,3830,4185,3234,1568,1666,2184,1047,1137,2855,1407,1448,2257,1020,1237,523,262,261,542,277,265,556,273,283,539,268,271,511,253,258,632,318,314,567,272,295,488,242,246,497,215,282,596,286,310,700,341,359,842,429,413,717,351,366,660,301,359,663,317,346,430,212,218,256,104,152,248,86,162,46.2,45.5,46.8
050,51,049,Virginia,Cumberland County,13,9948,4797,5151,521,260,261,969,477,492,445,233,212,702,334,368,8232,3939,4293,8013,3827,4186,3219,1565,1654,2189,1061,1128,2841,1394,1447,2281,1038,1243,521,260,261,523,259,264,563,281,282,529,268,261,501,236,265,628,308,320,566,272,294,493,256,237,502,225,277,568,263,305,692,338,354,840,430,410,741,363,378,656,289,367,676,330,346,434,210,224,267,114,153,248,95,153,46.4,45.8,46.9
050,51,049,Virginia,Cumberland County,14,9933,4789,5144,520,259,261,967,474,493,446,238,208,698,328,370,8218,3931,4287,8000,3818,4182,3222,1573,1649,2195,1072,1123,2825,1381,1444,2282,1037,1245,520,259,261,519,254,265,565,285,280,527,270,257,500,231,269,632,310,322,565,271,294,498,262,236,500,229,271,558,254,304,690,336,354,835,428,407,742,363,379,657,288,369,677,330,347,434,208,226,268,114,154,246,97,149,46.4,45.6,47.0
050,51,051,Virginia,Dickenson County,1,15903,7950,7953,875,446,429,1707,850,857,741,391,350,1149,596,553,12971,6462,6509,12580,6263,6317,5592,2893,2699,3879,2008,1871,4889,2456,2433,2663,1203,1460,875,446,429,914,468,446,970,484,486,959,486,473,754,399,355,921,481,440,954,509,445,1001,498,503,1003,520,483,1241,621,620,1294,659,635,1217,614,603,1137,562,575,893,471,422,673,316,357,464,199,265,351,125,226,282,92,190,43.0,42.0,44.1
050,51,051,Virginia,Dickenson County,2,15877,7932,7945,875,446,429,1698,845,853,739,389,350,1149,595,554,12954,6450,6504,12565,6252,6313,5588,2889,2699,3876,2006,1870,4878,2449,2429,2662,1202,1460,875,446,429,911,466,445,963,480,483,957,484,473,755,399,356,920,480,440,953,508,445,1000,498,502,1003,520,483,1235,618,617,1293,659,634,1217,613,604,1133,559,574,894,471,423,674,317,357,462,197,265,350,125,225,282,92,190,43.0,42.0,44.1
050,51,051,Virginia,Dickenson County,3,15846,7922,7924,869,445,424,1705,848,857,728,382,346,1152,598,554,12922,6439,6483,12544,6247,6297,5587,2893,2694,3883,2011,1872,4855,2441,2414,2654,1197,1457,869,445,424,920,470,450,961,476,485,931,476,455,773,406,367,914,474,440,961,512,449,1001,503,498,1007,522,485,1219,614,605,1291,654,637,1218,616,602,1127,557,570,892,467,425,680,325,355,454,191,263,347,126,221,281,88,193,42.9,42.0,44.0
050,51,051,Virginia,Dickenson County,4,15778,7920,7858,859,441,418,1669,841,828,717,369,348,1172,614,558,12877,6444,6433,12533,6269,6264,5555,2895,2660,3860,2005,1855,4799,2427,2372,2702,1223,1479,859,441,418,921,481,440,942,453,489,850,448,402,845,442,403,866,458,408,982,510,472,987,509,478,1025,528,497,1150,596,554,1269,638,631,1232,631,601,1148,562,586,903,458,445,719,355,364,459,191,268,341,133,208,280,86,194,43.1,42.0,44.2
050,51,051,Virginia,Dickenson County,5,15708,7950,7758,856,445,411,1644,847,797,753,387,366,1177,621,556,12812,6470,6342,12455,6271,6184,5510,2888,2622,3787,1977,1810,4705,2399,2306,2786,1274,1512,856,445,411,923,492,431,928,452,476,840,446,394,883,465,418,804,424,380,1001,515,486,953,494,459,1029,544,485,1089,575,514,1247,623,624,1231,651,580,1138,550,588,970,487,483,721,356,365,470,204,266,340,128,212,285,99,186,43.1,42.1,44.3
050,51,051,Virginia,Dickenson County,6,15527,7854,7673,839,439,400,1633,852,781,751,369,382,1120,589,531,12667,6390,6277,12304,6194,6110,5427,2841,2586,3739,1964,1775,4569,2337,2232,2876,1304,1572,839,439,400,909,473,436,907,460,447,835,434,401,853,443,410,824,444,380,960,505,455,949,490,459,1006,525,481,1047,562,485,1178,583,595,1234,647,587,1110,545,565,982,474,508,765,384,381,493,217,276,343,133,210,293,96,197,43.4,42.3,44.7
050,51,051,Virginia,Dickenson County,7,15345,7773,7572,838,446,392,1590,823,767,743,355,388,1119,600,519,12564,6333,6231,12174,6149,6025,5361,2806,2555,3673,1942,1731,4420,2246,2174,2962,1361,1601,838,446,392,875,455,420,889,459,430,846,421,425,842,443,399,813,441,372,929,490,439,930,489,441,1001,522,479,970,513,457,1146,573,573,1203,621,582,1101,539,562,1029,496,533,760,394,366,536,241,295,334,133,201,303,97,206,43.6,42.5,44.9
050,51,051,Virginia,Dickenson County,8,15200,7665,7535,831,440,391,1536,792,744,718,333,385,1071,561,510,12487,6263,6224,12115,6100,6015,5275,2737,2538,3659,1929,1730,4364,2223,2141,3021,1387,1634,831,440,391,836,433,403,873,445,428,826,405,421,790,403,387,842,457,385,901,474,427,937,495,442,979,503,476,944,498,446,1126,573,553,1179,596,583,1115,556,559,1018,491,527,785,402,383,549,254,295,339,137,202,330,103,227,44.0,43.0,45.1
050,51,051,Virginia,Dickenson County,9,15019,7599,7420,779,400,379,1508,793,715,683,332,351,1055,539,516,12390,6236,6154,12049,6074,5975,5204,2717,2487,3638,1930,1708,4279,2202,2077,3077,1403,1674,779,400,379,827,427,400,853,450,403,824,402,422,742,385,357,870,467,403,837,441,396,958,517,441,973,505,468,960,514,446,1051,546,505,1150,565,585,1118,577,541,1038,494,544,796,397,399,582,277,305,330,133,197,331,102,229,44.3,43.2,45.5
050,51,051,Virginia,Dickenson County,10,14728,7446,7282,730,361,369,1512,802,710,689,349,340,954,485,469,12135,6105,6030,11797,5934,5863,4997,2610,2387,3531,1872,1659,4152,2135,2017,3160,1442,1718,730,361,369,837,436,401,852,462,390,792,381,411,674,357,317,888,476,412,781,419,362,950,498,452,912,479,433,925,491,434,984,520,464,1136,548,588,1107,576,531,1021,480,541,862,423,439,602,297,305,336,139,197,339,103,236,44.7,43.5,45.9
050,51,051,Virginia,Dickenson County,11,14502,7356,7146,700,346,354,1481,782,699,694,362,332,935,482,453,11965,6037,5928,11627,5866,5761,4892,2572,2320,3444,1825,1619,4062,2091,1971,3186,1468,1718,700,346,354,807,435,372,855,444,411,778,403,375,670,344,326,844,454,390,780,408,372,914,486,428,906,477,429,926,489,437,950,512,438,1084,525,559,1102,565,537,992,469,523,866,419,447,632,317,315,361,158,203,335,105,230,45.0,43.8,46.3
050,51,051,Virginia,Dickenson County,12,14295,7285,7010,684,343,341,1463,774,689,655,338,317,931,492,439,11828,6003,5825,11493,5830,5663,4792,2542,2250,3349,1783,1566,3947,2042,1905,3266,1513,1753,684,343,341,800,431,369,806,414,392,770,409,361,673,350,323,807,439,368,780,400,380,865,457,408,897,487,410,921,498,423,895,474,421,1053,513,540,1078,557,521,994,470,524,915,442,473,626,325,301,404,172,232,327,104,223,45.4,44.0,46.8
050,51,051,Virginia,Dickenson County,13,14140,7233,6907,648,331,317,1424,761,663,656,346,310,933,491,442,11754,5978,5776,11412,5795,5617,4723,2511,2212,3296,1759,1537,3857,1995,1862,3326,1550,1776,648,331,317,786,425,361,800,421,379,751,406,345,676,346,330,794,431,363,760,396,364,842,444,398,900,488,412,897,478,419,882,466,416,1027,521,506,1051,530,521,1008,488,520,910,434,476,651,333,318,413,185,228,344,110,234,45.7,44.3,47.2
050,51,051,Virginia,Dickenson County,14,14078,7207,6871,635,328,307,1410,753,657,655,349,306,932,488,444,11722,5964,5758,11378,5777,5601,4710,2505,2205,3290,1757,1533,3824,1978,1846,3332,1554,1778,635,328,307,781,420,361,796,422,374,742,403,339,678,345,333,792,428,364,756,396,360,838,443,395,904,490,414,889,471,418,880,465,415,1016,523,493,1039,519,520,1012,493,519,903,428,475,657,334,323,413,188,225,347,111,236,45.7,44.3,47.2
050,51,053,Virginia,Dinwiddie County,1,28001,13736,14265,1586,794,792,3132,1626,1506,1661,878,783,2438,1231,1207,22519,10909,11610,21622,10438,11184,10666,5292,5374,6941,3386,3555,8417,4128,4289,3826,1693,2133,1586,794,792,1719,907,812,1787,922,865,2123,1091,1032,1602,815,787,1540,754,786,1587,770,817,1791,873,918,2023,989,1034,2415,1196,1219,2341,1137,1204,1940,928,1012,1721,867,854,1331,629,702,1017,469,548,688,320,368,427,164,263,363,111,252,40.7,39.7,41.6
050,51,053,Virginia,Dinwiddie County,2,28011,13741,14270,1587,794,793,3133,1627,1506,1661,878,783,2438,1231,1207,22527,10913,11614,21630,10442,11188,10670,5294,5376,6945,3388,3557,8421,4130,4291,3826,1693,2133,1587,794,793,1719,907,812,1788,923,865,2123,1091,1032,1602,815,787,1540,754,786,1588,771,817,1792,874,918,2025,989,1036,2415,1196,1219,2344,1138,1206,1941,929,1012,1721,867,854,1331,629,702,1017,469,548,687,319,368,427,164,263,364,112,252,40.7,39.7,41.6
050,51,053,Virginia,Dinwiddie County,3,28062,13764,14298,1574,787,787,3143,1634,1509,1638,863,775,2465,1243,1222,22590,10941,11649,21707,10480,11227,10647,5276,5371,6916,3369,3547,8462,4152,4310,3864,1716,2148,1574,787,787,1726,903,823,1789,930,859,2107,1083,1024,1624,824,800,1550,758,792,1576,762,814,1776,871,905,2014,978,1036,2424,1205,1219,2360,1153,1207,1945,925,1020,1733,869,864,1331,631,700,1033,477,556,705,325,380,428,169,259,367,114,253,40.8,39.8,41.7
050,51,053,Virginia,Dinwiddie County,4,28114,13815,14299,1531,790,741,3122,1619,1503,1543,786,757,2507,1268,1239,22715,11029,11686,21918,10620,11298,10482,5210,5272,6811,3339,3472,8620,4229,4391,3980,1784,2196,1531,790,741,1732,885,847,1769,917,852,2016,1032,984,1655,839,816,1584,799,785,1553,734,819,1700,859,841,1974,947,1027,2418,1212,1206,2415,1195,1220,1998,944,1054,1789,878,911,1311,628,683,1067,501,566,757,347,410,436,175,261,409,133,276,41.3,40.3,42.2
050,51,053,Virginia,Dinwiddie County,5,28222,13877,14345,1559,823,736,3008,1545,1463,1466,732,734,2588,1311,1277,22917,11151,11766,22189,10777,11412,10465,5185,5280,6771,3323,3448,8676,4265,4411,4154,1878,2276,1559,823,736,1626,812,814,1742,914,828,1986,991,995,1708,871,837,1589,804,785,1571,752,819,1661,818,843,1950,949,1001,2361,1188,1173,2427,1218,1209,2138,1020,1118,1750,839,911,1399,686,713,1094,518,576,778,356,422,463,188,275,420,130,290,41.7,40.8,42.5
050,51,053,Virginia,Dinwiddie County,6,28087,13754,14333,1540,772,768,3011,1563,1448,1421,723,698,2539,1267,1272,22838,11059,11779,22115,10696,11419,10280,5072,5208,6661,3257,3404,8655,4221,4434,4260,1951,2309,1540,772,768,1638,820,818,1714,918,796,1883,940,943,1736,875,861,1570,810,760,1600,755,845,1596,772,824,1895,920,975,2224,1108,1116,2424,1207,1217,2233,1080,1153,1774,826,948,1458,724,734,1137,537,600,784,365,419,483,193,290,398,132,266,42.2,41.3,42.9
050,51,053,Virginia,Dinwiddie County,7,28090,13719,14371,1525,757,768,2983,1525,1458,1454,726,728,2474,1256,1218,22866,11076,11790,22128,10711,11417,10187,5042,5145,6618,3241,3377,8646,4202,4444,4390,2012,2378,1525,757,768,1593,776,817,1749,930,819,1837,905,932,1732,896,836,1630,838,792,1597,771,826,1578,752,826,1813,880,933,2103,1036,1067,2437,1190,1247,2288,1131,1157,1818,845,973,1487,750,737,1178,548,630,820,372,448,505,213,292,400,129,271,42.5,41.5,43.3
050,51,053,Virginia,Dinwiddie County,8,28146,13700,14446,1547,742,805,2908,1487,1421,1412,729,683,2500,1228,1272,22997,11116,11881,22279,10742,11537,10191,5011,5180,6623,3237,3386,8593,4183,4410,4563,2094,2469,1547,742,805,1559,789,770,1693,881,812,1865,926,939,1703,848,855,1703,856,847,1623,797,826,1524,724,800,1773,860,913,2007,989,1018,2427,1194,1233,2298,1123,1175,1861,877,984,1569,783,786,1196,553,643,849,392,457,525,226,299,424,140,284,42.7,41.9,43.4
050,51,053,Virginia,Dinwiddie County,9,28458,13880,14578,1557,768,789,2921,1467,1454,1408,739,669,2553,1251,1302,23281,11261,12020,22572,10906,11666,10197,5037,5160,6590,3238,3352,8699,4256,4443,4730,2161,2569,1557,768,789,1575,797,778,1700,861,839,1893,941,952,1714,858,856,1762,895,867,1654,815,839,1544,730,814,1630,798,832,2054,987,1067,2415,1215,1200,2355,1179,1176,1875,875,1000,1645,793,852,1164,549,615,908,420,488,558,244,314,455,155,300,42.6,41.8,43.4
050,51,053,Virginia,Dinwiddie County,10,28678,14001,14677,1616,793,823,2947,1492,1455,1379,714,665,2500,1233,1267,23433,11362,12071,22736,11002,11734,10188,5038,5150,6650,3268,3382,8736,4291,4445,4850,2210,2640,1616,793,823,1589,823,766,1699,846,853,1862,923,939,1676,847,829,1788,911,877,1669,828,841,1564,734,830,1629,795,834,2011,986,1025,2351,1162,1189,2370,1201,1169,2004,942,1062,1648,789,859,1243,596,647,899,419,480,574,242,332,486,164,322,42.7,41.9,43.5
050,51,053,Virginia,Dinwiddie County,11,28800,14094,14706,1615,806,809,2975,1492,1483,1407,737,670,2288,1144,1144,23502,11428,12074,22803,11059,11744,10144,5042,5102,6819,3358,3461,8688,4294,4394,5008,2263,2745,1615,806,809,1654,834,820,1691,855,836,1746,882,864,1579,802,777,1869,942,927,1747,880,867,1596,760,836,1607,776,831,1968,971,997,2307,1140,1167,2317,1176,1141,2096,1007,1089,1680,772,908,1301,643,658,938,436,502,587,238,349,502,174,328,42.8,42.0,43.6
050,51,053,Virginia,Dinwiddie County,12,28804,14135,14669,1569,800,769,2982,1509,1473,1402,718,684,2182,1104,1078,23533,11465,12068,22851,11108,11743,10193,5094,5099,6952,3429,3523,8587,4254,4333,5130,2321,2809,1569,800,769,1664,832,832,1661,834,827,1762,910,852,1479,755,724,1918,971,947,1825,903,922,1592,778,814,1617,777,840,1893,945,948,2171,1075,1096,2374,1178,1196,2149,1056,1093,1704,787,917,1318,654,664,999,453,546,616,249,367,493,178,315,42.9,42.0,43.9
050,51,053,Virginia,Dinwiddie County,13,28747,14118,14629,1528,776,752,3004,1522,1482,1353,703,650,2176,1101,1075,23543,11487,12056,22862,11117,11745,10149,5074,5075,6945,3434,3511,8460,4189,4271,5281,2393,2888,1528,776,752,1710,854,856,1619,832,787,1726,890,836,1478,750,728,1860,924,936,1872,944,928,1608,801,807,1605,765,840,1826,916,910,2107,1052,1055,2386,1182,1204,2141,1039,1102,1731,813,918,1395,682,713,1028,456,572,631,260,371,496,182,314,43.1,41.9,44.1
050,51,053,Virginia,Dinwiddie County,14,28688,14093,14595,1514,769,745,3004,1526,1478,1336,696,640,2170,1098,1072,23517,11477,12040,22834,11102,11732,10117,5055,5062,6930,3427,3503,8421,4171,4250,5313,2406,2907,1514,769,745,1718,858,860,1605,834,771,1709,880,829,1478,748,730,1834,904,930,1883,956,927,1616,809,807,1597,758,839,1809,914,895,2091,1042,1049,2389,1186,1203,2132,1029,1103,1739,820,919,1410,684,726,1034,457,577,634,261,373,496,184,312,43.1,41.9,44.1
050,51,057,Virginia,Essex County,1,11151,5274,5877,649,319,330,1170,590,580,632,276,356,914,432,482,9035,4248,4787,8700,4089,4611,3905,1835,2070,2506,1185,1321,3344,1574,1770,1936,898,1038,649,319,330,649,328,321,668,320,348,774,351,423,625,299,326,574,266,308,588,278,310,605,289,316,739,352,387,815,364,451,877,426,451,831,404,427,821,380,441,618,316,302,460,207,253,344,152,192,277,135,142,237,88,149,43.2,43.0,43.4
050,51,057,Virginia,Essex County,2,11149,5274,5875,647,319,328,1169,590,579,632,276,356,914,432,482,9036,4248,4788,8701,4089,4612,3903,1834,2069,2504,1184,1320,3346,1575,1771,1937,898,1039,647,319,328,648,328,320,668,320,348,774,351,423,625,299,326,574,266,308,586,277,309,605,289,316,739,352,387,816,364,452,878,427,451,831,404,427,821,380,441,618,316,302,461,207,254,344,152,192,277,135,142,237,88,149,43.2,43.0,43.4
050,51,057,Virginia,Essex County,3,11145,5270,5875,650,328,322,1162,583,579,627,270,357,917,436,481,9032,4240,4792,8706,4089,4617,3892,1823,2069,2497,1176,1321,3354,1577,1777,1938,900,1038,650,328,322,651,328,323,660,314,346,769,346,423,626,301,325,579,265,314,587,278,309,601,287,314,730,346,384,816,366,450,879,425,454,831,406,425,828,380,448,621,319,302,458,207,251,345,154,191,275,132,143,239,88,151,43.2,43.0,43.5
050,51,057,Virginia,Essex County,4,11168,5247,5921,629,319,310,1153,566,587,601,243,358,949,447,502,9085,4247,4838,8785,4119,4666,3859,1790,2069,2459,1158,1301,3373,1589,1784,2004,925,1079,629,319,310,656,317,339,647,307,340,756,327,429,644,305,339,596,274,322,592,284,308,565,268,297,706,332,374,809,378,431,872,424,448,836,397,439,856,390,466,645,320,325,478,224,254,360,166,194,278,132,146,243,83,160,43.6,43.5,43.7
050,51,057,Virginia,Essex County,5,11133,5203,5930,612,321,291,1154,557,597,568,226,342,919,428,491,9097,4217,4880,8799,4099,4700,3816,1726,2090,2448,1126,1322,3322,1577,1745,2110,968,1142,612,321,291,669,317,352,604,294,310,712,297,415,656,303,353,633,278,355,588,276,312,549,258,291,678,314,364,813,385,428,865,423,442,820,391,429,824,378,446,708,333,375,509,257,252,363,161,202,272,129,143,258,88,170,44.1,44.1,44.0
050,51,057,Virginia,Essex County,6,11158,5241,5917,611,314,297,1142,562,580,562,230,332,911,432,479,9150,4254,4896,8843,4135,4708,3785,1738,2047,2443,1138,1305,3290,1552,1738,2199,1013,1186,611,314,297,655,314,341,618,310,308,668,281,387,674,319,355,643,295,348,577,270,307,554,257,297,669,316,353,793,368,425,871,412,459,814,399,415,812,373,439,756,355,401,546,275,271,370,174,196,247,105,142,280,104,176,44.4,44.2,44.6
050,51,057,Virginia,Essex County,7,11066,5204,5862,591,315,276,1085,530,555,538,226,312,898,435,463,9133,4241,4892,8852,4133,4719,3667,1698,1969,2360,1098,1262,3336,1564,1772,2258,1036,1222,591,315,276,626,303,323,588,288,300,651,270,381,656,330,326,641,295,346,537,256,281,567,265,302,615,282,333,798,375,423,869,382,487,845,428,417,824,379,445,768,353,415,567,283,284,384,183,201,261,108,153,278,109,169,45.4,45.0,45.8
050,51,057,Virginia,Essex County,8,11091,5199,5892,589,309,280,1090,539,551,523,225,298,850,405,445,9147,4229,4918,8889,4126,4763,3624,1673,1951,2379,1100,1279,3337,1568,1769,2323,1053,1270,589,309,280,587,289,298,631,307,324,625,262,363,620,311,309,645,309,336,577,260,317,562,260,302,595,271,324,736,354,382,854,375,479,906,437,469,841,402,439,798,360,438,574,283,291,400,182,218,259,114,145,292,114,178,46.0,45.3,46.4
050,51,057,Virginia,Essex County,9,11073,5178,5895,607,324,283,1063,526,537,508,221,287,805,383,422,9161,4227,4934,8895,4107,4788,3562,1651,1911,2369,1100,1269,3349,1577,1772,2372,1047,1325,607,324,283,566,290,276,617,289,328,611,256,355,582,295,287,655,311,344,593,280,313,562,259,303,559,250,309,726,340,386,853,387,466,909,433,476,861,417,444,827,361,466,583,280,303,419,195,224,256,111,145,287,100,187,46.3,45.5,47.1
050,51,057,Virginia,Essex County,10,10960,5136,5824,561,314,247,1007,492,515,523,236,287,799,379,420,9129,4207,4922,8869,4094,4775,3518,1643,1875,2335,1098,1237,3291,1542,1749,2444,1075,1369,561,314,247,542,280,262,604,282,322,602,258,344,581,287,294,641,316,325,592,278,314,567,263,304,535,241,294,689,311,378,833,381,452,889,424,465,880,426,454,818,356,462,642,295,347,428,212,216,270,110,160,286,102,184,46.9,45.8,47.9
050,51,057,Virginia,Essex County,11,10889,5094,5795,511,261,250,996,502,494,505,224,281,762,370,392,9120,4210,4910,8877,4107,4770,3481,1654,1827,2344,1119,1225,3224,1494,1730,2547,1124,1423,511,261,250,564,301,263,562,260,302,587,261,326,550,274,276,673,332,341,614,293,321,538,253,285,519,241,278,676,305,371,791,353,438,896,415,481,861,421,440,830,359,471,693,317,376,468,229,239,276,118,158,280,101,179,47.5,46.2,48.6
050,51,057,Virginia,Essex County,12,10936,5111,5825,525,270,255,947,478,469,524,226,298,762,352,410,9183,4243,4940,8940,4137,4803,3533,1683,1850,2388,1163,1225,3171,1462,1709,2619,1160,1459,525,270,255,529,279,250,559,257,302,597,266,331,548,254,294,686,338,348,622,304,318,522,252,270,558,269,289,634,278,356,777,350,427,895,397,498,865,437,428,866,390,476,718,317,401,469,228,241,283,122,161,283,103,180,47.7,46.5,48.6
050,51,057,Virginia,Essex County,13,10957,5131,5826,511,272,239,955,480,475,519,221,298,739,337,402,9230,4272,4958,8972,4158,4814,3538,1684,1854,2398,1173,1225,3188,1461,1727,2647,1187,1460,511,272,239,528,264,264,545,263,282,601,259,342,539,252,287,665,332,333,625,311,314,542,259,283,566,271,295,625,273,352,768,353,415,899,400,499,896,435,461,867,397,470,734,320,414,470,232,238,294,125,169,282,113,169,48.1,46.9,49.1
050,51,057,Virginia,Essex County,14,10943,5135,5808,505,274,231,955,483,472,518,220,298,729,332,397,9228,4275,4953,8965,4158,4807,3535,1681,1854,2399,1173,1226,3186,1460,1726,2651,1193,1458,505,274,231,527,259,268,539,268,271,605,257,348,531,251,280,658,328,330,623,312,311,551,263,288,567,270,297,622,272,350,762,355,407,893,397,496,909,436,473,867,398,469,737,321,416,468,231,237,299,128,171,280,115,165,48.2,47.0,49.2
050,51,059,Virginia,Fairfax County,1,1081726,534310,547416,72960,37393,35567,130412,66616,63796,59276,30857,28419,82896,43017,39879,849022,415102,433920,819078,399444,419634,451214,226074,225140,323632,159772,163860,306260,148604,157656,106290,48051,58239,72960,37393,35567,72670,36991,35679,72332,37197,35135,67443,35318,32125,60139,30984,29155,79896,39909,39987,78746,38930,39816,80812,39943,40869,84178,40990,43188,89341,43560,45781,85426,41477,43949,71905,34453,37452,59588,29114,30474,38239,18644,19595,24728,11775,12953,17597,8014,9583,12892,5160,7732,12834,4458,8376,37.3,36.3,38.3
050,51,059,Virginia,Fairfax County,2,1081681,534287,547394,72957,37391,35566,130424,66623,63801,59270,30855,28415,82894,43013,39881,848971,415074,433897,819030,399418,419612,451192,226061,225131,323617,159765,163852,306237,148593,157644,106282,48047,58235,72957,37391,35566,72676,36996,35680,72337,37199,35138,67441,35318,32123,60134,30978,29156,79893,39909,39984,78741,38926,39815,80808,39941,40867,84175,40989,43186,89342,43561,45781,85414,41471,43943,71899,34450,37449,59582,29111,30471,38236,18641,19595,24728,11776,12952,17594,8014,9580,12888,5157,7731,12836,4459,8377,37.3,36.3,38.3
050,51,059,Virginia,Fairfax County,3,1086165,536698,549467,73387,37588,35799,130808,66835,63973,59255,30808,28447,83352,43258,40094,852683,417134,435549,822715,401467,421248,452432,226857,225575,324384,160305,164079,307449,149196,158253,107530,48708,58822,73387,37588,35799,72932,37135,35797,72435,37214,35221,68406,35834,32572,59642,30718,28924,79917,39980,39937,79357,39290,40067,80726,39899,40827,84384,41136,43248,89169,43537,45632,85635,41574,44061,72478,34733,37745,60167,29352,30815,38803,18924,19879,25077,11983,13094,17652,8049,9603,13003,5250,7753,12995,4502,8493,37.3,36.3,38.3
050,51,059,Virginia,Fairfax County,4,1103571,545564,558007,74931,38300,36631,132751,68006,64745,59400,30701,28699,85559,44330,41229,866492,424145,442347,836489,408557,427932,457187,229139,228048,326957,161618,165339,311376,151377,159999,112597,51232,61365,74931,38300,36631,74226,37926,36300,73254,37590,35664,71100,37074,34026,59130,30447,28683,79569,39872,39697,81845,40598,41247,79993,39380,40613,85550,41768,43782,88256,43298,44958,86438,42165,44273,74127,35598,38529,62555,30316,32239,41013,19910,21103,26566,12737,13829,18107,8315,9792,13318,5564,7754,13593,4706,8887,37.4,36.4,38.3
050,51,059,Virginia,Fairfax County,5,1120654,554231,566423,75786,38583,37203,134940,69147,65793,59799,30766,29033,87923,45497,42426,880100,431201,448899,850129,415735,434394,462022,231609,230413,329213,163038,166175,312541,152122,160419,120452,55078,65374,75786,38583,37203,75807,38860,36947,74046,37979,36067,72126,37351,34775,60683,31220,29463,79000,39765,39235,83600,41566,42034,80307,39468,40839,86306,42239,44067,87359,42782,44577,86995,42578,44417,76056,36730,39326,62131,30032,32099,45496,22097,23399,28300,13535,14765,18826,8691,10135,13498,5792,7706,14332,4963,9369,37.5,36.5,38.4
050,51,059,Virginia,Fairfax County,6,1132186,560332,571854,75693,38619,37074,136568,69721,66847,59950,30907,29043,90369,46721,43648,890046,436553,453493,859975,421085,438890,464968,233583,231385,329482,163634,165848,313176,152570,160606,126948,58160,68788,75693,38619,37074,76707,39194,37513,74694,38206,36488,72118,37271,34847,63368,32678,30690,77246,39053,38193,84939,42243,42696,81352,40146,41206,85945,42192,43753,85713,41894,43819,87255,42758,44497,77656,37739,39917,62552,30179,32373,47763,23191,24572,30610,14547,16063,19873,9197,10676,13882,6036,7846,14820,5189,9631,37.6,36.6,38.5
050,51,059,Virginia,Fairfax County,7,1136794,562538,574256,75073,38213,36860,136051,69407,66644,60444,31072,29372,92903,47844,45059,895556,439410,456146,865226,423846,441380,464596,233665,230931,326402,162505,163897,312946,152584,160362,132975,60913,72062,75073,38213,36860,75822,38648,37174,75382,38515,36867,72096,37226,34870,66098,33934,32164,75360,38395,36965,84414,42111,42303,81890,40416,41474,84738,41583,43155,84168,41078,43090,87158,42800,44358,78519,38346,40173,63101,30360,32741,49874,24139,25735,32561,15406,17155,20985,9695,11290,14100,6162,7938,15455,5511,9944,37.7,36.7,38.6
050,51,059,Virginia,Fairfax County,8,1141040,565034,576006,75289,38629,36660,136357,69506,66851,60400,30980,29420,94711,48620,46091,899209,441499,457710,868994,425919,443075,462523,232825,229698,322445,160874,161571,312996,152831,160165,138842,63594,75248,75289,38629,36660,75663,38473,37190,75727,38682,37045,72266,37309,34957,67812,34642,33170,73928,37759,36169,82773,41597,41176,82407,40461,41946,83337,41057,42280,83853,40948,42905,85685,42076,43609,79185,38812,40373,64273,30995,33278,51798,24930,26868,34454,16234,18220,22124,10295,11829,14555,6378,8177,15911,5757,10154,37.8,36.8,38.7
050,51,059,Virginia,Fairfax County,9,1144957,567335,577622,75415,38800,36615,136448,69774,66674,60517,30930,29587,95739,48828,46911,902986,443451,459535,872577,427831,444746,461008,232078,228930,319685,159891,159794,312587,152859,159728,144566,66253,78313,75415,38800,36615,75358,38348,37010,76023,38997,37026,72724,37442,35282,68599,34745,33854,72769,37266,35503,81849,41229,40620,83587,41241,42346,81480,40155,41325,83977,40961,43016,83852,41244,42608,79384,39058,40326,65374,31596,33778,53424,25547,27877,36095,17030,19065,23322,10860,12462,15053,6660,8393,16672,6156,10516,37.9,37.0,38.9
050,51,059,Virginia,Fairfax County,10,1149346,569794,579552,74836,38459,36377,136112,69731,66381,60884,31018,29866,96184,48814,47370,908096,446149,461947,877514,430586,446928,461471,232521,228950,319569,160453,159116,311589,152546,159043,150172,68773,81399,74836,38459,36377,74674,37980,36694,76604,39515,37089,72901,37310,35591,69001,34758,34243,73535,37877,35658,81094,41142,39952,84463,42061,42402,80477,39373,41104,84053,41156,42897,82046,40145,41901,79165,39050,40115,66325,32195,34130,52958,25233,27725,39464,18617,20847,24812,11484,13328,15683,6995,8688,17255,6444,10811,38.0,37.1,39.0
050,51,059,Virginia,Fairfax County,11,1149688,570564,579124,74145,37987,36158,135496,69586,65910,60941,31188,29753,95753,48652,47101,909473,447222,462251,879106,431803,447303,459886,232136,227750,318471,160221,158250,309532,151812,157720,155350,71118,84232,74145,37987,36158,74089,37928,36161,76686,39583,37103,72977,37316,35661,68438,34599,33839,73915,38181,35734,79211,40333,38878,84958,42332,42626,80387,39375,41012,83312,40904,42408,80120,39235,40885,78729,38860,39869,67371,32813,34558,52974,25202,27772,41188,19431,21757,26712,12300,14412,16532,7390,9142,17944,6795,11149,38.3,37.3,39.2
050,51,059,Virginia,Fairfax County,12,1152359,571965,580394,73052,37487,35565,134975,69286,65689,61199,31358,29841,95837,48552,47285,913633,449377,464256,883133,433834,449299,460617,232762,227855,318950,160716,158234,307412,150937,156475,160934,73629,87305,73052,37487,35565,74179,37877,36302,76165,39273,36892,73338,37575,35763,68329,34471,33858,74984,38871,36113,78175,39806,38369,85234,42574,42660,80557,39465,41092,81963,40324,41639,78719,38498,40221,78766,38976,39790,67964,33139,34825,53541,25517,28024,42883,20141,22742,28492,13089,15403,17485,7801,9684,18533,7081,11452,38.4,37.4,39.4
050,51,059,Virginia,Fairfax County,13,1152138,572100,580038,71693,36745,34948,134700,69093,65607,61483,31668,29815,95592,48429,47163,914976,450383,464593,884262,434594,449668,460149,232695,227454,318400,160553,157847,305536,150245,155291,164734,75367,89367,71693,36745,34948,74210,37999,36211,75816,39049,36767,73536,37719,35817,68213,34423,33790,75497,39238,36259,77541,39493,38048,84419,42237,42182,80943,39585,41358,80945,39906,41039,78290,38371,39919,77864,38479,39385,68437,33489,34948,53973,25746,28227,44082,20607,23475,29609,13583,16026,18087,8119,9968,18983,7312,11671,38.5,37.5,39.5
050,51,059,Virginia,Fairfax County,14,1150847,571517,579330,71171,36456,34715,134399,68923,65476,61565,31762,29803,95267,48258,47009,914449,450221,464228,883712,434376,449336,459514,232431,227083,318038,160414,157624,304858,149973,154885,165549,75731,89818,71171,36456,34715,74062,37960,36102,75693,38966,36727,73441,37685,35756,68035,34332,33703,75520,39291,36229,77295,39364,37931,84190,42161,42029,81033,39598,41435,80598,39765,40833,78252,38373,39879,77500,38289,39211,68508,33546,34962,54092,25814,28278,44337,20686,23651,29884,13698,16186,18248,8205,10043,18988,7328,11660,38.6,37.6,39.6
050,51,061,Virginia,Fauquier County,1,65203,32158,33045,3814,2037,1777,8627,4395,4232,4004,1965,2039,4646,2430,2216,50806,24764,26042,48758,23761,24997,23026,11312,11714,15343,7410,7933,20480,10103,10377,8289,3818,4471,3814,2037,1777,4588,2328,2260,5006,2560,2446,4563,2277,2286,3120,1625,1495,3060,1504,1556,3263,1558,1705,3965,1881,2084,5055,2467,2588,6129,3056,3073,5661,2759,2902,4697,2329,2368,3993,1959,2034,2983,1486,1497,1974,952,1022,1436,669,767,1006,419,587,890,292,598,41.3,40.6,41.9
050,51,061,Virginia,Fauquier County,2,65222,32174,33048,3814,2037,1777,8628,4396,4232,4007,1965,2042,4641,2430,2211,50824,24779,26045,48773,23776,24997,23024,11312,11712,15343,7410,7933,20493,10116,10377,8296,3820,4476,3814,2037,1777,4589,2328,2261,5006,2561,2445,4567,2278,2289,3114,1624,1490,3057,1503,1554,3260,1557,1703,3970,1884,2086,5056,2466,2590,6136,3061,3075,5661,2762,2899,4699,2330,2369,3997,1963,2034,2984,1486,1498,1976,952,1024,1437,670,767,1006,419,587,893,293,600,41.3,40.7,41.9
050,51,061,Virginia,Fauquier County,3,65433,32294,33139,3832,2030,1802,8606,4405,4201,4006,1970,2036,4711,2455,2256,51029,24887,26142,48989,23889,25100,23047,11339,11708,15309,7408,7901,20589,10161,10428,8380,3865,4515,3832,2030,1802,4562,2324,2238,5023,2575,2448,4578,2286,2292,3160,1645,1515,3079,1522,1557,3272,1569,1703,3921,1867,2054,5037,2450,2587,6132,3055,3077,5694,2785,2909,4724,2339,2385,4039,1982,2057,3000,1489,1511,2010,978,1032,1445,679,766,1022,420,602,903,299,604,41.3,40.7,42.0
050,51,061,Virginia,Fauquier County,4,66032,32597,33435,3825,1982,1843,8547,4424,4123,4036,1979,2057,4954,2550,2404,51636,25187,26449,49624,24212,25412,23131,11384,11747,15167,7353,7814,20847,10320,10527,8656,3989,4667,3825,1982,1843,4498,2310,2188,5075,2612,2463,4630,2311,2319,3334,1720,1614,3151,1584,1567,3310,1580,1730,3750,1806,1944,4956,2383,2573,5990,2975,3015,5838,2883,2955,4818,2385,2433,4201,2077,2124,3040,1501,1539,2161,1053,1108,1496,707,789,1030,410,620,929,318,611,41.5,40.8,42.1
050,51,061,Virginia,Fauquier County,5,66567,32946,33621,3807,1970,1837,8432,4389,4043,4075,2030,2045,5035,2555,2480,52263,25560,26703,50253,24557,25696,23173,11421,11752,15106,7363,7743,20939,10358,10581,9173,4281,4892,3807,1970,1837,4420,2301,2119,5055,2615,2440,4601,2288,2313,3466,1770,1696,3238,1635,1603,3400,1647,1753,3634,1744,1890,4834,2337,2497,5782,2857,2925,5904,2918,2986,5035,2493,2542,4218,2090,2128,3316,1681,1635,2287,1112,1175,1561,727,834,1018,424,594,991,337,654,41.8,41.2,42.5
050,51,061,Virginia,Fauquier County,6,67150,33267,33883,3842,1969,1873,8330,4323,4007,4082,2075,2007,5255,2680,2575,52924,25908,27016,50896,24900,25996,23460,11651,11809,15133,7433,7700,20894,10305,10589,9614,4482,5132,3842,1969,1873,4397,2300,2097,4943,2560,2383,4642,2330,2312,3685,1888,1797,3341,1687,1654,3499,1734,1765,3622,1746,1876,4671,2266,2405,5496,2690,2806,6058,3004,3054,5132,2535,2597,4208,2076,2132,3444,1729,1715,2479,1193,1286,1621,766,855,1029,434,595,1041,360,681,41.9,41.1,42.6
050,51,061,Virginia,Fauquier County,7,68135,33701,34434,4003,2032,1971,8253,4267,3986,4150,2138,2012,5479,2774,2705,53810,26312,27498,51729,25264,26465,23864,11932,11932,15276,7553,7723,20953,10316,10637,10021,4621,5400,4003,2032,1971,4343,2280,2063,4951,2520,2431,4688,2405,2283,3900,1974,1926,3429,1724,1705,3706,1841,1865,3665,1809,1856,4476,2179,2297,5268,2543,2725,6090,3030,3060,5331,2652,2679,4264,2091,2173,3547,1750,1797,2623,1248,1375,1710,803,907,1092,459,633,1049,361,688,41.8,40.8,42.7
050,51,061,Virginia,Fauquier County,8,68449,33878,34571,3974,2026,1948,8148,4214,3934,4168,2172,1996,5426,2751,2675,54242,26551,27691,52159,25466,26693,23852,11954,11898,15313,7595,7718,21034,10346,10688,10386,4774,5612,3974,2026,1948,4325,2314,2011,4878,2464,2414,4684,2414,2270,3855,1945,1910,3569,1772,1797,3691,1842,1849,3750,1873,1877,4303,2108,2195,5129,2470,2659,6072,3034,3038,5452,2686,2766,4381,2156,2225,3638,1765,1873,2719,1301,1418,1798,828,970,1163,519,644,1068,361,707,42.0,40.7,43.0
050,51,061,Virginia,Fauquier County,9,68831,34065,34766,4053,2066,1987,8019,4183,3836,4162,2138,2024,5473,2735,2738,54683,26761,27922,52597,25678,26919,23984,12039,11945,15369,7665,7704,20949,10287,10662,10806,4991,5815,4053,2066,1987,4220,2218,2002,4819,2464,2355,4739,2470,2269,3876,1904,1972,3665,1843,1822,3762,1897,1865,3852,1916,1936,4090,2009,2081,5099,2446,2653,5843,2892,2951,5534,2760,2774,4473,2189,2284,3831,1865,1966,2738,1312,1426,1922,888,1034,1234,550,684,1081,376,705,41.9,40.7,43.0
050,51,061,Virginia,Fauquier County,10,69555,34436,35119,4018,2059,1959,8114,4198,3916,4137,2103,2034,5459,2789,2670,55420,27176,28244,53286,26076,27210,24243,12155,12088,15608,7751,7857,20963,10307,10656,11256,5229,6027,4018,2059,1959,4340,2240,2100,4735,2446,2289,4765,2478,2287,3870,1926,1944,3702,1844,1858,3849,1937,1912,4056,2015,2041,4001,1955,2046,5060,2458,2602,5626,2772,2854,5640,2771,2869,4637,2306,2331,3860,1879,1981,2977,1458,1519,1998,919,1079,1304,594,710,1117,379,738,41.9,40.7,42.9
050,51,061,Virginia,Fauquier County,11,70722,35018,35704,4176,2138,2038,8208,4240,3968,4127,2089,2038,5460,2800,2660,56344,27635,28709,54211,26551,27660,24702,12398,12304,16127,8023,8104,20924,10295,10629,11700,5433,6267,4176,2138,2038,4450,2246,2204,4770,2508,2262,4723,2451,2272,3852,1924,1928,3843,1928,1915,3987,2016,1971,4218,2062,2156,4079,2017,2062,4942,2416,2526,5426,2649,2777,5738,2831,2907,4818,2399,2419,3863,1887,1976,3103,1506,1597,2188,1010,1178,1375,610,765,1171,420,751,41.6,40.5,42.7
050,51,061,Virginia,Fauquier County,12,71297,35239,36058,4121,2093,2028,8321,4291,4030,4074,2016,2058,5534,2881,2653,56840,27847,28993,54781,26839,27942,25038,12571,12467,16414,8172,8242,20788,10217,10571,12045,5569,6476,4121,2093,2028,4597,2333,2264,4708,2456,2252,4782,2424,2358,3842,1975,1867,3867,1972,1895,4166,2066,2100,4292,2079,2213,4089,2055,2034,4757,2310,2447,5268,2569,2699,5814,2854,2960,4949,2484,2465,3906,1905,2001,3172,1526,1646,2309,1039,1270,1416,643,773,1242,456,786,41.6,40.6,42.6
050,51,061,Virginia,Fauquier County,13,71408,35322,36086,4101,2084,2017,8273,4270,4003,4061,2046,2015,5479,2848,2631,57032,27945,29087,54973,26922,28051,25078,12571,12507,16537,8197,8340,20664,10179,10485,12293,5698,6595,4101,2084,2017,4567,2325,2242,4705,2465,2240,4734,2403,2331,3807,1971,1836,3796,1913,1883,4150,2045,2105,4378,2130,2248,4213,2109,2104,4623,2279,2344,5186,2520,2666,5834,2879,2955,5021,2501,2520,3964,1950,2014,3205,1520,1685,2355,1069,1286,1474,673,801,1295,486,809,41.7,40.7,42.7
050,51,061,Virginia,Fauquier County,14,71361,35307,36054,4084,2075,2009,8244,4253,3991,4061,2059,2002,5447,2831,2616,57028,27946,29082,54972,26920,28052,25073,12566,12507,16573,8206,8367,20622,10166,10456,12330,5717,6613,4084,2075,2009,4546,2314,2232,4706,2469,2237,4712,2393,2319,3788,1967,1821,3764,1891,1873,4151,2041,2110,4407,2149,2258,4251,2125,2126,4575,2267,2308,5169,2507,2662,5839,2889,2950,5039,2503,2536,3980,1964,2016,3202,1509,1693,2357,1074,1283,1488,678,810,1303,492,811,41.7,40.8,42.7
050,51,063,Virginia,Floyd County,1,15279,7667,7612,844,453,391,1713,893,820,790,397,393,968,498,470,12316,6108,6208,11932,5924,6008,5185,2663,2522,3621,1868,1753,4657,2331,2326,2686,1227,1459,844,453,391,953,519,434,954,474,480,865,435,430,699,360,339,776,398,378,834,421,413,963,490,473,1048,559,489,1213,621,592,1120,547,573,1176,609,567,1148,554,594,916,471,445,668,338,330,429,183,246,362,139,223,311,96,215,43.6,42.5,44.8
050,51,063,Virginia,Floyd County,2,15293,7674,7619,844,453,391,1715,895,820,791,397,394,970,499,471,12328,6113,6215,11943,5929,6014,5191,2666,2525,3624,1870,1754,4660,2332,2328,2689,1228,1461,844,453,391,955,521,434,954,474,480,867,435,432,700,361,339,776,398,378,834,421,413,966,492,474,1048,559,489,1216,622,594,1121,548,573,1175,608,567,1148,554,594,919,473,446,670,339,331,427,182,245,362,138,224,311,96,215,43.6,42.5,44.8
050,51,063,Virginia,Floyd County,3,15367,7711,7656,860,457,403,1717,900,817,792,399,393,982,500,482,12393,6148,6245,11998,5955,6043,5194,2659,2535,3609,1855,1754,4686,2352,2334,2721,1248,1473,860,457,403,947,518,429,959,477,482,880,446,434,705,358,347,769,395,374,834,420,414,964,490,474,1042,550,492,1222,630,592,1129,549,580,1182,614,568,1153,559,594,929,479,450,681,345,336,430,186,244,365,140,225,316,98,218,43.7,42.6,44.8
050,51,063,Virginia,Floyd County,4,15404,7734,7670,856,445,411,1739,922,817,762,383,379,996,479,517,12447,6192,6255,12047,5984,6063,5097,2600,2497,3515,1821,1694,4760,2399,2361,2776,1285,1491,856,445,411,937,511,426,978,494,484,882,450,432,700,329,371,719,377,342,829,428,401,915,471,444,1052,545,507,1196,627,569,1153,552,601,1214,629,585,1197,591,606,939,470,469,716,373,343,456,208,248,347,134,213,318,100,218,44.1,43.3,45.2
050,51,063,Virginia,Floyd County,5,15438,7776,7662,809,421,388,1704,910,794,765,383,382,1031,508,523,12555,6259,6296,12160,6062,6098,5056,2568,2488,3457,1782,1675,4750,2414,2336,2922,1358,1564,809,421,388,914,496,418,987,519,468,882,431,451,717,355,362,711,363,348,804,417,387,897,456,441,1045,546,499,1144,612,532,1181,575,606,1244,635,609,1181,592,589,1001,486,515,755,401,354,485,227,258,340,129,211,341,115,226,44.8,44.0,45.8
050,51,063,Virginia,Floyd County,6,15493,7805,7688,803,415,388,1685,901,784,765,374,391,1020,515,505,12608,6288,6320,12240,6115,6125,4997,2538,2459,3416,1748,1668,4754,2428,2326,3050,1424,1626,803,415,388,916,493,423,973,507,466,860,433,427,721,357,364,710,369,341,802,407,395,898,453,445,1006,519,487,1089,596,493,1235,612,623,1258,632,626,1172,588,584,1016,485,531,826,436,390,515,253,262,340,125,215,353,125,228,45.3,44.5,46.2
050,51,063,Virginia,Floyd County,7,15538,7833,7705,803,430,373,1651,879,772,778,397,381,1023,507,516,12662,6309,6353,12306,6127,6179,4981,2533,2448,3398,1740,1658,4731,2392,2339,3154,1488,1666,803,430,373,900,479,421,969,511,458,857,438,419,726,355,371,724,371,353,801,411,390,892,447,445,981,511,470,1051,555,496,1278,654,624,1220,595,625,1182,588,594,1069,527,542,843,432,411,554,274,280,340,135,205,348,120,228,45.6,44.7,46.5
050,51,063,Virginia,Floyd County,8,15565,7850,7715,771,416,355,1639,873,766,815,436,379,984,493,491,12724,6332,6392,12340,6125,6215,4943,2505,2438,3358,1692,1666,4746,2408,2338,3252,1532,1720,771,416,355,891,466,425,962,523,439,881,459,422,704,354,350,755,373,382,784,397,387,882,434,448,937,488,449,1072,563,509,1239,646,593,1219,582,637,1216,617,599,1121,544,577,835,426,409,588,295,293,354,144,210,354,123,231,45.9,45.1,46.9
050,51,063,Virginia,Floyd County,9,15685,7896,7789,768,414,354,1625,852,773,804,418,386,1015,523,492,12907,6424,6483,12488,6212,6276,4998,2536,2462,3352,1689,1663,4731,2397,2334,3390,1603,1787,768,414,354,884,459,425,914,487,427,910,472,438,736,375,361,760,368,392,767,394,373,882,432,450,943,495,448,1081,560,521,1209,651,558,1215,564,651,1226,622,604,1181,579,602,862,430,432,615,313,302,370,156,214,362,125,237,46.3,45.5,47.0
050,51,063,Virginia,Floyd County,10,15783,7954,7829,787,416,371,1630,847,783,783,409,374,1033,517,516,13018,6508,6510,12583,6282,6301,5003,2540,2463,3367,1707,1660,4681,2388,2293,3502,1670,1832,787,416,371,875,447,428,935,493,442,892,468,424,744,365,379,764,369,395,797,419,378,843,421,422,963,498,465,1075,558,517,1151,631,520,1238,596,642,1217,603,614,1183,587,596,892,433,459,674,359,315,385,165,220,368,126,242,46.5,45.8,47.1
050,51,063,Virginia,Floyd County,11,15788,7917,7871,785,397,388,1592,830,762,770,402,368,1044,531,513,13018,6489,6529,12641,6288,6353,4941,2498,2443,3333,1674,1659,4694,2398,2296,3570,1685,1885,785,397,388,842,444,398,956,495,461,880,452,428,728,372,356,755,362,393,777,409,368,858,427,431,943,476,467,1063,542,521,1102,610,492,1262,625,637,1267,621,646,1171,582,589,909,426,483,700,368,332,422,188,234,368,121,247,46.9,46.2,47.6
050,51,063,Virginia,Floyd County,12,15796,7932,7864,753,385,368,1552,805,747,754,386,368,1044,543,501,13092,6533,6559,12737,6356,6381,4937,2506,2431,3331,1679,1652,4660,2377,2283,3702,1757,1945,753,385,368,843,446,397,901,461,440,872,448,424,734,379,355,785,381,404,794,415,379,824,417,407,928,466,462,1044,540,504,1060,566,494,1299,669,630,1257,602,655,1172,590,582,1007,483,524,710,356,354,439,202,237,374,126,248,47.5,46.8,48.3
050,51,063,Virginia,Floyd County,13,15797,7908,7889,753,372,381,1509,784,725,769,393,376,1007,528,479,13153,6552,6601,12766,6359,6407,4900,2495,2405,3312,1673,1639,4638,2350,2288,3809,1808,2001,753,372,381,807,433,374,890,450,440,861,445,416,727,377,350,773,393,380,804,412,392,836,418,418,899,450,449,1012,529,483,1097,575,522,1276,657,619,1253,589,664,1196,609,587,1046,500,546,724,355,369,453,214,239,390,130,260,47.9,47.0,48.8
050,51,063,Virginia,Floyd County,14,15777,7888,7889,753,367,386,1493,776,717,771,394,377,997,525,472,13154,6548,6606,12760,6351,6409,4889,2492,2397,3307,1670,1637,4626,2339,2287,3830,1817,2013,753,367,386,795,429,366,884,444,440,858,446,412,724,376,348,771,398,373,810,412,398,837,417,420,889,443,446,1001,525,476,1112,579,533,1262,650,612,1251,585,666,1206,618,588,1054,502,552,725,351,374,455,217,238,390,129,261,48.0,47.1,49.0
050,51,065,Virginia,Fluvanna County,1,25691,11804,13887,1592,806,786,2948,1466,1482,1378,687,691,1531,713,818,20453,9189,11264,19773,8845,10928,9521,4159,5362,6968,2946,4022,7252,3301,3951,4022,1885,2137,1592,806,786,1621,800,821,1683,853,830,1521,751,770,1032,462,570,1438,564,874,1690,728,962,1830,779,1051,2010,875,1135,2066,941,1125,1940,872,1068,1669,755,914,1577,733,844,1356,620,736,1027,496,531,783,385,398,525,249,276,331,135,196,41.1,40.9,41.2
050,51,065,Virginia,Fluvanna County,2,25743,11828,13915,1596,809,787,2953,1469,1484,1379,688,691,1537,717,820,20496,9207,11289,19815,8862,10953,9555,4177,5378,6995,2959,4036,7263,3304,3959,4020,1882,2138,1596,809,787,1625,802,823,1684,854,830,1527,755,772,1033,463,570,1440,565,875,1693,729,964,1836,780,1056,2026,885,1141,2069,941,1128,1939,871,1068,1677,759,918,1578,733,845,1354,618,736,1028,497,531,783,384,399,524,248,276,331,135,196,41.1,40.9,41.2
050,51,065,Virginia,Fluvanna County,3,25792,11850,13942,1589,804,785,2956,1475,1481,1375,686,689,1567,734,833,20549,9223,11326,19872,8885,10987,9556,4180,5376,6965,2943,4022,7300,3323,3977,4040,1885,2155,1589,804,785,1629,810,819,1678,848,830,1539,761,778,1052,476,576,1424,560,864,1695,726,969,1823,769,1054,2023,888,1135,2065,941,1124,1961,884,1077,1673,748,925,1601,750,851,1354,614,740,1031,500,531,778,379,399,538,255,283,339,137,202,41.1,40.9,41.3
050,51,065,Virginia,Fluvanna County,4,25959,11895,14064,1512,744,768,2967,1487,1480,1389,677,712,1705,793,912,20770,9304,11466,20091,8987,11104,9595,4192,5403,6848,2899,3949,7423,3367,4056,4115,1928,2187,1512,744,768,1662,840,822,1652,824,828,1595,772,823,1152,521,631,1372,547,825,1682,706,976,1773,748,1025,2021,898,1123,2010,907,1103,2024,930,1094,1696,733,963,1693,797,896,1353,610,743,1053,513,540,783,387,396,567,274,293,359,144,215,41.4,41.3,41.5
050,51,065,Virginia,Fluvanna County,5,25889,11848,14041,1406,713,693,2944,1470,1474,1392,683,709,1750,794,956,20840,9309,11531,20147,8982,11165,9469,4111,5358,6683,2812,3871,7424,3374,4050,4290,2002,2288,1406,713,693,1683,841,842,1617,807,810,1566,758,808,1220,541,679,1292,514,778,1715,719,996,1722,729,993,1954,850,1104,1986,894,1092,1991,926,1065,1806,787,1019,1641,767,874,1411,647,764,1108,532,576,789,382,407,593,284,309,389,157,232,41.9,41.8,41.9
050,51,065,Virginia,Fluvanna County,6,25833,11800,14033,1346,686,660,2914,1434,1480,1334,675,659,1791,802,989,20913,9343,11570,20239,9005,11234,9355,4065,5290,6537,2749,3788,7407,3358,4049,4504,2096,2408,1346,686,660,1625,813,812,1596,782,814,1548,751,797,1270,565,705,1327,535,792,1656,703,953,1664,705,959,1890,806,1084,1936,860,1076,1976,918,1058,1854,824,1030,1641,756,885,1491,691,800,1171,549,622,829,404,425,581,266,315,432,186,246,42.5,42.4,42.5
050,51,065,Virginia,Fluvanna County,7,25980,11830,14150,1299,680,619,2883,1421,1462,1347,672,675,1841,803,1038,21145,9397,11748,20451,9057,11394,9287,3995,5292,6440,2691,3749,7460,3389,4071,4710,2174,2536,1299,680,619,1603,805,798,1621,787,834,1538,754,784,1309,550,759,1339,538,801,1633,682,951,1672,703,969,1796,768,1028,1910,848,1062,1972,927,1045,1924,869,1055,1654,745,909,1548,727,821,1211,561,650,886,423,463,579,265,314,486,198,288,43.0,43.0,43.0
050,51,065,Virginia,Fluvanna County,8,26144,11877,14267,1326,686,640,2839,1399,1440,1324,648,676,1871,829,1042,21316,9480,11836,20655,9144,11511,9312,4035,5277,6440,2706,3734,7472,3363,4109,4872,2246,2626,1326,686,640,1523,750,773,1639,797,842,1540,766,774,1332,563,769,1378,562,816,1582,651,931,1757,757,1000,1723,736,987,1877,820,1057,1970,906,1064,1914,874,1040,1711,763,948,1631,759,872,1250,588,662,896,417,479,575,273,302,520,209,311,43.1,43.1,43.1
050,51,065,Virginia,Fluvanna County,9,26227,12001,14226,1310,681,629,2801,1392,1409,1281,628,653,1869,838,1031,21489,9630,11859,20835,9300,11535,9241,4054,5187,6399,2743,3656,7524,3403,4121,5043,2316,2727,1310,681,629,1462,716,746,1647,831,816,1502,736,766,1340,575,765,1446,609,837,1508,621,887,1761,786,975,1684,727,957,1846,822,1024,1920,873,1047,2020,947,1073,1738,761,977,1730,814,916,1284,588,696,904,431,473,581,272,309,544,211,333,43.5,43.1,43.7
050,51,065,Virginia,Fluvanna County,10,26517,12083,14434,1280,644,636,2755,1404,1351,1324,625,699,1866,845,1021,21829,9727,12102,21158,9410,11748,9324,4055,5269,6472,2746,3726,7639,3454,4185,5181,2365,2816,1280,644,636,1421,719,702,1672,846,826,1495,728,767,1357,581,776,1509,617,892,1537,642,895,1781,789,992,1645,698,947,1848,839,1009,1914,850,1064,2000,944,1056,1877,821,1056,1676,785,891,1389,641,748,974,450,524,604,270,334,538,219,319,43.6,43.3,43.9
050,51,065,Virginia,Fluvanna County,11,26931,12287,14644,1381,707,674,2703,1363,1340,1287,624,663,1912,862,1050,22186,9885,12301,21560,9593,11967,9538,4181,5357,6659,2860,3799,7603,3436,4167,5386,2435,2951,1381,707,674,1373,707,666,1650,821,829,1496,727,769,1383,594,789,1586,645,941,1619,710,909,1829,796,1033,1625,709,916,1800,809,991,1900,835,1065,1951,915,1036,1952,877,1075,1674,771,903,1496,696,800,1036,470,566,653,291,362,527,207,320,43.5,43.0,43.9
050,51,065,Virginia,Fluvanna County,12,27266,12517,14749,1390,728,662,2649,1341,1308,1338,662,676,1886,875,1011,22556,10107,12449,21889,9786,12103,9746,4313,5433,6873,2953,3920,7530,3414,4116,5600,2544,3056,1390,728,662,1364,700,664,1636,818,818,1519,736,783,1354,624,730,1704,687,1017,1677,729,948,1824,812,1012,1668,725,943,1729,784,945,1871,830,1041,1960,919,1041,1970,881,1089,1738,807,931,1543,714,829,1083,502,581,687,309,378,549,212,337,43.5,43.0,44.0
050,51,065,Virginia,Fluvanna County,13,27417,12587,14830,1374,716,658,2654,1341,1313,1353,680,673,1903,881,1022,22696,10175,12521,22036,9850,12186,9816,4354,5462,6902,2968,3934,7522,3405,4117,5709,2596,3113,1374,716,658,1391,710,681,1605,806,799,1524,758,766,1390,628,762,1705,698,1007,1705,728,977,1772,779,993,1720,763,957,1709,772,937,1832,819,1013,1967,902,1065,2014,912,1102,1783,815,968,1573,727,846,1119,519,600,679,306,373,555,229,326,43.6,43.1,44.1
050,51,065,Virginia,Fluvanna County,14,27422,12599,14823,1373,714,659,2635,1336,1299,1359,686,673,1904,880,1024,22711,10187,12524,22055,9863,12192,9831,4367,5464,6909,2977,3932,7506,3396,4110,5736,2610,3126,1373,714,659,1387,709,678,1589,803,786,1523,761,762,1399,629,770,1705,704,1001,1719,732,987,1753,766,987,1732,775,957,1704,770,934,1818,815,1003,1963,893,1070,2021,918,1103,1794,816,978,1587,733,854,1125,523,602,676,305,371,554,233,321,43.7,43.1,44.1
050,51,067,Virginia,Franklin County,1,56159,27706,28453,3144,1579,1565,5742,2865,2877,2791,1418,1373,4859,2488,2371,45934,22582,23352,44482,21844,22638,19306,9685,9621,12288,6110,6178,17458,8646,8812,9877,4600,5277,3144,1579,1565,3131,1581,1550,3243,1615,1628,3863,1973,1890,3155,1602,1553,2631,1314,1317,2691,1333,1358,3246,1614,1632,3720,1849,1871,4362,2190,2172,4503,2272,2231,4268,2076,2192,4325,2108,2217,3531,1790,1741,2445,1192,1253,1794,837,957,1155,477,678,952,304,648,44.1,43.4,44.7
050,51,067,Virginia,Franklin County,2,56124,27685,28439,3144,1579,1565,5740,2861,2879,2791,1418,1373,4857,2487,2370,45901,22565,23336,44449,21827,22622,19306,9686,9620,12290,6112,6178,17440,8636,8804,9862,4592,5270,3144,1579,1565,3128,1577,1551,3244,1615,1629,3862,1972,1890,3154,1602,1552,2632,1315,1317,2690,1332,1358,3243,1613,1630,3725,1852,1873,4356,2186,2170,4499,2268,2231,4271,2079,2192,4314,2103,2211,3529,1789,1740,2444,1190,1254,1792,837,955,1148,474,674,949,302,647,44.1,43.4,44.7
050,51,067,Virginia,Franklin County,3,56174,27719,28455,3129,1577,1552,5734,2849,2885,2770,1411,1359,4874,2496,2378,45990,22616,23374,44541,21882,22659,19250,9667,9583,12240,6093,6147,17477,8650,8827,9950,4643,5307,3129,1577,1552,3110,1568,1542,3258,1614,1644,3833,1955,1878,3177,1619,1558,2637,1315,1322,2693,1335,1358,3217,1605,1612,3693,1838,1855,4351,2182,2169,4488,2255,2233,4303,2099,2204,4335,2114,2221,3558,1807,1751,2467,1209,1258,1809,837,972,1160,488,672,956,302,654,44.2,43.5,44.8
050,51,067,Virginia,Franklin County,4,56339,27777,28562,2996,1507,1489,5789,2885,2904,2700,1373,1327,5002,2576,2426,46258,22712,23546,44854,22012,22842,19051,9550,9501,12009,5943,6066,17520,8646,8874,10323,4847,5476,2996,1507,1489,3064,1563,1501,3385,1664,1721,3741,1903,1838,3301,1704,1597,2655,1301,1354,2691,1317,1374,3037,1506,1531,3626,1819,1807,4255,2115,2140,4468,2231,2237,4358,2147,2211,4439,2153,2286,3677,1867,1810,2577,1299,1278,1865,844,1021,1212,522,690,992,315,677,44.6,44.0,45.2
050,51,067,Virginia,Franklin County,5,56293,27756,28537,2823,1396,1427,5794,2934,2860,2618,1316,1302,5124,2643,2481,46375,22771,23604,45058,22110,22948,18744,9381,9363,11644,5735,5909,17377,8576,8801,10913,5156,5757,2823,1396,1427,3096,1603,1493,3340,1644,1696,3675,1875,1800,3425,1771,1654,2611,1260,1351,2636,1308,1328,2838,1385,1453,3559,1782,1777,4132,2063,2069,4471,2212,2259,4442,2196,2246,4332,2105,2227,3981,2017,1964,2715,1384,1331,1887,852,1035,1298,565,733,1032,338,694,45.2,44.6,45.7
050,51,067,Virginia,Franklin County,6,56272,27741,28531,2737,1361,1376,5794,2947,2847,2551,1283,1268,5100,2614,2486,46464,22803,23661,45190,22150,23040,18478,9238,9240,11471,5656,5815,17240,8481,8759,11379,5399,5980,2737,1361,1376,3134,1631,1503,3304,1631,1673,3537,1791,1746,3470,1791,1679,2600,1251,1349,2680,1336,1344,2750,1355,1395,3441,1714,1727,4028,2011,2017,4444,2184,2260,4432,2202,2230,4336,2084,2252,4096,2075,2021,2950,1495,1455,1946,906,1040,1322,575,747,1065,348,717,45.6,45.0,46.2
050,51,067,Virginia,Franklin County,7,56265,27703,28562,2736,1380,1356,5703,2904,2799,2636,1296,1340,4920,2540,2380,46506,22773,23733,45190,22123,23067,18283,9075,9208,11406,5574,5832,17071,8424,8647,11793,5585,6208,2736,1380,1356,3116,1612,1504,3266,1627,1639,3500,1745,1755,3377,1756,1621,2687,1280,1407,2661,1308,1353,2741,1338,1403,3317,1648,1669,3892,1936,1956,4412,2173,2239,4471,2250,2221,4296,2065,2231,4240,2099,2141,3100,1568,1532,2033,974,1059,1329,585,744,1091,359,732,46.0,45.5,46.6
050,51,067,Virginia,Franklin County,8,56234,27668,28566,2594,1335,1259,5670,2869,2801,2685,1300,1385,4806,2468,2338,46570,22786,23784,45285,22164,23121,18174,9008,9166,11389,5569,5820,16969,8385,8584,12121,5742,6379,2594,1335,1259,3160,1596,1564,3216,1602,1614,3480,1727,1753,3305,1712,1593,2770,1327,1443,2718,1342,1376,2684,1305,1379,3217,1595,1622,3746,1862,1884,4353,2155,2198,4502,2248,2254,4368,2120,2248,4289,2094,2195,3244,1636,1608,2105,1013,1092,1366,595,771,1117,404,713,46.4,45.8,46.9
050,51,067,Virginia,Franklin County,9,56167,27659,28508,2672,1360,1312,5567,2837,2730,2713,1316,1397,4547,2313,2234,46550,22802,23748,45215,22146,23069,17811,8842,8969,11225,5555,5670,16936,8370,8566,12507,5908,6599,2672,1360,1312,3084,1573,1511,3157,1606,1551,3478,1697,1781,3108,1590,1518,2846,1426,1420,2693,1298,1395,2705,1354,1351,2981,1477,1504,3714,1842,1872,4303,2120,2183,4451,2214,2237,4468,2194,2274,4379,2118,2261,3362,1678,1684,2173,1072,1101,1424,613,811,1169,427,742,46.9,46.2,47.5
050,51,067,Virginia,Franklin County,10,56341,27764,28577,2703,1377,1326,5579,2864,2715,2667,1321,1346,4473,2243,2230,46783,22877,23906,45392,22202,23190,17681,8790,8891,11150,5537,5613,16875,8312,8563,12894,6110,6784,2703,1377,1326,3033,1540,1493,3155,1635,1520,3475,1709,1766,3056,1544,1512,2902,1474,1428,2687,1284,1403,2755,1401,1354,2806,1378,1428,3629,1788,1841,4235,2105,2130,4508,2226,2282,4503,2193,2310,4255,2061,2194,3627,1823,1804,2328,1142,1186,1450,627,823,1234,457,777,47.2,46.5,47.9
050,51,067,Virginia,Franklin County,11,56297,27709,28588,2617,1337,1280,5497,2803,2694,2622,1296,1326,4308,2165,2143,46928,22930,23998,45561,22273,23288,17397,8659,8738,11102,5516,5586,16783,8290,8493,13368,6302,7066,2617,1337,1280,2943,1469,1474,3189,1652,1537,3390,1684,1706,2905,1459,1446,2917,1471,1446,2687,1297,1390,2748,1403,1345,2750,1345,1405,3506,1732,1774,4176,2091,2085,4555,2234,2321,4546,2233,2313,4284,2050,2234,3751,1859,1892,2500,1226,1274,1484,658,826,1349,509,840,47.9,47.2,48.6
050,51,067,Virginia,Franklin County,12,56185,27624,28561,2610,1297,1313,5417,2763,2654,2560,1316,1244,4274,2139,2135,46888,22911,23977,45598,22248,23350,17294,8581,8713,11096,5461,5635,16614,8253,8361,13614,6395,7219,2610,1297,1313,2836,1451,1385,3217,1647,1570,3355,1688,1667,2843,1432,1411,2911,1459,1452,2702,1302,1400,2738,1363,1375,2745,1337,1408,3407,1699,1708,4018,1991,2027,4573,2260,2313,4616,2303,2313,4244,2029,2215,3882,1882,2000,2633,1293,1340,1504,681,823,1351,510,841,48.3,47.6,48.9
050,51,067,Virginia,Franklin County,13,56242,27732,28510,2580,1290,1290,5363,2745,2618,2532,1303,1229,4280,2166,2114,47024,23038,23986,45767,22394,23373,17261,8614,8647,11095,5476,5619,16536,8222,8314,13856,6530,7326,2580,1290,1290,2754,1425,1329,3255,1651,1604,3312,1683,1629,2854,1455,1399,2893,1461,1432,2776,1327,1449,2722,1358,1364,2704,1330,1374,3332,1654,1678,3944,1947,1997,4604,2302,2302,4656,2319,2337,4346,2113,2233,3876,1872,2004,2741,1342,1399,1523,682,841,1370,521,849,48.6,47.9,49.3
050,51,067,Virginia,Franklin County,14,56167,27711,28456,2565,1285,1280,5331,2727,2604,2531,1307,1224,4270,2168,2102,46988,23033,23955,45740,22392,23348,17229,8611,8618,11080,5468,5612,16499,8203,8296,13891,6553,7338,2565,1285,1280,2723,1413,1310,3260,1646,1614,3298,1685,1613,2851,1458,1393,2883,1457,1426,2792,1330,1462,2714,1351,1363,2691,1330,1361,3303,1640,1663,3928,1934,1994,4611,2314,2297,4657,2315,2342,4373,2138,2235,3858,1861,1997,2763,1350,1413,1531,684,847,1366,520,846,48.7,48.0,49.3
050,51,069,Virginia,Frederick County,1,78305,38916,39389,4970,2591,2379,9996,5065,4931,4709,2427,2282,6179,3237,2942,61008,30080,30928,58630,28833,29797,30385,15221,15164,20614,10137,10477,21883,10902,10981,9954,4557,5397,4970,2591,2379,5484,2778,2706,5629,2867,2762,5559,2904,2655,4212,2180,2032,4523,2227,2296,4660,2306,2354,5300,2563,2737,6131,3041,3090,6544,3328,3216,6014,3017,2997,4845,2390,2455,4480,2167,2313,3324,1587,1737,2535,1240,1295,1785,819,966,1238,528,710,1072,383,689,39.1,38.4,39.7
050,51,069,Virginia,Frederick County,2,78266,38898,39368,4965,2587,2378,9991,5063,4928,4708,2426,2282,6176,3235,2941,60980,30069,30911,58602,28822,29780,30374,15214,15160,20606,10133,10473,21867,10898,10969,9953,4556,5397,4965,2587,2378,5481,2777,2704,5626,2866,2760,5559,2903,2656,4209,2178,2031,4522,2227,2295,4660,2306,2354,5296,2561,2735,6128,3039,3089,6541,3327,3214,6007,3015,2992,4843,2391,2452,4476,2165,2311,3323,1586,1737,2533,1238,1295,1785,819,966,1240,529,711,1072,384,688,39.1,38.4,39.6
050,51,069,Virginia,Frederick County,3,78545,39007,39538,4937,2580,2357,10012,5070,4942,4679,2411,2268,6228,3251,2977,61297,30188,31109,58917,28946,29971,30371,15198,15173,20578,10114,10464,22050,10972,11078,10061,4609,5452,4937,2580,2357,5480,2778,2702,5646,2870,2776,5528,2880,2648,4265,2204,2061,4539,2230,2309,4697,2329,2368,5234,2534,2700,6108,3021,3087,6579,3339,3240,6050,3034,3016,4891,2422,2469,4530,2177,2353,3361,1616,1745,2550,1238,1312,1804,832,972,1256,539,717,1090,384,706,39.2,38.5,39.8
050,51,069,Virginia,Frederick County,4,79519,39515,40004,4928,2593,2335,10116,5137,4979,4616,2397,2219,6383,3330,3053,62246,30630,31616,59859,29388,30471,30271,15163,15108,20386,10005,10381,22653,11246,11407,10437,4807,5630,4928,2593,2335,5499,2825,2674,5731,2881,2850,5416,2842,2574,4469,2316,2153,4563,2215,2348,4857,2405,2452,4908,2397,2511,6058,2988,3070,6582,3332,3250,6223,3113,3110,5124,2572,2552,4724,2229,2495,3487,1703,1784,2632,1258,1374,1873,864,1009,1278,582,696,1167,400,767,39.5,38.6,40.2
050,51,069,Virginia,Frederick County,5,80247,39865,40382,4837,2515,2322,10057,5143,4914,4588,2342,2246,6533,3410,3123,63114,31089,32025,60765,29865,30900,30113,15115,14998,20130,9916,10214,22894,11365,11529,11208,5174,6034,4837,2515,2322,5497,2834,2663,5698,2862,2836,5308,2784,2524,4675,2415,2260,4499,2183,2316,4858,2436,2422,4857,2382,2475,5916,2915,3001,6549,3254,3295,6279,3185,3094,5415,2713,2702,4651,2213,2438,3848,1862,1986,2823,1337,1486,1974,933,1041,1334,603,731,1229,439,790,39.9,39.1,40.7
050,51,069,Virginia,Frederick County,6,81494,40538,40956,4778,2448,2330,10099,5199,4900,4538,2341,2197,6795,3554,3241,64339,31728,32611,62079,30550,31529,30402,15304,15098,20227,10026,10201,23036,11433,11603,12021,5537,6484,4778,2448,2330,5468,2859,2609,5789,2957,2832,5299,2751,2548,4876,2527,2349,4622,2294,2328,4994,2496,2498,4866,2401,2465,5745,2835,2910,6356,3126,3230,6429,3295,3134,5604,2777,2827,4647,2235,2412,4118,1993,2125,3029,1411,1618,2119,1010,1109,1450,645,805,1305,478,827,40.1,39.1,41.0
050,51,069,Virginia,Frederick County,7,82735,41190,41545,4884,2540,2344,10030,5164,4866,4547,2354,2193,6842,3545,3297,65498,32277,33221,63274,31132,32142,30668,15453,15215,20452,10152,10300,23287,11576,11711,12693,5859,6834,4884,2540,2344,5455,2858,2597,5748,2904,2844,5227,2736,2491,4989,2565,2424,4827,2422,2405,5099,2533,2566,4942,2451,2491,5584,2746,2838,6154,3063,3091,6553,3341,3212,5800,2873,2927,4780,2299,2481,4297,2078,2219,3177,1490,1687,2348,1114,1234,1475,657,818,1396,520,876,40.2,39.1,41.2
050,51,069,Virginia,Frederick County,8,83525,41597,41928,4932,2550,2382,9835,5096,4739,4643,2368,2275,6810,3518,3292,66394,32767,33627,64115,31583,32532,30722,15505,15217,20467,10217,10250,23582,11732,11850,13256,6116,7140,4932,2550,2382,5335,2775,2560,5698,2919,2779,5243,2736,2507,5012,2552,2460,4960,2526,2434,5117,2502,2615,5094,2560,2534,5296,2629,2667,6100,3060,3040,6565,3301,3264,6067,2981,3086,4850,2390,2460,4522,2156,2366,3302,1571,1731,2445,1143,1302,1543,697,846,1444,549,895,40.4,39.4,41.5
050,51,069,Virginia,Frederick County,9,84722,42163,42559,5105,2639,2466,9843,5063,4780,4711,2429,2282,6675,3454,3221,67426,33272,34154,65063,32032,33031,30934,15636,15298,20683,10342,10341,23785,11821,11964,13920,6415,7505,5105,2639,2466,5300,2732,2568,5678,2920,2758,5343,2772,2571,4908,2522,2386,5059,2560,2499,5183,2536,2647,5300,2646,2654,5141,2600,2541,6010,2998,3012,6556,3297,3259,6151,3029,3122,5068,2497,2571,4805,2259,2546,3435,1668,1767,2501,1156,1345,1638,741,897,1541,591,950,40.5,39.5,41.5
050,51,069,Virginia,Frederick County,10,86568,43156,43412,5241,2735,2506,10070,5201,4869,4802,2456,2346,6662,3477,3185,68904,34016,34888,66455,32764,33691,31344,15887,15457,21069,10547,10522,24122,11976,12146,14602,6764,7838,5241,2735,2506,5381,2754,2627,5878,3040,2838,5446,2858,2588,4829,2482,2347,5213,2636,2577,5205,2574,2631,5538,2752,2786,5113,2585,2528,5981,2956,3025,6540,3272,3268,6249,3110,3139,5352,2638,2714,4722,2248,2474,3866,1857,2009,2669,1227,1442,1743,800,943,1602,632,970,40.5,39.5,41.5
050,51,069,Virginia,Frederick County,11,88378,44123,44255,5268,2761,2507,10212,5275,4937,4857,2476,2381,6785,3532,3253,70489,34866,35623,68041,33611,34430,32036,16251,15785,21594,10856,10738,24317,12117,12200,15345,7106,8239,5268,2761,2507,5484,2791,2693,5928,3097,2831,5569,2893,2676,4873,2502,2371,5359,2735,2624,5298,2648,2650,5741,2845,2896,5196,2628,2568,5928,2966,2962,6401,3191,3210,6445,3236,3209,5543,2724,2819,4785,2290,2495,4097,1967,2130,2878,1313,1565,1862,846,1016,1723,690,1033,40.6,39.6,41.6
050,51,069,Virginia,Frederick County,12,89483,44617,44866,5230,2695,2535,10316,5316,5000,4814,2505,2309,6811,3537,3274,71548,35363,36185,69123,34101,35022,32432,16435,15997,21977,11017,10960,24423,12170,12253,15912,7377,8535,5230,2695,2535,5533,2839,2694,5953,3101,2852,5588,2915,2673,4867,2503,2364,5386,2780,2606,5495,2719,2776,5782,2866,2916,5314,2652,2662,5779,2893,2886,6295,3158,3137,6545,3287,3258,5804,2832,2972,4899,2342,2557,4296,2060,2236,3001,1382,1619,1943,877,1066,1773,716,1057,40.8,39.8,41.8
050,51,069,Virginia,Frederick County,13,90784,45199,45585,5212,2701,2511,10466,5375,5091,4931,2563,2368,6776,3523,3253,72671,35845,36826,70175,34560,35615,32905,16668,16237,22435,11226,11209,24421,12121,12300,16543,7690,8853,5212,2701,2511,5701,2896,2805,6002,3123,2879,5607,2944,2663,4863,2498,2365,5422,2758,2664,5663,2833,2830,5812,2871,2941,5538,2764,2774,5618,2826,2792,6238,3148,3090,6553,3245,3308,6012,2902,3110,5056,2441,2615,4506,2126,2380,3135,1465,1670,2001,902,1099,1845,756,1089,40.9,40.0,42.0
050,51,069,Virginia,Frederick County,14,91119,45350,45769,5195,2697,2498,10495,5383,5112,4974,2583,2391,6753,3514,3239,72973,35979,36994,70455,34687,35768,33052,16746,16306,22586,11299,11287,24419,12101,12318,16697,7773,8924,5195,2697,2498,5742,2906,2836,6014,3127,2887,5608,2951,2657,4858,2496,2362,5427,2750,2677,5722,2873,2849,5824,2874,2950,5613,2802,2811,5563,2803,2760,6237,3153,3084,6546,3225,3321,6073,2920,3153,5104,2474,2630,4555,2139,2416,3167,1488,1679,2015,908,1107,1856,764,1092,41.0,40.0,42.0
050,51,071,Virginia,Giles County,1,17286,8473,8813,915,462,453,1952,1012,940,878,454,424,1216,603,613,13994,6768,7226,13541,6545,6996,6008,2968,3040,4122,2027,2095,5087,2547,2540,3116,1368,1748,915,462,453,1087,559,528,1073,569,504,1040,517,523,846,424,422,837,424,413,904,451,453,1143,567,576,1238,585,653,1319,713,606,1255,619,636,1244,604,640,1269,611,658,1056,540,516,669,317,352,555,243,312,441,173,268,395,95,300,43.2,42.2,44.1
050,51,071,Virginia,Giles County,2,17288,8474,8814,915,462,453,1952,1012,940,878,454,424,1216,603,613,13996,6769,7227,13543,6546,6997,6008,2968,3040,4122,2027,2095,5087,2547,2540,3118,1369,1749,915,462,453,1087,559,528,1073,569,504,1040,517,523,846,424,422,837,424,413,904,451,453,1143,567,576,1238,585,653,1319,713,606,1256,619,637,1244,605,639,1268,610,658,1057,540,517,670,318,352,555,243,312,441,173,268,395,95,300,43.2,42.2,44.1
050,51,071,Virginia,Giles County,3,17317,8486,8831,930,466,464,1942,1003,939,877,453,424,1216,603,613,14018,6785,7233,13568,6564,7004,5997,2966,3031,4116,2028,2088,5108,2563,2545,3128,1370,1758,930,466,464,1069,548,521,1085,573,512,1032,515,517,849,423,426,841,426,415,909,451,458,1129,560,569,1237,591,646,1328,714,614,1249,621,628,1255,613,642,1276,615,661,1064,540,524,676,321,355,550,239,311,441,174,267,397,96,301,43.3,42.3,44.2
050,51,071,Virginia,Giles County,4,17152,8424,8728,918,451,467,1871,957,914,850,459,391,1258,633,625,13942,6784,7158,13513,6557,6956,5867,2933,2934,3974,1957,2017,5119,2570,2549,3162,1397,1765,918,451,467,988,497,491,1098,576,522,986,523,463,907,453,454,828,416,412,916,457,459,1014,496,518,1216,588,628,1325,695,630,1203,621,582,1279,624,655,1312,630,682,1084,548,536,702,337,365,524,228,296,450,181,269,402,103,299,43.7,42.7,44.6
050,51,071,Virginia,Giles County,5,17024,8384,8640,873,432,441,1843,952,891,835,428,407,1285,649,636,13887,6791,7096,13473,6572,6901,5786,2915,2871,3868,1929,1939,5020,2511,2509,3300,1483,1817,873,432,441,957,485,472,1088,558,530,972,520,452,946,466,480,795,399,396,873,450,423,1004,479,525,1196,601,595,1307,679,628,1223,638,585,1226,590,636,1264,604,660,1162,585,577,771,383,388,521,230,291,444,176,268,402,109,293,44.2,43.1,45.0
050,51,071,Virginia,Giles County,6,16992,8342,8650,875,429,446,1831,934,897,866,445,421,1261,633,628,13855,6764,7091,13420,6534,6886,5798,2913,2885,3892,1956,1936,4908,2449,2459,3359,1496,1863,875,429,446,923,479,444,1129,576,553,985,506,479,921,451,470,825,421,404,885,450,435,995,484,511,1187,601,586,1278,642,636,1199,637,562,1194,566,628,1237,604,633,1151,559,592,854,422,432,526,242,284,413,167,246,415,106,309,44.0,43.0,45.0
050,51,071,Virginia,Giles County,7,16853,8294,8559,868,436,432,1757,874,883,888,464,424,1225,631,594,13772,6737,7035,13340,6520,6820,5727,2925,2802,3848,1955,1893,4851,2394,2457,3416,1540,1876,868,436,432,885,444,441,1106,555,551,979,516,463,900,454,446,868,435,433,890,470,420,953,473,480,1137,577,560,1223,583,640,1225,650,575,1181,571,610,1222,590,632,1158,558,600,892,442,450,535,252,283,415,171,244,416,117,299,44.4,43.4,45.4
050,51,071,Virginia,Giles County,8,16768,8225,8543,856,426,430,1714,856,858,904,455,449,1216,624,592,13738,6712,7026,13294,6488,6806,5660,2894,2766,3773,1927,1846,4830,2378,2452,3475,1559,1916,856,426,430,880,433,447,1067,535,532,1009,529,480,878,438,440,896,460,436,845,442,403,930,467,463,1102,558,544,1207,558,649,1273,675,598,1164,581,583,1186,564,622,1172,560,612,937,458,479,558,260,298,387,154,233,421,127,294,44.7,43.6,45.8
050,51,071,Virginia,Giles County,9,16855,8268,8587,904,449,455,1696,845,851,908,465,443,1209,624,585,13796,6741,7055,13347,6509,6838,5671,2872,2799,3783,1903,1880,4812,2380,2432,3543,1602,1941,904,449,455,900,462,438,1025,503,522,1017,520,497,871,449,422,965,487,478,865,435,430,908,463,445,1045,518,527,1192,572,620,1303,676,627,1145,583,562,1172,549,623,1195,576,619,962,463,499,588,279,309,380,153,227,418,131,287,44.7,43.7,45.7
050,51,071,Virginia,Giles County,10,16759,8269,8490,881,448,433,1655,840,815,924,465,459,1170,620,550,13756,6743,7013,13299,6516,6783,5586,2840,2746,3731,1870,1861,4770,2369,2401,3628,1657,1971,881,448,433,886,446,440,1008,509,499,1021,532,489,834,438,396,1023,510,513,792,394,398,919,471,448,997,495,502,1177,574,603,1266,660,606,1178,600,578,1149,535,614,1151,564,587,998,484,514,670,327,343,395,165,230,414,117,297,45.1,44.0,46.2
050,51,071,Virginia,Giles County,11,16829,8291,8538,892,439,453,1685,862,823,886,448,438,1201,627,574,13821,6779,7042,13366,6542,6824,5618,2855,2763,3723,1876,1847,4738,2347,2391,3704,1692,2012,892,439,453,936,474,462,941,484,457,1036,537,499,859,442,417,1017,511,506,822,422,400,896,449,447,988,494,494,1165,579,586,1269,635,634,1189,621,568,1115,512,603,1139,563,576,1010,476,534,727,354,373,414,179,235,414,120,294,45.1,43.9,46.2
050,51,071,Virginia,Giles County,12,16693,8238,8455,857,418,439,1669,854,815,862,437,425,1185,623,562,13768,6765,7003,13305,6529,6776,5546,2833,2713,3702,1877,1825,4701,2344,2357,3717,1685,2032,857,418,439,950,495,455,922,463,459,1001,514,487,843,442,401,977,496,481,892,455,437,892,458,434,941,468,473,1135,586,549,1231,595,636,1228,639,589,1107,524,583,1134,542,592,1001,475,526,746,353,393,414,184,230,422,131,291,45.3,44.0,46.5
050,51,071,Virginia,Giles County,13,16681,8217,8464,844,431,413,1675,846,829,821,401,420,1198,633,565,13777,6755,7022,13341,6539,6802,5540,2823,2717,3705,1874,1831,4719,2349,2370,3719,1683,2036,844,431,413,929,466,463,930,465,465,974,493,481,861,456,405,956,482,474,943,488,455,867,446,421,939,458,481,1104,565,539,1214,575,639,1270,658,612,1131,551,580,1094,520,574,1026,483,543,756,362,394,438,195,243,405,123,282,45.5,44.1,46.6
050,51,071,Virginia,Giles County,14,16663,8202,8461,840,436,404,1674,845,829,805,389,416,1203,634,569,13769,6741,7028,13344,6532,6812,5537,2819,2718,3707,1874,1833,4725,2351,2374,3709,1673,2036,840,436,404,923,460,463,929,463,466,961,485,476,869,460,409,950,478,472,961,501,460,859,441,418,937,454,483,1091,558,533,1211,569,642,1282,663,619,1141,561,580,1082,513,569,1028,481,547,756,362,394,447,198,249,396,119,277,45.5,44.1,46.7
050,51,073,Virginia,Gloucester County,1,36858,18239,18619,1841,972,869,4092,2118,1974,2207,1154,1053,2800,1430,1370,29873,14592,15281,28718,13995,14723,13261,6675,6586,8785,4364,4421,11723,5793,5930,5410,2408,3002,1841,972,869,2209,1122,1087,2414,1269,1145,2612,1383,1229,1864,928,936,2011,1042,969,1860,927,933,2351,1164,1187,2563,1231,1332,3327,1659,1668,3288,1596,1692,2677,1350,1327,2431,1188,1243,1876,888,988,1345,621,724,911,407,504,689,295,394,589,197,392,42.6,41.3,43.8
050,51,073,Virginia,Gloucester County,2,36859,18240,18619,1841,972,869,4092,2118,1974,2207,1154,1053,2800,1430,1370,29874,14593,15281,28719,13996,14723,13262,6676,6586,8786,4365,4421,11723,5793,5930,5410,2408,3002,1841,972,869,2209,1122,1087,2414,1269,1145,2612,1383,1229,1864,928,936,2011,1042,969,1861,928,933,2351,1164,1187,2563,1231,1332,3327,1659,1668,3288,1596,1692,2677,1350,1327,2431,1188,1243,1876,888,988,1345,621,724,911,407,504,689,295,394,589,197,392,42.6,41.3,43.8
050,51,073,Virginia,Gloucester County,3,36942,18296,18646,1859,977,882,4087,2126,1961,2185,1146,1039,2811,1440,1371,29952,14641,15311,28811,14047,14764,13258,6685,6573,8780,4367,4413,11766,5809,5957,5454,2431,3023,1859,977,882,2205,1136,1069,2400,1258,1142,2595,1375,1220,1883,943,940,2023,1046,977,1881,936,945,2332,1155,1177,2544,1230,1314,3303,1644,1659,3301,1605,1696,2726,1368,1358,2436,1192,1244,1891,900,991,1361,629,732,906,406,500,705,298,407,591,198,393,42.6,41.3,43.8
050,51,073,Virginia,Gloucester County,4,36897,18258,18639,1877,969,908,3971,2084,1887,2081,1078,1003,2903,1506,1397,30044,14681,15363,28968,14127,14841,13105,6590,6515,8603,4258,4345,11865,5850,6015,5597,2513,3084,1877,969,908,2118,1115,1003,2335,1221,1114,2516,1327,1189,1986,1005,981,2043,1046,997,1940,943,997,2174,1075,1099,2446,1194,1252,3139,1559,1580,3365,1638,1727,2900,1439,1461,2461,1214,1247,1929,932,997,1417,654,763,921,419,502,726,301,425,604,207,397,43.0,41.8,44.1
050,51,073,Virginia,Gloucester County,5,36849,18228,18621,1880,949,931,3931,2084,1847,1956,1031,925,2908,1516,1392,30114,14711,15403,29082,14164,14918,12918,6527,6391,8506,4217,4289,11797,5797,6000,5871,2634,3237,1880,949,931,2072,1109,963,2311,1212,1099,2381,1258,1123,2031,1052,979,2015,1015,1000,2044,1003,1041,2054,1016,1038,2393,1183,1210,2994,1482,1512,3367,1647,1720,3019,1488,1531,2417,1180,1237,2086,1020,1066,1447,659,788,990,442,548,706,297,409,642,216,426,43.4,42.0,44.7
050,51,073,Virginia,Gloucester County,6,36780,18140,18640,1825,910,915,3822,1984,1838,1924,1009,915,2936,1528,1408,30194,14747,15447,29209,14237,14972,12773,6497,6276,8397,4225,4172,11717,5704,6013,6159,2780,3379,1825,910,915,2026,1049,977,2280,1200,1080,2260,1188,1072,2116,1084,1032,2001,1021,980,2041,1032,1009,1972,972,1000,2383,1200,1183,2835,1354,1481,3308,1650,1658,3140,1517,1623,2434,1183,1251,2151,1052,1099,1576,731,845,1048,477,571,715,298,417,669,222,447,43.9,42.5,45.3
050,51,073,Virginia,Gloucester County,7,37038,18310,18728,1947,1000,947,3783,1951,1832,1891,995,896,2939,1549,1390,30353,14856,15497,29417,14364,15053,12806,6533,6273,8453,4234,4219,11613,5668,5945,6412,2913,3499,1947,1000,947,1973,1000,973,2287,1196,1091,2223,1189,1034,2130,1110,1020,2063,1016,1047,2124,1088,1036,1975,991,984,2291,1139,1152,2664,1278,1386,3284,1633,1651,3184,1539,1645,2481,1218,1263,2236,1090,1146,1656,782,874,1114,496,618,715,303,412,691,242,449,43.9,42.6,45.3
050,51,073,Virginia,Gloucester County,8,37032,18205,18827,1948,1001,947,3786,1918,1868,1875,975,900,2833,1458,1375,30364,14817,15547,29423,14311,15112,12743,6450,6293,8508,4255,4253,11468,5602,5866,6614,2996,3618,1948,1001,947,2008,986,1022,2251,1170,1081,2153,1117,1036,2082,1078,1004,2122,1044,1078,2174,1111,1063,1957,980,977,2255,1120,1135,2506,1215,1291,3181,1569,1612,3186,1544,1642,2595,1274,1321,2287,1119,1168,1694,797,897,1168,505,663,721,316,405,744,259,485,44.1,42.9,45.3
050,51,073,Virginia,Gloucester County,9,37121,18313,18808,1931,1021,910,3768,1928,1840,1899,978,921,2759,1410,1349,30471,14880,15591,29523,14386,15137,12734,6447,6287,8551,4304,4247,11471,5599,5872,6742,3073,3669,1931,1021,910,2072,1038,1034,2171,1135,1036,2128,1104,1024,2055,1039,1016,2152,1107,1045,2191,1145,1046,2046,983,1063,2162,1069,1093,2418,1180,1238,3048,1506,1542,3263,1580,1683,2742,1333,1409,2308,1135,1173,1729,815,914,1203,533,670,751,332,419,751,258,493,44.2,42.8,45.6
050,51,073,Virginia,Gloucester County,10,37332,18412,18920,1959,1041,918,3719,1893,1826,1862,953,909,2756,1440,1316,30719,14982,15737,29792,14525,15267,12814,6494,6320,8644,4337,4307,11486,5605,5881,6906,3143,3763,1959,1041,918,2059,1013,1046,2108,1116,992,2144,1130,1014,2026,1027,999,2178,1098,1080,2233,1150,1083,2149,1062,1087,2084,1027,1057,2348,1151,1197,2920,1419,1501,3281,1600,1681,2937,1435,1502,2265,1095,1170,1847,893,954,1251,558,693,790,340,450,753,257,496,44.4,42.8,45.8
050,51,073,Virginia,Gloucester County,11,37398,18370,19028,1913,1013,900,3709,1843,1866,1886,992,894,2612,1335,1277,30843,15022,15821,29890,14522,15368,12739,6468,6271,8720,4392,4328,11392,5521,5871,7166,3274,3892,1913,1013,900,2088,1017,1071,2100,1077,1023,2151,1144,1007,1868,932,936,2212,1112,1100,2195,1113,1082,2231,1137,1094,2082,1030,1052,2324,1149,1175,2824,1328,1496,3206,1588,1618,3038,1456,1582,2325,1122,1203,1932,938,994,1346,603,743,819,359,460,744,252,492,44.7,43.2,46.0
050,51,073,Virginia,Gloucester County,12,37499,18402,19097,1895,983,912,3767,1873,1894,1823,965,858,2595,1347,1248,30939,15075,15864,30014,14581,15433,12756,6477,6279,8753,4382,4371,11237,5448,5789,7429,3404,4025,1895,983,912,2133,1063,1070,2049,1027,1022,2135,1121,1014,1868,974,894,2195,1100,1095,2262,1121,1141,2296,1165,1131,2000,996,1004,2269,1121,1148,2632,1259,1373,3253,1593,1660,3083,1475,1608,2354,1140,1214,2037,981,1056,1415,633,782,861,368,493,762,282,480,44.8,43.3,46.2
050,51,073,Virginia,Gloucester County,13,37501,18436,19065,1883,960,923,3825,1927,1898,1755,922,833,2506,1314,1192,30974,15121,15853,30038,14627,15411,12714,6482,6232,8842,4448,4394,11065,5359,5706,7625,3506,4119,1883,960,923,2116,1077,1039,2098,1052,1046,2070,1092,978,1802,942,860,2170,1112,1058,2307,1133,1174,2363,1205,1158,2002,998,1004,2239,1108,1131,2512,1200,1312,3195,1567,1628,3119,1484,1635,2446,1189,1257,2065,993,1072,1424,639,785,896,378,518,794,307,487,44.8,43.2,46.3
050,51,073,Virginia,Gloucester County,14,37459,18419,19040,1880,951,929,3838,1942,1896,1730,906,824,2471,1304,1167,30950,15113,15837,30011,14620,15391,12690,6476,6214,8868,4462,4406,11002,5326,5676,7670,3528,4142,1880,951,929,2107,1078,1029,2110,1060,1050,2044,1080,964,1778,934,844,2160,1113,1047,2320,1131,1189,2384,1218,1166,2004,1000,1004,2226,1102,1124,2477,1181,1296,3175,1559,1616,3124,1484,1640,2470,1200,1270,2072,995,1077,1422,639,783,907,382,525,799,312,487,44.9,43.2,46.4
050,51,075,Virginia,Goochland County,1,21717,10764,10953,1012,540,472,2333,1192,1141,1055,550,505,1163,628,535,17864,8782,9082,17317,8482,8835,7198,3633,3565,5228,2574,2654,7689,3760,3929,3237,1520,1717,1012,540,472,1246,622,624,1335,689,646,1195,637,558,775,422,353,868,457,411,1124,537,587,1466,729,737,1770,851,919,2039,973,1066,2068,981,1087,1855,937,918,1727,869,858,1237,587,650,776,391,385,562,276,286,364,166,198,298,100,198,45.2,44.5,45.7
050,51,075,Virginia,Goochland County,2,21852,10842,11010,1026,550,476,2347,1199,1148,1061,553,508,1172,636,536,17970,8845,9125,17418,8540,8878,7238,3654,3584,5256,2584,2672,7734,3785,3949,3256,1535,1721,1026,550,476,1250,624,626,1348,694,654,1204,644,560,778,426,352,873,458,415,1130,539,591,1480,737,743,1773,850,923,2051,982,1069,2082,984,1098,1865,944,921,1736,875,861,1243,596,647,781,392,389,563,279,284,368,169,199,301,99,202,45.2,44.5,45.7
050,51,075,Virginia,Goochland County,3,21906,10868,11038,1013,543,470,2340,1195,1145,1064,550,514,1207,656,551,18038,8880,9158,17489,8580,8909,7227,3647,3580,5214,2565,2649,7756,3798,3958,3312,1561,1751,1013,543,470,1235,617,618,1363,702,661,1214,647,567,799,435,364,875,461,414,1121,538,583,1464,723,741,1754,843,911,2045,973,1072,2090,995,1095,1880,949,931,1741,881,860,1260,607,653,799,400,399,569,280,289,376,172,204,308,102,206,45.3,44.6,45.8
050,51,075,Virginia,Goochland County,4,21537,10646,10891,983,510,473,2286,1174,1112,1059,537,522,1273,678,595,17732,8696,9036,17209,8425,8784,6787,3414,3373,4735,2339,2396,7717,3756,3961,3484,1652,1832,983,510,473,1163,588,575,1403,726,677,1217,644,573,835,431,404,818,427,391,996,490,506,1318,637,681,1603,785,818,1960,914,1046,2056,995,1061,1901,946,955,1800,901,899,1338,655,683,854,423,431,595,293,302,390,183,207,307,98,209,46.1,45.5,46.7
050,51,075,Virginia,Goochland County,5,21438,10574,10864,927,484,443,2236,1149,1087,1106,549,557,1290,693,597,17707,8653,9054,17169,8392,8777,6664,3346,3318,4547,2246,2301,7563,3658,3905,3769,1795,1974,927,484,443,1104,562,542,1411,729,682,1238,639,599,879,461,418,772,423,349,973,472,501,1214,590,624,1588,761,827,1869,875,994,2058,1002,1056,1921,946,975,1715,835,880,1492,746,746,929,444,485,616,296,320,393,194,199,339,115,224,46.8,46.0,47.5
050,51,075,Virginia,Goochland County,6,21732,10701,11031,912,464,448,2175,1104,1071,1132,579,553,1369,737,632,18069,8830,9239,17513,8554,8959,6788,3413,3375,4586,2259,2327,7570,3674,3896,3988,1884,2104,912,464,448,1108,572,536,1366,694,672,1237,632,605,965,522,443,839,431,408,963,473,490,1216,601,615,1568,754,814,1784,838,946,2060,997,1063,1965,950,1015,1761,889,872,1559,766,793,1034,485,549,621,311,310,431,206,225,343,116,227,47.1,46.3,47.8
050,51,075,Virginia,Goochland County,7,22020,10879,11141,925,479,446,2185,1122,1063,1127,599,528,1447,776,671,18343,8972,9371,17783,8679,9104,6896,3490,3406,4589,2254,2335,7517,3642,3875,4230,2007,2223,925,479,446,1108,585,523,1344,676,668,1258,656,602,1049,580,469,874,455,419,993,494,499,1180,566,614,1542,739,803,1693,805,888,2003,958,1045,2003,962,1041,1818,917,901,1669,827,842,1120,525,595,643,322,321,416,203,213,382,130,252,47.4,46.4,48.2
050,51,075,Virginia,Goochland County,8,22344,11032,11312,918,476,442,2124,1077,1047,1170,618,552,1520,817,703,18729,9180,9549,18132,8861,9271,7011,3567,3444,4627,2291,2336,7566,3663,3903,4419,2090,2329,918,476,442,1129,583,546,1301,653,648,1291,679,612,1093,597,496,988,517,471,1030,532,498,1128,535,593,1481,707,774,1650,807,843,2011,957,1054,2077,987,1090,1828,912,916,1702,837,865,1199,562,637,693,349,344,421,204,217,404,138,266,47.5,46.4,48.4
050,51,075,Virginia,Goochland County,9,22665,11155,11510,930,471,459,2102,1081,1021,1193,611,582,1544,829,715,19045,9312,9733,18440,8992,9448,7082,3577,3505,4627,2271,2356,7578,3660,3918,4691,2232,2459,930,471,459,1109,576,533,1275,639,636,1339,710,629,1116,596,520,1042,542,500,1054,525,529,1156,548,608,1375,656,719,1597,788,809,1973,927,1046,2147,1029,1118,1861,916,945,1794,897,897,1252,589,663,770,377,393,454,225,229,421,144,277,47.9,46.8,48.8
050,51,075,Virginia,Goochland County,10,22893,11246,11647,928,461,467,2080,1088,992,1121,570,551,1555,806,749,19340,9430,9910,18764,9127,9637,7060,3558,3502,4647,2313,2334,7632,3656,3976,4930,2352,2578,928,461,467,1101,583,518,1242,636,606,1320,682,638,1093,563,530,1114,587,527,1046,526,520,1182,567,615,1305,633,672,1639,788,851,1921,902,1019,2154,1040,1114,1918,926,992,1726,840,886,1415,694,721,847,403,444,481,236,245,461,179,282,48.3,47.4,49.3
050,51,075,Virginia,Goochland County,11,23423,11474,11949,936,478,458,2113,1107,1006,1161,579,582,1555,793,762,19838,9619,10219,19213,9310,9903,7246,3649,3597,4797,2410,2387,7663,3642,4021,5198,2465,2733,936,478,458,1090,580,510,1290,660,630,1334,679,655,1115,560,555,1192,634,558,1094,560,534,1169,562,607,1342,654,688,1625,772,853,1872,887,985,2175,1039,1136,1991,944,1047,1752,860,892,1502,725,777,954,443,511,485,237,248,505,200,305,48.5,47.5,49.5
050,51,075,Virginia,Goochland County,12,23949,11765,12184,939,486,453,2111,1090,1021,1117,554,563,1636,864,772,20368,9921,10447,19782,9635,10147,7471,3799,3672,4981,2516,2465,7702,3659,4043,5463,2596,2867,939,486,453,1113,560,553,1261,665,596,1302,664,638,1188,619,569,1234,666,568,1184,604,580,1230,611,619,1333,635,698,1649,772,877,1816,874,942,2165,1031,1134,2072,982,1090,1811,894,917,1570,755,815,1039,475,564,515,250,265,528,222,306,48.8,47.7,49.7
050,51,075,Virginia,Goochland County,13,24353,12000,12353,925,493,432,2119,1076,1043,1108,564,544,1706,889,817,20775,10159,10616,20201,9867,10334,7659,3924,3735,5110,2603,2507,7745,3690,4055,5640,2685,2955,925,493,432,1097,545,552,1287,663,624,1300,669,631,1249,652,597,1277,696,581,1232,628,604,1279,648,631,1322,631,691,1618,764,854,1797,881,916,2170,1024,1146,2160,1021,1139,1869,916,953,1603,773,830,1081,501,580,553,264,289,534,231,303,48.9,47.6,49.9
050,51,075,Virginia,Goochland County,14,24431,12043,12388,921,495,426,2114,1071,1043,1105,566,539,1726,895,831,20859,10203,10656,20291,9911,10380,7708,3951,3757,5145,2622,2523,7745,3695,4050,5675,2699,2976,921,495,426,1089,540,549,1293,663,630,1293,665,628,1270,664,606,1285,704,581,1245,633,612,1296,659,637,1319,626,693,1607,763,844,1789,881,908,2167,1020,1147,2182,1031,1151,1886,921,965,1607,774,833,1088,506,582,564,267,297,530,231,299,48.9,47.6,49.9
050,51,077,Virginia,Grayson County,1,15533,7611,7922,699,359,340,1465,734,731,786,379,407,1054,532,522,12978,6334,6644,12583,6139,6444,5031,2558,2473,3369,1731,1638,4901,2464,2437,3259,1412,1847,699,359,340,764,378,386,879,440,439,945,454,491,717,373,344,684,357,327,729,381,348,939,471,468,1017,522,495,1160,585,575,1237,624,613,1299,645,654,1205,610,595,957,472,485,798,372,426,647,279,368,478,182,296,379,107,272,46.7,45.6,47.9
050,51,077,Virginia,Grayson County,2,15557,7623,7934,700,360,340,1466,733,733,789,382,407,1059,534,525,12998,6344,6654,12602,6148,6454,5047,2566,2481,3377,1734,1643,4907,2467,2440,3259,1413,1846,700,360,340,764,378,386,880,439,441,950,457,493,720,375,345,684,356,328,732,382,350,943,474,469,1018,522,496,1161,585,576,1241,626,615,1301,646,655,1204,610,594,957,472,485,797,372,425,647,279,368,479,183,296,379,107,272,46.7,45.6,47.8
050,51,077,Virginia,Grayson County,3,15500,7593,7907,697,362,335,1462,731,731,782,381,401,1063,531,532,12956,6316,6640,12559,6119,6440,5019,2553,2466,3351,1727,1624,4890,2455,2435,3255,1406,1849,697,362,335,757,378,379,882,439,443,934,450,484,734,376,358,686,361,325,713,372,341,934,471,463,1018,523,495,1153,578,575,1236,624,612,1297,643,654,1204,610,594,951,466,485,806,377,429,637,274,363,478,184,294,383,105,278,46.7,45.6,47.9
050,51,077,Virginia,Grayson County,4,15368,7547,7821,699,358,341,1418,711,707,774,393,381,1066,517,549,12887,6292,6595,12477,6085,6392,4933,2521,2412,3276,1707,1569,4852,2427,2425,3283,1434,1849,699,358,341,720,364,356,881,443,438,898,445,453,759,369,390,701,367,334,672,351,321,902,466,436,1001,523,478,1109,540,569,1222,614,608,1280,650,630,1241,623,618,956,462,494,830,394,436,619,277,342,480,188,292,398,113,285,47.0,45.9,48.0
050,51,077,Virginia,Grayson County,5,15146,7444,7702,684,337,347,1423,725,698,714,356,358,1038,501,537,12702,6218,6484,12325,6026,6299,4775,2450,2325,3180,1664,1516,4763,2383,2380,3344,1478,1866,684,337,347,733,374,359,847,422,425,848,432,416,747,354,393,669,352,317,679,347,332,848,436,412,984,529,455,1087,525,562,1190,605,585,1267,647,620,1219,606,613,1028,506,522,823,393,430,613,269,344,503,196,307,377,114,263,47.5,46.4,48.5
050,51,077,Virginia,Grayson County,6,15131,7370,7761,679,304,375,1408,699,709,692,346,346,1064,522,542,12711,6204,6507,12352,6021,6331,4727,2406,2321,3140,1623,1517,4714,2340,2374,3434,1536,1898,679,304,375,725,356,369,852,428,424,827,417,410,760,366,394,691,359,332,661,339,322,790,402,388,998,523,475,1067,506,561,1181,593,588,1228,633,595,1238,608,630,1076,542,534,847,400,447,623,279,344,500,196,304,388,119,269,47.8,46.9,48.6
050,51,077,Virginia,Grayson County,7,15925,8140,7785,722,350,372,1326,645,681,698,348,350,1153,625,528,13521,6966,6555,13179,6797,6382,5272,2936,2336,3616,2062,1554,4926,2534,2392,3484,1576,1908,722,350,372,691,340,351,830,404,426,819,415,404,837,459,378,860,503,357,790,458,332,878,497,381,1088,604,484,1157,609,548,1242,637,605,1229,634,595,1298,654,644,1107,563,544,845,397,448,666,305,361,482,197,285,384,114,270,47.0,45.3,48.9
050,51,077,Virginia,Grayson County,8,15960,8209,7751,729,344,385,1300,649,651,712,348,364,1154,640,514,13557,7034,6523,13219,6868,6351,5283,2971,2312,3603,2071,1532,4914,2551,2363,3548,1606,1942,729,344,385,708,364,344,778,373,405,827,422,405,853,478,375,879,513,366,827,484,343,842,489,353,1055,585,470,1124,604,520,1217,629,588,1276,654,622,1297,664,633,1132,565,567,859,402,457,665,300,365,479,204,275,413,135,278,47.2,45.5,49.3
050,51,077,Virginia,Grayson County,9,15870,8161,7709,728,361,367,1292,648,644,701,353,348,1118,617,501,13512,6985,6527,13149,6799,6350,5188,2915,2273,3523,2022,1501,4862,2515,2347,3646,1645,2001,728,361,367,685,347,338,761,378,383,825,424,401,840,469,371,876,507,369,836,486,350,785,449,336,1026,580,446,1125,613,512,1190,608,582,1265,632,633,1282,662,620,1181,590,591,867,402,465,689,306,383,467,200,267,442,147,295,47.5,45.6,49.8
050,51,077,Virginia,Grayson County,10,15699,8099,7600,703,351,352,1238,622,616,693,349,344,1099,614,485,13430,6966,6464,13065,6777,6288,5035,2839,2196,3418,1958,1460,4801,2496,2305,3747,1709,2038,703,351,352,660,324,336,753,380,373,808,418,390,809,463,346,875,507,368,791,462,329,784,450,334,968,539,429,1100,618,482,1189,598,591,1225,621,604,1287,659,628,1172,581,591,955,468,487,685,308,377,467,200,267,468,152,316,48.2,46.2,50.6
050,51,077,Virginia,Grayson County,11,15621,8045,7576,664,341,323,1313,651,662,642,315,327,1119,644,475,13342,6913,6429,13002,6738,6264,4966,2784,2182,3338,1889,1449,4714,2441,2273,3831,1764,2067,664,341,323,712,339,373,734,376,358,806,415,391,822,480,342,862,497,365,787,453,334,778,434,344,911,505,406,1068,594,474,1161,588,573,1235,618,617,1250,641,609,1200,593,607,976,492,484,699,313,386,483,212,271,473,154,319,48.3,46.5,50.8
050,51,077,Virginia,Grayson County,12,15574,8025,7549,630,323,307,1347,679,668,591,286,305,1098,624,474,13332,6901,6431,13006,6737,6269,4880,2739,2141,3325,1891,1434,4639,2380,2259,3944,1842,2102,630,323,307,773,381,392,708,360,348,744,381,363,811,467,344,868,499,369,808,476,332,781,426,355,868,490,378,1067,572,495,1116,595,521,1254,612,642,1202,601,601,1248,619,629,996,513,483,726,335,391,514,222,292,460,153,307,48.7,46.9,51.1
050,51,077,Virginia,Grayson County,13,15530,8002,7528,617,317,300,1318,663,655,592,287,305,1072,622,450,13313,6884,6429,13003,6735,6268,4838,2722,2116,3320,1889,1431,4610,2364,2246,4001,1860,2141,617,317,300,752,375,377,712,364,348,716,364,352,802,469,333,862,496,366,833,483,350,778,431,347,847,479,368,1053,562,491,1073,572,501,1222,599,623,1262,631,631,1247,624,623,1030,519,511,733,334,399,520,214,306,471,169,302,49.1,47.1,51.5
050,51,077,Virginia,Grayson County,14,15493,7985,7508,613,314,299,1306,659,647,590,287,303,1065,622,443,13286,6869,6417,12984,6725,6259,4822,2717,2105,3318,1889,1429,4594,2353,2241,4007,1861,2146,613,314,299,747,375,372,710,365,345,705,359,346,799,469,330,858,493,365,841,485,356,779,433,346,840,478,362,1050,558,492,1057,563,494,1210,593,617,1277,639,638,1243,623,620,1038,520,518,732,333,399,522,212,310,472,173,299,49.2,47.2,51.5
050,51,079,Virginia,Greene County,1,18403,9057,9346,1310,654,656,2341,1261,1080,940,492,448,1309,647,662,14271,6885,7386,13812,6650,7162,6840,3398,3442,4817,2378,2439,5341,2572,2769,2345,1053,1292,1310,654,656,1315,693,622,1252,687,565,1133,594,539,890,426,464,1053,516,537,1152,569,583,1292,646,646,1320,647,673,1584,766,818,1404,704,700,1182,554,628,1171,548,623,863,422,441,564,259,305,415,192,223,256,105,151,247,75,172,39.3,38.1,40.4
050,51,079,Virginia,Greene County,2,18412,9062,9350,1311,654,657,2344,1262,1082,941,493,448,1310,648,662,14275,6888,7387,13816,6653,7163,6843,3399,3444,4819,2378,2441,5346,2577,2769,2341,1050,1291,1311,654,657,1317,694,623,1254,688,566,1134,595,539,890,426,464,1053,516,537,1153,569,584,1292,646,646,1321,647,674,1586,768,818,1404,704,700,1184,555,629,1172,550,622,861,421,440,564,259,305,414,191,223,255,104,151,247,75,172,39.3,38.1,40.4
050,51,079,Virginia,Greene County,3,18480,9090,9390,1328,668,660,2354,1264,1090,946,499,447,1313,644,669,14318,6900,7418,13852,6659,7193,6833,3390,3443,4807,2371,2436,5370,2586,2784,2362,1058,1304,1328,668,660,1318,694,624,1269,694,575,1122,586,536,904,433,471,1050,512,538,1169,576,593,1276,638,638,1312,645,667,1587,765,822,1417,713,704,1183,553,630,1183,555,628,867,422,445,578,265,313,411,190,221,252,102,150,254,79,175,39.3,38.1,40.4
050,51,079,Virginia,Greene County,4,18694,9219,9475,1305,666,639,2391,1266,1125,974,528,446,1318,648,670,14515,7028,7487,14024,6759,7265,6813,3406,3407,4774,2368,2406,5459,2626,2833,2473,1117,1356,1305,666,639,1324,691,633,1320,713,607,1094,574,520,945,464,481,1016,497,519,1242,618,624,1198,598,600,1318,655,663,1575,762,813,1456,732,724,1195,556,639,1233,576,657,907,438,469,634,298,336,425,189,236,246,103,143,261,89,172,39.6,38.3,40.8
050,51,079,Virginia,Greene County,5,18831,9250,9581,1267,632,635,2406,1262,1144,964,523,441,1355,688,667,14666,7091,7575,14194,6833,7361,6798,3403,3395,4722,2321,2401,5413,2608,2805,2704,1216,1488,1267,632,635,1331,682,649,1318,709,609,1093,593,500,983,489,494,994,479,515,1230,608,622,1167,574,593,1331,660,671,1464,718,746,1505,744,761,1268,602,666,1176,544,632,1023,482,541,676,321,355,457,194,263,277,122,155,271,97,174,40.1,38.8,41.4
050,51,079,Virginia,Greene County,6,18874,9234,9640,1204,605,599,2448,1278,1170,968,518,450,1360,691,669,14711,7077,7634,14254,6833,7421,6755,3351,3404,4691,2283,2408,5359,2584,2775,2844,1275,1569,1204,605,599,1369,698,671,1343,721,622,1080,588,492,984,480,504,1014,490,524,1199,562,637,1199,599,600,1279,632,647,1416,706,710,1494,721,773,1300,625,675,1149,532,617,1098,509,589,722,349,373,469,202,267,293,127,166,262,88,174,40.2,39.1,41.5
050,51,079,Virginia,Greene County,7,19131,9373,9758,1259,609,650,2407,1239,1168,1029,572,457,1350,683,667,14909,7214,7695,14436,6953,7483,6801,3403,3398,4716,2315,2401,5398,2610,2788,2972,1345,1627,1259,609,650,1344,688,656,1357,718,639,1092,606,486,993,482,511,1066,512,554,1188,576,612,1182,586,596,1280,641,639,1369,677,692,1528,752,776,1341,656,685,1160,525,635,1141,545,596,746,347,399,501,230,271,315,134,181,269,89,180,40.3,39.2,41.5
050,51,079,Virginia,Greene County,8,19205,9396,9809,1151,559,592,2474,1281,1193,1080,591,489,1346,693,653,15013,7244,7769,14500,6965,7535,6801,3409,3392,4647,2267,2380,5408,2606,2802,3099,1399,1700,1151,559,592,1371,700,671,1375,723,652,1156,646,510,998,496,502,1088,514,574,1125,525,600,1197,598,599,1237,630,607,1315,644,671,1536,752,784,1378,673,705,1179,537,642,1167,553,614,800,373,427,517,236,281,313,134,179,302,103,199,40.6,39.4,41.7
050,51,079,Virginia,Greene County,9,19313,9459,9854,1146,546,600,2432,1243,1189,1125,629,496,1291,660,631,15174,7358,7816,14610,7041,7569,6806,3424,3382,4680,2301,2379,5444,2624,2820,3195,1456,1739,1146,546,600,1334,677,657,1388,732,656,1206,670,536,920,453,467,1152,565,587,1146,562,584,1218,591,627,1164,583,581,1308,645,663,1525,735,790,1400,689,711,1211,555,656,1185,564,621,841,391,450,541,254,287,324,134,190,304,113,191,40.7,39.4,41.8
050,51,079,Virginia,Greene County,10,19608,9606,10002,1170,580,590,2469,1265,1204,1120,612,508,1279,685,594,15406,7451,7955,14849,7149,7700,6910,3474,3436,4785,2321,2464,5497,2657,2840,3288,1486,1802,1170,580,590,1338,667,671,1405,742,663,1237,689,548,888,464,424,1177,559,618,1197,588,609,1252,600,652,1159,574,585,1313,648,665,1454,705,749,1453,716,737,1277,588,689,1103,516,587,941,431,510,595,288,307,342,137,205,307,114,193,40.6,39.3,42.0
050,51,079,Virginia,Greene County,11,19719,9650,10069,1197,567,630,2430,1234,1196,1092,584,508,1316,728,588,15536,7549,7987,15000,7265,7735,6886,3475,3411,4767,2316,2451,5464,2645,2819,3453,1576,1877,1197,567,630,1310,666,644,1409,721,688,1239,680,559,880,479,401,1127,544,583,1248,607,641,1235,585,650,1157,580,577,1258,610,648,1436,708,728,1477,724,753,1293,603,690,1116,522,594,1028,469,559,635,312,323,358,153,205,316,120,196,40.8,39.8,42.0
050,51,079,Virginia,Greene County,12,19901,9722,10179,1200,573,627,2365,1208,1157,1126,599,527,1355,721,634,15757,7638,8119,15210,7342,7868,6989,3499,3490,4794,2329,2465,5439,2653,2786,3622,1639,1983,1200,573,627,1237,632,605,1414,726,688,1258,675,583,937,495,442,1146,556,590,1234,604,630,1219,579,640,1195,590,605,1215,613,602,1364,664,700,1537,751,786,1323,625,698,1168,531,637,1070,504,566,673,308,365,389,181,208,322,115,207,41.2,40.2,42.3
050,51,079,Virginia,Greene County,13,20112,9869,10243,1188,571,617,2364,1212,1152,1152,610,542,1368,729,639,15973,7774,8199,15408,7476,7932,7118,3587,3531,4904,2413,2491,5401,2655,2746,3735,1679,2056,1188,571,617,1225,632,593,1445,745,700,1256,668,588,958,506,452,1174,592,582,1303,644,659,1210,574,636,1217,603,614,1196,600,596,1323,658,665,1516,731,785,1366,666,700,1184,536,648,1104,511,593,705,332,373,408,180,228,334,120,214,41.1,40.0,42.4
050,51,079,Virginia,Greene County,14,20131,9886,10245,1179,568,611,2356,1207,1149,1161,612,549,1371,730,641,16004,7796,8208,15435,7499,7936,7148,3609,3539,4931,2437,2494,5380,2651,2729,3753,1681,2072,1179,568,611,1215,625,590,1456,752,704,1252,663,589,965,509,456,1176,599,577,1325,658,667,1207,573,634,1223,607,616,1190,598,592,1314,657,657,1503,720,783,1373,676,697,1188,536,652,1107,509,598,712,338,374,410,177,233,336,121,215,41.1,40.0,42.4
050,51,081,Virginia,Greensville County,1,12243,7668,4575,500,264,236,1016,521,495,490,259,231,1071,743,328,10493,6757,3736,10237,6624,3613,5358,3829,1529,3925,2887,1038,3704,2313,1391,1537,681,856,500,264,236,559,294,265,585,287,298,602,334,268,831,608,223,901,688,213,1000,743,257,937,670,267,1087,786,301,1068,733,335,1029,657,372,880,525,355,727,398,329,529,272,257,379,163,216,296,134,162,188,70,118,145,42,103,40.9,39.6,44.2
050,51,081,Virginia,Greensville County,2,12245,7666,4579,502,264,238,1017,522,495,491,260,231,1071,742,329,10492,6754,3738,10235,6620,3615,5361,3830,1531,3927,2888,1039,3702,2311,1391,1535,679,856,502,264,238,559,294,265,586,288,298,603,335,268,831,607,224,901,688,213,1000,743,257,938,670,268,1088,787,301,1068,733,335,1028,656,372,881,525,356,725,397,328,528,272,256,379,162,217,295,133,162,188,70,118,145,42,103,40.9,39.6,44.2
050,51,081,Virginia,Greensville County,3,12233,7652,4581,493,258,235,1007,511,496,487,260,227,1077,745,332,10501,6758,3743,10246,6623,3623,5351,3822,1529,3908,2878,1030,3704,2315,1389,1557,685,872,493,258,235,550,288,262,578,284,294,604,334,270,839,610,229,899,687,212,992,740,252,933,665,268,1084,786,298,1071,738,333,1023,653,370,880,523,357,730,401,329,537,272,265,382,162,220,298,135,163,194,75,119,146,41,105,41.0,39.7,44.4
050,51,081,Virginia,Greensville County,4,12001,7498,4503,496,274,222,979,485,494,481,263,218,1069,728,341,10298,6617,3681,10045,6476,3569,5193,3689,1504,3752,2758,994,3649,2306,1343,1575,684,891,496,274,222,526,277,249,562,268,294,611,343,268,830,588,242,875,666,209,952,714,238,889,631,258,1036,747,289,1071,756,315,995,643,352,844,501,343,739,406,333,557,273,284,374,158,216,305,135,170,193,79,114,146,39,107,41.2,39.9,44.7
050,51,081,Virginia,Greensville County,5,11746,7246,4500,496,266,230,970,498,472,473,245,228,1062,711,351,10063,6371,3692,9807,6237,3570,5010,3518,1492,3585,2614,971,3529,2200,1329,1631,712,919,496,266,230,518,277,241,562,273,289,603,342,261,822,562,260,841,640,201,905,674,231,842,601,241,997,699,298,1036,725,311,922,593,329,848,494,354,723,388,335,580,283,297,384,174,210,314,132,182,198,85,113,155,38,117,41.4,39.9,45.0
050,51,081,Virginia,Greensville County,6,11690,7194,4496,493,263,230,962,513,449,466,218,248,1053,714,339,10012,6321,3691,9769,6200,3569,4955,3474,1481,3547,2587,960,3491,2160,1331,1678,739,939,493,263,230,527,282,245,546,276,270,587,325,262,821,562,259,859,641,218,882,678,204,853,598,255,953,670,283,1019,702,317,904,579,325,860,498,362,708,381,327,596,292,304,411,192,219,302,118,184,218,99,119,151,38,113,41.5,39.8,45.3
050,51,081,Virginia,Greensville County,7,11568,7132,4436,507,295,212,939,497,442,455,211,244,1012,694,318,9902,6248,3654,9667,6129,3538,4859,3396,1463,3507,2541,966,3432,2131,1301,1716,763,953,507,295,212,516,261,255,538,286,252,562,295,267,790,560,230,875,634,241,867,670,197,845,591,254,920,646,274,990,687,303,898,568,330,833,486,347,711,390,321,619,317,302,433,190,243,288,119,169,210,99,111,166,38,128,41.6,39.8,45.5
050,51,081,Virginia,Greensville County,8,11792,7441,4351,511,295,216,907,472,435,455,206,249,1033,723,310,10135,6559,3576,9919,6468,3451,5093,3647,1446,3723,2781,942,3446,2195,1251,1717,769,948,511,295,216,506,260,246,519,275,244,554,277,277,816,589,227,957,717,240,944,740,204,864,624,240,958,700,258,1011,717,294,911,604,307,833,494,339,691,380,311,633,325,308,440,200,240,299,117,182,193,85,108,152,42,110,41.1,39.5,45.4
050,51,081,Virginia,Greensville County,9,11515,7248,4267,480,257,223,944,494,450,444,209,235,978,692,286,9884,6385,3499,9647,6288,3359,4948,3538,1410,3618,2688,930,3361,2149,1212,1690,759,931,480,257,223,529,280,249,507,265,242,555,285,270,775,565,210,932,689,243,929,714,215,838,614,224,919,671,248,966,680,286,907,613,294,797,477,320,691,379,312,634,324,310,443,196,247,279,108,171,204,88,116,130,43,87,41.1,39.6,45.2
050,51,081,Virginia,Greensville County,10,11552,7297,4255,460,249,211,957,502,455,445,223,222,982,692,290,9931,6435,3496,9690,6323,3367,4957,3586,1371,3636,2730,906,3364,2140,1224,1708,761,947,460,249,211,519,282,237,544,279,265,550,276,274,771,580,191,944,696,248,939,715,224,857,637,220,896,682,214,966,676,290,914,618,296,762,461,301,722,385,337,617,320,297,462,198,264,287,116,171,198,78,120,144,49,95,41.0,39.4,45.7
050,51,081,Virginia,Greensville County,11,11380,7164,4216,441,227,214,963,512,451,432,227,205,965,685,280,9759,6312,3447,9544,6198,3346,4863,3518,1345,3577,2661,916,3280,2076,1204,1722,776,946,441,227,214,537,295,242,537,272,265,540,291,249,746,566,180,903,651,252,960,715,245,830,639,191,884,656,228,935,665,270,865,573,292,764,464,300,716,374,342,619,325,294,469,209,260,303,121,182,187,70,117,144,51,93,41.0,39.4,46.0
050,51,081,Virginia,Greensville County,12,11289,7109,4180,398,199,199,948,504,444,431,217,214,960,677,283,9721,6299,3422,9512,6189,3323,4835,3509,1326,3555,2671,884,3233,2036,1197,1764,805,959,398,199,199,531,290,241,528,270,258,546,293,253,734,545,189,893,653,240,978,730,248,801,618,183,883,670,213,915,643,272,854,565,289,766,456,310,698,372,326,617,328,289,494,232,262,325,120,205,191,80,111,137,45,92,41.3,39.6,46.3
050,51,081,Virginia,Greensville County,13,11296,7100,4196,415,209,206,934,495,439,454,225,229,961,672,289,9721,6286,3435,9493,6171,3322,4840,3503,1337,3535,2660,875,3195,2014,1181,1802,825,977,415,209,206,514,279,235,530,270,260,550,297,253,755,546,209,867,643,224,982,733,249,810,618,192,876,666,210,892,629,263,846,558,288,762,462,300,695,365,330,623,331,292,508,239,269,329,125,204,200,80,120,142,50,92,41.3,39.6,46.2
050,51,081,Virginia,Greensville County,14,11280,7095,4185,418,209,209,933,495,438,460,225,235,963,670,293,9703,6282,3421,9469,6166,3303,4838,3503,1335,3522,2660,862,3176,2005,1171,1808,831,977,418,209,209,509,276,233,531,271,260,552,298,254,764,545,219,858,642,216,979,735,244,815,619,196,870,664,206,884,625,259,841,555,286,759,463,296,692,362,330,624,333,291,510,241,269,330,127,203,201,78,123,143,52,91,41.2,39.6,46.1
050,51,083,Virginia,Halifax County,1,36241,17274,18967,2001,1035,966,4010,1999,2011,1972,991,981,2486,1257,1229,29244,13731,15513,28258,13249,15009,11787,5846,5941,7818,3838,3980,10935,5319,5616,7019,2835,4184,2001,1035,966,2140,1030,1110,2359,1209,1150,2324,1169,1155,1645,839,806,1748,861,887,1752,832,920,2026,1005,1021,2292,1140,1152,2554,1267,1287,2850,1400,1450,2779,1356,1423,2752,1296,1456,2156,1024,1132,1676,740,936,1271,490,781,953,322,631,963,259,704,44.7,43.1,46.3
050,51,083,Virginia,Halifax County,2,36253,17281,18972,2002,1036,966,4011,1999,2012,1972,991,981,2486,1257,1229,29254,13737,15517,28268,13255,15013,11790,5849,5941,7821,3841,3980,10938,5321,5617,7023,2836,4187,2002,1036,966,2140,1030,1110,2360,1209,1151,2324,1169,1155,1645,839,806,1749,862,887,1752,832,920,2027,1006,1021,2293,1141,1152,2555,1267,1288,2852,1402,1450,2779,1356,1423,2752,1296,1456,2158,1024,1134,1677,741,936,1272,490,782,953,322,631,963,259,704,44.7,43.1,46.3
050,51,083,Virginia,Halifax County,3,36204,17248,18956,1987,1029,958,3999,1989,2010,1965,994,971,2512,1268,1244,29240,13725,15515,28253,13236,15017,11765,5817,5948,7771,3798,3973,10917,5318,5599,7053,2852,4201,1987,1029,958,2140,1030,1110,2342,1202,1140,2320,1166,1154,1674,853,821,1737,852,885,1746,829,917,2001,989,1012,2287,1128,1159,2544,1263,1281,2828,1395,1433,2787,1360,1427,2758,1300,1458,2165,1031,1134,1681,742,939,1289,498,791,952,324,628,966,257,709,44.7,43.2,46.3
050,51,083,Virginia,Halifax County,4,35997,17161,18836,1892,993,899,4001,1983,2018,1933,994,939,2567,1284,1283,29149,13696,15453,28171,13191,14980,11615,5748,5867,7590,3718,3872,10869,5297,5572,7145,2892,4253,1892,993,899,2155,1054,1101,2321,1177,1144,2275,1143,1132,1750,887,863,1755,884,871,1714,821,893,1889,944,945,2232,1069,1163,2496,1240,1256,2742,1371,1371,2815,1348,1467,2816,1338,1478,2224,1050,1174,1695,743,952,1329,532,797,933,312,621,964,255,709,45.0,43.2,46.8
050,51,083,Virginia,Halifax County,5,35740,17019,18721,1828,963,865,3931,1955,1976,1919,962,957,2596,1314,1282,29038,13630,15408,28062,13139,14923,11460,5670,5790,7432,3629,3803,10616,5179,5437,7418,3017,4401,1828,963,865,2141,1060,1081,2277,1130,1147,2232,1139,1093,1796,902,894,1724,867,857,1709,817,892,1816,897,919,2183,1048,1135,2405,1199,1206,2676,1346,1330,2799,1322,1477,2736,1312,1424,2379,1105,1274,1737,773,964,1383,575,808,934,308,626,985,256,729,45.4,43.5,47.1
050,51,083,Virginia,Halifax County,6,35389,16911,18478,1753,935,818,3849,1916,1933,1854,951,903,2672,1366,1306,28864,13591,15273,27933,13109,14824,11377,5649,5728,7305,3575,3730,10344,5026,5318,7612,3142,4470,1753,935,818,2134,1060,1074,2169,1099,1070,2182,1121,1061,1890,953,937,1706,855,851,1682,812,870,1754,859,895,2163,1049,1114,2300,1143,1157,2569,1287,1282,2782,1313,1469,2693,1283,1410,2457,1142,1315,1831,834,997,1366,578,788,942,317,625,1016,271,745,45.6,43.6,47.5
050,51,083,Virginia,Halifax County,7,35205,16839,18366,1769,925,844,3763,1870,1893,1814,931,883,2771,1431,1340,28781,13571,15210,27859,13113,14746,11334,5657,5677,7192,3528,3664,10163,4942,5221,7733,3212,4521,1769,925,844,2056,1037,1019,2150,1066,1084,2147,1109,1038,1995,1020,975,1677,862,815,1726,830,896,1711,815,896,2078,1021,1057,2231,1118,1113,2513,1244,1269,2774,1312,1462,2645,1268,1377,2495,1159,1336,1906,876,1030,1384,585,799,929,315,614,1019,277,742,45.7,43.7,47.6
050,51,083,Virginia,Halifax County,8,35104,16787,18317,1819,931,888,3686,1856,1830,1790,905,885,2728,1404,1324,28702,13547,15155,27809,13095,14714,11207,5599,5608,7134,3506,3628,10019,4863,5156,7928,3322,4606,1819,931,888,1988,1043,945,2143,1029,1114,2091,1083,1008,1982,1010,972,1704,893,811,1713,811,902,1759,825,934,1958,977,981,2193,1087,1106,2446,1192,1254,2725,1317,1408,2655,1267,1388,2580,1198,1382,1943,898,1045,1401,613,788,973,335,638,1031,278,753,45.9,43.9,47.8
050,51,083,Virginia,Halifax County,9,35003,16756,18247,1870,941,929,3595,1828,1767,1753,891,862,2699,1373,1326,28668,13568,15100,27785,13096,14689,11107,5577,5530,7089,3518,3571,9918,4788,5130,8079,3417,4662,1870,941,929,1888,992,896,2141,1041,1100,2050,1063,987,1968,996,972,1778,926,852,1751,859,892,1703,805,898,1857,928,929,2169,1038,1131,2402,1181,1221,2662,1301,1361,2685,1268,1417,2628,1242,1386,1971,911,1060,1439,617,822,1020,374,646,1021,273,748,46.2,44.2,47.9
050,51,083,Virginia,Halifax County,10,34592,16569,18023,1906,952,954,3514,1803,1711,1719,861,858,2591,1341,1250,28337,13403,14934,27453,12953,14500,10850,5426,5424,6952,3433,3519,9686,4668,5018,8224,3511,4713,1906,952,954,1816,955,861,2110,1057,1053,2001,1008,993,1897,985,912,1832,942,890,1665,821,844,1680,800,880,1775,870,905,2120,1006,1114,2333,1152,1181,2580,1284,1296,2653,1226,1427,2554,1213,1341,2140,979,1161,1470,652,818,1045,399,646,1015,268,747,46.5,44.5,48.2
050,51,083,Virginia,Halifax County,11,34212,16385,17827,1805,898,907,3437,1768,1669,1715,829,886,2503,1317,1186,28116,13309,14807,27255,12890,14365,10687,5364,5323,6923,3427,3496,9461,4548,4913,8368,3598,4770,1805,898,907,1792,937,855,2099,1040,1059,1943,995,948,1821,942,879,1897,982,915,1651,814,837,1684,808,876,1691,823,868,2059,985,1074,2251,1095,1156,2472,1223,1249,2679,1245,1434,2521,1186,1335,2235,1036,1199,1522,677,845,1043,408,635,1047,291,756,46.8,44.8,48.6
050,51,083,Virginia,Halifax County,12,34035,16308,17727,1793,919,874,3404,1769,1635,1649,794,855,2497,1287,1210,27998,13223,14775,27189,12826,14363,10670,5302,5368,6912,3409,3503,9268,4466,4802,8512,3664,4848,1793,919,874,1787,941,846,2005,1016,989,1937,964,973,1821,929,892,1917,984,933,1618,812,806,1725,834,891,1652,779,873,1985,969,1016,2190,1065,1125,2432,1182,1250,2661,1250,1411,2510,1172,1338,2294,1056,1238,1581,712,869,1084,427,657,1043,297,746,47.1,44.9,49.0
050,51,083,Virginia,Halifax County,13,33761,16159,17602,1785,914,871,3358,1733,1625,1646,803,843,2429,1248,1181,27805,13114,14691,26972,12709,14263,10581,5248,5333,6915,3405,3510,9026,4352,4674,8602,3704,4898,1785,914,871,1788,920,868,1979,1021,958,1896,927,969,1770,916,854,1915,970,945,1643,839,804,1698,810,888,1659,786,873,1860,914,946,2180,1059,1121,2359,1121,1238,2627,1258,1369,2517,1178,1339,2338,1073,1265,1627,733,894,1068,423,645,1052,297,755,47.2,44.9,49.2
050,51,083,Virginia,Halifax County,14,33633,16098,17535,1779,912,867,3337,1721,1616,1650,811,839,2404,1235,1169,27710,13063,14647,26867,12654,14213,10554,5231,5323,6918,3402,3516,8943,4312,4631,8602,3705,4897,1779,912,867,1783,912,871,1972,1026,946,1879,914,965,1757,915,842,1915,964,951,1651,847,804,1688,803,885,1664,788,876,1819,896,923,2182,1060,1122,2334,1102,1232,2608,1254,1354,2517,1182,1335,2344,1073,1271,1632,735,897,1061,421,640,1048,294,754,47.2,44.8,49.3
050,51,085,Virginia,Hanover County,1,99863,49060,50803,5473,2860,2613,13061,6731,6330,6464,3411,3053,7835,4141,3694,78157,37806,40351,74865,36058,38807,35974,18022,17952,23208,11255,11953,30718,14981,15737,13104,5681,7423,5473,2860,2613,6896,3523,3373,7698,3993,3705,7680,4098,3582,5086,2669,2417,4210,2120,2090,4715,2274,2441,6524,3125,3399,7759,3736,4023,9115,4381,4734,8466,4167,4299,7106,3453,3653,6031,2980,3051,4408,2046,2362,2976,1403,1573,2324,1013,1311,1765,699,1066,1631,520,1111,41.0,39.8,42.2
050,51,085,Virginia,Hanover County,2,99833,49051,50782,5471,2859,2612,13060,6731,6329,6462,3410,3052,7835,4144,3691,78130,37797,40333,74840,36051,38789,35957,18015,17942,23192,11246,11946,30711,14979,15732,13102,5682,7420,5471,2859,2612,6896,3523,3373,7696,3993,3703,7681,4100,3581,5084,2669,2415,4206,2118,2088,4706,2270,2436,6522,3123,3399,7758,3735,4023,9116,4383,4733,8467,4169,4298,7105,3452,3653,6023,2975,3048,4406,2045,2361,2976,1404,1572,2325,1014,1311,1764,699,1065,1631,520,1111,41.0,39.8,42.3
050,51,085,Virginia,Hanover County,3,99886,49066,50820,5455,2857,2598,12982,6697,6285,6453,3409,3044,7919,4183,3736,78291,37856,40435,74996,36103,38893,35929,17993,17936,23096,11196,11900,30786,14994,15792,13195,5730,7465,5455,2857,2598,6838,3502,3336,7683,3990,3693,7679,4085,3594,5154,2712,2442,4259,2147,2112,4698,2260,2438,6416,3068,3348,7723,3721,4002,9047,4339,4708,8512,4187,4325,7156,3469,3687,6071,2999,3072,4441,2065,2376,3010,1421,1589,2336,1019,1317,1759,704,1055,1649,521,1128,41.1,39.9,42.3
050,51,085,Virginia,Hanover County,4,99899,49042,50857,5168,2705,2463,12785,6584,6201,6378,3357,3021,8234,4347,3887,78819,38115,40704,75568,36396,39172,35649,17856,17793,22609,10980,11629,31041,15084,15957,13684,5985,7699,5168,2705,2463,6689,3417,3272,7668,3995,3673,7632,4027,3605,5408,2849,2559,4379,2233,2146,4644,2240,2404,5921,2805,3116,7665,3702,3963,8703,4138,4565,8675,4266,4409,7326,3553,3773,6337,3127,3210,4589,2159,2430,3189,1514,1675,2426,1049,1377,1750,706,1044,1730,557,1173,41.6,40.3,42.7
050,51,085,Virginia,Hanover County,5,100340,49246,51094,4952,2558,2394,12614,6469,6145,6236,3298,2938,8788,4619,4169,79684,38566,41118,76538,36921,39617,35855,18002,17853,22349,10896,11453,31013,15052,15961,14388,6354,8034,4952,2558,2394,6562,3370,3192,7570,3910,3660,7686,4039,3647,5820,3067,2753,4470,2302,2168,4636,2288,2348,5674,2665,3009,7569,3641,3928,8348,3961,4387,8777,4307,4470,7586,3683,3903,6302,3101,3201,4961,2364,2597,3440,1621,1819,2409,1041,1368,1820,760,1060,1758,568,1190,41.9,40.6,43.0
050,51,085,Virginia,Hanover County,6,101075,49581,51494,5015,2618,2397,12345,6308,6037,6204,3267,2937,8980,4719,4261,80626,39038,41588,77511,37388,40123,35988,18076,17912,22361,10884,11477,31054,15058,15996,15116,6727,8389,5015,2618,2397,6460,3332,3128,7442,3770,3672,7554,3984,3570,6073,3208,2865,4592,2363,2229,4850,2357,2493,5546,2635,2911,7373,3529,3844,7958,3807,4151,8826,4272,4554,7815,3818,3997,6455,3161,3294,5218,2511,2707,3742,1762,1980,2473,1091,1382,1876,790,1086,1807,573,1234,42.2,40.9,43.3
050,51,085,Virginia,Hanover County,7,101740,49895,51845,4981,2612,2369,12068,6191,5877,6229,3243,2986,9051,4729,4322,81536,39458,42078,78462,37849,40613,36058,18073,17985,22375,10943,11432,31208,15086,16122,15828,7091,8737,4981,2612,2369,6284,3297,2987,7381,3736,3645,7429,3843,3586,6254,3287,2967,4626,2377,2249,5082,2486,2596,5531,2652,2879,7136,3428,3708,7725,3707,4018,8823,4208,4615,8009,3934,4075,6651,3237,3414,5517,2672,2845,3979,1845,2134,2578,1176,1402,1876,780,1096,1878,618,1260,42.6,41.2,43.7
050,51,085,Virginia,Hanover County,8,103095,50648,52447,5106,2710,2396,11982,6181,5801,6216,3229,2987,9286,4842,4444,82883,40129,42754,79791,38528,41263,36469,18342,18127,22514,11064,11450,31416,15143,16273,16575,7479,9096,5106,2710,2396,6267,3304,2963,7262,3670,3592,7498,3900,3598,6457,3378,3079,4827,2465,2362,5200,2542,2658,5732,2791,2941,6755,3266,3489,7690,3706,3984,8720,4160,4560,8195,4033,4162,6811,3244,3567,5823,2843,2980,4203,1943,2260,2705,1238,1467,1956,825,1131,1888,630,1258,42.6,40.9,43.9
050,51,085,Virginia,Hanover County,9,104345,51155,53190,5256,2734,2522,11961,6187,5774,6145,3168,2977,9218,4790,4428,84137,40705,43432,80983,39066,41917,36771,18473,18298,22838,11241,11597,31540,15189,16351,17387,7846,9541,5256,2734,2522,6223,3251,2972,7168,3662,3506,7526,3904,3622,6407,3328,3079,5037,2595,2442,5506,2710,2796,5839,2836,3003,6456,3100,3356,7727,3757,3970,8450,3988,4462,8393,4107,4286,6970,3337,3633,6170,2966,3204,4336,2021,2315,2890,1325,1565,2014,851,1163,1977,683,1294,42.6,41.0,44.1
050,51,085,Virginia,Hanover County,10,105729,51818,53911,5345,2791,2554,11996,6205,5791,6103,3114,2989,9232,4775,4457,85468,41373,44095,82285,39708,42577,37200,18689,18511,23326,11520,11806,31611,15250,16361,18116,8163,9953,5345,2791,2554,6220,3214,3006,7237,3711,3526,7513,3888,3625,6361,3281,3080,5268,2703,2565,5573,2762,2811,6110,3007,3103,6375,3048,3327,7653,3720,3933,8179,3860,4319,8530,4176,4354,7249,3494,3755,6105,2921,3184,4784,2239,2545,3169,1427,1742,1985,847,1138,2073,729,1344,42.6,41.0,44.1
050,51,085,Virginia,Hanover County,11,106821,52307,54514,5352,2769,2583,12097,6353,5744,6013,2992,3021,9187,4777,4410,86404,41734,44670,83359,40193,43166,37504,18744,18760,23806,11708,12098,31597,15254,16343,18769,8454,10315,5352,2769,2583,6371,3341,3030,7228,3745,3483,7418,3780,3638,6280,3256,3024,5397,2743,2654,5716,2792,2924,6348,3136,3212,6345,3037,3308,7562,3695,3867,7932,3758,4174,8590,4175,4415,7513,3626,3887,6174,2945,3229,4976,2314,2662,3442,1548,1894,2061,900,1161,2116,747,1369,42.6,40.9,44.1
050,51,085,Virginia,Hanover County,12,107535,52682,54853,5361,2758,2603,12031,6298,5733,5980,3011,2969,9237,4782,4455,87112,42067,45045,84163,40615,43548,37916,18956,18960,24239,11987,12252,31202,15061,16141,19485,8785,10700,5361,2758,2603,6393,3361,3032,7178,3761,3417,7318,3679,3639,6359,3290,3069,5431,2804,2627,5827,2850,2977,6608,3235,3373,6373,3098,3275,7257,3560,3697,7728,3703,4025,8566,4102,4464,7651,3696,3955,6341,3004,3337,5238,2466,2772,3599,1596,2003,2187,956,1231,2120,763,1357,42.6,40.9,44.2
050,51,085,Virginia,Hanover County,13,108158,52985,55173,5305,2742,2563,12030,6271,5759,6033,3094,2939,9140,4744,4396,87765,42355,45410,84790,40878,43912,38196,19180,19016,24546,12147,12399,30968,14918,16050,20136,9069,11067,5305,2742,2563,6447,3375,3072,7106,3701,3405,7293,3698,3595,6357,3335,3022,5462,2806,2656,5812,2827,2985,6741,3301,3440,6531,3213,3318,7018,3416,3602,7629,3665,3964,8527,4059,4468,7794,3778,4016,6473,3043,3430,5444,2569,2875,3794,1693,2101,2251,972,1279,2174,792,1382,42.7,41.0,44.3
050,51,085,Virginia,Hanover County,14,108262,53043,55219,5283,2735,2548,12017,6255,5762,6057,3125,2932,9088,4725,4363,87886,42413,45473,84905,40928,43977,38268,19246,19022,24645,12197,12448,30885,14869,16016,20287,9137,11150,5283,2735,2548,6452,3372,3080,7087,3684,3403,7280,3705,3575,6343,3344,2999,5463,2802,2661,5808,2817,2991,6792,3327,3465,6582,3251,3331,6934,3369,3565,7614,3660,3954,8514,4045,4469,7823,3795,4028,6514,3055,3459,5493,2595,2898,3841,1717,2124,2264,976,1288,2175,794,1381,42.7,41.1,44.3
050,51,087,Virginia,Henrico County,1,306935,144167,162768,20456,10335,10121,36942,18912,18030,16974,8642,8332,24939,12265,12674,241257,110661,130596,232563,106278,126285,125604,60513,65091,87729,41693,46036,81971,37533,44438,37924,14787,23137,20456,10335,10121,20444,10402,10042,20536,10597,9939,19642,10097,9545,18233,8723,9510,22672,10526,12146,21093,10111,10982,21874,10499,11375,22090,10557,11533,23572,10870,12702,22671,10444,12227,19584,8956,10628,16144,7263,8881,11080,4852,6228,7975,3329,4646,6771,2648,4123,5969,2141,3828,6129,1817,4312,37.5,35.6,39.1
050,51,087,Virginia,Henrico County,2,306698,144061,162637,20433,10321,10112,36913,18893,18020,16960,8638,8322,24908,12248,12660,241081,110591,130490,232392,106209,126183,125503,60472,65031,87670,41671,45999,81925,37519,44406,37889,14771,23118,20433,10321,10112,20426,10392,10034,20522,10586,9936,19628,10092,9536,18205,8709,9496,22647,10517,12130,21075,10102,10973,21864,10496,11368,22084,10556,11528,23561,10864,12697,22658,10441,12217,19571,8952,10619,16135,7262,8873,11077,4852,6225,7971,3326,4645,6761,2645,4116,5952,2133,3819,6128,1815,4313,37.5,35.6,39.1
050,51,087,Virginia,Henrico County,3,307201,144357,162844,20405,10322,10083,36917,18893,18024,16916,8620,8296,25038,12316,12722,241624,110898,130726,232963,106522,126441,125491,60495,64996,87595,41654,45941,82247,37665,44582,38083,14887,23196,20405,10322,10083,20425,10387,10038,20550,10601,9949,19702,10132,9570,18194,8709,9485,22589,10506,12083,21176,10134,11042,21629,10389,11240,22201,10625,11576,23489,10843,12646,22688,10460,12228,19749,9019,10730,16321,7343,8978,11195,4917,6278,8021,3343,4678,6741,2652,4089,5941,2129,3812,6185,1846,4339,37.5,35.7,39.2
050,51,087,Virginia,Henrico County,4,310401,146092,164309,20281,10268,10013,37149,18997,18152,16874,8652,8222,25178,12416,12762,244692,112540,132152,236097,108175,127922,126026,60817,65209,88156,41927,46229,83826,38501,45325,38937,15331,23606,20281,10268,10013,20585,10452,10133,20746,10723,10023,19825,10211,9614,18045,8679,9366,22737,10688,12049,21916,10417,11499,20828,9955,10873,22675,10867,11808,23186,10819,12367,22975,10624,12351,20416,9342,11074,17249,7716,9533,11701,5206,6495,8348,3461,4887,6653,2644,4009,5910,2114,3796,6325,1906,4419,37.7,35.8,39.4
050,51,087,Virginia,Henrico County,5,315575,148862,166713,20461,10369,10092,37674,19215,18459,16848,8731,8117,25648,12621,13027,249040,114924,134116,240592,110547,130045,127618,61841,65777,89291,42652,46639,84746,39020,45726,40907,16254,24653,20461,10369,10092,20926,10603,10323,20917,10775,10142,19843,10260,9583,18484,8929,9555,22778,10831,11947,22952,10984,11968,20781,9966,10815,22780,10871,11909,22895,10711,12184,23255,10744,12511,21202,9728,11474,17394,7837,9557,12998,5775,7223,8848,3751,5097,6721,2686,4035,5853,2084,3769,6487,1958,4529,37.8,35.8,39.5
050,51,087,Virginia,Henrico County,6,318646,150544,168102,20350,10419,9931,38069,19391,18678,16966,8777,8189,25917,12875,13042,251819,116394,135425,243261,111957,131304,128080,62103,65977,89375,42600,46775,85426,39428,45998,42543,17054,25489,20350,10419,9931,21085,10660,10425,21162,10880,10282,19847,10278,9569,18858,9225,9633,22289,10539,11750,23375,11148,12227,21052,10074,10978,22659,10839,11820,22497,10575,11922,23435,10864,12571,21629,9912,11717,17865,8077,9788,13838,6186,7652,9484,4055,5429,6834,2708,4126,5787,2077,3710,6600,2028,4572,37.9,36.0,39.7
050,51,087,Virginia,Henrico County,7,321863,152251,169612,20660,10632,10028,38051,19462,18589,17132,8859,8273,26147,13066,13081,254572,117745,136827,246020,113298,132722,128644,62351,66293,89744,42684,47060,85946,39732,46214,44183,17816,26367,20660,10632,10028,21086,10702,10384,21344,11018,10326,19653,10249,9404,19247,9418,9829,22308,10571,11737,23510,11121,12389,21547,10354,11193,22379,10638,11741,22128,10458,11670,23425,10909,12516,21894,9975,11919,18499,8390,10109,14734,6580,8154,10074,4284,5790,7049,2803,4246,5661,2072,3589,6665,2077,4588,38.0,36.1,39.8
050,51,087,Virginia,Henrico County,8,324424,153680,170744,20494,10607,9887,38013,19352,18661,17163,8905,8258,26023,13044,12979,257207,119216,137991,248754,114816,133938,129109,62731,66378,90216,43020,47196,86747,40192,46555,45768,18560,27208,20494,10607,9887,21059,10698,10361,21247,10892,10355,19703,10331,9372,19190,9380,9810,22665,10858,11807,23641,11207,12434,21939,10532,11407,21971,10423,11548,22103,10531,11572,23240,10788,12452,22238,10191,12047,19166,8682,10484,15627,6932,8695,10578,4529,6049,7245,2882,4363,5561,2062,3499,6757,2155,4602,38.1,36.3,40.0
050,51,087,Virginia,Henrico County,9,326178,154452,171726,20339,10486,9853,38130,19432,18698,17214,8867,8347,25791,12968,12823,259163,120139,139024,250495,115667,134828,128828,62606,66222,90065,42931,47134,87253,40444,46809,47386,19324,28062,20339,10486,9853,20888,10637,10251,21484,10955,10529,19778,10359,9419,18985,9316,9669,22803,10897,11906,23486,11169,12317,22751,10909,11842,21025,9956,11069,22525,10696,11829,22756,10645,12111,22284,10204,12080,19688,8899,10789,16500,7273,9227,11019,4800,6219,7548,3011,4537,5549,2044,3505,6770,2196,4574,38.3,36.5,40.0
050,51,087,Virginia,Henrico County,10,328008,155588,172420,20123,10368,9755,37887,19287,18600,17369,8928,8441,25534,12894,12640,261486,121585,139901,252629,117005,135624,129187,63050,66137,90584,43436,47148,87552,40570,46982,48959,20105,28854,20123,10368,9755,20498,10479,10019,21689,11016,10673,19864,10343,9521,18739,9271,9468,23237,11222,12015,23501,11318,12183,23086,11067,12019,20760,9829,10931,22610,10729,11881,22440,10525,11915,22303,10216,12087,20199,9100,11099,16526,7315,9211,12141,5265,6876,7958,3250,4708,5566,2081,3485,6768,2194,4574,38.5,36.7,40.2
050,51,087,Virginia,Henrico County,11,329917,156538,173379,20131,10351,9780,37569,19169,18400,17316,8915,8401,25303,12829,12474,263504,122546,140958,254901,118103,136798,129805,63448,66357,91564,43964,47600,87160,40295,46865,50874,21015,29859,20131,10351,9780,20338,10484,9854,21609,10945,10664,19880,10310,9570,18361,9174,9187,23666,11386,12280,23766,11432,12334,23312,11183,12129,20820,9963,10857,22412,10591,11821,21860,10191,11669,22380,10313,12067,20508,9200,11308,16935,7551,9384,12849,5559,7290,8649,3545,5104,5659,2135,3524,6782,2225,4557,38.7,36.9,40.4
050,51,087,Virginia,Henrico County,12,332513,157823,174690,20289,10428,9861,37333,19022,18311,17306,8861,8445,25231,12851,12380,266147,123905,142242,257585,119512,138073,131165,64305,66860,92971,44792,48179,86488,40045,46443,52895,21824,31071,20289,10428,9861,20344,10434,9910,21332,10787,10545,19995,10418,9577,18199,9095,9104,24037,11668,12369,24038,11552,12486,23741,11440,12301,21155,10132,11023,21890,10326,11564,21581,10105,11476,22318,10319,11999,20699,9295,11404,17377,7698,9679,13710,5948,7762,9151,3723,5428,5865,2225,3640,6792,2230,4562,38.8,37.0,40.5
050,51,087,Virginia,Henrico County,13,333715,158242,175473,20175,10304,9871,37064,18951,18113,17414,8909,8505,25139,12776,12363,267765,124554,143211,259062,120078,138984,131723,64552,67171,93539,45082,48457,85874,39725,46149,54510,22495,32015,20175,10304,9871,20284,10439,9845,21149,10727,10422,19945,10372,9573,18239,9098,9141,23783,11584,12199,24446,11772,12674,23747,11388,12359,21563,10338,11225,21476,10082,11394,21482,10138,11344,22149,10198,11951,20767,9307,11460,17686,7814,9872,14375,6233,8142,9479,3872,5607,6066,2289,3777,6904,2287,4617,39.0,37.1,40.7
050,51,087,Virginia,Henrico County,14,333766,158209,175557,20125,10257,9868,36920,18902,18018,17457,8932,8525,25064,12727,12337,268009,124622,143387,259264,120118,139146,131809,64585,67224,93673,45150,48523,85656,39608,46048,54871,22633,32238,20125,10257,9868,20221,10419,9802,21084,10707,10377,19908,10349,9559,18228,9086,9142,23654,11535,12119,24564,11831,12733,23763,11379,12384,21692,10405,11287,21347,10008,11339,21478,10156,11322,22081,10154,11927,20750,9290,11460,17775,7845,9930,14539,6297,8242,9547,3900,5647,6121,2307,3814,6889,2284,4605,39.0,37.1,40.7
050,51,089,Virginia,Henry County,1,54151,26082,28069,2929,1516,1413,5493,2787,2706,2686,1362,1324,3872,1977,1895,44386,21099,23287,43043,20417,22626,18203,9020,9183,12305,6017,6288,16210,7810,8400,10656,4613,6043,2929,1516,1413,3034,1549,1485,3119,1574,1545,3149,1625,1524,2749,1378,1371,2690,1280,1410,2653,1335,1318,3188,1567,1621,3774,1835,1939,4273,2075,2198,4291,2120,2171,3882,1842,2040,3764,1773,1991,3359,1557,1802,2674,1254,1420,1952,833,1119,1486,575,911,1185,394,791,44.7,43.4,45.9
050,51,089,Virginia,Henry County,2,54144,26078,28066,2926,1513,1413,5493,2788,2705,2685,1361,1324,3868,1976,1892,44383,21098,23285,43040,20416,22624,18194,9016,9178,12301,6015,6286,16217,7812,8405,10654,4613,6041,2926,1513,1413,3037,1551,1486,3116,1573,1543,3148,1624,1524,2745,1377,1368,2690,1280,1410,2657,1338,1319,3187,1566,1621,3767,1831,1936,4274,2075,2199,4291,2119,2172,3886,1843,2043,3766,1775,1991,3357,1558,1799,2676,1255,1421,1951,832,1119,1486,574,912,1184,394,790,44.7,43.4,45.9
050,51,089,Virginia,Henry County,3,54102,26049,28053,2919,1513,1406,5486,2782,2704,2656,1340,1316,3862,1972,1890,44379,21090,23289,43041,20414,22627,18124,8983,9141,12248,5996,6252,16229,7813,8416,10702,4633,6069,2919,1513,1406,3020,1544,1476,3108,1563,1545,3128,1608,1520,2748,1379,1369,2701,1293,1408,2657,1335,1322,3149,1552,1597,3741,1816,1925,4260,2065,2195,4294,2110,2184,3897,1864,2033,3778,1774,2004,3359,1553,1806,2692,1265,1427,1959,836,1123,1483,574,909,1209,405,804,44.9,43.5,46.1
050,51,089,Virginia,Henry County,4,53530,25820,27710,2935,1542,1393,5456,2765,2691,2543,1306,1237,3812,1958,1854,43919,20884,23035,42596,20207,22389,17559,8739,8820,11794,5779,6015,16177,7794,8383,10813,4676,6137,2935,1542,1393,2982,1538,1444,3064,1531,1533,3022,1571,1451,2743,1389,1354,2691,1317,1374,2645,1307,1338,2883,1427,1456,3575,1728,1847,4122,1998,2124,4284,2074,2210,3951,1948,2003,3820,1774,2046,3323,1520,1803,2740,1291,1449,2008,868,1140,1495,575,920,1247,422,825,45.3,43.8,46.6
050,51,089,Virginia,Henry County,5,53098,25609,27489,2793,1470,1323,5438,2744,2694,2526,1291,1235,3723,1914,1809,43644,20768,22876,42341,20104,22237,17107,8529,8578,11495,5648,5847,15983,7723,8260,11140,4819,6321,2793,1470,1323,2942,1509,1433,3133,1559,1574,2948,1524,1424,2664,1357,1307,2706,1329,1377,2642,1313,1329,2712,1343,1369,3435,1663,1772,4027,1970,2057,4222,2021,2201,4038,2020,2018,3696,1712,1984,3435,1570,1865,2822,1306,1516,2062,929,1133,1501,582,919,1320,432,888,45.8,44.2,47.1
050,51,089,Virginia,Henry County,6,52738,25447,27291,2742,1422,1320,5395,2773,2622,2473,1242,1231,3774,1943,1831,43347,20630,22717,42128,20010,22118,16865,8397,8468,11232,5510,5722,15813,7651,8162,11309,4906,6403,2742,1422,1320,2937,1525,1412,3072,1546,1526,2918,1495,1423,2715,1392,1323,2659,1317,1342,2621,1272,1349,2657,1338,1319,3295,1583,1712,3866,1887,1979,4173,2026,2147,4101,2021,2080,3673,1717,1956,3397,1562,1835,2947,1356,1591,2117,951,1166,1494,592,902,1354,445,909,46.1,44.5,47.4
050,51,089,Virginia,Henry County,7,52235,25209,27026,2653,1355,1298,5277,2741,2536,2493,1246,1247,3716,1930,1786,43032,20484,22548,41812,19867,21945,16451,8168,8283,10901,5320,5581,15698,7630,8068,11497,4987,6510,2653,1355,1298,2881,1497,1384,3055,1572,1483,2852,1454,1398,2698,1394,1304,2650,1303,1347,2548,1227,1321,2591,1289,1302,3112,1501,1611,3718,1816,1902,4175,2034,2141,4121,2017,2104,3684,1763,1921,3413,1561,1852,3020,1379,1641,2161,965,1196,1513,617,896,1390,465,925,46.5,45.0,47.9
050,51,089,Virginia,Henry County,8,51944,25066,26878,2566,1286,1280,5236,2737,2499,2508,1263,1245,3625,1894,1731,42871,20396,22475,41634,19780,21854,16334,8141,8193,10811,5298,5513,15457,7497,7960,11741,5091,6650,2566,1286,1280,2878,1522,1356,2968,1529,1439,2866,1473,1393,2657,1370,1287,2736,1356,1380,2535,1199,1336,2514,1252,1262,3026,1491,1535,3565,1730,1835,4097,1971,2126,4105,2011,2094,3690,1785,1905,3517,1639,1878,3012,1338,1674,2241,1008,1233,1531,646,885,1440,460,980,46.8,45.2,48.3
050,51,089,Virginia,Henry County,9,51654,24903,26751,2529,1270,1259,5236,2750,2486,2457,1252,1205,3522,1825,1697,42684,20252,22432,41432,19631,21801,16051,7984,8067,10676,5224,5452,15339,7431,7908,11895,5151,6744,2529,1270,1259,2911,1562,1349,2929,1505,1424,2818,1438,1380,2557,1322,1235,2762,1361,1401,2553,1227,1326,2540,1248,1292,2821,1388,1433,3476,1679,1797,3969,1924,2045,4156,1994,2162,3738,1834,1904,3547,1646,1901,2986,1303,1683,2301,1036,1265,1558,664,894,1503,502,1001,47.1,45.4,48.6
050,51,089,Virginia,Henry County,10,51370,24754,26616,2461,1224,1237,5187,2696,2491,2465,1260,1205,3505,1796,1709,42509,20212,22297,41257,19574,21683,15913,7909,8004,10542,5156,5386,15090,7326,7764,12120,5296,6824,2461,1224,1237,2831,1493,1338,2955,1506,1449,2845,1460,1385,2526,1293,1233,2752,1386,1366,2551,1206,1345,2517,1204,1313,2722,1360,1362,3319,1602,1717,3920,1917,2003,4046,1925,2121,3805,1882,1923,3479,1626,1853,3117,1376,1741,2371,1054,1317,1585,711,874,1568,529,1039,47.4,45.8,48.8
050,51,089,Virginia,Henry County,11,51101,24588,26513,2436,1177,1259,5182,2714,2468,2394,1234,1160,3519,1791,1728,42312,20089,22223,41089,19463,21626,15813,7831,7982,10474,5105,5369,14847,7207,7640,12249,5360,6889,2436,1177,1259,2801,1484,1317,2955,1529,1426,2798,1437,1361,2541,1289,1252,2708,1362,1346,2594,1242,1352,2513,1174,1339,2659,1327,1332,3207,1552,1655,3770,1830,1940,4003,1942,2061,3867,1883,1984,3416,1592,1824,3125,1393,1732,2505,1120,1385,1613,697,916,1590,558,1032,47.5,46.0,48.9
050,51,089,Virginia,Henry County,12,50724,24429,26295,2397,1154,1243,5130,2695,2435,2330,1189,1141,3485,1795,1690,42060,20004,22056,40867,19391,21476,15627,7755,7872,10378,5046,5332,14583,7067,7516,12421,5483,6938,2397,1154,1243,2722,1413,1309,2974,1557,1417,2766,1430,1336,2483,1279,1204,2643,1339,1304,2668,1270,1398,2515,1178,1337,2552,1259,1293,3073,1493,1580,3633,1742,1891,3979,1942,2037,3898,1890,2008,3440,1648,1792,3130,1396,1734,2571,1131,1440,1691,735,956,1589,573,1016,47.8,46.2,49.2
050,51,089,Virginia,Henry County,13,50472,24319,26153,2376,1154,1222,5043,2618,2425,2324,1178,1146,3475,1803,1672,41910,19987,21923,40729,19369,21360,15573,7740,7833,10340,5038,5302,14410,6998,7412,12504,5530,6974,2376,1154,1222,2665,1353,1312,2944,1544,1400,2754,1422,1332,2479,1280,1199,2610,1342,1268,2708,1286,1422,2517,1170,1347,2505,1240,1265,3000,1478,1522,3520,1696,1824,3972,1906,2066,3918,1918,2000,3418,1639,1779,3207,1454,1753,2558,1108,1450,1737,750,987,1584,579,1005,47.9,46.3,49.4
050,51,089,Virginia,Henry County,14,50309,24236,26073,2369,1153,1216,5009,2594,2415,2324,1173,1151,3466,1799,1667,41784,19933,21851,40607,19316,21291,15540,7720,7820,10317,5029,5288,14341,6964,7377,12483,5524,6959,2369,1153,1216,2645,1335,1310,2931,1540,1391,2750,1416,1334,2473,1275,1198,2594,1342,1252,2709,1283,1426,2525,1169,1356,2489,1235,1254,2969,1467,1502,3489,1682,1807,3966,1893,2073,3917,1922,1995,3410,1637,1773,3215,1463,1752,2543,1096,1447,1745,752,993,1570,576,994,47.9,46.3,49.4
050,51,091,Virginia,Highland County,1,2321,1159,1162,64,29,35,184,84,100,98,51,47,126,61,65,2031,1023,1008,1975,995,980,588,313,275,386,213,173,884,454,430,579,267,312,64,29,35,95,44,51,111,52,59,114,59,55,88,41,47,74,40,34,88,49,39,105,53,52,119,71,48,180,86,94,241,119,122,218,121,97,245,128,117,188,87,101,151,75,76,94,48,46,78,31,47,68,26,42,52.5,52.1,52.9
050,51,091,Virginia,Highland County,2,2319,1157,1162,64,29,35,184,84,100,98,51,47,126,61,65,2029,1021,1008,1973,993,980,588,313,275,386,213,173,883,453,430,578,266,312,64,29,35,95,44,51,111,52,59,114,59,55,88,41,47,74,40,34,88,49,39,105,53,52,119,71,48,179,85,94,241,119,122,218,121,97,245,128,117,188,87,101,150,74,76,94,48,46,78,31,47,68,26,42,52.5,52.1,52.9
050,51,091,Virginia,Highland County,3,2297,1145,1152,60,27,33,181,82,99,97,51,46,126,61,65,2012,1012,1000,1959,985,974,584,310,274,383,210,173,872,448,424,578,266,312,60,27,33,93,43,50,110,51,59,114,59,55,87,41,46,72,39,33,89,50,39,103,51,52,119,70,49,177,85,92,238,118,120,215,120,95,242,125,117,192,89,103,150,75,75,94,49,45,73,28,45,69,25,44,52.6,52.3,53.0
050,51,091,Virginia,Highland County,4,2260,1125,1135,69,34,35,163,72,91,83,44,39,131,62,69,1988,998,990,1945,975,970,566,294,272,371,198,173,847,440,407,596,275,321,69,34,35,86,36,50,96,46,50,111,57,54,84,39,45,76,39,37,93,53,40,94,45,49,108,61,47,151,74,77,236,120,116,227,128,99,233,118,115,200,93,107,158,80,78,97,53,44,64,23,41,77,26,51,53.5,53.2,53.8
050,51,091,Virginia,Highland County,5,2234,1103,1131,73,31,42,155,68,87,73,37,36,135,66,69,1975,989,986,1933,967,966,543,278,265,350,182,168,835,436,399,613,283,330,73,31,42,78,32,46,92,43,49,98,50,48,95,46,49,82,38,44,78,49,29,89,39,50,101,56,45,128,68,60,234,120,114,231,119,112,242,129,113,205,98,107,167,86,81,103,53,50,59,21,38,79,25,54,54.4,54.2,54.6
050,51,091,Virginia,Highland County,6,2205,1093,1112,64,28,36,152,68,84,72,34,38,135,64,71,1955,983,972,1917,963,954,529,270,259,342,180,162,808,418,390,632,301,331,64,28,36,75,31,44,97,45,52,83,40,43,104,50,54,77,40,37,71,41,30,93,38,55,101,61,40,111,62,49,221,109,112,236,116,120,240,131,109,215,107,108,168,82,86,110,59,51,65,24,41,74,29,45,55.1,55.1,55.2
050,51,091,Virginia,Highland County,7,2238,1123,1115,82,40,42,151,67,84,74,40,34,133,68,65,1965,996,969,1931,976,955,541,278,263,355,182,173,794,416,378,649,310,339,82,40,42,74,34,40,98,45,53,85,46,39,101,50,51,93,46,47,73,39,34,89,43,46,100,54,46,112,67,45,198,97,101,255,127,128,229,125,104,223,111,112,163,74,89,124,67,57,70,31,39,69,27,42,55.3,55.0,55.6
050,51,091,Virginia,Highland County,8,2196,1097,1099,74,36,38,145,67,78,70,37,33,116,59,57,1941,974,967,1907,957,950,524,268,256,354,179,175,760,393,367,677,326,351,74,36,38,68,33,35,93,41,52,86,48,38,84,41,43,102,51,51,61,28,33,86,46,40,105,54,51,107,64,43,175,83,92,249,120,129,229,126,103,236,121,115,179,81,98,122,61,61,75,39,36,65,24,41,56.3,56.1,56.6
050,51,091,Virginia,Highland County,9,2213,1110,1103,83,43,40,145,64,81,78,39,39,107,56,51,1946,983,963,1907,964,943,512,259,253,349,176,173,756,395,361,695,337,358,83,43,40,79,37,42,88,39,49,80,43,37,83,40,43,94,45,49,63,28,35,107,60,47,85,43,42,112,63,49,152,77,75,246,122,124,246,133,113,234,121,113,184,81,103,132,67,65,79,44,35,66,24,42,56.9,56.6,57.1
050,51,091,Virginia,Highland County,10,2215,1102,1113,87,40,47,142,66,76,75,39,36,91,43,48,1945,976,969,1911,957,954,511,252,259,367,180,187,718,372,346,735,362,373,87,40,47,84,41,43,80,35,45,77,41,36,67,31,36,107,49,58,84,37,47,86,52,34,90,42,48,109,61,48,120,67,53,246,121,125,243,123,120,238,125,113,202,96,106,137,71,66,87,47,40,71,23,48,57.5,57.4,57.5
050,51,091,Virginia,Highland County,11,2206,1102,1104,95,44,51,117,59,58,72,31,41,93,45,48,1960,987,973,1922,968,954,513,251,262,362,178,184,705,364,341,762,381,381,95,44,51,66,34,32,65,28,37,84,41,43,67,32,35,110,54,56,82,38,44,72,40,32,98,46,52,103,59,44,108,63,45,229,111,118,265,131,134,235,126,109,219,107,112,136,69,67,96,51,45,76,28,48,58.4,58.5,58.4
050,51,091,Virginia,Highland County,12,2176,1082,1094,91,41,50,129,64,65,67,30,37,95,49,46,1931,968,963,1889,947,942,495,241,254,346,168,178,672,344,328,776,386,390,91,41,50,78,38,40,64,32,32,77,39,38,72,34,38,92,41,51,95,46,49,62,33,29,97,48,49,98,52,46,102,65,37,206,94,112,266,133,133,242,131,111,230,114,116,138,66,72,97,47,50,69,28,41,58.9,58.8,59.0
050,51,091,Virginia,Highland County,13,2200,1088,1112,90,40,50,137,69,68,58,23,35,99,51,48,1950,971,979,1915,956,959,501,246,255,356,175,181,665,336,329,795,394,401,90,40,50,90,42,48,59,30,29,74,36,38,71,35,36,92,41,51,107,51,56,60,30,30,97,53,44,99,51,48,113,68,45,193,93,100,260,124,136,248,138,110,234,119,115,150,65,85,93,41,52,70,31,39,59.1,58.9,59.2
050,51,091,Virginia,Highland County,14,2200,1088,1112,87,39,48,140,71,69,54,20,34,101,52,49,1951,971,980,1919,958,961,503,249,254,359,178,181,657,330,327,802,398,404,87,39,48,93,43,50,58,29,29,73,35,38,71,36,35,93,41,52,112,54,58,58,29,29,96,54,42,98,49,49,115,69,46,188,92,96,256,120,136,252,142,110,234,120,114,154,65,89,92,39,53,70,32,38,59.2,59.0,59.4
050,51,093,Virginia,Isle of Wight County,1,35270,17177,18093,1849,957,892,4085,2092,1993,2097,1074,1023,2413,1277,1136,28272,13595,14677,27239,13054,14185,11858,5800,6058,7858,3703,4155,11803,5788,6015,5165,2286,2879,1849,957,892,2191,1104,1087,2404,1242,1162,2389,1248,1141,1611,849,762,1623,796,827,1684,801,883,2053,922,1131,2498,1184,1314,3342,1640,1702,3280,1618,1662,2798,1382,1416,2383,1148,1235,1821,890,931,1259,567,692,903,411,492,634,251,383,548,167,381,43.8,42.9,44.5
050,51,093,Virginia,Isle of Wight County,2,35279,17183,18096,1850,958,892,4085,2092,1993,2097,1074,1023,2414,1277,1137,28280,13600,14680,27247,13059,14188,11861,5802,6059,7860,3705,4155,11808,5791,6017,5165,2286,2879,1850,958,892,2191,1104,1087,2404,1242,1162,2389,1248,1141,1612,849,763,1624,797,827,1685,802,883,2053,922,1131,2498,1184,1314,3343,1640,1703,3281,1618,1663,2799,1383,1416,2385,1150,1235,1821,890,931,1259,567,692,903,411,492,634,251,383,548,167,381,43.8,42.9,44.5
050,51,093,Virginia,Isle of Wight County,3,35319,17206,18113,1850,965,885,4061,2070,1991,2088,1070,1018,2454,1297,1157,28365,13647,14718,27320,13101,14219,11861,5808,6053,7818,3691,4127,11831,5802,6029,5217,2311,2906,1850,965,885,2172,1095,1077,2388,1225,1163,2394,1254,1140,1649,863,786,1634,806,828,1685,801,884,2021,915,1106,2478,1169,1309,3317,1623,1694,3291,1624,1667,2830,1400,1430,2393,1155,1238,1840,894,946,1258,569,689,921,421,500,643,257,386,555,170,385,43.8,42.9,44.6
050,51,093,Virginia,Isle of Wight County,4,35301,17210,18091,1819,918,901,3985,2047,1938,2021,1035,986,2564,1360,1204,28534,13755,14779,27476,13210,14266,11791,5807,5984,7680,3658,4022,11863,5811,6052,5369,2381,2988,1819,918,901,2122,1076,1046,2337,1217,1120,2352,1223,1129,1759,926,833,1644,823,821,1682,810,872,1902,879,1023,2452,1146,1306,3149,1534,1615,3326,1642,1684,2915,1438,1477,2473,1197,1276,1905,927,978,1266,577,689,953,426,527,668,273,395,577,178,399,44.1,43.1,45.0
050,51,093,Virginia,Isle of Wight County,5,35352,17316,18036,1768,906,862,3935,2009,1926,2005,1047,958,2625,1399,1226,28680,13885,14795,27644,13354,14290,11796,5873,5923,7650,3687,3963,11733,5741,5992,5636,2527,3109,1768,906,862,2126,1083,1043,2293,1186,1107,2344,1237,1107,1802,949,853,1667,842,825,1706,835,871,1855,873,982,2422,1137,1285,2948,1424,1524,3375,1668,1707,2920,1445,1475,2490,1204,1286,2007,969,1038,1352,655,697,1012,446,566,672,271,401,593,186,407,44.3,43.3,45.3
050,51,093,Virginia,Isle of Wight County,6,35542,17400,18142,1734,894,840,3888,1973,1915,1890,988,902,2768,1485,1283,28980,14038,14942,28030,13545,14485,11929,5934,5995,7730,3700,4030,11696,5734,5962,5836,2626,3210,1734,894,840,2091,1054,1037,2256,1158,1098,2294,1209,1085,1905,1025,880,1812,900,912,1722,839,883,1821,854,967,2375,1107,1268,2738,1322,1416,3454,1713,1741,2967,1487,1480,2537,1212,1325,2033,964,1069,1497,732,765,1018,463,555,654,270,384,634,197,437,44.5,43.6,45.4
050,51,093,Virginia,Isle of Wight County,7,35887,17561,18326,1810,918,892,3923,1974,1949,1905,991,914,2756,1475,1281,29196,14177,15019,28249,13678,14571,12043,6009,6034,7871,3796,4075,11538,5677,5861,6084,2730,3354,1810,918,892,2091,1061,1030,2321,1166,1155,2200,1145,1055,1972,1068,904,1814,908,906,1850,898,952,1916,936,980,2291,1054,1237,2514,1206,1308,3418,1706,1712,3016,1497,1519,2590,1268,1322,2112,978,1134,1587,777,810,1061,478,583,679,297,382,645,200,445,44.4,43.4,45.2
050,51,093,Virginia,Isle of Wight County,8,36185,17718,18467,1866,967,899,3914,1981,1933,1913,974,939,2720,1472,1248,29454,14291,15163,28492,13796,14696,12112,6076,6036,7939,3856,4083,11505,5639,5866,6328,2829,3499,1866,967,899,2072,1064,1008,2302,1143,1159,2187,1148,1039,1986,1072,914,1906,956,950,1918,912,1006,1984,971,1013,2131,1017,1114,2474,1175,1299,3269,1603,1666,3102,1539,1563,2660,1322,1338,2187,1020,1167,1668,796,872,1081,484,597,693,307,386,699,222,477,44.5,43.2,45.4
050,51,093,Virginia,Isle of Wight County,9,36450,17853,18597,1928,997,931,3921,1992,1929,1844,934,910,2673,1420,1253,29702,14415,15287,28757,13930,14827,12142,6094,6048,8075,3970,4105,11456,5609,5847,6553,2931,3622,1928,997,931,2136,1117,1019,2235,1105,1130,2118,1092,1026,1949,1032,917,1946,985,961,2057,994,1063,2069,1025,1044,2003,966,1037,2415,1143,1272,3099,1496,1603,3187,1589,1598,2755,1381,1374,2250,1049,1201,1725,817,908,1122,518,604,720,315,405,736,232,504,44.5,43.2,45.6
050,51,093,Virginia,Isle of Wight County,10,36758,17967,18791,1983,1012,971,3941,1971,1970,1831,925,906,2683,1388,1295,29923,14522,15401,29003,14059,14944,12229,6121,6108,8175,4046,4129,11318,5545,5773,6827,3080,3747,1983,1012,971,2133,1114,1019,2268,1095,1173,2119,1079,1040,1935,996,939,1933,974,959,2120,1032,1088,2135,1076,1059,1987,964,1023,2427,1162,1265,2902,1400,1502,3244,1618,1626,2745,1365,1380,2297,1089,1208,1818,848,970,1193,583,610,772,323,449,747,237,510,44.5,43.2,45.5
050,51,093,Virginia,Isle of Wight County,11,37203,18198,19005,2001,1017,984,3939,2001,1938,1837,912,925,2732,1429,1303,30335,14718,15617,29426,14268,15158,12457,6235,6222,8347,4120,4227,11242,5512,5730,7105,3207,3898,2001,1017,984,2129,1119,1010,2269,1108,1161,2116,1079,1037,1994,1036,958,1942,990,952,2198,1050,1148,2228,1128,1100,1979,952,1027,2421,1176,1245,2715,1294,1421,3359,1664,1695,2747,1378,1369,2369,1127,1242,1837,845,992,1327,641,686,804,343,461,768,251,517,44.3,43.0,45.6
050,51,093,Virginia,Isle of Wight County,12,37400,18321,19079,1969,1003,966,3997,2060,1937,1836,907,929,2658,1363,1295,30507,14819,15688,29598,14351,15247,12586,6316,6270,8552,4258,4294,11018,5394,5624,7370,3336,4034,1969,1003,966,2155,1122,1033,2302,1150,1152,2092,1055,1037,1942,1003,939,1974,1013,961,2197,1063,1134,2329,1163,1166,2052,1019,1033,2371,1142,1229,2511,1208,1303,3361,1671,1690,2775,1373,1402,2448,1188,1260,1934,874,1060,1373,658,715,820,353,467,795,263,532,44.2,42.8,45.6
050,51,093,Virginia,Isle of Wight County,13,37673,18455,19218,1967,995,972,4060,2109,1951,1839,892,947,2625,1349,1276,30722,14920,15802,29807,14459,15348,12738,6371,6367,8726,4339,4387,10916,5333,5583,7540,3438,4102,1967,995,972,2215,1151,1064,2297,1167,1130,2099,1045,1054,1913,987,926,1962,1002,960,2249,1088,1161,2340,1154,1186,2175,1095,1080,2246,1093,1153,2516,1208,1308,3269,1609,1660,2885,1423,1462,2492,1223,1269,2008,921,1087,1405,656,749,827,357,470,808,281,527,44.0,42.7,45.4
050,51,093,Virginia,Isle of Wight County,14,37725,18479,19246,1971,995,976,4073,2124,1949,1844,889,955,2609,1343,1266,30756,14931,15825,29837,14471,15366,12787,6387,6400,8785,4364,4421,10876,5310,5566,7567,3454,4113,1971,995,976,2226,1158,1068,2298,1175,1123,2104,1044,1060,1898,979,919,1954,996,958,2270,1098,1172,2343,1149,1194,2218,1121,1097,2206,1076,1130,2520,1210,1310,3237,1590,1647,2913,1434,1479,2504,1232,1272,2028,932,1096,1404,649,755,826,357,469,805,284,521,44.0,42.7,45.3
050,51,095,Virginia,James City County,1,67009,32346,34663,3461,1759,1702,7259,3710,3549,3665,1937,1728,4693,2373,2320,54501,25910,28591,52624,24940,27684,21994,10878,11116,14524,7039,7485,19537,9206,10331,13870,6322,7548,3461,1759,1702,3852,1952,1900,4295,2229,2066,4120,2161,1959,3350,1678,1672,3278,1633,1645,3113,1507,1606,3735,1800,1935,4398,2099,2299,5045,2401,2644,4929,2356,2573,4754,2206,2548,4809,2243,2566,4393,1993,2400,3312,1633,1679,2578,1260,1318,1823,802,1021,1764,634,1130,44.9,43.5,46.0
050,51,095,Virginia,James City County,2,67400,32541,34859,3467,1763,1704,7269,3718,3551,3672,1939,1733,4761,2394,2367,54873,26092,28781,52992,25121,27871,22300,11031,11269,14757,7170,7587,19594,9230,10364,13880,6327,7553,3467,1763,1704,3862,1961,1901,4297,2229,2068,4125,2162,1963,3418,1699,1719,3402,1700,1702,3158,1534,1624,3774,1823,1951,4423,2113,2310,5063,2410,2653,4950,2363,2587,4764,2209,2555,4817,2248,2569,4398,1997,2401,3313,1633,1680,2581,1261,1320,1823,802,1021,1765,634,1131,44.7,43.4,45.9
050,51,095,Virginia,James City County,3,67681,32671,35010,3474,1763,1711,7298,3735,3563,3657,1919,1738,4799,2434,2365,55134,26229,28905,53252,25254,27998,22408,11106,11302,14824,7203,7621,19646,9249,10397,13983,6368,7615,3474,1763,1711,3880,1968,1912,4290,2217,2073,4160,2188,1972,3424,1715,1709,3449,1720,1729,3198,1559,1639,3751,1810,1941,4426,2114,2312,5054,2402,2652,4953,2372,2581,4790,2223,2567,4849,2252,2597,4409,2001,2408,3349,1645,1704,2601,1270,1331,1839,813,1026,1785,639,1146,44.8,43.4,46.0
050,51,095,Virginia,James City County,4,68339,32986,35353,3458,1779,1679,7344,3757,3587,3609,1854,1755,4887,2501,2386,55805,26588,29217,53928,25596,28332,22408,11125,11283,14763,7178,7585,19790,9314,10476,14488,6603,7885,3458,1779,1679,3863,1945,1918,4332,2220,2112,4218,2210,2008,3427,1737,1690,3527,1779,1748,3244,1568,1676,3593,1714,1879,4399,2117,2282,4956,2352,2604,4984,2385,2599,4816,2262,2554,5034,2315,2719,4502,2055,2447,3524,1708,1816,2685,1308,1377,1895,856,1039,1882,676,1206,45.1,43.6,46.4
050,51,095,Virginia,James City County,5,69460,33570,35890,3501,1751,1750,7488,3785,3703,3506,1837,1669,5051,2617,2434,56746,27150,29596,54965,26197,28768,22619,11316,11303,14926,7329,7597,19706,9264,10442,15282,6987,8295,3501,1751,1750,3953,1988,1965,4399,2264,2135,4131,2165,1966,3562,1822,1740,3638,1843,1795,3470,1719,1751,3501,1683,1818,4317,2084,2233,4862,2317,2545,5094,2432,2662,4837,2240,2597,4913,2275,2638,4793,2171,2622,3818,1841,1977,2758,1342,1416,1962,923,1039,1951,710,1241,45.3,43.7,46.7
050,51,095,Virginia,James City County,6,70674,34133,36541,3494,1741,1753,7391,3729,3662,3664,1885,1779,5252,2752,2500,57894,27668,30226,56125,26778,29347,23090,11581,11509,15155,7445,7710,19766,9279,10487,15952,7302,8650,3494,1741,1753,3937,1972,1965,4435,2258,2177,4181,2204,1977,3754,1932,1822,3664,1851,1813,3600,1801,1799,3556,1703,1853,4335,2090,2245,4819,2310,2509,5147,2446,2701,4895,2291,2604,4905,2232,2673,4942,2247,2695,4115,1942,2173,2877,1416,1461,2048,963,1085,1970,734,1236,45.4,43.9,46.8
050,51,095,Virginia,James City County,7,72145,34815,37330,3607,1812,1795,7505,3789,3716,3719,1895,1824,5277,2739,2538,59125,28252,30873,57314,27319,29995,23499,11728,11771,15406,7552,7854,19969,9388,10581,16662,7640,9022,3607,1812,1795,4014,2030,1984,4394,2217,2177,4244,2218,2026,3849,1958,1891,3727,1856,1871,3713,1825,1888,3737,1833,1904,4229,2038,2191,4750,2287,2463,5213,2479,2734,4985,2345,2640,5021,2277,2744,5170,2370,2800,4298,1969,2329,3020,1511,1509,2090,982,1108,2084,808,1276,45.6,44.1,47.0
050,51,095,Virginia,James City County,8,72920,35187,37733,3565,1765,1800,7462,3797,3665,3793,1952,1841,5175,2679,2496,60045,28692,31353,58100,27673,30427,23544,11748,11796,15483,7576,7907,20212,9472,10740,17230,7946,9284,3565,1765,1800,3985,2036,1949,4384,2220,2164,4284,2227,2057,3777,1945,1832,3782,1885,1897,3773,1824,1949,3780,1861,1919,4148,2006,2142,4714,2286,2428,5211,2447,2764,5100,2410,2690,5187,2329,2858,5345,2478,2867,4408,1990,2418,3183,1589,1594,2171,1042,1129,2123,847,1276,46.1,44.6,47.4
050,51,095,Virginia,James City County,9,74075,35692,38383,3565,1807,1758,7590,3832,3758,3786,1929,1857,5165,2692,2473,61118,29136,31982,59134,28124,31010,23746,11847,11899,15695,7688,8007,20342,9554,10788,17932,8190,9742,3565,1807,1758,4006,2028,1978,4484,2266,2218,4344,2251,2093,3707,1908,1799,3814,1886,1928,3856,1901,1955,3923,1914,2009,4102,1987,2115,4663,2256,2407,5184,2426,2758,5213,2472,2741,5282,2400,2882,5636,2554,3082,4514,2045,2469,3364,1638,1726,2267,1098,1169,2151,855,1296,46.4,44.8,47.8
050,51,095,Virginia,James City County,10,75429,36383,39046,3522,1781,1741,7758,3928,3830,3780,1952,1828,5272,2771,2501,62272,29706,32566,60369,28722,31647,24148,12052,12096,16037,7825,8212,20499,9633,10866,18561,8493,10068,3522,1781,1741,4063,2060,2003,4636,2364,2272,4392,2284,2108,3719,1943,1776,3865,1897,1968,3954,1953,2001,4163,2043,2120,4055,1932,2123,4634,2244,2390,5176,2471,2705,5382,2504,2878,5307,2414,2893,5554,2555,2999,4914,2245,2669,3566,1688,1878,2301,1124,1177,2226,881,1345,46.5,44.8,48.0
050,51,095,Virginia,James City County,11,76206,36816,39390,3590,1832,1758,7719,3949,3770,3726,1872,1854,5337,2800,2537,63053,30116,32937,61171,29163,32008,24292,12187,12105,16142,7962,8180,20450,9639,10811,19242,8762,10480,3590,1832,1758,4120,2109,2011,4512,2287,2225,4415,2278,2137,3735,1947,1788,3872,1944,1928,3915,1932,1983,4285,2125,2160,4070,1961,2109,4603,2225,2378,5018,2411,2607,5466,2542,2924,5363,2461,2902,5475,2475,3000,5206,2383,2823,3844,1778,2066,2436,1203,1233,2281,923,1358,46.8,45.0,48.4
050,51,095,Virginia,James City County,12,76838,37091,39747,3596,1830,1766,7643,3943,3700,3769,1876,1893,5294,2745,2549,63746,30401,33345,61830,29442,32388,24401,12225,12176,16257,8050,8207,20229,9507,10722,20050,9140,10910,3596,1830,1766,4105,2116,1989,4457,2273,2184,4364,2234,2130,3780,1941,1839,3812,1955,1857,3950,1938,2012,4377,2158,2219,4118,1999,2119,4376,2086,2290,4914,2379,2535,5488,2545,2943,5451,2497,2954,5580,2534,3046,5522,2559,2963,4030,1818,2212,2571,1269,1302,2347,960,1387,47.2,45.3,49.0
050,51,095,Virginia,James City County,13,77492,37370,40122,3578,1803,1775,7693,3934,3759,3793,1920,1873,5296,2738,2558,64339,30681,33658,62428,29713,32715,24488,12271,12217,16349,8103,8246,20152,9496,10656,20631,9376,11255,3578,1803,1775,4162,2136,2026,4481,2288,2193,4346,2212,2134,3793,1956,1837,3787,1970,1817,3957,1939,2018,4406,2137,2269,4199,2057,2142,4372,2092,2280,4812,2340,2472,5455,2533,2922,5513,2531,2982,5650,2559,3091,5706,2625,3081,4152,1890,2262,2680,1280,1400,2443,1022,1421,47.4,45.5,49.1
050,51,095,Virginia,James City County,14,77612,37409,40203,3563,1790,1773,7693,3923,3770,3805,1932,1873,5291,2733,2558,64457,30732,33725,62551,29764,32787,24507,12280,12227,16375,8119,8256,20130,9492,10638,20755,9420,11335,3563,1790,1773,4170,2137,2033,4487,2290,2197,4335,2201,2134,3797,1960,1837,3771,1972,1799,3957,1935,2022,4419,2135,2284,4228,2077,2151,4367,2089,2278,4795,2337,2458,5444,2529,2915,5524,2537,2987,5674,2565,3109,5747,2638,3109,4169,1903,2266,2708,1279,1429,2457,1035,1422,47.5,45.5,49.1
050,51,097,Virginia,King and Queen County,1,6945,3454,3491,360,188,172,733,372,361,349,178,171,501,279,222,5668,2805,2863,5503,2716,2787,2286,1184,1102,1508,757,751,2291,1155,1136,1203,525,678,360,188,172,418,210,208,387,192,195,431,238,193,347,189,158,338,178,160,347,171,176,388,206,182,435,202,233,591,305,286,598,305,293,620,301,319,482,244,238,420,214,206,249,114,135,219,90,129,160,62,98,155,45,110,45.2,43.7,46.1
050,51,097,Virginia,King and Queen County,2,6940,3452,3488,360,188,172,733,372,361,349,178,171,501,279,222,5663,2803,2860,5498,2714,2784,2286,1184,1102,1508,757,751,2289,1154,1135,1200,524,676,360,188,172,418,210,208,387,192,195,431,238,193,347,189,158,338,178,160,347,171,176,388,206,182,435,202,233,590,305,285,597,304,293,620,301,319,482,244,238,418,213,205,248,114,134,219,90,129,160,62,98,155,45,110,45.1,43.6,46.1
050,51,097,Virginia,King and Queen County,3,6976,3479,3497,363,190,173,738,376,362,351,180,171,503,282,221,5695,2825,2870,5524,2733,2791,2287,1190,1097,1510,764,746,2296,1152,1144,1215,535,680,363,190,173,418,212,206,397,200,197,425,232,193,352,194,158,338,180,158,344,173,171,391,207,184,437,204,233,581,296,285,600,306,294,626,303,323,489,247,242,421,213,208,253,119,134,223,94,129,160,62,98,158,47,111,45.2,43.6,46.3
050,51,097,Virginia,King and Queen County,4,6986,3502,3484,344,194,150,729,374,355,340,176,164,505,269,236,5761,2858,2903,5573,2758,2815,2279,1180,1099,1512,777,735,2304,1156,1148,1252,556,696,344,194,150,416,214,202,391,202,189,402,211,191,365,192,173,363,201,162,351,169,182,355,192,163,443,215,228,540,271,269,586,302,284,655,312,343,523,271,252,435,217,218,274,134,140,227,99,128,146,54,92,170,52,118,45.8,44.1,46.8
050,51,097,Virginia,King and Queen County,5,7008,3495,3513,344,186,158,721,368,353,334,170,164,525,283,242,5788,2862,2926,5609,2771,2838,2297,1185,1112,1507,766,741,2277,1141,1136,1300,581,719,344,186,158,404,196,208,386,206,180,412,219,193,378,200,178,371,203,168,334,150,184,350,187,163,452,226,226,526,260,266,575,294,281,646,314,332,530,273,257,453,224,229,291,145,146,229,98,131,153,62,91,174,52,122,45.8,44.3,47.0
050,51,097,Virginia,King and Queen County,6,7029,3538,3491,309,168,141,736,378,358,296,153,143,553,304,249,5840,2917,2923,5688,2839,2849,2293,1198,1095,1517,783,734,2266,1139,1127,1352,613,739,309,168,141,398,200,198,411,220,191,385,200,185,391,215,176,383,215,168,334,159,175,360,186,174,440,223,217,491,236,255,584,301,283,634,329,305,557,273,284,465,229,236,328,163,165,219,96,123,162,62,100,178,63,115,46.2,44.6,47.5
050,51,097,Virginia,King and Queen County,7,7084,3563,3521,337,177,160,710,368,342,307,161,146,536,291,245,5871,2928,2943,5730,2857,2873,2263,1189,1074,1511,784,727,2291,1146,1145,1392,636,756,337,177,160,374,190,184,427,225,202,357,188,169,395,217,178,385,211,174,347,168,179,371,192,179,408,213,195,476,219,257,582,309,273,629,329,300,604,289,315,461,235,226,373,185,188,190,80,110,181,71,110,187,65,122,46.6,45.0,48.0
050,51,097,Virginia,King and Queen County,8,7089,3584,3505,342,168,174,690,366,324,322,172,150,514,272,242,5876,2953,2923,5735,2878,2857,2269,1210,1059,1518,809,709,2264,1130,1134,1439,667,772,342,168,174,366,198,168,409,211,198,359,197,162,392,204,188,403,240,163,370,179,191,364,188,176,381,202,179,453,212,241,591,306,285,617,325,292,603,287,316,475,243,232,396,197,199,205,89,116,175,73,102,188,65,123,46.6,45.1,48.3
050,51,097,Virginia,King and Queen County,9,7059,3603,3456,335,173,162,669,346,323,317,181,136,497,269,228,5896,2994,2902,5738,2903,2835,2239,1212,1027,1501,808,693,2254,1121,1133,1486,705,781,335,173,162,351,186,165,394,206,188,359,198,161,379,206,173,421,232,189,365,201,164,362,181,181,353,194,159,471,227,244,556,284,272,610,316,294,617,294,323,506,264,242,391,193,198,223,106,117,170,74,96,196,68,128,47.1,45.6,48.9
050,51,097,Virginia,King and Queen County,10,7010,3573,3437,331,180,151,637,322,315,319,173,146,490,273,217,5898,2993,2905,5723,2898,2825,2205,1187,1018,1465,771,694,2220,1119,1101,1548,735,813,331,180,151,335,166,169,371,186,185,372,217,155,368,199,169,408,217,191,363,204,159,346,163,183,348,187,161,466,229,237,554,280,274,596,309,287,604,301,303,519,269,250,401,195,206,261,132,129,171,67,104,196,72,124,47.8,46.5,49.1
050,51,097,Virginia,King and Queen County,11,7033,3569,3464,336,178,158,635,315,320,300,154,146,506,279,227,5910,3002,2908,5762,2922,2840,2209,1180,1029,1489,791,698,2191,1125,1066,1576,727,849,336,178,158,330,164,166,391,195,196,339,182,157,381,207,174,429,227,202,371,210,161,348,175,173,341,179,162,451,233,218,537,268,269,593,307,286,610,317,293,527,254,273,408,206,202,287,133,154,159,64,95,195,70,125,47.9,46.6,49.2
050,51,097,Virginia,King and Queen County,12,7011,3587,3424,336,182,154,611,308,303,297,151,146,492,268,224,5910,3014,2896,5767,2946,2821,2191,1165,1026,1474,789,685,2178,1132,1046,1623,757,866,336,182,154,349,176,173,334,175,159,361,184,177,356,192,164,404,210,194,373,219,154,336,165,171,361,195,166,435,227,208,513,251,262,608,323,285,622,331,291,542,254,288,409,212,197,327,154,173,142,58,84,203,79,124,48.7,47.4,49.8
050,51,097,Virginia,King and Queen County,13,6961,3555,3406,325,172,153,603,309,294,295,146,149,452,251,201,5889,2998,2891,5738,2928,2810,2155,1160,995,1474,796,678,2158,1111,1047,1654,770,884,325,172,153,335,165,170,334,177,157,354,179,175,327,185,142,361,198,163,383,210,173,355,178,177,375,210,165,411,211,200,496,239,257,619,331,288,632,330,302,552,253,299,423,220,203,322,155,167,159,65,94,198,77,121,49.3,47.8,50.5
050,51,097,Virginia,King and Queen County,14,6942,3537,3405,320,168,152,601,310,291,290,140,150,439,245,194,5880,2986,2894,5731,2919,2812,2143,1154,989,1478,798,680,2152,1106,1046,1662,770,892,320,168,152,332,162,170,333,177,156,345,173,172,320,183,137,351,197,154,387,206,181,362,183,179,378,212,166,404,206,198,489,234,255,625,336,289,634,330,304,556,252,304,428,222,206,318,154,164,162,65,97,198,77,121,49.4,48.0,50.7
050,51,099,Virginia,King George County,1,23584,11851,11733,1803,938,865,3311,1686,1625,1426,740,686,1791,933,858,17748,8841,8907,17044,8487,8557,9273,4633,4640,6417,3159,3258,6439,3283,3156,2397,1112,1285,1803,938,865,1800,903,897,1872,982,890,1594,824,770,1262,650,612,1380,672,708,1533,762,771,1679,817,862,1825,908,917,2085,1071,1014,1795,902,893,1402,729,673,1157,581,576,901,443,458,612,299,313,385,185,200,250,110,140,249,75,174,36.6,36.2,37.0
050,51,099,Virginia,King George County,2,23578,11847,11731,1803,938,865,3310,1685,1625,1426,740,686,1791,933,858,17743,8838,8905,17039,8484,8555,9271,4632,4639,6415,3158,3257,6439,3283,3156,2394,1110,1284,1803,938,865,1799,902,897,1872,982,890,1594,824,770,1262,650,612,1380,672,708,1533,762,771,1677,816,861,1825,908,917,2085,1071,1014,1795,902,893,1402,729,673,1157,581,576,900,442,458,610,298,312,385,185,200,250,110,140,249,75,174,36.6,36.2,37.0
050,51,099,Virginia,King George County,3,23697,11933,11764,1787,934,853,3310,1686,1624,1437,747,690,1839,971,868,17870,8923,8947,17163,8566,8597,9318,4679,4639,6412,3162,3250,6476,3308,3168,2436,1125,1311,1787,934,853,1803,905,898,1877,982,895,1612,839,773,1294,678,616,1380,668,712,1543,771,772,1672,821,851,1817,902,915,2088,1072,1016,1813,915,898,1422,741,681,1153,580,573,917,444,473,621,305,316,386,184,202,261,116,145,251,76,175,36.7,36.2,37.1
050,51,099,Virginia,King George County,4,24277,12207,12070,1808,944,864,3348,1692,1656,1482,766,716,2011,1060,951,18362,9173,9189,17639,8805,8834,9482,4798,4684,6381,3178,3203,6678,3393,3285,2569,1174,1395,1808,944,864,1836,908,928,1904,990,914,1682,870,812,1419,750,669,1428,690,738,1525,776,749,1610,812,798,1818,900,918,2100,1049,1051,1877,949,928,1499,794,705,1202,601,601,967,455,512,663,332,331,401,180,221,285,132,153,253,75,178,36.7,36.1,37.2
050,51,099,Virginia,King George County,5,24615,12404,12211,1784,931,853,3381,1715,1666,1480,785,695,2060,1091,969,18691,9351,9340,17970,8973,8997,9641,4907,4734,6476,3228,3248,6730,3402,3328,2704,1252,1452,1784,931,853,1893,961,932,1863,951,912,1703,903,800,1462,776,686,1466,726,740,1613,814,799,1604,800,804,1793,888,905,2040,1035,1005,1885,946,939,1591,816,775,1214,605,609,1031,491,540,697,364,333,413,187,226,304,133,171,259,77,182,36.7,36.0,37.4
050,51,099,Virginia,King George County,6,24909,12528,12381,1687,879,808,3395,1712,1683,1521,775,746,2116,1143,973,19041,9544,9497,18306,9162,9144,9752,4968,4784,6513,3237,3276,6872,3470,3402,2805,1312,1493,1687,879,808,1952,984,968,1841,915,926,1714,916,798,1525,815,710,1498,751,747,1671,843,828,1643,811,832,1701,832,869,2012,1028,984,1968,978,990,1641,834,807,1251,630,621,1062,530,532,729,365,364,451,200,251,295,133,162,268,84,184,36.7,36.0,37.5
050,51,099,Virginia,King George County,7,25284,12776,12508,1654,866,788,3438,1728,1710,1524,784,740,2137,1174,963,19411,9790,9621,18668,9398,9270,9936,5090,4846,6659,3339,3320,6936,3496,3440,2936,1389,1547,1654,866,788,1965,1009,956,1857,926,931,1703,883,820,1574,868,706,1557,811,746,1654,809,845,1721,855,866,1727,864,863,1868,950,918,2036,1023,1013,1704,858,846,1328,665,663,1074,552,522,788,382,406,510,233,277,293,134,159,271,88,183,36.9,36.2,37.7
050,51,099,Virginia,King George County,8,25442,12788,12654,1648,844,804,3383,1699,1684,1547,766,781,2148,1187,961,19640,9849,9791,18864,9479,9385,9892,5055,4837,6575,3296,3279,7059,3540,3519,3082,1456,1626,1648,844,804,1909,978,931,1852,915,937,1744,876,868,1573,883,690,1542,821,721,1607,763,844,1724,869,855,1702,843,859,1824,906,918,2088,1055,1033,1765,869,896,1382,710,672,1116,573,543,829,390,439,538,259,279,313,143,170,286,91,195,37.4,36.7,38.0
050,51,099,Virginia,King George County,9,25982,13157,12825,1641,865,776,3514,1798,1716,1506,745,761,2177,1210,967,20101,10141,9960,19321,9749,9572,10096,5197,4899,6762,3402,3360,7144,3615,3529,3238,1522,1716,1641,865,776,1943,1003,940,1920,955,965,1764,926,838,1570,869,701,1588,855,733,1685,803,882,1783,896,887,1706,848,858,1846,938,908,2056,1033,1023,1830,899,931,1412,745,667,1145,576,569,877,406,471,581,277,304,318,143,175,317,120,197,37.4,36.7,38.2
050,51,099,Virginia,King George County,10,26379,13379,13000,1635,857,778,3553,1843,1710,1505,755,750,2271,1250,1021,20444,10322,10122,19686,9924,9762,10235,5270,4965,6852,3460,3392,7202,3626,3576,3361,1588,1773,1635,857,778,1939,1010,929,2007,1028,979,1733,884,849,1650,926,724,1637,864,773,1697,832,865,1830,906,924,1688,858,830,1832,926,906,2008,1003,1005,1873,937,936,1489,760,729,1160,582,578,931,436,495,595,296,299,340,149,191,335,125,210,37.5,36.6,38.3
050,51,099,Virginia,King George County,11,26673,13514,13159,1574,813,761,3546,1835,1711,1522,745,777,2253,1255,998,20771,10479,10292,20031,10121,9910,10406,5351,5055,7025,3553,3472,7272,3644,3628,3481,1669,1812,1574,813,761,1889,978,911,2051,1059,992,1737,871,866,1644,927,717,1664,877,787,1688,839,849,1909,952,957,1764,885,879,1743,872,871,1982,982,1000,1961,996,965,1586,794,792,1192,596,596,951,475,476,620,296,324,372,168,204,346,134,212,37.8,37.1,38.6
050,51,099,Virginia,King George County,12,26981,13689,13292,1601,830,771,3494,1793,1701,1550,782,768,2226,1229,997,21087,10646,10441,20336,10284,10052,10499,5413,5086,7134,3623,3511,7301,3666,3635,3675,1766,1909,1601,830,771,1845,962,883,2060,1052,1008,1732,885,847,1633,905,728,1699,892,807,1761,911,850,1876,915,961,1798,905,893,1762,888,874,1878,955,923,2036,1014,1022,1625,809,816,1245,625,620,982,505,477,696,322,374,398,180,218,354,134,220,38.1,37.4,38.9
050,51,099,Virginia,King George County,13,27293,13820,13473,1589,811,778,3537,1824,1713,1549,793,756,2243,1217,1026,21381,10770,10611,20618,10392,10226,10587,5469,5118,7179,3661,3518,7377,3678,3699,3819,1836,1983,1589,811,778,1885,986,899,2036,1040,996,1752,892,860,1656,916,740,1681,895,786,1801,923,878,1883,920,963,1814,923,891,1782,909,873,1877,941,936,2032,1001,1031,1686,827,859,1288,656,632,1013,509,504,719,332,387,424,196,228,375,143,232,38.3,37.5,39.1
050,51,099,Virginia,King George County,14,27381,13859,13522,1584,805,779,3543,1829,1714,1555,799,756,2244,1212,1032,21468,10811,10657,20699,10426,10273,10619,5489,5130,7199,3676,3523,7400,3687,3713,3856,1851,2005,1584,805,779,1894,992,902,2028,1035,993,1760,895,865,1660,918,742,1672,895,777,1814,927,887,1882,919,963,1831,935,896,1784,915,869,1882,940,942,2032,998,1034,1702,834,868,1299,663,636,1022,509,513,725,333,392,431,201,230,379,145,234,38.4,37.6,39.2
050,51,101,Virginia,King William County,1,15935,7759,8176,1000,483,517,2028,1045,983,907,440,467,1146,608,538,12453,6007,6446,12000,5791,6209,6052,2981,3071,4220,2050,2170,4664,2237,2427,1970,896,1074,1000,483,517,1117,572,545,1132,590,542,1061,534,527,771,397,374,947,455,492,980,469,511,1106,526,580,1187,600,587,1369,647,722,1278,637,641,1097,495,602,920,458,462,685,339,346,462,222,240,370,178,192,229,88,141,224,69,155,39.4,38.7,40.0
050,51,101,Virginia,King William County,2,15927,7756,8171,1000,483,517,2027,1044,983,906,440,466,1146,608,538,12447,6005,6442,11994,5789,6205,6049,2981,3068,4217,2050,2167,4661,2235,2426,1970,896,1074,1000,483,517,1117,572,545,1130,589,541,1061,534,527,771,397,374,945,455,490,980,469,511,1106,526,580,1186,600,586,1369,647,722,1277,637,640,1095,493,602,920,458,462,685,339,346,462,222,240,370,178,192,229,88,141,224,69,155,39.4,38.7,40.0
050,51,101,Virginia,King William County,3,15999,7795,8204,1005,487,518,2028,1043,985,910,447,463,1161,612,549,12509,6036,6473,12056,5818,6238,6064,2994,3070,4223,2056,2167,4683,2247,2436,1989,903,1086,1005,487,518,1107,570,537,1151,594,557,1053,530,523,788,408,380,955,461,494,991,472,519,1096,523,573,1181,600,581,1363,644,719,1284,639,645,1103,502,601,933,462,471,689,341,348,473,226,247,366,176,190,235,91,144,226,69,157,39.4,38.7,40.0
050,51,101,Virginia,King William County,4,16013,7826,8187,1011,494,517,1950,1022,928,915,462,453,1198,634,564,12578,6065,6513,12137,5848,6289,6042,2997,3045,4173,2028,2145,4720,2250,2470,2046,936,1110,1011,494,517,1038,558,480,1156,591,565,1037,526,511,832,443,389,969,469,500,997,470,527,1052,490,562,1155,599,556,1297,600,697,1301,643,658,1128,525,603,994,482,512,712,356,356,491,234,257,370,177,193,249,100,149,224,69,155,39.6,38.7,40.4
050,51,101,Virginia,King William County,5,15977,7816,8161,989,492,497,1961,1034,927,879,445,434,1160,601,559,12588,6072,6516,12148,5845,6303,5972,2968,3004,4131,2016,2115,4694,2230,2464,2163,998,1165,989,492,497,1059,554,505,1100,574,526,1023,528,495,818,424,394,988,487,501,1004,475,529,1005,479,526,1134,575,559,1258,582,676,1306,645,661,1159,554,605,971,449,522,786,398,388,508,242,266,389,177,212,249,105,144,231,76,155,40.0,38.9,40.9
050,51,101,Virginia,King William County,6,16096,7867,8229,970,494,476,2019,1065,954,864,433,431,1169,594,575,12708,6118,6590,12243,5875,6368,5967,2936,3031,4145,2018,2127,4698,2227,2471,2231,1036,1195,970,494,476,1109,573,536,1121,601,520,992,499,493,830,419,411,974,483,491,1054,488,566,987,486,501,1130,561,569,1218,577,641,1308,643,665,1168,553,615,1004,454,550,799,406,393,554,266,288,396,179,217,255,113,142,227,72,155,40.1,38.8,41.1
050,51,101,Virginia,King William County,7,16153,7885,8268,937,495,442,1992,1004,988,876,457,419,1240,643,597,12775,6136,6639,12348,5929,6419,5943,2921,3022,4063,1960,2103,4715,2258,2457,2330,1068,1262,937,495,442,1102,551,551,1126,592,534,990,499,491,890,462,428,959,464,495,1055,519,536,970,464,506,1079,513,566,1172,580,592,1328,639,689,1220,582,638,995,457,538,841,405,436,599,288,311,393,183,210,259,119,140,238,73,165,40.2,38.8,41.3
050,51,101,Virginia,King William County,8,16287,7985,8302,954,515,439,1955,995,960,891,461,430,1221,627,594,12890,6212,6678,12487,6014,6473,5989,2966,3023,4117,1996,2121,4712,2267,2445,2437,1124,1313,954,515,439,1061,516,545,1134,597,537,1009,529,480,863,441,422,998,484,514,1074,554,520,1003,478,525,1042,480,562,1110,557,553,1335,643,692,1252,612,640,1015,455,560,898,425,473,631,310,321,392,180,212,280,135,145,236,74,162,40.3,38.8,41.6
050,51,101,Virginia,King William County,9,16416,8028,8388,951,503,448,1960,988,972,904,481,423,1196,592,604,13048,6304,6744,12601,6056,6545,6026,2985,3041,4141,2022,2119,4719,2275,2444,2545,1167,1378,951,503,448,1048,505,543,1127,593,534,1012,528,484,873,435,438,1010,483,527,1121,576,545,996,481,515,1014,482,532,1125,564,561,1291,612,679,1262,623,639,1041,476,565,946,445,501,672,330,342,410,185,225,289,131,158,228,76,152,40.4,39.2,41.6
050,51,101,Virginia,King William County,10,16706,8164,8542,1026,546,480,1970,987,983,906,488,418,1231,607,624,13257,6388,6869,12804,6143,6661,6116,3037,3079,4212,2071,2141,4736,2290,2446,2625,1175,1450,1026,546,480,1066,510,556,1137,606,531,988,515,473,916,451,465,1023,488,535,1150,579,571,1037,516,521,1002,488,514,1134,556,578,1281,606,675,1254,625,629,1067,503,564,936,416,520,720,358,362,431,190,241,302,126,176,236,85,151,40.0,38.6,41.4
050,51,101,Virginia,King William County,11,16962,8310,8652,1018,539,479,1986,1003,983,915,487,428,1198,614,584,13517,6524,6993,13043,6281,6762,6226,3108,3118,4318,2124,2194,4766,2309,2457,2761,1234,1527,1018,539,479,1040,521,519,1151,599,552,1051,561,490,857,423,434,1111,529,582,1123,552,571,1082,539,543,1002,504,498,1125,558,567,1273,603,670,1291,645,646,1077,503,574,974,424,550,742,373,369,490,220,270,317,130,187,238,87,151,40.2,38.7,41.7
050,51,101,Virginia,King William County,12,17198,8449,8749,1018,547,471,1997,1017,980,919,494,425,1217,624,593,13730,6640,7090,13264,6391,6873,6328,3168,3160,4438,2180,2258,4773,2314,2459,2836,1273,1563,1018,547,471,1070,562,508,1173,585,588,1025,553,472,865,435,430,1159,555,604,1131,539,592,1145,595,550,1003,491,512,1079,528,551,1227,604,623,1342,647,695,1125,535,590,956,427,529,786,372,414,524,238,286,318,142,176,252,94,158,40.1,38.7,41.5
050,51,101,Virginia,King William County,13,17545,8604,8941,1062,560,502,2008,1023,985,931,494,437,1248,638,610,13991,6767,7224,13544,6527,7017,6477,3237,3240,4541,2233,2308,4828,2348,2480,2927,1308,1619,1062,560,502,1103,579,524,1148,572,576,1058,564,494,878,440,438,1163,562,601,1183,566,617,1174,610,564,1021,495,526,1089,518,571,1188,598,590,1386,668,718,1165,564,601,965,429,536,822,372,450,548,254,294,319,151,168,273,102,171,40.0,38.7,41.3
050,51,101,Virginia,King William County,14,17641,8645,8996,1076,563,513,2002,1021,981,932,494,438,1262,644,618,14070,6804,7266,13631,6567,7064,6524,3258,3266,4573,2248,2325,4846,2358,2488,2950,1317,1633,1076,563,513,1110,583,527,1135,566,569,1066,567,499,885,443,442,1166,566,600,1200,574,626,1182,613,569,1025,495,530,1094,514,580,1180,597,583,1398,676,722,1174,571,603,966,430,536,834,372,462,557,262,295,314,149,165,279,104,175,40.0,38.8,41.3
050,51,103,Virginia,Lancaster County,1,11391,5352,6039,451,252,199,941,471,470,439,242,197,655,341,314,9780,4506,5274,9560,4387,5173,2738,1344,1394,1757,821,936,3594,1634,1960,3554,1591,1963,451,252,199,522,252,270,532,279,253,561,304,257,420,219,201,401,203,198,388,175,213,436,200,236,532,243,289,736,335,401,875,401,474,947,446,501,1036,452,584,997,484,513,802,382,420,653,307,346,517,232,285,585,186,399,54.1,52.6,55.3
050,51,103,Virginia,Lancaster County,2,11390,5352,6038,451,252,199,941,471,470,439,242,197,656,342,314,9779,4506,5273,9559,4387,5172,2739,1345,1394,1757,821,936,3595,1635,1960,3551,1589,1962,451,252,199,522,252,270,532,279,253,562,305,257,420,219,201,401,203,198,388,175,213,436,200,236,532,243,289,735,335,400,875,401,474,948,446,502,1037,453,584,993,482,511,802,382,420,654,307,347,517,232,285,585,186,399,54.1,52.6,55.3
050,51,103,Virginia,Lancaster County,3,11362,5324,6038,457,251,206,945,473,472,436,237,199,659,344,315,9741,4480,5261,9524,4363,5161,2738,1339,1399,1755,816,939,3570,1621,1949,3540,1582,1958,457,251,206,528,257,271,529,274,255,555,300,255,428,223,205,408,203,205,386,175,211,432,200,232,529,238,291,724,332,392,863,393,470,941,441,500,1042,455,587,980,474,506,810,387,423,654,306,348,518,231,287,578,184,394,54.1,52.6,55.2
050,51,103,Virginia,Lancaster County,4,11276,5323,5953,437,238,199,929,488,441,425,225,200,653,343,310,9694,4487,5207,9485,4372,5113,2718,1352,1366,1743,832,911,3516,1607,1909,3573,1590,1983,437,238,199,520,275,245,512,261,251,535,289,246,440,231,209,439,221,218,387,180,207,404,197,207,513,234,279,679,324,355,836,381,455,945,432,513,1056,470,586,971,463,508,827,403,424,685,312,373,524,237,287,566,175,391,54.6,52.8,56.0
050,51,103,Virginia,Lancaster County,5,11125,5227,5898,442,221,221,888,477,411,420,219,201,657,340,317,9602,4434,5168,9375,4310,5065,2676,1316,1360,1692,803,889,3377,1561,1816,3649,1606,2043,442,221,221,471,257,214,510,266,244,500,264,236,484,249,235,454,225,229,361,175,186,387,177,210,490,226,264,644,310,334,808,377,431,922,409,513,1003,465,538,1025,473,552,843,410,433,677,312,365,526,234,292,578,177,401,55.1,53.3,56.5
050,51,103,Virginia,Lancaster County,6,10960,5139,5821,425,199,226,893,486,407,394,204,190,671,353,318,9458,4355,5103,9248,4250,4998,2641,1297,1344,1667,793,874,3232,1492,1740,3678,1612,2066,425,199,226,473,261,212,511,278,233,473,246,227,501,258,243,442,223,219,367,176,191,398,171,227,460,223,237,576,267,309,779,368,411,921,401,520,956,456,500,1054,476,578,881,429,452,653,304,349,525,238,287,565,165,400,55.4,53.8,56.7
050,51,103,Virginia,Lancaster County,7,10863,5125,5738,399,186,213,847,464,383,400,208,192,645,340,305,9412,4365,5047,9217,4267,4950,2577,1282,1295,1644,790,854,3172,1467,1705,3756,1670,2086,399,186,213,445,257,188,514,263,251,468,251,217,465,241,224,441,226,215,369,185,184,392,176,216,442,203,239,534,268,266,760,340,420,909,408,501,969,451,518,1052,477,575,921,451,470,692,320,372,510,238,272,581,184,397,56.2,54.6,57.5
050,51,103,Virginia,Lancaster County,8,10828,5118,5710,432,202,230,839,466,373,387,199,188,630,327,303,9351,4350,5001,9170,4251,4919,2550,1268,1282,1630,791,839,3125,1432,1693,3785,1701,2084,432,202,230,434,257,177,502,258,244,459,242,217,461,235,226,448,235,213,403,195,208,370,166,204,409,195,214,510,240,270,716,330,386,905,407,498,994,455,539,1071,490,581,919,441,478,708,343,365,490,221,269,597,206,391,56.6,55.1,57.8
050,51,103,Virginia,Lancaster County,9,10776,5086,5690,453,212,241,842,462,380,387,205,182,582,295,287,9283,4302,4981,9094,4207,4887,2547,1261,1286,1678,820,858,3029,1375,1654,3805,1717,2088,453,212,241,434,251,183,508,270,238,438,222,216,431,219,212,479,246,233,420,201,219,373,175,198,406,198,208,491,224,267,669,317,352,871,398,473,998,436,562,1083,505,578,904,429,475,720,351,369,523,237,286,575,195,380,56.8,55.1,58.1
050,51,103,Virginia,Lancaster County,10,10724,5079,5645,430,201,229,842,466,376,393,206,187,564,291,273,9251,4303,4948,9059,4206,4853,2532,1262,1270,1674,813,861,2991,1358,1633,3830,1744,2086,430,201,229,426,229,197,515,285,230,448,241,207,410,208,202,470,245,225,447,209,238,374,184,190,383,175,208,489,224,265,627,297,330,863,393,470,1012,444,568,1025,489,536,984,464,520,738,364,374,522,237,285,561,190,371,57.2,55.6,58.3
050,51,103,Virginia,Lancaster County,11,10692,5068,5624,450,223,227,823,457,366,421,222,199,560,282,278,9201,4280,4921,8998,4166,4832,2546,1252,1294,1677,805,872,2905,1321,1584,3856,1758,2098,450,223,227,426,221,205,509,293,216,472,252,220,397,195,202,454,228,226,434,204,230,393,197,196,396,176,220,486,232,254,571,267,304,825,366,459,1023,456,567,1009,493,516,1011,459,552,786,384,402,500,231,269,550,191,359,57.4,55.8,58.5
050,51,103,Virginia,Lancaster County,12,10619,5048,5571,447,225,222,780,432,348,440,233,207,571,284,287,9154,4263,4891,8952,4158,4794,2556,1267,1289,1670,821,849,2818,1296,1522,3893,1757,2136,447,225,222,421,205,216,484,298,186,483,252,231,403,194,209,438,228,210,435,205,230,403,209,194,394,179,215,443,205,238,555,268,287,797,343,454,1023,480,543,1008,466,542,1013,473,540,820,394,426,520,239,281,532,185,347,57.7,55.9,59.0
050,51,103,Virginia,Lancaster County,13,10636,5046,5590,430,218,212,804,427,377,433,230,203,548,290,258,9178,4276,4902,8969,4171,4798,2562,1281,1281,1685,822,863,2787,1280,1507,3949,1779,2170,430,218,212,421,199,222,487,289,198,482,258,224,395,201,194,445,226,219,441,212,229,411,204,207,388,180,208,428,196,232,549,258,291,776,354,422,1034,472,562,1036,479,557,1026,475,551,804,379,425,537,246,291,546,200,346,58.0,56.2,59.3
050,51,103,Virginia,Lancaster County,14,10618,5030,5588,422,212,210,809,425,384,432,230,202,541,290,251,9168,4269,4899,8955,4163,4792,2567,1284,1283,1689,821,868,2770,1271,1499,3955,1781,2174,422,212,210,419,196,223,485,286,199,488,263,225,390,200,190,449,225,224,441,215,226,412,201,211,387,180,207,425,193,232,546,252,294,766,358,408,1033,468,565,1045,483,562,1027,476,551,794,371,423,543,249,294,546,202,344,58.0,56.2,59.4
050,51,105,Virginia,Lee County,1,25587,13352,12235,1319,664,655,2673,1398,1275,1185,617,568,1990,1089,901,21011,10979,10032,20410,10673,9737,9860,5556,4304,6963,3998,2965,7353,3765,3588,4104,1821,2283,1319,664,655,1426,762,664,1525,784,741,1498,787,711,1399,771,628,1485,879,606,1814,1102,712,1873,1071,802,1791,946,845,1815,947,868,1993,1025,968,1870,946,924,1675,847,828,1403,692,711,1053,479,574,713,320,393,520,204,316,415,126,289,41.2,39.3,43.7
050,51,105,Virginia,Lee County,2,25591,13355,12236,1319,664,655,2673,1398,1275,1186,618,568,1990,1089,901,21015,10982,10033,20413,10675,9738,9859,5556,4303,6961,3997,2964,7355,3766,3589,4107,1823,2284,1319,664,655,1426,762,664,1525,784,741,1499,788,711,1399,771,628,1485,879,606,1814,1102,712,1871,1070,801,1791,946,845,1814,946,868,1993,1025,968,1872,948,924,1676,847,829,1406,693,713,1054,480,574,713,320,393,520,204,316,414,126,288,41.2,39.3,43.7
050,51,105,Virginia,Lee County,3,25606,13357,12249,1313,661,652,2670,1394,1276,1192,623,569,1988,1090,898,21037,10990,10047,20431,10679,9752,9826,5539,4287,6935,3979,2956,7374,3775,3599,4134,1835,2299,1313,661,652,1422,753,669,1537,794,743,1459,769,690,1432,791,641,1481,873,608,1806,1096,710,1867,1072,795,1781,938,843,1816,947,869,1991,1017,974,1885,958,927,1682,853,829,1408,695,713,1067,482,585,712,323,389,528,207,321,419,128,291,41.3,39.4,43.8
050,51,105,Virginia,Lee County,4,25546,13309,12237,1309,674,635,2593,1340,1253,1220,639,581,1999,1099,900,21040,10979,10061,20424,10656,9768,9725,5508,4217,6829,3938,2891,7386,3745,3641,4210,1874,2336,1309,674,635,1386,727,659,1530,781,749,1362,718,644,1534,852,682,1478,857,621,1770,1084,686,1818,1069,749,1763,928,835,1783,909,874,1964,986,978,1901,971,930,1738,879,859,1409,702,707,1111,490,621,723,335,388,530,209,321,437,138,299,41.6,39.5,44.2
050,51,105,Virginia,Lee County,5,25433,13267,12166,1308,671,637,2531,1309,1222,1222,650,572,1936,1069,867,20968,10959,10009,20372,10637,9735,9653,5503,4150,6799,3947,2852,7301,3668,3633,4336,1953,2383,1308,671,637,1349,704,645,1486,768,718,1378,731,647,1476,825,651,1524,902,622,1752,1053,699,1738,1044,694,1785,948,837,1752,872,880,1890,963,927,1915,966,949,1744,867,877,1490,759,731,1119,496,623,777,354,423,519,208,311,431,136,295,41.9,39.7,44.5
050,51,105,Virginia,Lee County,6,25094,13131,11963,1267,648,619,2449,1279,1170,1186,616,570,1856,1027,829,20784,10904,9880,20192,10588,9604,9383,5380,4003,6637,3876,2761,7227,3654,3573,4472,2031,2441,1267,648,619,1326,690,636,1419,728,691,1334,728,606,1412,776,636,1514,909,605,1686,1035,651,1662,995,667,1775,937,838,1689,864,825,1856,933,923,1913,980,933,1769,877,892,1498,758,740,1189,540,649,837,374,463,508,210,298,440,149,291,42.6,40.3,45.2
050,51,105,Virginia,Lee County,7,24744,12959,11785,1213,624,589,2404,1251,1153,1155,600,555,1769,984,785,20573,10808,9765,19972,10484,9488,9161,5280,3881,6506,3838,2668,7141,3591,3550,4556,2071,2485,1213,624,589,1296,677,619,1377,716,661,1317,699,618,1338,743,595,1573,962,611,1564,968,596,1661,993,668,1708,915,793,1668,859,809,1759,872,887,1913,962,951,1801,898,903,1515,753,762,1214,572,642,865,379,486,514,219,295,448,148,300,43.1,40.6,45.9
050,51,105,Virginia,Lee County,8,24624,12915,11709,1186,601,585,2350,1222,1128,1125,577,548,1742,953,789,20546,10812,9734,19963,10515,9448,9025,5230,3795,6438,3842,2596,7066,3563,3503,4717,2157,2560,1186,601,585,1285,663,622,1345,701,644,1293,674,619,1294,714,580,1639,1004,635,1479,946,533,1637,974,663,1683,918,765,1673,870,803,1709,857,852,1869,922,947,1815,914,901,1570,778,792,1235,587,648,905,389,516,525,234,291,482,169,313,43.5,41.0,46.3
050,51,105,Virginia,Lee County,9,24198,12641,11557,1142,593,549,2301,1195,1106,1082,545,537,1603,892,711,20209,10574,9635,19673,10308,9365,8664,4994,3670,6249,3698,2551,6983,3490,3493,4838,2228,2610,1142,593,549,1260,650,610,1311,686,625,1263,651,612,1152,645,507,1670,1011,659,1417,879,538,1568,919,649,1594,889,705,1654,838,816,1678,838,840,1843,894,949,1808,920,888,1637,812,825,1237,605,632,931,388,543,547,246,301,486,177,309,44.2,41.7,46.9
050,51,105,Virginia,Lee County,10,23934,12443,11491,1089,567,522,2289,1181,1108,1078,555,523,1587,856,731,20013,10414,9599,19478,10140,9338,8395,4789,3606,5999,3520,2479,6908,3455,3453,4984,2309,2675,1089,567,522,1261,653,608,1297,670,627,1227,627,600,1169,642,527,1581,958,623,1414,869,545,1500,863,637,1504,830,674,1652,856,796,1655,801,854,1761,875,886,1840,923,917,1639,817,822,1315,650,665,940,390,550,597,272,325,493,180,313,44.8,42.3,47.3
050,51,105,Virginia,Lee County,11,23703,12323,11380,1051,568,483,2247,1156,1091,1088,561,527,1567,850,717,19867,10317,9550,19317,10038,9279,8226,4676,3550,5843,3404,2439,6768,3398,3370,5139,2386,2753,1051,568,483,1243,652,591,1276,643,633,1209,616,593,1174,656,518,1530,910,620,1432,880,552,1442,832,610,1439,782,657,1616,842,774,1595,784,811,1718,844,874,1839,928,911,1658,816,842,1335,656,679,1006,440,566,646,287,359,494,187,307,45.2,42.7,47.9
050,51,105,Virginia,Lee County,12,23540,12270,11270,1071,577,494,2206,1142,1064,1061,560,501,1563,843,720,19741,10281,9460,19202,9991,9211,8125,4644,3481,5763,3381,2382,6613,3304,3309,5263,2463,2800,1071,577,494,1208,636,572,1260,646,614,1195,627,568,1167,636,531,1497,892,605,1477,913,564,1349,783,566,1440,793,647,1578,822,756,1586,794,792,1633,785,848,1816,903,913,1672,831,841,1370,669,701,1039,475,564,663,291,372,519,197,322,45.4,42.8,48.3
050,51,105,Virginia,Lee County,13,23327,12161,11166,1063,568,495,2164,1126,1038,1026,531,495,1523,821,702,19595,10211,9384,19074,9936,9138,7991,4574,3417,5689,3344,2345,6496,3238,3258,5366,2533,2833,1063,568,495,1178,618,560,1233,630,603,1186,633,553,1116,597,519,1473,874,599,1517,947,570,1300,757,543,1399,766,633,1557,818,739,1574,786,788,1589,762,827,1776,872,904,1695,851,844,1412,690,722,1049,490,559,679,290,389,531,212,319,45.6,43.0,48.6
050,51,105,Virginia,Lee County,14,23238,12116,11122,1055,562,493,2139,1113,1026,1014,521,493,1510,815,695,19543,10189,9354,19030,9920,9110,7947,4555,3392,5666,3335,2331,6467,3218,3249,5387,2552,2835,1055,562,493,1162,608,554,1220,621,599,1181,635,546,1100,585,515,1464,868,596,1530,958,572,1287,752,535,1385,757,628,1553,818,735,1577,786,791,1573,752,821,1764,862,902,1703,858,845,1420,695,725,1049,493,556,685,290,395,530,216,314,45.7,43.1,48.7
050,51,107,Virginia,Loudoun County,1,312311,154078,158233,27538,13986,13552,49432,25025,24407,18464,9330,9134,18328,9560,8768,225751,110207,115544,216877,105737,111140,134389,66056,68333,102436,49583,52853,75688,37692,37996,20425,8902,11523,27538,13986,13552,28998,14712,14286,25273,12730,12543,19233,9957,9276,12720,6516,6204,18817,8923,9894,24666,11418,13248,29390,14545,14845,29563,14697,14866,27741,13915,13826,21111,10576,10535,15167,7429,7738,11669,5772,5897,7613,3565,4048,4628,2116,2512,3475,1537,1938,2424,917,1507,2285,767,1518,34.8,34.5,35.0
050,51,107,Virginia,Loudoun County,2,312342,154088,158254,27539,13986,13553,49438,25028,24410,18470,9331,9139,18331,9561,8770,225771,110214,115557,216895,105743,111152,134400,66058,68342,102441,49584,52857,75696,37694,38002,20427,8904,11523,27539,13986,13553,29002,14713,14289,25278,12733,12545,19237,9958,9279,12722,6516,6206,18817,8923,9894,24668,11419,13249,29391,14544,14847,29565,14698,14867,27742,13916,13826,21114,10576,10538,15171,7430,7741,11669,5772,5897,7615,3567,4048,4629,2116,2513,3475,1537,1938,2425,918,1507,2283,766,1517,34.8,34.5,35.0
050,51,107,Virginia,Loudoun County,3,315486,155695,159791,27642,14089,13553,49926,25261,24665,18695,9442,9253,18716,9764,8952,228235,111442,116793,219223,106903,112320,135423,66586,68837,102901,49834,53067,76748,38209,38539,20858,9096,11762,27642,14089,13553,29179,14775,14404,25636,12940,12696,19719,10181,9538,12803,6571,6232,18914,8995,9919,24785,11487,13298,29412,14516,14896,29790,14836,14954,27976,14026,13950,21475,10769,10706,15426,7574,7852,11871,5840,6031,7756,3630,4126,4731,2165,2566,3535,1558,1977,2486,953,1533,2350,790,1560,34.8,34.5,35.1
050,51,107,Virginia,Loudoun County,4,326357,161294,165063,27716,14259,13457,51849,26187,25662,19612,9897,9715,20027,10426,9601,236741,115792,120949,227180,110951,116229,138598,68181,70417,104020,50426,53594,80752,40257,40495,22381,9842,12539,27716,14259,13457,29900,15046,14854,27010,13709,13301,21316,10919,10397,13262,6836,6426,18664,8972,9692,25143,11737,13406,29274,14254,15020,30939,15463,15476,28762,14365,14397,23016,11620,11396,16413,8145,8268,12561,6127,6434,8272,3879,4393,5225,2425,2800,3726,1624,2102,2631,1054,1577,2527,860,1667,35.0,34.7,35.3
050,51,107,Virginia,Loudoun County,5,337902,167193,170709,27780,14289,13491,53584,27115,26469,20360,10376,9984,21731,11291,10440,246142,120453,125689,236178,115413,120765,142545,70279,72266,105735,51343,54392,84056,41968,42088,24656,10811,13845,27780,14289,13491,30559,15435,15124,28306,14411,13895,22396,11438,10958,14414,7498,6916,18697,9003,9694,25791,12037,13754,29144,14161,14983,32103,16142,15961,29311,14552,14759,24317,12390,11927,17607,8783,8824,12821,6243,6578,9317,4367,4950,5788,2630,3158,3977,1719,2258,2855,1173,1682,2719,922,1797,35.2,34.8,35.5
050,51,107,Virginia,Loudoun County,6,350001,173310,176691,27835,14392,13443,55195,27928,27267,21130,10729,10401,23462,12135,11327,256135,125444,130691,245841,120261,125580,146934,72556,74378,107874,52473,55401,87709,43817,43892,26796,11836,14960,27835,14392,13443,31075,15809,15266,29652,14900,14752,23273,11906,11367,15787,8177,7610,18826,9142,9684,26707,12526,14181,29609,14276,15333,32732,16529,16203,29875,14842,15033,25769,13106,12663,18735,9384,9351,13330,6485,6845,10009,4709,5300,6607,2967,3640,4208,1829,2379,3044,1301,1743,2928,1030,1898,35.3,34.9,35.7
050,51,107,Virginia,Loudoun County,7,362330,179517,182813,28293,14556,13737,56207,28573,27634,22016,11109,10907,25214,12958,12256,266382,130656,135726,255814,125279,130535,151871,74960,76911,110521,53837,56684,91394,45791,45603,28685,12693,15992,28293,14556,13737,31407,16078,15329,30680,15439,15241,24170,12318,11852,17180,8805,8375,19027,9246,9781,27571,13016,14555,30801,14826,15975,33122,16749,16373,30291,15136,15155,27074,13822,13252,19907,9940,9967,14122,6893,7229,10545,4978,5567,7291,3235,4056,4452,1986,2466,3246,1349,1897,3151,1145,2006,35.5,35.1,35.8
050,51,107,Virginia,Loudoun County,8,374176,185326,188850,28384,14435,13949,57402,29186,28216,23085,11649,11436,26714,13658,13056,276313,135617,140696,265305,130056,135249,155679,76782,78897,111985,54580,57405,95557,47996,47561,31049,13822,17227,28384,14435,13949,31957,16467,15490,31550,15824,15726,25208,12788,12420,18486,9414,9072,19002,9235,9767,27651,13068,14583,32288,15581,16707,33044,16696,16348,31244,15659,15585,28238,14475,13763,21157,10582,10575,14918,7280,7638,11329,5401,5928,7866,3541,4325,4942,2170,2772,3457,1440,2017,3455,1270,2185,35.7,35.4,36.0
050,51,107,Virginia,Loudoun County,9,385750,191107,194643,28453,14401,14052,58581,29723,28858,24193,12208,11985,28157,14406,13751,286190,140585,145605,274523,134775,139748,159626,78777,80849,113614,55396,58218,99328,50111,49217,33424,14862,18562,28453,14401,14052,32459,16703,15756,32460,16253,16207,26350,13419,12931,19662,9962,9700,19153,9418,9735,27946,13149,14797,33211,16120,17091,33304,16709,16595,32500,16441,16059,28648,14548,14100,22516,11392,11124,15664,7730,7934,12071,5721,6350,8479,3819,4660,5379,2373,3006,3757,1545,2212,3738,1404,2334,36.0,35.7,36.2
050,51,107,Virginia,Loudoun County,10,397192,197000,200192,28581,14384,14197,59536,30442,29094,25339,12740,12599,29216,14860,14356,296000,145628,150372,283736,139434,144302,163641,80855,82786,115711,56519,59192,103247,52218,51029,35562,15837,19725,28581,14384,14197,32964,16965,15999,33197,16741,16456,27618,14049,13569,20312,10287,10025,19735,9829,9906,28126,13305,14821,34272,16595,17677,33578,16790,16788,33772,17225,16547,29255,14717,14538,23583,12055,11528,16637,8221,8416,12234,5814,6420,9369,4222,5147,5963,2647,3316,3943,1623,2320,4053,1531,2522,36.2,36.0,36.5
050,51,107,Virginia,Loudoun County,11,405964,201454,204510,28518,14419,14099,59857,30708,29149,26085,13090,12995,30236,15287,14949,304224,149720,154504,291504,143237,148267,166754,82321,84433,117145,57276,59869,106151,53723,52428,37972,16951,21021,28518,14419,14099,32721,16872,15849,33848,17168,16680,28775,14534,14241,20834,10511,10323,20086,10042,10044,27682,13153,14529,35043,16976,18067,34334,17105,17229,34386,17621,16765,29631,14871,14760,24673,12602,12071,17461,8629,8832,12735,6063,6672,10038,4574,5464,6694,2912,3782,4204,1746,2458,4301,1656,2645,36.6,36.3,36.8
050,51,107,Virginia,Loudoun County,12,414872,206082,208790,28541,14447,14094,60261,30934,29327,26737,13417,13320,31138,15779,15359,312446,153829,158617,299333,147284,152049,169739,83717,86022,118673,57999,60674,109192,55415,53777,40330,18091,22239,28541,14447,14094,32884,16923,15961,34186,17489,16697,29725,14981,14744,21341,10737,10604,20694,10372,10322,27439,13003,14436,35332,17265,18067,35208,17359,17849,34821,17923,16898,30233,15237,14996,25715,13208,12507,18423,9047,9376,13275,6350,6925,10653,4856,5797,7335,3220,4115,4442,1903,2539,4625,1762,2863,36.9,36.6,37.2
050,51,107,Virginia,Loudoun County,13,421074,209468,211606,28331,14396,13935,60470,31007,29463,27111,13661,13450,32013,16300,15713,318558,157034,161524,305162,150404,154758,171721,84901,86820,119443,58448,60995,111352,56617,54735,42354,19039,23315,28331,14396,13935,32813,16825,15988,34503,17690,16813,30358,15386,14972,21920,11067,10853,21009,10528,10481,26978,12903,14075,35289,17179,18110,36167,17838,18329,34814,17928,16886,30952,15616,15336,26420,13582,12838,19166,9491,9675,13660,6506,7154,11194,5168,6026,7860,3442,4418,4768,2039,2729,4872,1884,2988,37.2,36.8,37.5
050,51,107,Virginia,Loudoun County,14,422784,210413,212371,28234,14361,13873,60445,30982,29463,27242,13744,13498,32238,16443,15795,320338,157977,162361,306863,151326,155537,172261,85244,87017,119662,58582,61080,112051,57000,55051,42912,19301,23611,28234,14361,13873,32714,16752,15962,34612,17755,16857,30518,15499,15019,22081,11163,10918,21084,10566,10518,26816,12861,13955,35293,17169,18124,36469,17986,18483,34808,17928,16880,31235,15756,15479,26628,13697,12931,19380,9619,9761,13782,6553,7229,11345,5256,6089,8006,3504,4502,4866,2081,2785,4913,1907,3006,37.3,36.9,37.6
050,51,109,Virginia,Louisa County,1,33153,16340,16813,2029,1034,995,3577,1861,1716,1732,856,876,2247,1105,1142,26674,13005,13669,25815,12589,13226,11723,5794,5929,8147,4024,4123,10625,5193,5432,4796,2267,2529,2029,1034,995,2048,1062,986,1932,990,942,2019,1017,1002,1557,753,804,1864,890,974,1945,982,963,1992,985,1007,2346,1167,1179,2904,1408,1496,2770,1348,1422,2596,1261,1335,2355,1176,1179,1766,878,888,1253,625,628,808,405,403,515,215,300,454,144,310,42.6,42.0,43.2
050,51,109,Virginia,Louisa County,2,33028,16260,16768,2015,1024,991,3565,1854,1711,1728,854,874,2238,1093,1145,26576,12941,13635,25720,12528,13192,11695,5777,5918,8130,4021,4109,10575,5165,5410,4777,2249,2528,2015,1024,991,2045,1060,985,1921,985,936,2008,1007,1001,1557,749,808,1863,891,972,1947,984,963,1978,979,999,2342,1167,1175,2891,1398,1493,2753,1343,1410,2580,1250,1330,2351,1174,1177,1760,868,892,1246,623,623,806,401,405,514,213,301,451,144,307,42.6,42.0,43.2
050,51,109,Virginia,Louisa County,3,33169,16318,16851,2022,1028,994,3586,1862,1724,1718,854,864,2261,1100,1161,26707,12996,13711,25843,12574,13269,11699,5765,5934,8120,4007,4113,10628,5190,5438,4834,2277,2557,2022,1028,994,2050,1059,991,1936,999,937,2002,999,1003,1577,759,818,1866,885,981,1953,986,967,1963,975,988,2338,1161,1177,2873,1389,1484,2783,1356,1427,2601,1267,1334,2371,1178,1193,1780,883,897,1266,628,638,812,404,408,524,218,306,452,144,308,42.7,42.0,43.2
050,51,109,Virginia,Louisa County,4,33325,16409,16916,1979,985,994,3592,1866,1726,1664,856,808,2288,1128,1160,26970,13155,13815,26090,12702,13388,11593,5732,5861,8018,3954,4064,10752,5243,5509,5032,2377,2655,1979,985,994,2021,1035,986,1948,1037,911,1961,984,977,1614,794,820,1866,886,980,1938,947,991,1920,981,939,2294,1140,1154,2748,1323,1425,2880,1403,1477,2642,1301,1341,2482,1216,1266,1831,926,905,1353,650,703,835,413,422,543,232,311,470,156,314,43.1,42.4,43.8
050,51,109,Virginia,Louisa County,5,33357,16435,16922,1921,955,966,3555,1823,1732,1602,847,755,2323,1146,1177,27131,13247,13884,26279,12810,13469,11381,5664,5717,7830,3877,3953,10750,5237,5513,5376,2550,2826,1921,955,966,1982,1009,973,1947,1020,927,1902,983,919,1649,804,845,1838,860,978,1916,947,969,1902,982,920,2174,1088,1086,2660,1272,1388,2907,1411,1496,2684,1329,1355,2499,1225,1274,1992,996,996,1432,688,744,899,438,461,558,255,303,495,173,322,43.8,43.0,44.5
050,51,109,Virginia,Louisa County,6,33850,16688,17162,1916,970,946,3643,1859,1784,1530,801,729,2458,1213,1245,27536,13453,14083,26761,13058,13703,11454,5709,5745,7839,3886,3953,10748,5245,5503,5716,2714,3002,1916,970,946,2036,1042,994,1980,1008,972,1867,981,886,1748,842,906,1860,890,970,1898,922,976,1893,976,917,2188,1098,1090,2503,1221,1282,2981,1453,1528,2746,1362,1384,2518,1209,1309,2137,1071,1066,1499,717,782,974,460,514,603,287,316,503,179,324,44.0,43.3,44.7
050,51,109,Virginia,Louisa County,7,34173,16849,17324,1868,940,928,3729,1876,1853,1569,819,750,2394,1192,1202,27783,13637,14146,27007,13214,13793,11372,5706,5666,7818,3897,3921,10775,5256,5519,6020,2869,3151,1868,940,928,2067,1045,1022,2071,1033,1038,1826,972,854,1728,837,891,1905,926,979,1903,950,953,1925,967,958,2085,1054,1031,2437,1199,1238,2976,1436,1540,2801,1379,1422,2561,1242,1319,2243,1116,1127,1572,747,825,1067,524,543,619,295,324,519,187,332,44.4,43.7,45.0
050,51,109,Virginia,Louisa County,8,34475,16977,17498,1880,955,925,3690,1846,1844,1595,820,775,2387,1209,1178,28078,13754,14324,27310,13356,13954,11359,5678,5681,7809,3878,3931,10820,5249,5571,6294,3020,3274,1880,955,925,2044,1021,1023,2078,1054,1024,1767,913,854,1783,887,896,1848,897,951,1985,992,993,1953,970,983,2023,1019,1004,2396,1181,1215,2918,1414,1504,2870,1382,1488,2636,1272,1364,2345,1174,1171,1627,776,851,1124,560,564,631,296,335,567,214,353,44.7,44.1,45.4
050,51,109,Virginia,Louisa County,9,35202,17372,17830,1952,1014,938,3694,1857,1837,1643,820,823,2376,1211,1165,28697,14062,14635,27913,13681,14232,11543,5764,5779,7951,3946,4005,10953,5346,5607,6633,3178,3455,1952,1014,938,2056,1013,1043,2065,1057,1008,1817,939,878,1775,879,896,1956,960,996,2041,1012,1029,2006,1006,1000,1948,968,980,2383,1197,1186,2878,1389,1489,3007,1457,1550,2685,1303,1382,2497,1234,1263,1679,821,858,1200,586,614,643,301,342,614,236,378,45.0,44.2,45.6
050,51,109,Virginia,Louisa County,10,35803,17719,18084,1947,1011,936,3665,1826,1839,1680,847,833,2363,1218,1145,29352,14466,14886,28511,14035,14476,11739,5879,5860,8116,4026,4090,11068,5434,5634,6964,3357,3607,1947,1011,936,2025,990,1035,2060,1048,1012,1870,945,925,1753,908,845,2029,986,1043,2059,1001,1058,2054,1043,1011,1974,996,978,2367,1196,1171,2776,1329,1447,3124,1520,1604,2801,1389,1412,2517,1251,1266,1897,936,961,1217,581,636,699,328,371,634,261,373,45.3,44.7,46.0
050,51,109,Virginia,Louisa County,11,36656,18132,18524,1949,999,950,3733,1880,1853,1678,836,842,2369,1231,1138,30145,14850,15295,29296,14417,14879,12061,6030,6031,8431,4166,4265,11219,5514,5705,7277,3506,3771,1949,999,950,1996,995,1001,2154,1088,1066,1896,948,948,1734,916,818,2188,1058,1130,2155,1060,1095,2111,1067,1044,1977,981,996,2306,1158,1148,2782,1346,1436,3190,1559,1631,2941,1451,1490,2575,1260,1315,2009,994,1015,1285,619,666,749,354,395,659,279,380,45.4,44.8,46.0
050,51,109,Virginia,Louisa County,12,37477,18509,18968,2005,1014,991,3823,1916,1907,1663,831,832,2405,1252,1153,30811,15152,15659,29986,14748,15238,12430,6220,6210,8780,4360,4420,11186,5475,5711,7615,3661,3954,2005,1014,991,2074,1035,1039,2167,1104,1063,1928,965,963,1722,895,827,2284,1101,1183,2241,1097,1144,2226,1143,1083,2029,1019,1010,2211,1115,1096,2699,1316,1383,3254,1554,1700,3022,1490,1532,2645,1291,1354,2132,1053,1079,1368,648,720,802,396,406,668,273,395,45.2,44.4,45.9
050,51,109,Virginia,Louisa County,13,37974,18789,19185,2027,1045,982,3828,1900,1928,1683,845,838,2390,1233,1157,31276,15406,15870,30436,14999,15437,12678,6375,6303,9023,4515,4508,11147,5456,5691,7876,3795,4081,2027,1045,982,2077,1036,1041,2169,1082,1087,1944,984,960,1711,876,835,2329,1155,1174,2273,1114,1159,2300,1184,1116,2121,1062,1059,2159,1092,1067,2642,1298,1344,3214,1545,1669,3132,1521,1611,2737,1332,1405,2211,1096,1115,1403,670,733,853,428,425,672,269,403,45.1,44.3,45.9
050,51,109,Virginia,Louisa County,14,38132,18871,19261,2031,1054,977,3829,1892,1937,1694,851,843,2385,1228,1157,31426,15483,15943,30578,15074,15504,12770,6430,6340,9111,4568,4543,11133,5446,5687,7949,3832,4117,2031,1054,977,2075,1034,1041,2174,1075,1099,1948,990,958,1711,872,839,2345,1174,1171,2287,1120,1167,2324,1196,1128,2155,1078,1077,2145,1084,1061,2631,1295,1336,3198,1541,1657,3159,1526,1633,2767,1346,1421,2232,1106,1126,1413,677,736,868,437,431,669,266,403,45.0,44.3,45.9
050,51,111,Virginia,Lunenburg County,1,12914,6857,6057,687,361,326,1240,639,601,567,287,280,1029,531,498,10698,5711,4987,10420,5570,4850,4628,2703,1925,3165,1962,1203,4005,2116,1889,2221,961,1260,687,361,326,685,345,340,688,371,317,720,348,372,743,393,350,695,438,257,810,511,299,780,457,323,880,556,324,1009,575,434,1018,562,456,1070,534,536,908,445,463,721,351,370,541,245,296,429,178,251,286,111,175,244,76,168,43.8,41.9,46.6
050,51,111,Virginia,Lunenburg County,2,12916,6858,6058,687,361,326,1240,639,601,567,287,280,1029,531,498,10700,5712,4988,10422,5571,4851,4628,2703,1925,3165,1962,1203,4007,2117,1890,2221,961,1260,687,361,326,685,345,340,688,371,317,720,348,372,743,393,350,695,438,257,810,511,299,780,457,323,880,556,324,1009,575,434,1019,562,457,1070,534,536,909,446,463,721,351,370,541,245,296,429,178,251,286,111,175,244,76,168,43.8,41.9,46.6
050,51,111,Virginia,Lunenburg County,3,12909,6854,6055,684,359,325,1243,640,603,563,287,276,1028,529,499,10698,5708,4990,10419,5568,4851,4618,2698,1920,3160,1958,1202,4001,2115,1886,2230,966,1264,684,359,325,682,345,337,694,371,323,706,343,363,752,397,355,694,433,261,809,512,297,788,466,322,869,547,322,1007,578,429,1015,555,460,1076,537,539,903,445,458,730,356,374,538,244,294,428,177,251,289,112,177,245,77,168,43.9,41.9,46.6
050,51,111,Virginia,Lunenburg County,4,12907,6875,6032,663,352,311,1259,658,601,558,290,268,1028,525,503,10720,5715,5005,10427,5575,4852,4585,2671,1914,3133,1931,1202,3995,2128,1867,2271,991,1280,663,352,311,687,357,330,706,376,330,669,336,333,783,404,379,682,427,255,793,501,292,799,480,319,859,523,336,991,584,407,1003,536,467,1079,542,537,922,466,456,751,366,385,548,257,291,430,178,252,302,114,188,240,76,164,44.0,42.1,46.7
050,51,111,Virginia,Lunenburg County,5,12639,6675,5964,618,319,299,1226,636,590,585,298,287,940,491,449,10505,5563,4942,10210,5422,4788,4390,2529,1861,3023,1823,1200,3891,2071,1820,2356,1037,1319,618,319,299,682,353,329,702,366,336,645,333,312,722,373,349,682,395,287,751,465,286,773,469,304,817,494,323,933,546,387,969,519,450,1060,527,533,929,479,450,777,366,411,584,284,300,435,184,251,315,116,199,245,87,158,44.6,42.8,47.2
050,51,111,Virginia,Lunenburg County,6,12534,6677,5857,594,305,289,1208,625,583,551,305,246,940,507,433,10444,5589,4855,10181,5442,4739,4323,2536,1787,2965,1794,1171,3868,2082,1786,2408,1059,1349,594,305,289,676,342,334,665,353,312,655,348,307,703,394,309,675,384,291,744,479,265,766,465,301,780,466,314,887,531,356,982,519,463,1033,524,509,966,508,458,787,358,429,615,302,313,445,189,256,320,124,196,241,86,155,45.1,42.9,48.0
050,51,111,Virginia,Lunenburg County,7,12480,6568,5912,589,292,297,1224,628,596,544,296,248,913,491,422,10405,5508,4897,10123,5352,4771,4296,2468,1828,2970,1751,1219,3782,2014,1768,2458,1096,1362,589,292,297,664,338,326,691,360,331,643,341,302,683,376,307,707,391,316,731,458,273,756,458,298,776,444,332,833,487,346,945,499,446,1033,531,502,971,497,474,802,396,406,633,292,341,464,197,267,315,127,188,244,84,160,45.0,43.0,47.7
050,51,111,Virginia,Lunenburg County,8,12348,6508,5840,618,316,302,1181,606,575,528,275,253,891,485,406,10288,5453,4835,10021,5311,4710,4177,2407,1770,2890,1713,1177,3696,1968,1728,2544,1145,1399,618,316,302,642,335,307,671,337,334,605,329,276,682,365,317,704,387,317,701,447,254,736,452,284,749,427,322,792,457,335,901,492,409,980,512,468,1023,507,516,850,424,426,648,304,344,469,205,264,326,121,205,251,91,160,45.5,43.3,48.3
050,51,111,Virginia,Lunenburg County,9,12340,6535,5805,648,345,303,1146,578,568,526,270,256,871,491,380,10276,5474,4802,10020,5342,4678,4226,2463,1763,2962,1772,1190,3590,1895,1695,2597,1184,1413,648,345,303,605,321,284,674,327,347,627,334,293,637,357,280,747,421,326,711,442,269,722,440,282,782,469,313,752,426,326,883,494,389,925,475,450,1030,500,530,845,437,408,680,319,361,472,213,259,336,124,212,264,91,173,45.1,42.9,48.3
050,51,111,Virginia,Lunenburg County,10,12353,6529,5824,645,343,302,1191,600,591,509,257,252,840,485,355,10266,5458,4808,10008,5329,4679,4217,2464,1753,2988,1782,1206,3525,1848,1677,2655,1214,1441,645,343,302,612,320,292,699,340,359,622,328,294,607,354,253,737,408,329,735,454,281,712,439,273,804,481,323,742,430,312,869,482,387,913,459,454,1001,477,524,877,454,423,692,319,373,474,223,251,340,131,209,272,87,185,45.0,42.7,48.5
050,51,111,Virginia,Lunenburg County,11,12257,6495,5762,647,345,302,1170,604,566,512,259,253,803,458,345,10185,5426,4759,9928,5287,4641,4161,2434,1727,2988,1781,1207,3412,1801,1611,2725,1247,1478,647,345,302,618,329,289,694,339,355,571,307,264,602,346,256,744,422,322,728,434,294,715,448,267,801,477,324,711,412,299,828,468,360,889,452,437,984,469,515,893,464,429,711,320,391,495,233,262,345,136,209,281,94,187,45.1,42.8,48.5
050,51,111,Virginia,Lunenburg County,12,12251,6490,5761,650,347,303,1156,591,565,533,269,264,796,457,339,10154,5410,4744,9912,5283,4629,4178,2445,1733,2997,1793,1204,3348,1765,1583,2771,1268,1503,650,347,303,615,322,293,689,343,346,587,304,283,594,348,246,686,395,291,758,443,315,722,451,271,831,504,327,717,406,311,770,430,340,881,458,423,980,471,509,921,463,458,717,343,374,511,221,290,345,145,200,277,96,181,45.0,43.0,48.3
050,51,111,Virginia,Lunenburg County,13,12271,6498,5773,643,349,294,1185,610,575,551,282,269,774,449,325,10145,5386,4759,9892,5257,4635,4163,2421,1742,2988,1766,1222,3278,1751,1527,2852,1291,1561,643,349,294,652,344,308,683,342,341,607,323,284,568,332,236,678,387,291,751,428,323,723,450,273,836,501,335,747,424,323,742,412,330,854,442,412,935,473,462,967,462,505,744,358,386,516,230,286,341,146,195,284,95,189,45.0,43.0,48.1
050,51,111,Virginia,Lunenburg County,14,12267,6500,5767,632,347,285,1194,618,576,558,288,270,771,446,325,10142,5379,4763,9883,5247,4636,4163,2417,1746,2984,1760,1224,3263,1751,1512,2865,1290,1575,632,347,285,662,351,311,682,344,338,616,330,286,563,327,236,674,385,289,752,426,326,727,451,276,831,498,333,757,431,326,737,409,328,847,438,409,922,473,449,979,460,519,751,362,389,514,230,284,338,145,193,283,93,190,45.0,43.0,48.1
050,51,113,Virginia,Madison County,1,13308,6488,6820,757,390,367,1486,719,767,727,381,346,944,472,472,10701,5198,5503,10338,4998,5340,4363,2215,2148,2888,1460,1428,4176,1987,2189,2330,1079,1251,757,390,367,818,401,417,864,416,448,838,452,386,637,303,334,644,337,307,659,313,346,722,362,360,863,448,415,1081,512,569,1103,531,572,1034,495,539,958,449,509,749,367,382,576,290,286,412,192,220,308,140,168,285,90,195,44.1,43.2,45.3
050,51,113,Virginia,Madison County,2,13306,6487,6819,757,390,367,1486,719,767,726,381,345,944,472,472,10700,5197,5503,10337,4997,5340,4363,2215,2148,2888,1460,1428,4176,1987,2189,2329,1078,1251,757,390,367,818,401,417,863,416,447,838,452,386,637,303,334,644,337,307,659,313,346,722,362,360,863,448,415,1081,512,569,1103,531,572,1033,494,539,959,450,509,748,366,382,576,290,286,412,192,220,308,140,168,285,90,195,44.1,43.2,45.3
050,51,113,Virginia,Madison County,3,13299,6487,6812,737,379,358,1484,720,764,723,374,349,956,480,476,10712,5206,5506,10355,5014,5341,4360,2205,2155,2871,1445,1426,4171,1994,2177,2357,1095,1262,737,379,358,813,402,411,861,412,449,838,448,390,651,312,339,641,335,306,655,307,348,718,362,356,857,441,416,1064,511,553,1107,530,577,1041,501,540,959,452,507,757,370,387,586,295,291,414,195,219,311,143,168,289,92,197,44.3,43.4,45.3
050,51,113,Virginia,Madison County,4,13142,6406,6736,675,343,332,1444,708,736,696,334,362,978,497,481,10664,5188,5476,10327,5021,5306,4307,2168,2139,2800,1411,1389,4149,2002,2147,2400,1111,1289,675,343,332,790,392,398,821,390,431,826,427,399,681,330,351,647,344,303,652,312,340,684,342,342,817,413,404,988,486,502,1119,531,588,1060,514,546,982,471,511,757,359,398,620,308,312,428,206,222,301,137,164,294,101,193,44.9,44.1,45.9
050,51,113,Virginia,Madison County,5,13135,6383,6752,667,337,330,1479,732,747,693,320,373,985,499,486,10663,5175,5488,10296,4994,5302,4265,2108,2157,2745,1355,1390,4088,1993,2095,2478,1147,1331,667,337,330,785,382,403,852,416,436,801,399,402,719,354,365,646,315,331,640,325,315,679,325,354,780,390,390,951,475,476,1127,546,581,1039,494,545,971,478,493,794,366,428,637,316,321,448,217,231,295,139,156,304,109,195,45.0,44.3,45.6
050,51,113,Virginia,Madison County,6,13093,6347,6746,646,316,330,1442,713,729,665,313,352,991,509,482,10687,5164,5523,10340,5005,5335,4237,2077,2160,2741,1340,1401,4039,1973,2066,2569,1183,1386,646,316,330,772,387,385,830,411,419,774,372,402,722,365,357,671,318,353,647,338,309,660,303,357,763,381,382,885,444,441,1124,546,578,1077,520,557,953,463,490,824,373,451,653,324,329,484,235,249,291,137,154,317,114,203,45.4,44.8,46.1
050,51,113,Virginia,Madison County,7,13034,6326,6708,623,298,325,1418,709,709,664,315,349,1003,509,494,10646,5144,5502,10329,5004,5325,4208,2069,2139,2720,1332,1388,3989,1951,2038,2617,1212,1405,623,298,325,747,389,358,850,407,443,760,373,387,728,364,364,651,315,336,664,347,317,673,310,363,732,360,372,842,434,408,1105,533,572,1076,522,554,966,462,504,860,393,467,652,318,334,487,232,255,308,145,163,310,124,186,45.5,45.0,46.1
050,51,113,Virginia,Madison County,8,13054,6332,6722,610,281,329,1417,702,715,688,333,355,954,483,471,10660,5170,5490,10339,5016,5323,4216,2081,2135,2756,1358,1398,3933,1928,2005,2696,1247,1449,610,281,329,762,384,378,837,411,426,761,365,396,699,358,341,685,330,355,652,332,320,693,327,366,726,369,357,800,412,388,1050,518,532,1090,519,571,993,479,514,917,420,497,661,320,341,497,238,259,316,146,170,305,123,182,45.7,45.1,46.2
050,51,113,Virginia,Madison County,9,13097,6350,6747,658,326,332,1351,672,679,716,352,364,945,464,481,10727,5172,5555,10372,5000,5372,4248,2086,2162,2762,1358,1404,3925,1924,2001,2740,1254,1486,658,326,332,714,369,345,812,391,421,783,371,412,703,357,346,687,334,353,664,342,322,697,332,365,714,350,364,805,410,395,984,491,493,1115,533,582,1021,490,531,934,431,503,683,311,372,511,245,266,318,150,168,294,117,177,45.7,45.0,46.4
050,51,113,Virginia,Madison County,10,13218,6392,6826,644,309,335,1370,679,691,679,326,353,927,458,469,10877,5249,5628,10525,5078,5447,4284,2122,2162,2822,1403,1419,3930,1915,2015,2846,1302,1544,644,309,335,714,359,355,800,385,415,779,385,394,683,334,349,720,365,355,707,355,352,698,346,352,697,337,360,792,386,406,975,491,484,1145,545,600,1018,493,525,944,446,498,721,318,403,539,263,276,329,151,178,313,124,189,46.1,45.3,46.7
050,51,113,Virginia,Madison County,11,13198,6375,6823,650,324,326,1353,679,674,662,309,353,890,433,457,10889,5233,5656,10533,5063,5470,4200,2051,2149,2809,1382,1427,3935,1928,2007,2899,1320,1579,650,324,326,703,340,363,811,412,399,760,369,391,631,300,331,724,370,354,726,355,371,686,335,351,673,322,351,804,395,409,913,465,448,1144,550,594,1074,518,556,916,428,488,758,339,419,533,256,277,367,169,198,325,128,197,46.5,45.7,47.2
050,51,113,Virginia,Madison County,12,13213,6403,6810,696,356,340,1339,666,673,638,314,324,911,446,465,10863,5227,5636,10540,5067,5473,4199,2060,2139,2810,1381,1429,3838,1876,1962,2981,1364,1617,696,356,340,703,336,367,796,411,385,749,367,382,640,312,328,725,372,353,700,345,355,701,340,361,684,324,360,742,359,383,871,454,417,1125,534,591,1100,529,571,927,441,486,811,370,441,539,254,285,362,162,200,342,137,205,46.6,45.7,47.5
050,51,113,Virginia,Madison County,13,13308,6432,6876,687,354,333,1336,662,674,622,301,321,922,440,482,10959,5257,5702,10663,5115,5548,4248,2072,2176,2874,1414,1460,3809,1863,1946,3058,1398,1660,687,354,333,717,336,381,789,409,380,716,352,364,658,306,352,713,369,344,730,357,373,717,350,367,714,338,376,731,360,371,842,439,403,1106,522,584,1130,542,588,942,440,502,851,389,462,554,262,292,370,171,199,341,136,205,46.7,45.8,47.5
050,51,113,Virginia,Madison County,14,13312,6423,6889,682,353,329,1337,660,677,615,295,320,921,438,483,10962,5249,5713,10678,5115,5563,4254,2069,2185,2892,1420,1472,3790,1851,1939,3075,1406,1669,682,353,329,723,335,388,788,409,379,701,345,356,661,304,357,707,368,339,741,360,381,721,351,370,723,341,382,723,359,364,832,431,401,1098,516,582,1137,545,592,949,443,506,862,394,468,558,264,294,368,171,197,338,134,204,46.7,45.8,47.5
050,51,115,Virginia,Mathews County,1,8978,4363,4615,353,188,165,837,428,409,444,221,223,522,270,252,7566,3640,3926,7344,3526,3818,2496,1253,1243,1639,811,828,2893,1374,1519,2290,1071,1219,353,188,165,427,216,211,519,261,258,506,262,244,351,180,171,323,171,152,309,158,151,470,231,239,537,251,286,675,321,354,710,354,356,727,329,398,781,370,411,745,365,380,571,275,296,433,211,222,285,123,162,256,97,159,50.1,49.0,51.0
050,51,115,Virginia,Mathews County,2,8976,4362,4614,353,188,165,837,428,409,444,221,223,522,270,252,7564,3639,3925,7342,3525,3817,2496,1253,1243,1639,811,828,2893,1374,1519,2288,1070,1218,353,188,165,427,216,211,519,261,258,506,262,244,351,180,171,323,171,152,309,158,151,470,231,239,537,251,286,675,321,354,710,354,356,727,329,398,781,370,411,745,365,380,571,275,296,431,210,221,285,123,162,256,97,159,50.1,49.0,51.0
050,51,115,Virginia,Mathews County,3,8974,4364,4610,356,190,166,826,424,402,446,221,225,524,272,252,7576,3647,3929,7346,3529,3817,2487,1250,1237,1623,805,818,2894,1369,1525,2305,1083,1222,356,190,166,418,209,209,514,263,251,509,262,247,355,183,172,323,174,149,310,157,153,462,225,237,528,249,279,677,320,357,711,352,359,725,328,397,781,369,412,747,367,380,579,279,300,433,214,219,290,126,164,256,97,159,50.3,49.1,51.1
050,51,115,Virginia,Mathews County,4,8944,4362,4582,335,183,152,784,406,378,465,227,238,517,276,241,7607,3668,3939,7360,3546,3814,2465,1246,1219,1590,799,791,2906,1351,1555,2347,1120,1227,335,183,152,385,191,194,506,271,235,511,254,257,364,193,171,338,182,156,326,167,159,418,202,216,508,248,260,667,304,363,710,339,371,730,333,397,799,375,424,766,378,388,583,285,298,446,224,222,304,141,163,248,92,156,50.9,49.8,51.7
050,51,115,Virginia,Mathews County,5,8911,4330,4581,320,170,150,758,391,367,449,216,233,564,285,279,7615,3662,3953,7384,3553,3831,2456,1235,1221,1548,783,765,2858,1338,1520,2414,1147,1267,320,170,150,362,175,187,501,265,236,525,259,266,383,193,190,342,183,159,312,153,159,402,206,196,492,241,251,642,297,345,701,340,361,734,331,403,781,370,411,795,381,414,600,294,306,448,217,231,323,159,164,248,96,152,51.3,50.4,52.0
050,51,115,Virginia,Mathews County,6,8899,4304,4595,317,163,154,753,367,386,444,221,223,589,300,289,7609,3659,3950,7385,3553,3832,2456,1224,1232,1536,770,766,2828,1338,1490,2432,1145,1287,317,163,154,372,173,199,494,261,233,529,255,274,391,199,192,350,175,175,316,154,162,395,202,193,475,239,236,609,287,322,686,322,364,749,354,395,784,375,409,771,362,409,620,308,312,466,225,241,323,151,172,252,99,153,51.5,50.7,52.2
050,51,115,Virginia,Mathews County,7,8813,4255,4558,305,156,149,729,361,368,418,219,199,578,287,291,7574,3621,3953,7361,3519,3842,2373,1192,1181,1475,735,740,2786,1321,1465,2522,1176,1346,305,156,149,375,185,190,452,225,227,491,255,236,407,202,205,338,170,168,322,152,170,363,192,171,452,221,231,577,273,304,698,320,378,771,383,388,740,345,395,761,353,408,676,334,342,483,230,253,322,149,173,280,110,170,52.3,51.4,53.1
050,51,115,Virginia,Mathews County,8,8833,4276,4557,328,178,150,701,333,368,406,206,200,585,295,290,7609,3670,3939,7398,3559,3839,2380,1190,1190,1483,738,745,2735,1309,1426,2595,1217,1378,328,178,150,377,183,194,418,199,219,476,240,236,421,212,209,361,180,181,331,169,162,335,166,169,456,223,233,543,273,270,683,313,370,763,374,389,746,349,397,777,360,417,706,349,357,491,227,264,336,164,172,285,117,168,52.6,51.8,53.4
050,51,115,Virginia,Mathews County,9,8781,4237,4544,321,161,160,693,329,364,394,203,191,563,285,278,7583,3656,3927,7373,3544,3829,2357,1199,1158,1488,753,735,2654,1259,1395,2668,1247,1421,321,161,160,378,188,190,403,183,220,479,247,232,390,199,191,369,178,191,350,182,168,333,170,163,436,223,213,513,263,250,667,305,362,721,349,372,753,342,411,807,375,432,726,354,372,485,225,260,370,182,188,280,111,169,53.1,52.2,54.0
050,51,115,Virginia,Mathews County,10,8704,4209,4495,308,171,137,669,318,351,383,179,204,582,312,270,7552,3638,3914,7344,3541,3803,2346,1196,1150,1468,744,724,2592,1223,1369,2702,1262,1440,308,171,137,366,186,180,390,171,219,465,242,223,413,210,203,346,165,181,368,193,175,338,167,171,416,219,197,498,243,255,635,293,342,697,346,351,762,341,421,764,365,399,767,366,401,495,234,261,365,163,202,311,134,177,53.6,52.6,54.5
050,51,115,Virginia,Mathews County,11,8766,4234,4532,310,172,138,664,315,349,375,183,192,604,318,286,7610,3659,3951,7417,3564,3853,2368,1196,1172,1478,739,739,2593,1235,1358,2742,1272,1470,310,172,138,360,180,180,393,179,214,457,234,223,433,223,210,347,182,165,371,176,195,332,157,175,428,224,204,500,249,251,612,285,327,686,332,354,795,369,426,778,371,407,738,339,399,537,257,280,373,170,203,316,135,181,53.9,52.7,54.8
050,51,115,Virginia,Mathews County,12,8782,4253,4529,324,173,151,698,351,347,339,159,180,568,299,269,7604,3660,3944,7421,3570,3851,2312,1168,1144,1480,739,741,2622,1258,1364,2751,1274,1477,324,173,151,374,189,185,399,191,208,423,214,209,409,215,194,374,190,184,369,176,193,358,177,181,379,196,183,511,252,259,600,282,318,692,325,367,819,399,420,751,351,400,728,339,389,582,279,303,369,170,199,321,135,186,54.1,52.7,55.0
050,51,115,Virginia,Mathews County,13,8786,4266,4520,316,170,146,705,360,345,326,151,175,572,299,273,7617,3674,3943,7439,3585,3854,2296,1160,1136,1469,741,728,2613,1258,1355,2785,1287,1498,316,170,146,370,195,175,406,196,210,409,200,209,418,219,199,365,188,177,373,179,194,371,191,180,360,183,177,508,244,264,579,282,297,720,340,380,806,392,414,755,350,405,736,342,394,602,286,316,370,172,198,322,137,185,54.4,52.9,55.4
050,51,115,Virginia,Mathews County,14,8766,4256,4510,315,168,147,700,362,338,320,146,174,572,298,274,7604,3667,3937,7431,3580,3851,2284,1148,1136,1463,735,728,2610,1259,1351,2786,1288,1498,315,168,147,366,197,169,405,196,209,402,194,208,419,219,200,363,189,174,373,178,195,374,193,181,353,175,178,505,241,264,580,286,294,723,340,383,802,392,410,757,350,407,735,342,393,605,286,319,369,173,196,320,137,183,54.5,53.0,55.4
050,51,117,Virginia,Mecklenburg County,1,32727,16225,16502,1578,821,757,3254,1658,1596,1544,754,790,2374,1321,1053,27162,13407,13755,26351,12992,13359,10790,5808,4982,7231,3888,3343,9962,4895,5067,6784,2888,3896,1578,821,757,1731,881,850,1882,932,950,1879,993,886,1680,927,753,1695,946,749,1712,958,754,1823,934,889,2001,1050,951,2494,1275,1219,2539,1254,1285,2454,1179,1275,2475,1187,1288,2128,996,1132,1689,785,904,1246,511,735,946,362,584,775,234,541,45.8,43.6,47.9
050,51,117,Virginia,Mecklenburg County,2,32722,16219,16503,1577,820,757,3257,1659,1598,1544,755,789,2373,1320,1053,27155,13401,13754,26344,12985,13359,10788,5806,4982,7230,3886,3344,9958,4891,5067,6783,2888,3895,1577,820,757,1731,880,851,1885,934,951,1879,994,885,1679,926,753,1695,946,749,1712,958,754,1822,932,890,2001,1050,951,2491,1273,1218,2537,1253,1284,2452,1178,1274,2478,1187,1291,2130,998,1132,1689,785,904,1245,511,734,944,360,584,775,234,541,45.8,43.6,47.9
050,51,117,Virginia,Mecklenburg County,3,32716,16206,16510,1567,816,751,3225,1646,1579,1539,745,794,2380,1325,1055,27183,13402,13781,26385,12999,13386,10744,5761,4983,7196,3857,3339,9979,4907,5072,6830,2910,3920,1567,816,751,1725,881,844,1871,931,940,1863,971,892,1685,933,752,1698,941,757,1703,956,747,1809,920,889,1986,1040,946,2486,1275,1211,2526,1248,1278,2481,1189,1292,2486,1195,1291,2134,1001,1133,1697,786,911,1258,521,737,953,361,592,788,241,547,45.9,43.7,48.0
050,51,117,Virginia,Mecklenburg County,4,32567,16154,16413,1505,763,742,3179,1625,1554,1544,745,799,2400,1364,1036,27083,13376,13707,26339,13021,13318,10559,5667,4892,7045,3780,3265,10016,4929,5087,6878,2948,3930,1505,763,742,1744,903,841,1865,944,921,1805,908,897,1709,979,730,1677,923,754,1696,960,736,1750,885,865,1922,1012,910,2405,1241,1164,2481,1221,1260,2569,1207,1362,2561,1260,1301,2109,994,1115,1715,792,923,1292,547,745,958,359,599,804,256,548,46.4,44.0,48.5
050,51,117,Virginia,Mecklenburg County,5,31698,15349,16349,1525,770,755,3111,1576,1535,1554,776,778,2300,1233,1067,26235,12565,13670,25508,12227,13281,9891,5051,4840,6434,3257,3177,9728,4707,5021,7046,3030,4016,1525,770,755,1728,896,832,1780,895,885,1808,903,905,1649,891,758,1513,786,727,1577,834,743,1561,753,808,1783,884,899,2238,1118,1120,2417,1178,1239,2541,1180,1361,2532,1231,1301,2208,1046,1162,1765,812,953,1297,553,744,959,367,592,817,252,565,47.3,45.3,48.9
050,51,117,Virginia,Mecklenburg County,6,31249,15135,16114,1463,748,715,3042,1578,1464,1534,761,773,2240,1181,1059,25993,12423,13570,25210,12048,13162,9755,4954,4801,6346,3197,3149,9402,4552,4850,7222,3118,4104,1463,748,715,1655,877,778,1752,886,866,1767,871,896,1642,886,756,1478,774,704,1537,819,718,1521,721,800,1810,883,927,2019,1009,1010,2393,1177,1216,2489,1164,1325,2501,1202,1299,2265,1074,1191,1831,831,1000,1315,570,745,958,374,584,853,269,584,47.8,45.6,49.5
050,51,117,Virginia,Mecklenburg County,7,31117,15089,16028,1448,733,715,2983,1543,1440,1528,767,761,2210,1152,1058,25963,12457,13506,25158,12046,13112,9655,4912,4743,6270,3156,3114,9229,4487,4742,7449,3251,4198,1448,733,715,1623,853,770,1713,853,860,1766,889,877,1619,867,752,1464,770,694,1525,817,708,1512,736,776,1769,833,936,1879,945,934,2403,1185,1218,2499,1200,1299,2448,1157,1291,2384,1126,1258,1878,863,1015,1365,599,766,943,374,569,879,289,590,48.2,46.1,50.0
050,51,117,Virginia,Mecklenburg County,8,30934,14952,15982,1438,730,708,2972,1530,1442,1440,710,730,2251,1191,1060,25839,12361,13478,25084,11982,13102,9590,4854,4736,6221,3114,3107,9047,4363,4684,7565,3314,4251,1438,730,708,1589,828,761,1705,863,842,1756,880,876,1613,860,753,1542,804,738,1474,763,711,1486,756,730,1719,791,928,1791,893,898,2335,1142,1193,2483,1200,1283,2438,1128,1310,2459,1170,1289,1886,865,1021,1380,618,762,937,368,569,903,293,610,48.3,46.2,50.2
050,51,117,Virginia,Mecklenburg County,9,30815,14953,15862,1434,733,701,2966,1526,1440,1378,682,696,2199,1160,1039,25755,12358,13397,25037,12012,13025,9419,4805,4614,6175,3135,3040,8967,4295,4672,7696,3422,4274,1434,733,701,1540,783,757,1759,915,844,1688,852,836,1556,818,738,1575,836,739,1456,748,708,1505,770,735,1639,781,858,1764,860,904,2277,1116,1161,2434,1177,1257,2492,1142,1350,2522,1233,1289,1869,851,1018,1395,632,763,991,398,593,919,308,611,48.6,46.4,50.5
050,51,117,Virginia,Mecklenburg County,10,30705,14948,15757,1446,745,701,2887,1471,1416,1397,709,688,2187,1161,1026,25663,12370,13293,24975,12023,12952,9286,4784,4502,6075,3098,2977,8973,4291,4682,7740,3473,4267,1446,745,701,1524,758,766,1736,897,839,1618,842,776,1593,844,749,1585,844,741,1433,740,693,1519,794,725,1538,720,818,1773,862,911,2200,1070,1130,2447,1173,1274,2553,1186,1367,2459,1194,1265,1996,924,1072,1424,648,776,988,406,582,873,301,572,48.8,46.7,50.8
050,51,117,Virginia,Mecklenburg County,11,30707,14914,15793,1516,798,718,2843,1436,1407,1358,692,666,2127,1093,1034,25629,12315,13314,24990,11988,13002,9257,4737,4520,6112,3126,2986,8809,4216,4593,7942,3553,4389,1516,798,718,1496,743,753,1687,867,820,1599,815,784,1546,796,750,1630,871,759,1448,738,710,1501,787,714,1533,730,803,1794,860,934,2049,998,1051,2445,1166,1279,2521,1192,1329,2434,1165,1269,2106,992,1114,1512,684,828,995,404,591,895,308,587,48.9,46.9,50.9
050,51,117,Virginia,Mecklenburg County,12,30723,14930,15793,1546,825,721,2818,1447,1371,1355,667,688,2108,1088,1020,25694,12333,13361,25004,11991,13013,9298,4760,4538,6159,3154,3005,8695,4176,4519,8042,3573,4469,1546,825,721,1510,770,740,1632,826,806,1572,800,772,1567,806,761,1665,900,765,1505,757,748,1483,780,703,1506,717,789,1767,825,942,1919,933,986,2466,1187,1279,2543,1231,1312,2392,1123,1269,2171,1019,1152,1537,689,848,1034,442,592,908,300,608,48.9,46.8,50.9
050,51,117,Virginia,Mecklenburg County,13,30710,14881,15829,1544,821,723,2798,1417,1381,1366,685,681,2086,1086,1000,25703,12309,13394,25002,11958,13044,9269,4743,4526,6155,3153,3002,8568,4088,4480,8193,3631,4562,1544,821,723,1522,771,751,1614,827,787,1557,780,777,1557,810,747,1639,866,773,1541,780,761,1462,755,707,1513,752,761,1733,785,948,1830,884,946,2451,1190,1261,2554,1229,1325,2438,1131,1307,2243,1061,1182,1561,689,872,1021,436,585,930,314,616,49.1,46.9,51.0
050,51,117,Virginia,Mecklenburg County,14,30679,14845,15834,1544,819,725,2782,1401,1381,1372,691,681,2082,1086,996,25685,12287,13398,24981,11934,13047,9259,4732,4527,6149,3147,3002,8531,4062,4469,8219,3639,4580,1544,819,725,1517,767,750,1609,826,783,1555,773,782,1555,812,743,1624,853,771,1553,785,768,1459,748,711,1513,761,752,1722,771,951,1809,872,937,2449,1194,1255,2551,1225,1326,2450,1130,1320,2263,1074,1189,1558,686,872,1015,432,583,933,317,616,49.2,47.0,51.0
050,51,119,Virginia,Middlesex County,1,10959,5466,5493,436,243,193,875,436,439,450,229,221,703,384,319,9453,4688,4765,9198,4558,4640,3039,1611,1428,1976,1041,935,3759,1810,1949,2760,1323,1437,436,243,193,488,232,256,477,247,230,589,318,271,474,252,222,486,270,216,397,211,186,455,232,223,638,328,310,856,420,436,965,475,490,943,441,502,995,474,521,962,496,466,651,325,326,471,224,247,367,177,190,309,101,208,51.0,49.8,52.2
050,51,119,Virginia,Middlesex County,2,10959,5466,5493,436,243,193,875,436,439,450,229,221,703,384,319,9453,4688,4765,9198,4558,4640,3039,1611,1428,1976,1041,935,3759,1810,1949,2760,1323,1437,436,243,193,488,232,256,477,247,230,589,318,271,474,252,222,486,270,216,397,211,186,455,232,223,638,328,310,856,420,436,965,475,490,943,441,502,995,474,521,962,496,466,651,325,326,471,224,247,367,177,190,309,101,208,51.0,49.8,52.2
050,51,119,Virginia,Middlesex County,3,10981,5476,5505,437,242,195,874,437,437,449,227,222,704,383,321,9472,4698,4774,9221,4570,4651,3034,1600,1434,1976,1036,940,3755,1813,1942,2786,1338,1448,437,242,195,489,235,254,480,248,232,585,315,270,473,249,224,490,269,221,400,213,187,454,231,223,632,323,309,844,417,427,968,477,491,951,446,505,992,473,519,969,496,473,661,329,332,477,230,247,368,178,190,311,105,206,51.1,50.0,52.3
050,51,119,Virginia,Middlesex County,4,10855,5371,5484,432,230,202,836,428,408,422,211,211,714,372,342,9381,4614,4767,9165,4502,4663,2954,1525,1429,1930,997,933,3640,1755,1885,2881,1378,1503,432,230,202,466,235,231,482,248,234,540,284,256,484,244,240,504,268,236,413,221,192,421,221,200,592,287,305,767,386,381,936,460,476,939,427,512,998,482,516,991,491,500,693,351,342,492,236,256,383,180,203,322,120,202,51.7,50.7,52.8
050,51,119,Virginia,Middlesex County,5,10851,5390,5461,426,229,197,860,455,405,403,201,202,729,391,338,9365,4602,4763,9162,4505,4657,2952,1539,1413,1916,997,919,3532,1698,1834,2985,1419,1566,426,229,197,468,248,220,488,257,231,512,264,248,524,278,246,486,258,228,442,243,199,399,202,197,589,294,295,724,368,356,929,452,477,925,413,512,954,465,489,1047,517,530,746,377,369,481,225,256,393,181,212,318,119,199,52.0,50.7,53.3
050,51,119,Virginia,Middlesex County,6,10781,5355,5426,417,224,193,871,461,410,382,194,188,704,385,319,9315,4572,4743,9111,4476,4635,2878,1508,1370,1876,977,899,3431,1645,1786,3100,1469,1631,417,224,193,464,257,207,491,252,239,477,249,228,525,282,243,490,260,230,454,241,213,386,202,184,546,274,272,684,333,351,876,447,429,923,417,506,948,448,500,1041,507,534,829,425,404,507,239,268,365,155,210,358,143,215,52.8,51.3,54.1
050,51,119,Virginia,Middlesex County,7,10653,5245,5408,376,198,178,870,445,425,394,200,194,664,355,309,9219,4504,4715,9013,4402,4611,2812,1477,1335,1854,972,882,3371,1604,1767,3124,1471,1653,376,198,178,453,236,217,517,259,258,451,232,219,507,273,234,478,258,220,454,245,209,402,206,196,520,263,257,643,310,333,833,410,423,950,443,507,945,441,504,1018,487,531,853,428,425,523,251,272,360,160,200,370,145,225,53.4,51.9,54.6
050,51,119,Virginia,Middlesex County,8,10683,5277,5406,414,213,201,840,425,415,389,206,183,695,381,314,9225,4534,4691,9040,4433,4607,2813,1498,1315,1832,966,866,3319,1579,1740,3194,1507,1687,414,213,201,438,232,206,505,248,257,459,242,217,522,290,232,507,269,238,441,245,196,407,206,201,477,246,231,630,318,312,796,380,416,936,438,498,957,443,514,996,474,522,874,436,438,567,277,290,364,162,202,393,158,235,53.6,51.9,55.0
050,51,119,Virginia,Middlesex County,9,10750,5260,5490,437,217,220,843,421,422,397,205,192,663,366,297,9267,4514,4753,9073,4417,4656,2817,1490,1327,1859,973,886,3287,1548,1739,3264,1530,1734,437,217,220,459,229,230,486,246,240,468,247,221,490,270,220,521,280,241,465,231,234,418,220,198,455,242,213,621,297,324,733,365,368,966,451,515,967,435,532,999,481,518,913,440,473,581,282,299,374,165,209,397,162,235,53.9,52.3,55.3
050,51,119,Virginia,Middlesex County,10,10614,5159,5455,447,224,223,809,410,399,420,210,210,619,339,280,9142,4414,4728,8938,4315,4623,2722,1421,1301,1788,923,865,3240,1517,1723,3291,1536,1755,447,224,223,431,218,213,483,243,240,465,245,220,469,253,216,486,264,222,461,231,230,433,222,211,408,206,202,597,287,310,702,345,357,960,456,504,981,429,552,928,442,486,969,465,504,615,303,312,374,167,207,405,159,246,54.5,52.9,55.9
050,51,119,Virginia,Middlesex County,11,10717,5243,5474,485,245,240,824,421,403,416,216,200,623,333,290,9206,4475,4731,8992,4361,4631,2788,1468,1320,1846,968,878,3158,1493,1665,3365,1567,1798,485,245,240,420,219,201,501,251,250,491,261,230,451,239,212,503,283,220,462,238,224,479,245,234,402,202,200,586,294,292,674,314,360,927,452,475,971,433,538,919,429,490,972,468,504,683,340,343,386,180,206,405,150,255,54.4,52.5,56.0
050,51,119,Virginia,Middlesex County,12,10561,5196,5365,439,238,201,822,432,390,405,201,204,583,331,252,9104,4434,4670,8895,4325,4570,2706,1430,1276,1818,941,877,3062,1462,1600,3432,1591,1841,439,238,201,420,223,197,502,252,250,471,252,219,417,237,180,492,263,229,456,243,213,470,241,229,400,194,206,531,267,264,654,306,348,895,434,461,982,455,527,932,427,505,959,454,505,740,369,371,389,175,214,412,166,246,55.2,53.3,56.8
050,51,119,Virginia,Middlesex County,13,10575,5226,5349,440,250,190,822,434,388,385,191,194,581,320,261,9124,4447,4677,8928,4351,4577,2723,1425,1298,1849,964,885,3017,1444,1573,3481,1623,1858,440,250,190,433,230,203,481,254,227,461,238,223,413,223,190,498,268,230,462,242,220,477,247,230,412,207,205,488,251,237,636,302,334,906,430,476,987,461,526,941,439,502,945,441,504,753,372,381,438,205,233,404,166,238,55.5,53.5,57.1
050,51,119,Virginia,Middlesex County,14,10569,5228,5341,442,256,186,822,434,388,377,187,190,580,316,264,9120,4443,4677,8928,4351,4577,2729,1424,1305,1860,972,888,3001,1436,1565,3487,1627,1860,442,256,186,437,232,205,473,253,220,456,233,223,413,219,194,502,270,232,464,241,223,478,250,228,416,211,205,480,248,232,628,300,328,905,425,480,988,463,525,945,442,503,939,436,503,752,369,383,451,214,237,400,166,234,55.6,53.5,57.2
050,51,121,Virginia,Montgomery County,1,94392,48823,45569,4392,2254,2138,7421,3765,3656,3302,1652,1650,29495,16517,12978,80903,41975,38928,79277,41152,38125,54128,29418,24710,22182,11667,10515,18372,8921,9451,9228,4047,5181,4392,2254,2138,4176,2129,2047,4096,2054,2042,11274,5997,5277,20672,11754,8918,7212,3918,3294,5091,2728,2363,5120,2602,2518,4759,2419,2340,4997,2460,2537,4795,2303,2492,4590,2274,2316,3990,1884,2106,2927,1416,1511,2171,1028,1143,1645,715,930,1285,535,750,1200,353,847,26.6,25.2,28.4
050,51,121,Virginia,Montgomery County,2,94419,48838,45581,4394,2256,2138,7427,3768,3659,3302,1653,1649,29495,16517,12978,80921,41984,38937,79296,41161,38135,54137,29423,24714,22192,11672,10520,18377,8922,9455,9232,4050,5182,4394,2256,2138,4178,2129,2049,4101,2058,2043,11274,5997,5277,20671,11754,8917,7211,3917,3294,5096,2731,2365,5121,2600,2521,4764,2424,2340,4997,2459,2538,4797,2304,2493,4589,2273,2316,3994,1886,2108,2931,1418,1513,2171,1029,1142,1645,715,930,1285,535,750,1200,353,847,26.6,25.2,28.4
050,51,121,Virginia,Montgomery County,3,94560,48896,45664,4397,2267,2130,7436,3774,3662,3304,1657,1647,29399,16439,12960,81057,42023,39034,79423,41198,38225,54149,29415,24734,22281,11735,10546,18449,8955,9494,9294,4069,5225,4397,2267,2130,4168,2122,2046,4103,2068,2035,11003,5856,5147,20865,11824,9041,7297,3971,3326,5098,2733,2365,5095,2593,2502,4791,2438,2353,4995,2453,2542,4786,2301,2485,4631,2287,2344,4037,1914,2123,2958,1425,1533,2185,1035,1150,1648,717,931,1284,534,750,1219,358,861,26.6,25.3,28.5
050,51,121,Virginia,Montgomery County,4,94761,48964,45797,4342,2235,2107,7340,3740,3600,3316,1679,1637,29256,16286,12970,81428,42144,39284,79763,41310,38453,54127,29376,24751,22363,11835,10528,18641,9034,9607,9503,4155,5348,4342,2235,2107,4064,2077,1987,4084,2087,1997,10439,5586,4853,21325,11955,9370,7356,3995,3361,5151,2790,2361,4951,2538,2413,4905,2512,2393,4922,2412,2510,4797,2298,2499,4732,2304,2428,4190,2020,2170,3047,1445,1602,2237,1062,1175,1673,728,945,1248,515,733,1298,405,893,26.8,25.5,28.7
050,51,121,Virginia,Montgomery County,5,95698,49608,46090,4336,2247,2089,7520,3865,3655,3496,1813,1683,28570,15946,12624,82157,42604,39553,80346,41683,38663,54171,29491,24680,22964,12188,10776,18774,9135,9639,10038,4414,5624,4336,2247,2089,4246,2202,2044,4133,2119,2014,10361,5594,4767,20846,11709,9137,7588,4194,3394,5374,2911,2463,4887,2505,2382,5115,2578,2537,4829,2408,2421,4893,2346,2547,4870,2361,2509,4182,2020,2162,3318,1570,1748,2372,1112,1260,1719,768,951,1268,521,747,1361,443,918,27.3,25.9,29.3
050,51,121,Virginia,Montgomery County,6,96658,50240,46418,4374,2294,2080,7536,3869,3667,3447,1796,1651,28469,15999,12470,83076,43220,39856,81301,42281,39020,54537,29808,24729,23425,12427,10998,19003,9284,9719,10404,4571,5833,4374,2294,2080,4281,2197,2084,4059,2086,1973,10880,5894,4986,20232,11487,8745,7836,4317,3519,5594,3048,2546,4857,2494,2363,5138,2568,2570,4856,2433,2423,4924,2370,2554,4949,2423,2526,4274,2058,2216,3432,1602,1830,2519,1173,1346,1815,825,990,1260,508,752,1378,463,915,27.6,26.1,29.7
050,51,121,Virginia,Montgomery County,7,97193,50617,46576,4444,2334,2110,7502,3869,3633,3463,1794,1669,27555,15656,11899,83580,43556,40024,81784,42620,39164,54263,29762,24501,24093,12750,11343,19349,9463,9886,10787,4751,6036,4444,2334,2110,4216,2151,2065,4134,2156,1978,10724,5815,4909,19446,11197,8249,8243,4481,3762,5799,3104,2695,4864,2551,2313,5187,2614,2573,4861,2437,2424,5040,2445,2595,4947,2416,2531,4501,2165,2336,3598,1661,1937,2615,1221,1394,1866,849,1017,1286,531,755,1422,489,933,28.1,26.5,30.4
050,51,121,Virginia,Montgomery County,8,97427,50620,46807,4491,2304,2187,7469,3893,3576,3501,1807,1694,26726,15282,11444,83735,43528,40207,81966,42616,39350,53851,29489,24362,24497,12850,11647,19568,9564,10004,11175,4920,6255,4491,2304,2187,4261,2239,2022,4081,2104,1977,10709,5784,4925,18645,10855,7790,8533,4540,3993,6002,3176,2826,4808,2514,2294,5154,2620,2534,4945,2471,2474,5077,2477,2600,4853,2333,2520,4693,2283,2410,3807,1745,2062,2662,1244,1418,1929,883,1046,1309,552,757,1468,496,972,28.6,26.9,30.8
050,51,121,Virginia,Montgomery County,9,98302,51058,47244,4408,2246,2162,7518,3905,3613,3412,1768,1644,26995,15404,11591,84746,44069,40677,82964,43139,39825,54104,29630,24474,24457,12839,11618,19917,9749,10168,11595,5147,6448,4408,2246,2162,4243,2191,2052,4035,2095,1940,11041,5995,5046,18606,10796,7810,8419,4451,3968,6184,3304,2880,4867,2587,2280,4987,2497,2490,5046,2572,2474,5118,2493,2625,4925,2338,2587,4828,2346,2482,4021,1871,2150,2736,1277,1459,1981,928,1053,1364,553,811,1493,518,975,28.8,27.1,31.1
050,51,121,Virginia,Montgomery County,10,98230,50896,47334,4232,2118,2114,7674,3956,3718,3369,1764,1605,26546,15104,11442,84764,44020,40744,82955,43058,39897,53340,29186,24154,24226,12743,11483,20170,9855,10315,12013,5356,6657,4232,2118,2114,4290,2203,2087,4185,2178,2007,10684,5793,4891,18430,10650,7780,8124,4295,3829,6213,3282,2931,4940,2656,2284,4949,2510,2439,5185,2590,2595,5039,2494,2545,4955,2354,2601,4991,2417,2574,3985,1872,2113,3004,1405,1599,2088,974,1114,1407,580,827,1529,525,1004,29.4,27.6,31.6
050,51,121,Virginia,Montgomery County,11,98681,51121,47560,4128,2121,2007,7657,3940,3717,3349,1747,1602,26756,15153,11603,85231,44180,41051,83547,43313,40234,53265,29103,24162,24021,12660,11361,20228,9935,10293,12542,5565,6977,4128,2121,2007,4243,2181,2062,4275,2216,2059,10823,5873,4950,18421,10570,7851,7777,4177,3600,6311,3306,3005,5036,2685,2351,4897,2492,2405,5235,2596,2639,4998,2507,2491,4954,2355,2599,5041,2477,2564,4140,1942,2198,3174,1467,1707,2232,1029,1203,1466,620,846,1530,507,1023,29.8,28.0,32.0
050,51,121,Virginia,Montgomery County,12,98872,51072,47800,4049,2045,2004,7734,3951,3783,3345,1761,1584,26614,15066,11548,85400,44174,41226,83744,43315,40429,53061,28948,24113,23922,12552,11370,20085,9856,10229,13123,5841,7282,4049,2045,2004,4326,2203,2123,4228,2179,2049,10912,5921,4991,18227,10475,7752,7382,3942,3440,6393,3324,3069,5258,2740,2518,4889,2546,2343,5196,2569,2627,4951,2502,2449,5001,2404,2597,4937,2381,2556,4360,2055,2305,3349,1521,1828,2315,1063,1252,1543,671,872,1556,531,1025,30.2,28.4,32.3
050,51,121,Virginia,Montgomery County,13,98560,50827,47733,3966,2011,1955,7792,3933,3859,3380,1781,1599,26375,14872,11503,85152,44018,41134,83422,43102,40320,52473,28569,23904,23528,12337,11191,19990,9843,10147,13529,6050,7479,3966,2011,1955,4351,2170,2181,4251,2184,2067,10852,5884,4968,18093,10348,7745,7135,3847,3288,6267,3270,2997,5227,2676,2551,4899,2544,2355,5185,2593,2592,4951,2504,2447,5021,2453,2568,4833,2293,2540,4478,2136,2342,3517,1577,1940,2386,1100,1286,1599,711,888,1549,526,1023,30.5,28.6,32.6
050,51,121,Virginia,Montgomery County,14,98391,50711,47680,3934,1994,1940,7801,3922,3879,3397,1789,1608,26268,14796,11472,85014,43940,41074,83259,43006,40253,52253,28433,23820,23396,12266,11130,19965,9838,10127,13630,6106,7524,3934,1994,1940,4355,2159,2196,4254,2181,2073,10828,5870,4958,18029,10297,7732,7044,3814,3230,6220,3246,2974,5225,2660,2565,4907,2546,2361,5178,2598,2580,4967,2513,2454,5025,2467,2558,4795,2260,2535,4521,2166,2355,3560,1591,1969,2400,1108,1292,1614,722,892,1535,519,1016,30.6,28.6,32.7
050,51,125,Virginia,Nelson County,1,15020,7302,7718,727,353,374,1501,751,750,664,352,312,931,478,453,12447,6013,6434,12128,5846,6282,4513,2280,2233,3085,1534,1551,5124,2467,2657,2988,1367,1621,727,353,374,805,398,407,863,437,426,778,408,370,650,338,312,724,375,349,702,340,362,753,382,371,906,437,469,1149,551,598,1250,602,648,1344,639,705,1381,675,706,1033,506,527,783,371,412,522,258,264,365,161,204,285,71,214,47.6,46.7,48.6
050,51,125,Virginia,Nelson County,2,15015,7301,7714,727,353,374,1501,751,750,663,352,311,931,478,453,12443,6012,6431,12124,5845,6279,4511,2279,2232,3083,1533,1550,5124,2467,2657,2986,1367,1619,727,353,374,805,398,407,862,437,425,778,408,370,650,338,312,724,375,349,701,339,362,753,382,371,905,437,468,1149,551,598,1250,602,648,1344,639,705,1381,675,706,1032,506,526,783,371,412,522,258,264,364,161,203,285,71,214,47.6,46.7,48.6
050,51,125,Virginia,Nelson County,3,14978,7280,7698,736,354,382,1490,742,748,662,352,310,937,479,458,12414,6005,6409,12090,5832,6258,4493,2271,2222,3059,1523,1536,5107,2463,2644,2987,1367,1620,736,354,382,794,392,402,861,433,428,781,412,369,653,336,317,723,380,343,694,336,358,744,375,369,898,432,466,1136,549,587,1237,593,644,1344,638,706,1390,683,707,1029,505,524,784,369,415,525,257,268,358,163,195,291,73,218,47.7,46.8,48.6
050,51,125,Virginia,Nelson County,4,15019,7337,7682,750,378,372,1499,755,744,672,359,313,923,462,461,12436,6024,6412,12098,5845,6253,4451,2249,2202,3017,1518,1499,5110,2458,2652,3048,1407,1641,750,378,372,785,396,389,875,449,426,796,419,377,638,312,326,713,388,325,702,339,363,731,364,367,871,427,444,1091,525,566,1216,584,632,1327,623,704,1476,726,750,1037,515,522,814,390,424,546,257,289,354,163,191,297,82,215,48.0,46.9,49.0
050,51,125,Virginia,Nelson County,5,14802,7202,7600,707,354,353,1452,734,718,670,360,310,920,460,460,12308,5929,6379,11973,5754,6219,4299,2145,2154,2885,1422,1463,4958,2379,2579,3210,1493,1717,707,354,353,780,392,388,848,439,409,766,415,351,648,308,340,657,348,309,703,331,372,700,344,356,825,399,426,1040,496,544,1192,588,604,1297,609,688,1429,686,743,1149,569,580,834,404,430,564,259,305,357,169,188,306,92,214,48.8,47.8,49.6
050,51,125,Virginia,Nelson County,6,14799,7207,7592,672,325,347,1481,771,710,651,347,304,944,484,460,12311,5932,6379,11995,5764,6231,4297,2176,2121,2865,1426,1439,4825,2294,2531,3361,1560,1801,672,325,347,794,410,384,850,442,408,756,414,342,676,336,340,655,344,311,722,351,371,689,337,352,799,394,405,981,464,517,1142,558,584,1303,618,685,1399,654,745,1226,598,628,896,438,458,582,262,320,350,164,186,307,98,209,49.1,47.9,50.2
050,51,125,Virginia,Nelson County,7,14867,7194,7673,655,311,344,1478,768,710,679,362,317,970,489,481,12387,5933,6454,12055,5753,6302,4342,2172,2170,2871,1415,1456,4676,2207,2469,3538,1642,1896,655,311,344,785,398,387,871,464,407,761,415,346,710,342,368,683,336,347,723,365,358,699,340,359,766,374,392,915,437,478,1120,538,582,1258,592,666,1383,640,743,1308,632,676,925,461,464,621,276,345,358,165,193,326,108,218,49.4,48.0,50.4
050,51,125,Virginia,Nelson County,8,14764,7169,7595,625,301,324,1438,757,681,699,366,333,922,478,444,12345,5930,6415,12002,5745,6257,4320,2179,2141,2877,1424,1453,4561,2161,2400,3642,1682,1960,625,301,324,763,382,381,853,464,389,778,416,362,665,339,326,665,330,335,698,356,342,756,367,389,758,371,387,863,418,445,1115,522,593,1225,583,642,1358,638,720,1352,646,706,951,469,482,649,299,350,338,155,183,352,113,239,49.8,48.2,51.0
050,51,125,Virginia,Nelson County,9,14802,7197,7605,634,299,335,1435,738,697,690,363,327,912,491,421,12383,5973,6410,12043,5797,6246,4306,2168,2138,2873,1411,1462,4476,2134,2342,3782,1761,2021,634,299,335,774,397,377,830,438,392,790,421,369,643,336,307,668,328,340,705,351,354,754,365,389,746,367,379,865,422,443,1064,508,556,1210,576,634,1337,628,709,1443,699,744,955,474,481,685,320,365,350,147,203,349,121,228,50.0,48.5,51.3
050,51,125,Virginia,Nelson County,10,14800,7174,7626,604,298,306,1382,705,677,695,368,327,904,476,428,12478,5983,6495,12119,5803,6316,4321,2151,2170,2889,1396,1493,4411,2114,2297,3915,1817,2098,604,298,306,719,363,356,830,431,399,797,425,372,635,330,305,683,333,350,708,341,367,755,364,391,743,358,385,857,431,426,1039,492,547,1192,578,614,1323,613,710,1411,669,742,1060,530,530,710,332,378,394,176,218,340,110,230,50.4,49.0,51.7
050,51,125,Virginia,Nelson County,11,14836,7176,7660,651,329,322,1315,651,664,701,375,326,930,491,439,12525,6010,6515,12169,5821,6348,4348,2163,2185,2893,1394,1499,4303,2066,2237,4043,1870,2173,651,329,322,685,337,348,806,411,395,798,422,376,657,347,310,692,337,355,696,338,358,779,367,412,726,352,374,845,427,418,990,472,518,1144,546,598,1324,621,703,1386,645,741,1142,571,571,740,354,386,407,177,230,368,123,245,50.5,49.1,51.8
050,51,125,Virginia,Nelson County,12,14867,7183,7684,679,357,322,1294,628,666,670,363,307,922,469,453,12569,6022,6547,12224,5835,6389,4384,2181,2203,2942,1428,1514,4200,2018,2182,4160,1920,2240,679,357,322,665,314,351,779,393,386,797,421,376,645,332,313,727,355,372,706,334,372,766,373,393,743,366,377,795,387,408,943,470,473,1148,537,611,1314,624,690,1374,633,741,1229,600,629,756,377,379,439,192,247,362,118,244,50.7,49.4,52.0
050,51,125,Virginia,Nelson County,13,14797,7197,7600,684,352,332,1252,625,627,650,341,309,921,479,442,12554,6060,6494,12211,5879,6332,4316,2169,2147,2890,1417,1473,4169,2008,2161,4231,1975,2256,684,352,332,650,328,322,747,365,382,770,416,354,656,336,320,682,340,342,710,346,364,742,368,374,756,363,393,808,400,408,901,451,450,1157,531,626,1303,626,677,1363,641,722,1251,612,639,785,388,397,458,211,247,374,123,251,51.2,49.8,52.4
050,51,125,Virginia,Nelson County,14,14755,7194,7561,681,348,333,1239,624,615,644,335,309,920,484,436,12535,6069,6466,12191,5887,6304,4299,2171,2128,2879,1416,1463,4155,2003,2152,4237,1984,2253,681,348,333,645,332,313,738,356,382,762,417,345,658,338,320,661,331,330,713,351,362,738,369,369,767,365,402,809,403,406,888,446,442,1160,528,632,1298,626,672,1359,646,713,1249,611,638,792,388,404,463,216,247,374,123,251,51.3,49.9,52.6
050,51,127,Virginia,New Kent County,1,18429,9373,9056,968,490,478,2072,1094,978,1061,540,521,1222,679,543,14876,7539,7337,14328,7249,7079,6620,3422,3198,4597,2329,2268,6283,3151,3132,2226,1090,1136,968,490,478,1103,600,503,1229,620,609,1195,625,570,828,468,360,873,454,419,1022,522,500,1255,620,635,1447,733,714,1724,902,822,1667,805,862,1500,751,749,1392,693,699,936,497,439,557,267,290,312,158,154,230,91,139,191,77,114,42.4,41.8,43.2
050,51,127,Virginia,New Kent County,2,18432,9374,9058,968,490,478,2074,1095,979,1061,540,521,1222,679,543,14877,7539,7338,14329,7249,7080,6621,3422,3199,4598,2329,2269,6283,3151,3132,2226,1090,1136,968,490,478,1104,600,504,1230,621,609,1195,625,570,828,468,360,873,454,419,1022,522,500,1255,620,635,1448,733,715,1724,902,822,1667,805,862,1500,751,749,1392,693,699,936,497,439,557,267,290,312,158,154,230,91,139,191,77,114,42.4,41.8,43.2
050,51,127,Virginia,New Kent County,3,18543,9436,9107,991,500,491,2079,1102,977,1059,536,523,1247,693,554,14957,7581,7376,14414,7298,7116,6665,3443,3222,4620,2342,2278,6299,3159,3140,2248,1104,1144,991,500,491,1104,598,506,1236,632,604,1203,623,580,842,478,364,889,466,423,1028,521,507,1245,620,625,1458,735,723,1719,897,822,1669,809,860,1516,756,760,1395,697,698,941,494,447,576,279,297,316,160,156,223,91,132,192,80,112,42.4,41.8,43.1
050,51,127,Virginia,New Kent County,4,18763,9539,9224,984,478,506,2103,1122,981,1039,518,521,1320,762,558,15166,7680,7486,14637,7421,7216,6685,3455,3230,4578,2308,2270,6367,3193,3174,2372,1158,1214,984,478,506,1115,597,518,1240,658,582,1228,622,606,879,525,354,922,471,451,1004,508,496,1177,592,585,1475,737,738,1647,851,796,1697,843,854,1569,771,798,1454,728,726,978,500,478,640,318,322,333,166,167,223,93,130,198,81,117,42.7,42.1,43.4
050,51,127,Virginia,New Kent County,5,19148,9701,9447,992,476,516,2121,1122,999,1032,525,507,1419,809,610,15537,7833,7704,15003,7578,7425,6842,3536,3306,4634,2336,2298,6352,3154,3198,2598,1279,1319,992,476,516,1130,590,540,1234,666,568,1228,626,602,980,574,406,956,482,474,1040,539,501,1170,583,587,1468,732,736,1581,810,771,1729,859,870,1592,762,830,1450,723,727,1120,571,549,658,340,318,385,183,202,221,99,122,214,86,128,42.8,42.2,43.5
050,51,127,Virginia,New Kent County,6,19516,9926,9590,980,487,493,2140,1128,1012,1063,551,512,1469,822,647,15876,8030,7846,15333,7760,7573,6964,3633,3331,4701,2398,2303,6326,3138,3188,2837,1402,1435,980,487,493,1164,619,545,1245,647,598,1224,629,595,1039,606,433,1025,542,483,1075,549,526,1159,581,578,1442,726,716,1504,787,717,1733,872,861,1668,803,865,1421,676,745,1253,639,614,722,374,348,426,206,220,227,99,128,209,84,125,43.1,42.3,43.8
050,51,127,Virginia,New Kent County,7,20021,10180,9841,968,479,489,2119,1112,1007,1085,567,518,1537,845,692,16390,8309,8081,15849,8022,7827,7127,3725,3402,4777,2453,2324,6489,3223,3266,3046,1501,1545,968,479,489,1110,585,525,1281,667,614,1245,643,602,1105,629,476,1085,599,486,1097,552,545,1162,577,585,1433,725,708,1510,776,734,1774,914,860,1713,821,892,1492,712,780,1324,673,651,797,414,383,469,227,242,235,103,132,221,84,137,43.5,42.6,44.3
050,51,127,Virginia,New Kent County,8,20382,10384,9998,1003,515,488,2113,1108,1005,1076,568,508,1543,837,706,16728,8470,8258,16190,8193,7997,7204,3778,3426,4859,2527,2332,6540,3251,3289,3248,1578,1670,1003,515,488,1122,585,537,1265,677,588,1230,636,594,1115,615,500,1144,644,500,1152,580,572,1177,614,563,1386,689,697,1505,753,752,1767,924,843,1708,814,894,1560,760,800,1393,685,708,871,457,414,499,231,268,261,114,147,224,91,133,43.7,42.6,44.8
050,51,127,Virginia,New Kent County,9,21015,10713,10302,1042,541,501,2128,1091,1037,1116,608,508,1545,827,718,17296,8770,8526,16729,8473,8256,7486,3961,3525,5086,2672,2414,6650,3305,3345,3448,1669,1779,1042,541,501,1133,587,546,1256,650,606,1263,688,575,1137,601,536,1254,718,536,1282,653,629,1207,617,590,1343,684,659,1559,783,776,1723,874,849,1786,881,905,1582,767,815,1461,726,735,918,465,453,549,266,283,280,120,160,240,92,148,43.5,42.2,44.8
050,51,127,Virginia,New Kent County,10,21629,11018,10611,1043,537,506,2216,1157,1059,1083,564,519,1568,857,711,17863,9072,8791,17287,8760,8527,7697,4074,3623,5297,2768,2529,6752,3370,3382,3670,1765,1905,1043,537,506,1166,595,571,1301,677,624,1255,685,570,1145,621,524,1314,727,587,1357,712,645,1251,627,624,1375,702,673,1577,815,762,1697,862,835,1820,904,916,1658,789,869,1450,698,752,1081,547,534,574,289,285,309,135,174,256,96,160,43.6,42.3,44.9
050,51,127,Virginia,New Kent County,11,22275,11351,10924,1096,571,525,2297,1180,1117,1057,548,509,1559,834,725,18371,9350,9021,17825,9052,8773,7939,4188,3751,5585,2938,2647,6813,3432,3381,3868,1848,2020,1096,571,525,1211,597,614,1348,715,633,1238,656,582,1116,594,522,1386,788,598,1465,774,691,1361,677,684,1373,699,674,1555,816,739,1694,861,833,1793,894,899,1771,861,910,1442,676,766,1187,604,583,638,318,320,334,156,178,267,94,173,43.3,42.2,44.5
050,51,127,Virginia,New Kent County,12,22984,11697,11287,1137,564,573,2358,1225,1133,1056,544,512,1587,885,702,18944,9623,9321,18433,9364,9069,8277,4371,3906,5910,3088,2822,6868,3431,3437,4068,1960,2108,1137,564,573,1261,622,639,1373,749,624,1214,643,571,1153,640,513,1469,815,654,1542,804,738,1485,754,731,1414,715,699,1570,803,767,1637,835,802,1877,951,926,1784,842,942,1481,719,762,1261,614,647,720,371,349,344,159,185,262,97,165,43.1,41.9,44.3
050,51,127,Virginia,New Kent County,13,23500,11994,11506,1155,571,584,2357,1224,1133,1091,551,540,1618,925,693,19425,9908,9517,18897,9648,9249,8495,4533,3962,6080,3208,2872,6912,3449,3463,4287,2066,2221,1155,571,584,1274,648,626,1377,727,650,1221,641,580,1194,684,510,1550,854,696,1564,828,736,1530,784,746,1436,742,694,1564,796,768,1664,834,830,1883,959,924,1801,860,941,1562,764,798,1322,644,678,754,383,371,385,175,210,264,100,164,43.1,41.7,44.5
050,51,127,Virginia,New Kent County,14,23648,12079,11569,1162,576,586,2348,1219,1129,1102,556,546,1622,935,687,19568,9989,9579,19036,9728,9308,8558,4581,3977,6134,3243,2891,6925,3455,3470,4355,2095,2260,1162,576,586,1274,653,621,1374,719,655,1222,644,578,1202,694,508,1577,866,711,1572,837,735,1540,790,750,1445,750,695,1560,794,766,1681,838,843,1882,959,923,1802,864,938,1589,778,811,1341,651,690,764,388,376,399,179,220,262,99,163,43.2,41.7,44.6
050,51,131,Virginia,Northampton County,1,12389,5929,6460,681,353,328,1233,652,581,522,254,268,893,471,422,10238,4799,5439,9953,4670,5283,3698,1867,1831,2403,1205,1198,3876,1797,2079,2781,1197,1584,681,353,328,680,359,321,673,356,317,671,333,338,624,329,295,635,318,317,575,287,288,578,285,293,615,315,300,866,392,474,1052,494,558,991,458,533,967,453,514,806,373,433,619,290,329,544,219,325,411,171,240,401,144,257,47.8,45.4,49.6
050,51,131,Virginia,Northampton County,2,12391,5930,6461,681,353,328,1233,652,581,522,254,268,893,471,422,10240,4800,5440,9955,4671,5284,3698,1867,1831,2403,1205,1198,3878,1798,2080,2781,1197,1584,681,353,328,680,359,321,673,356,317,671,333,338,624,329,295,635,318,317,575,287,288,578,285,293,615,315,300,866,392,474,1052,494,558,992,458,534,968,454,514,806,373,433,619,290,329,544,219,325,411,171,240,401,144,257,47.8,45.4,49.6
050,51,131,Virginia,Northampton County,3,12410,5938,6472,687,358,329,1235,653,582,520,254,266,897,472,425,10244,4802,5442,9968,4673,5295,3698,1870,1828,2405,1206,1199,3873,1792,2081,2793,1203,1590,687,358,329,684,359,325,675,356,319,667,333,334,626,331,295,639,321,318,583,291,292,563,278,285,620,316,304,847,380,467,1056,499,557,995,460,535,975,453,522,801,371,430,630,295,335,542,219,323,418,173,245,402,145,257,47.9,45.4,49.7
050,51,131,Virginia,Northampton County,4,12406,5900,6506,730,395,335,1207,617,590,512,250,262,910,471,439,10214,4766,5448,9957,4638,5319,3695,1842,1853,2407,1186,1221,3833,1763,2070,2807,1218,1589,730,395,335,684,342,342,657,340,317,640,312,328,648,344,304,630,307,323,619,302,317,533,264,269,625,313,312,759,327,432,1056,498,558,1009,466,543,1009,472,537,790,372,418,644,299,345,536,228,308,429,175,254,408,144,264,48.1,45.5,49.7
050,51,131,Virginia,Northampton County,5,12209,5836,6373,723,398,325,1181,605,576,494,253,241,879,463,416,10052,4702,5350,9811,4580,5231,3626,1801,1825,2377,1154,1223,3677,1698,1979,2878,1265,1613,723,398,325,683,348,335,622,326,296,596,299,297,653,348,305,623,304,319,605,295,310,537,260,277,612,295,317,708,316,392,974,454,520,1030,481,549,965,447,518,857,412,445,657,304,353,513,233,280,443,171,272,408,145,263,48.6,45.7,50.2
050,51,131,Virginia,Northampton County,6,12029,5760,6269,691,364,327,1172,612,560,490,258,232,878,447,431,9924,4646,5278,9676,4526,5150,3571,1773,1798,2325,1137,1188,3590,1655,1935,2883,1287,1596,691,364,327,684,366,318,610,315,295,578,303,275,668,333,335,603,294,309,604,298,306,530,266,264,588,279,309,620,295,325,961,431,530,1042,473,569,967,456,511,861,415,446,703,334,369,489,221,268,414,170,244,416,147,269,48.9,46.0,50.6
050,51,131,Virginia,Northampton County,7,12034,5775,6259,699,368,331,1180,630,550,503,269,234,833,427,406,9905,4644,5261,9652,4508,5144,3549,1778,1771,2342,1147,1195,3546,1641,1905,2931,1293,1638,699,368,331,664,376,288,645,319,326,588,318,270,619,313,306,618,299,319,608,290,318,560,289,271,556,269,287,604,289,315,891,404,487,1047,475,572,1004,473,531,879,413,466,735,352,383,484,214,270,410,162,248,423,152,271,48.9,45.8,51.1
050,51,131,Virginia,Northampton County,8,12073,5779,6294,700,359,341,1188,630,558,494,272,222,823,429,394,9941,4662,5279,9691,4518,5173,3579,1795,1784,2377,1152,1225,3490,1621,1869,3001,1316,1685,700,359,341,655,374,281,648,314,334,597,327,270,605,316,289,637,308,329,616,289,327,582,295,287,542,260,282,597,292,305,831,367,464,1057,493,564,1005,469,536,944,441,503,743,356,387,500,222,278,399,150,249,415,147,268,48.8,45.8,51.4
050,51,131,Virginia,Northampton County,9,12003,5740,6263,645,324,321,1260,669,591,496,260,236,775,411,364,9853,4628,5225,9602,4487,5115,3487,1761,1726,2341,1147,1194,3427,1593,1834,3059,1336,1723,645,324,321,694,394,300,691,332,359,574,318,256,572,296,276,635,321,314,599,282,317,605,297,308,502,247,255,610,298,312,747,330,417,1066,498,568,1004,467,537,981,446,535,746,357,389,538,238,300,368,151,217,426,144,282,48.9,45.9,51.7
050,51,131,Virginia,Northampton County,10,11867,5688,6179,628,329,299,1235,660,575,500,254,246,741,402,339,9758,4582,5176,9504,4445,5059,3421,1738,1683,2308,1144,1164,3366,1540,1826,3089,1359,1730,628,329,299,692,389,303,671,333,338,572,312,260,541,282,259,629,332,297,591,281,310,586,279,307,502,252,250,627,297,330,723,324,399,982,452,530,1034,467,567,960,444,516,806,386,420,543,241,302,353,152,201,427,136,291,49.1,45.9,52.2
050,51,131,Virginia,Northampton County,11,11789,5640,6149,602,311,291,1211,654,557,516,263,253,728,410,318,9697,4534,5163,9460,4412,5048,3337,1700,1637,2244,1111,1133,3321,1493,1828,3167,1398,1769,602,311,291,680,378,302,682,360,322,572,301,271,521,288,233,593,301,292,556,266,290,597,292,305,498,252,246,614,284,330,653,294,359,994,438,556,1060,477,583,962,449,513,816,387,429,588,266,322,362,155,207,439,141,298,49.8,46.4,53.1
050,51,131,Virginia,Northampton County,12,11800,5673,6127,591,311,280,1192,661,531,519,244,275,697,383,314,9735,4564,5171,9498,4457,5041,3382,1758,1624,2304,1190,1114,3231,1449,1782,3266,1435,1831,591,311,280,661,365,296,669,355,314,593,303,290,485,265,220,595,304,291,602,307,295,575,301,274,532,278,254,578,263,315,624,290,334,948,419,529,1081,477,604,976,454,522,833,384,449,636,297,339,382,167,215,439,133,306,50.1,46.2,53.7
050,51,131,Virginia,Northampton County,13,11730,5571,6159,588,310,278,1154,627,527,521,247,274,704,369,335,9719,4509,5210,9467,4387,5080,3308,1651,1657,2217,1101,1116,3219,1455,1764,3327,1462,1865,588,310,278,641,342,299,647,351,296,587,287,300,504,263,241,572,290,282,588,290,298,558,274,284,499,247,252,560,259,301,639,305,334,900,387,513,1120,504,616,1004,458,546,867,395,472,635,303,332,389,171,218,432,135,297,51.0,47.9,53.8
050,51,131,Virginia,Northampton County,14,11673,5524,6149,583,308,275,1136,615,521,519,247,272,706,365,341,9692,4480,5212,9435,4354,5081,3283,1619,1664,2189,1075,1114,3206,1453,1753,3334,1461,1873,583,308,275,633,333,300,634,350,284,584,281,303,510,263,247,560,283,277,582,283,299,556,269,287,491,240,251,553,256,297,645,312,333,879,373,506,1129,512,617,1010,458,552,874,397,477,634,302,332,389,169,220,427,135,292,51.2,48.4,53.9
050,51,133,Virginia,Northumberland County,1,12330,6009,6321,525,276,249,1018,545,473,478,272,206,737,378,359,10536,5047,5489,10309,4916,5393,3002,1489,1513,1919,914,1005,3940,1836,2104,3713,1788,1925,525,276,249,561,301,260,589,319,270,591,321,270,492,254,238,467,219,248,432,217,215,431,209,222,589,269,320,815,379,436,941,472,469,963,433,530,1221,552,669,1233,593,640,942,487,455,687,346,341,497,220,277,354,142,212,53.6,52.5,54.6
050,51,133,Virginia,Northumberland County,2,12331,6009,6322,525,276,249,1018,545,473,478,272,206,736,377,359,10537,5047,5490,10310,4916,5394,3001,1488,1513,1919,914,1005,3939,1835,2104,3716,1790,1926,525,276,249,561,301,260,589,319,270,590,320,270,492,254,238,467,219,248,432,217,215,431,209,222,589,269,320,816,379,437,941,472,469,962,433,529,1220,551,669,1237,595,642,942,487,455,686,346,340,497,220,277,354,142,212,53.6,52.5,54.6
050,51,133,Virginia,Northumberland County,3,12356,6016,6340,519,272,247,1019,550,469,477,272,205,742,377,365,10568,5054,5514,10341,4922,5419,2997,1489,1508,1905,911,994,3947,1834,2113,3747,1800,1947,519,272,247,560,304,256,586,317,269,585,320,265,507,258,249,464,223,241,437,218,219,430,205,225,574,265,309,813,375,438,944,473,471,967,434,533,1223,552,671,1240,594,646,955,491,464,689,351,338,503,220,283,360,144,216,53.7,52.6,54.8
050,51,133,Virginia,Northumberland County,4,12452,6065,6387,519,277,242,1015,551,464,488,263,225,751,373,378,10669,5109,5560,10430,4974,5456,2994,1474,1520,1876,901,975,3947,1839,2108,3856,1861,1995,519,277,242,560,316,244,576,298,278,578,311,267,540,262,278,457,228,229,457,224,233,414,193,221,548,256,292,785,357,428,949,479,470,984,448,536,1229,555,674,1234,587,647,1002,515,487,725,385,340,509,227,282,386,147,239,54.2,53.3,55.1
050,51,133,Virginia,Northumberland County,5,12421,6068,6353,520,282,238,986,537,449,493,256,237,740,366,374,10672,5123,5549,10422,4993,5429,2953,1454,1499,1843,896,947,3795,1776,2019,4044,1955,2089,520,282,238,531,299,232,578,302,276,557,303,254,553,255,298,469,247,222,460,220,240,408,195,213,506,234,272,744,333,411,909,453,456,996,470,526,1146,520,626,1323,626,697,1044,536,508,760,399,361,516,239,277,401,155,246,54.9,54.0,55.6
050,51,133,Virginia,Northumberland County,6,12298,6042,6256,476,264,212,990,540,450,463,240,223,715,371,344,10604,5117,5487,10369,4998,5371,2895,1459,1436,1824,905,919,3675,1727,1948,4155,1995,2160,476,264,212,521,286,235,576,311,265,550,295,255,521,259,262,445,231,214,479,230,249,427,220,207,473,224,249,713,311,402,876,430,446,1010,478,532,1076,508,568,1319,609,710,1114,570,544,758,396,362,546,249,297,418,171,247,55.5,54.5,56.4
050,51,133,Virginia,Northumberland County,7,12256,6034,6222,490,274,216,995,536,459,452,248,204,711,371,340,10554,5100,5454,10319,4976,5343,2847,1428,1419,1797,878,919,3566,1688,1878,4245,2039,2206,490,274,216,549,301,248,559,304,255,529,276,253,521,274,247,473,233,240,452,217,235,436,220,216,436,208,228,626,278,348,873,431,442,1009,475,534,1058,504,554,1318,608,710,1160,569,591,800,415,385,532,262,270,435,185,250,56.0,55.0,56.8
050,51,133,Virginia,Northumberland County,8,12243,5999,6244,469,250,219,955,512,443,466,250,216,655,332,323,10588,5109,5479,10353,4987,5366,2827,1427,1400,1824,906,918,3527,1661,1866,4347,2088,2259,469,250,219,519,272,247,554,301,253,533,281,252,470,240,230,513,259,254,450,228,222,451,229,222,410,190,220,590,279,311,844,391,453,1001,491,510,1092,500,592,1326,619,707,1199,592,607,830,421,409,529,269,260,463,187,276,56.6,55.7,57.4
050,51,133,Virginia,Northumberland County,9,12174,5987,6187,454,239,215,888,489,399,461,246,215,659,341,318,10591,5133,5458,10371,5013,5358,2820,1429,1391,1820,909,911,3514,1639,1875,4378,2124,2254,454,239,215,481,267,214,527,289,238,540,285,255,460,235,225,493,251,242,446,224,222,465,233,232,416,201,215,556,265,291,824,374,450,1014,489,525,1120,511,609,1342,640,702,1180,578,602,845,437,408,549,289,260,462,180,282,57.1,56.4,57.8
050,51,133,Virginia,Northumberland County,10,12270,6022,6248,458,234,224,918,498,420,462,247,215,646,334,312,10668,5167,5501,10432,5043,5389,2901,1465,1436,1902,941,961,3434,1610,1824,4450,2158,2292,458,234,224,510,272,238,517,283,234,534,288,246,465,236,229,523,257,266,453,228,225,493,239,254,433,217,216,510,243,267,783,360,423,1009,491,518,1132,516,616,1268,600,668,1261,606,655,883,456,427,547,289,258,491,207,284,57.4,56.8,58.0
050,51,133,Virginia,Northumberland County,11,12172,5963,6209,428,219,209,913,489,424,444,237,207,647,338,309,10618,5135,5483,10387,5018,5369,2840,1434,1406,1853,922,931,3370,1580,1790,4517,2178,2339,428,219,209,513,274,239,504,278,226,515,271,244,472,241,231,496,247,249,425,206,219,494,247,247,438,222,216,475,224,251,763,339,424,1010,482,528,1122,535,587,1230,576,654,1249,585,664,969,502,467,549,293,256,520,222,298,58.1,57.6,58.5
050,51,133,Virginia,Northumberland County,12,12069,5911,6158,426,210,216,900,475,425,426,235,191,643,337,306,10541,5109,5432,10317,4991,5326,2805,1432,1373,1831,913,918,3307,1536,1771,4536,2205,2331,426,210,216,486,266,220,509,262,247,518,278,240,456,241,215,474,236,238,424,205,219,452,221,231,481,251,230,453,208,245,682,301,381,1015,487,528,1157,540,617,1210,587,623,1249,576,673,1001,514,487,573,298,275,503,230,273,58.5,58.1,58.9
050,51,133,Virginia,Northumberland County,13,12077,5911,6166,427,209,218,883,476,407,419,230,189,645,327,318,10565,5114,5451,10348,4996,5352,2812,1419,1393,1855,918,937,3265,1526,1739,4583,2225,2358,427,209,218,472,262,210,518,270,248,504,273,231,453,228,225,470,231,239,458,221,237,449,223,226,478,243,235,458,211,247,649,290,359,974,449,525,1184,576,608,1239,586,653,1250,575,675,1011,512,499,586,306,280,497,246,251,58.7,58.4,59.0
050,51,133,Virginia,Northumberland County,14,12069,5905,6164,423,207,216,875,478,397,418,228,190,648,323,325,10568,5110,5458,10353,4992,5361,2819,1416,1403,1865,922,943,3254,1523,1731,4586,2224,2362,423,207,216,465,261,204,522,274,248,502,273,229,452,221,231,466,230,236,470,226,244,449,225,224,480,241,239,456,210,246,643,287,356,961,437,524,1194,589,605,1250,588,662,1246,572,674,1011,509,502,588,306,282,491,249,242,58.7,58.5,58.9
050,51,135,Virginia,Nottoway County,1,15853,8371,7482,892,451,441,1634,810,824,737,393,344,1359,806,553,12963,6920,6043,12590,6717,5873,6010,3564,2446,4092,2459,1633,4436,2329,2107,2703,1123,1580,892,451,441,903,453,450,909,451,458,913,482,431,1005,623,382,1047,662,385,1032,613,419,945,545,400,1068,639,429,1254,684,570,1211,644,567,1067,552,515,904,449,455,799,370,429,646,304,342,513,203,310,379,139,240,366,107,259,41.4,39.3,44.4
050,51,135,Virginia,Nottoway County,2,15858,8373,7485,892,451,441,1636,811,825,737,393,344,1358,805,553,12966,6921,6045,12593,6718,5875,6011,3563,2448,4094,2459,1635,4435,2330,2105,2706,1124,1582,892,451,441,903,453,450,911,452,459,913,482,431,1004,622,382,1047,662,385,1032,613,419,945,545,400,1070,639,431,1254,686,568,1209,642,567,1068,553,515,904,449,455,800,370,430,647,304,343,514,204,310,379,139,240,366,107,259,41.4,39.3,44.4
050,51,135,Virginia,Nottoway County,3,15847,8369,7478,881,444,437,1635,811,824,737,393,344,1357,805,552,12967,6925,6042,12594,6721,5873,6006,3560,2446,4090,2455,1635,4441,2337,2104,2706,1124,1582,881,444,437,904,452,452,909,452,457,899,478,421,1017,627,390,1051,668,383,1036,612,424,934,539,395,1069,636,433,1252,690,562,1209,641,568,1068,554,514,912,452,460,797,373,424,645,300,345,521,206,315,379,138,241,364,107,257,41.5,39.3,44.4
050,51,135,Virginia,Nottoway County,4,15891,8434,7457,898,452,446,1626,813,813,714,383,331,1325,784,541,13014,6987,6027,12653,6786,5867,5973,3546,2427,4110,2473,1637,4490,2377,2113,2728,1152,1576,898,452,446,892,454,438,910,453,457,857,460,397,1006,613,393,1105,696,409,1057,634,423,876,509,367,1072,634,438,1212,692,520,1231,642,589,1079,565,514,968,478,490,784,377,407,665,309,356,544,217,327,366,135,231,369,114,255,41.6,39.5,44.6
050,51,135,Virginia,Nottoway County,5,15758,8406,7352,852,437,415,1599,794,805,717,370,347,1317,786,531,12955,6992,5963,12590,6805,5785,5899,3531,2368,4044,2466,1578,4444,2357,2087,2785,1196,1589,852,437,415,887,459,428,891,426,465,841,443,398,1014,622,392,1094,709,385,1028,626,402,869,519,350,1053,612,441,1167,664,503,1214,641,573,1109,578,531,954,474,480,838,406,432,665,305,360,551,225,326,360,141,219,371,119,252,41.9,39.6,45.0
050,51,135,Virginia,Nottoway County,6,15642,8320,7322,878,430,448,1530,759,771,723,360,363,1350,805,545,12864,6952,5912,12511,6771,5740,5825,3490,2335,3934,2416,1518,4399,2333,2066,2828,1217,1611,878,430,448,851,430,421,861,420,441,864,453,411,1027,621,406,1048,682,366,1033,632,401,866,516,350,987,586,401,1146,650,496,1185,638,547,1129,576,553,939,469,470,839,417,422,704,320,384,553,227,326,355,133,222,377,120,257,42.1,39.8,45.2
050,51,135,Virginia,Nottoway County,7,15515,8210,7305,838,414,424,1591,802,789,718,352,366,1303,762,541,12737,6830,5907,12368,6642,5726,5733,3395,2338,3878,2356,1522,4359,2311,2048,2828,1213,1615,838,414,424,879,436,443,878,441,437,856,442,414,999,597,402,1055,675,380,1002,616,386,893,518,375,928,547,381,1079,620,459,1186,634,552,1136,578,558,958,479,479,843,411,432,694,304,390,561,239,322,377,151,226,353,108,245,42.1,39.7,45.1
050,51,135,Virginia,Nottoway County,8,15613,8417,7196,832,393,439,1560,809,751,694,323,371,1271,773,498,12894,7068,5826,12527,6892,5635,5846,3534,2312,4043,2515,1528,4339,2355,1984,2874,1249,1625,832,393,439,875,438,437,847,448,399,835,412,423,968,607,361,1114,727,387,1032,665,367,950,544,406,947,579,368,1051,632,419,1199,663,536,1128,574,554,961,486,475,880,432,448,693,304,389,551,241,310,395,163,232,355,109,246,41.9,39.8,45.1
050,51,135,Virginia,Nottoway County,9,15502,8409,7093,811,386,425,1512,784,728,667,320,347,1266,772,494,12862,7079,5783,12512,6919,5593,5806,3543,2263,4033,2532,1501,4310,2334,1976,2903,1281,1622,811,386,425,839,422,417,833,443,390,815,402,413,958,609,349,1114,723,391,1078,693,385,922,539,383,919,577,342,1035,629,406,1152,647,505,1128,561,567,995,497,498,913,454,459,681,303,378,539,234,305,417,172,245,353,118,235,42.1,39.9,45.6
050,51,135,Virginia,Nottoway County,10,15439,8367,7072,816,385,431,1474,744,730,664,325,339,1255,768,487,12802,7062,5740,12485,6913,5572,5800,3527,2273,4068,2535,1533,4244,2320,1924,2918,1290,1628,816,385,431,817,393,424,844,452,392,778,379,399,954,613,341,1150,731,419,1088,701,387,927,539,388,903,564,339,1019,626,393,1088,617,471,1120,569,551,1017,508,509,902,446,456,711,319,392,552,235,317,397,160,237,356,130,226,41.9,39.9,45.2
050,51,135,Virginia,Nottoway County,11,15381,8322,7059,782,394,388,1501,736,765,696,361,335,1266,768,498,12730,6991,5739,12402,6831,5571,5838,3526,2312,4048,2492,1556,4153,2277,1876,2935,1294,1641,782,394,388,837,396,441,836,435,401,818,412,406,972,622,350,1123,729,394,1025,653,372,1008,568,440,892,542,350,971,614,357,1066,593,473,1092,571,521,1024,499,525,916,454,462,716,328,388,567,234,333,375,149,226,361,129,232,41.7,39.6,44.8
050,51,135,Virginia,Nottoway County,12,15206,8243,6963,763,390,373,1491,721,770,687,357,330,1228,734,494,12620,6954,5666,12265,6775,5490,5806,3506,2300,4052,2502,1550,4072,2256,1816,2913,1283,1630,763,390,373,820,390,430,832,418,414,802,401,401,952,603,349,1131,735,396,1011,659,352,989,555,434,921,553,368,947,611,336,1009,581,428,1110,572,538,1006,492,514,925,462,463,715,322,393,560,222,338,370,155,215,343,122,221,41.5,39.8,44.5
050,51,135,Virginia,Nottoway County,13,15179,8257,6922,756,388,368,1464,721,743,691,365,326,1241,735,506,12626,6971,5655,12268,6783,5485,5825,3521,2304,4067,2513,1554,4023,2242,1781,2937,1293,1644,756,388,368,814,393,421,824,420,404,790,412,378,968,596,372,1130,738,392,1017,659,358,962,545,417,958,571,387,933,600,333,973,564,409,1102,578,524,1015,500,515,933,463,470,744,330,414,553,221,332,356,151,205,351,128,223,41.5,39.8,44.5
050,51,135,Virginia,Nottoway County,14,15160,8259,6901,750,383,367,1456,721,735,696,370,326,1241,736,505,12620,6976,5644,12258,6785,5473,5833,3533,2300,4073,2521,1552,4003,2236,1767,2941,1292,1649,750,383,367,811,392,419,822,423,399,790,417,373,970,595,375,1129,738,391,1021,660,361,953,544,409,970,579,391,926,597,329,962,560,402,1103,581,522,1012,498,514,932,460,472,752,331,421,552,220,332,353,152,201,352,129,223,41.5,39.8,44.5
050,51,137,Virginia,Orange County,1,33481,16422,17059,2008,1025,983,3848,1991,1857,1806,930,876,2254,1148,1106,26709,12947,13762,25819,12476,13343,11537,5790,5747,7957,3946,4011,9545,4627,4918,6063,2755,3308,2008,1025,983,2070,1071,999,2258,1154,1104,2042,1072,970,1538,772,766,1700,836,864,1880,922,958,2008,994,1014,2369,1194,1175,2623,1335,1288,2480,1253,1227,2253,1066,1187,2189,973,1216,1902,893,1009,1607,762,845,1143,539,604,768,346,422,643,215,428,42.6,41.6,43.7
050,51,137,Virginia,Orange County,2,33541,16449,17092,2012,1026,986,3855,1991,1864,1810,931,879,2257,1151,1106,26758,12973,13785,25864,12501,13363,11562,5802,5760,7975,3954,4021,9558,4634,4924,6074,2762,3312,2012,1026,986,2073,1072,1001,2262,1153,1109,2047,1074,973,1540,774,766,1703,837,866,1879,922,957,2022,1000,1022,2371,1195,1176,2626,1336,1290,2484,1256,1228,2256,1069,1187,2192,973,1219,1908,896,1012,1609,763,846,1145,541,604,769,346,423,643,216,427,42.6,41.6,43.7
050,51,137,Virginia,Orange County,3,33566,16448,17118,2007,1014,993,3860,1999,1861,1787,915,872,2273,1158,1115,26796,12985,13811,25912,12520,13392,11571,5796,5775,7968,3948,4020,9586,4648,4938,6085,2766,3319,2007,1014,993,2080,1073,1007,2237,1151,1086,2052,1070,982,1551,778,773,1731,853,878,1881,920,961,2006,992,1014,2350,1183,1167,2623,1334,1289,2485,1255,1230,2278,1078,1200,2200,981,1219,1907,900,1007,1612,759,853,1141,540,601,779,349,430,646,218,428,42.6,41.6,43.7
050,51,137,Virginia,Orange County,4,33982,16620,17362,2028,1009,1019,3918,2042,1876,1764,903,861,2364,1230,1134,27185,13136,14049,26272,12666,13606,11638,5821,5817,7919,3899,4020,9777,4743,5034,6212,2794,3418,2028,1009,1019,2117,1083,1034,2210,1170,1040,2096,1095,1001,1623,827,796,1760,870,890,1894,932,962,1963,958,1005,2302,1139,1163,2615,1325,1290,2547,1280,1267,2340,1095,1245,2275,1043,1232,1902,895,1007,1653,756,897,1169,547,622,819,362,457,669,234,435,42.8,41.6,44.0
050,51,137,Virginia,Orange County,5,34263,16813,17450,1996,1017,979,3948,2066,1882,1771,894,877,2383,1247,1136,27443,13288,14155,26548,12836,13712,11686,5869,5817,7985,3956,4029,9734,4757,4977,6446,2876,3570,1996,1017,979,2134,1095,1039,2267,1199,1068,2032,1053,979,1669,860,809,1857,935,922,1910,944,966,1938,942,996,2280,1135,1145,2524,1287,1237,2581,1290,1291,2447,1160,1287,2182,1020,1162,2021,909,1112,1701,784,917,1214,575,639,810,359,451,700,249,451,42.9,41.7,44.2
050,51,137,Virginia,Orange County,6,34607,16998,17609,2003,1042,961,3875,1983,1892,1800,939,861,2443,1243,1200,27783,13470,14313,26929,13034,13895,11790,5921,5869,8041,4005,4036,9763,4800,4963,6682,2986,3696,2003,1042,961,2100,1066,1034,2269,1183,1086,1996,1037,959,1753,879,874,1864,951,913,1986,991,995,1986,969,1017,2205,1094,1111,2455,1261,1194,2641,1324,1317,2485,1197,1288,2182,1018,1164,2075,919,1156,1768,830,938,1275,605,670,823,356,467,741,276,465,43.2,41.9,44.4
050,51,137,Virginia,Orange County,7,34912,17074,17838,2023,1018,1005,3856,1945,1911,1787,946,841,2588,1321,1267,28097,13612,14485,27246,13165,14081,11917,6006,5911,8004,3986,4018,9796,4808,4988,6858,3050,3808,2023,1018,1005,2151,1079,1072,2167,1113,1054,2041,1062,979,1872,958,914,1879,950,929,2034,1016,1018,1951,957,994,2140,1063,1077,2380,1202,1178,2645,1312,1333,2549,1264,1285,2222,1030,1192,2162,957,1205,1762,824,938,1337,619,718,834,363,471,763,287,476,43.3,42.0,44.5
050,51,137,Virginia,Orange County,8,35173,17197,17976,2025,1021,1004,3872,1945,1927,1809,956,853,2517,1323,1194,28363,13752,14611,27467,13275,14192,11942,6034,5908,8074,3990,4084,9915,4844,5071,6961,3118,3843,2025,1021,1004,2130,1071,1059,2200,1109,1091,2030,1089,941,1838,955,883,1950,951,999,2056,1039,1017,1972,970,1002,2096,1030,1066,2375,1179,1196,2678,1325,1353,2573,1263,1310,2289,1077,1212,2214,997,1217,1777,834,943,1352,623,729,860,374,486,758,290,468,43.4,41.9,44.7
050,51,137,Virginia,Orange County,9,35369,17267,18102,1969,1014,955,3847,1930,1917,1797,932,865,2548,1339,1209,28678,13868,14810,27756,13391,14365,12000,6065,5935,8074,4014,4060,10043,4872,5171,7091,3166,3925,1969,1014,955,2159,1063,1096,2107,1087,1020,2049,1077,972,1877,974,903,1959,982,977,2125,1069,1056,1959,962,997,2031,1001,1030,2380,1172,1208,2656,1311,1345,2639,1288,1351,2368,1101,1267,2297,1059,1238,1798,831,967,1394,631,763,828,343,485,774,302,472,43.6,42.0,45.2
050,51,137,Virginia,Orange County,10,35882,17442,18440,1969,969,1000,3868,1916,1952,1764,900,864,2613,1385,1228,29184,14120,15064,28281,13657,14624,12201,6166,6035,8273,4103,4170,10143,4951,5192,7252,3218,4034,1969,969,1000,2181,1074,1107,2136,1064,1072,2046,1079,967,1882,984,898,2070,1044,1026,2147,1064,1083,2021,1020,1001,2035,975,1060,2338,1177,1161,2651,1284,1367,2714,1320,1394,2440,1170,1270,2244,1033,1211,1896,842,1054,1439,659,780,876,371,505,797,313,484,43.6,42.2,45.0
050,51,137,Virginia,Orange County,11,36620,17786,18834,2049,1006,1043,3901,1920,1981,1749,903,846,2713,1436,1277,29795,14419,15376,28921,13957,14964,12535,6380,6155,8510,4259,4251,10228,4971,5257,7470,3291,4179,2049,1006,1043,2197,1082,1115,2141,1056,1085,2039,1088,951,1986,1033,953,2178,1114,1064,2134,1035,1099,2131,1102,1029,2067,1008,1059,2296,1114,1182,2574,1280,1294,2792,1353,1439,2566,1224,1342,2274,1043,1231,1970,861,1109,1492,686,806,934,400,534,800,301,499,43.6,42.1,45.1
050,51,137,Virginia,Orange County,12,36941,18011,18930,2023,1019,1004,3881,1921,1960,1709,854,855,2772,1462,1310,30195,14661,15534,29328,14217,15111,12685,6476,6209,8618,4349,4269,10318,5051,5267,7620,3355,4265,2023,1019,1004,2141,1066,1075,2154,1044,1110,2026,1059,967,2041,1068,973,2245,1151,1094,2156,1071,1085,2162,1120,1042,2055,1007,1048,2299,1127,1172,2527,1272,1255,2840,1369,1471,2652,1283,1369,2279,1019,1260,2036,913,1123,1516,687,829,975,422,553,814,314,500,43.8,42.0,45.3
050,51,137,Virginia,Orange County,13,37535,18286,19249,2090,1059,1031,3978,1959,2019,1702,850,852,2784,1463,1321,30641,14860,15781,29765,14418,15347,12876,6555,6321,8802,4455,4347,10362,5044,5318,7817,3456,4361,2090,1059,1031,2215,1102,1113,2175,1070,1105,2012,1033,979,2062,1067,995,2273,1176,1097,2226,1112,1114,2256,1151,1105,2047,1016,1031,2255,1091,1164,2520,1249,1271,2892,1402,1490,2695,1302,1393,2357,1055,1302,2076,927,1149,1532,710,822,996,434,562,856,330,526,43.6,41.8,45.2
050,51,137,Virginia,Orange County,14,37695,18358,19337,2111,1069,1042,4005,1967,2038,1701,850,851,2786,1462,1324,30756,14912,15844,29878,14472,15406,12928,6576,6352,8854,4487,4367,10380,5046,5334,7858,3477,4381,2111,1069,1042,2231,1110,1121,2187,1080,1107,2005,1025,980,2069,1064,1005,2274,1182,1092,2246,1123,1123,2288,1162,1126,2046,1020,1026,2242,1082,1160,2520,1242,1278,2908,1414,1494,2710,1308,1402,2374,1063,1311,2086,930,1156,1534,716,818,1002,437,565,862,331,531,43.5,41.8,45.2
050,51,139,Virginia,Page County,1,24042,11836,12206,1316,665,651,2621,1341,1280,1256,609,647,1743,880,863,19475,9534,9941,18849,9221,9628,8487,4280,4207,5776,2933,2843,7082,3521,3561,4248,1887,2361,1316,665,651,1474,752,722,1435,731,704,1472,726,746,1239,621,618,1270,651,619,1344,672,672,1513,756,757,1649,854,795,1947,967,980,1812,898,914,1719,869,850,1604,787,817,1366,657,709,1048,500,548,781,348,433,563,221,342,490,161,329,43.0,42.2,43.9
050,51,139,Virginia,Page County,2,24048,11838,12210,1316,665,651,2623,1342,1281,1257,609,648,1744,881,863,19479,9535,9944,18852,9222,9630,8490,4280,4210,5777,2932,2845,7082,3522,3560,4249,1887,2362,1316,665,651,1475,752,723,1436,732,704,1473,726,747,1240,622,618,1270,650,620,1344,672,672,1513,756,757,1650,854,796,1948,968,980,1810,897,913,1719,869,850,1605,788,817,1367,657,710,1048,500,548,781,348,433,563,221,342,490,161,329,43.0,42.2,43.9
050,51,139,Virginia,Page County,3,24062,11834,12228,1311,661,650,2618,1343,1275,1252,607,645,1751,883,868,19512,9535,9977,18881,9223,9658,8457,4254,4203,5748,2909,2839,7113,3538,3575,4269,1893,2376,1311,661,650,1475,751,724,1437,737,700,1466,719,747,1243,626,617,1265,648,617,1343,664,679,1491,747,744,1649,850,799,1948,969,979,1813,898,915,1724,871,853,1628,800,828,1360,652,708,1055,501,554,790,353,437,571,226,345,493,161,332,43.1,42.2,44.0
050,51,139,Virginia,Page County,4,23956,11750,12206,1268,646,622,2589,1312,1277,1220,592,628,1774,882,892,19512,9506,10006,18879,9200,9679,8337,4181,4156,5633,2852,2781,7174,3565,3609,4298,1901,2397,1268,646,622,1453,724,729,1426,733,693,1436,703,733,1268,626,642,1245,641,604,1344,662,682,1423,712,711,1621,837,784,1907,951,956,1834,901,933,1728,860,868,1705,853,852,1350,643,707,1071,505,566,823,374,449,578,230,348,476,149,327,43.4,42.6,44.4
050,51,139,Virginia,Page County,5,23841,11720,12121,1222,636,586,2561,1295,1266,1180,582,598,1811,905,906,19499,9495,10004,18878,9207,9671,8265,4124,4141,5544,2788,2756,7065,3515,3550,4458,1999,2459,1222,636,586,1403,689,714,1428,757,671,1394,676,718,1327,660,667,1236,625,611,1314,649,665,1398,698,700,1596,816,780,1827,926,901,1857,917,940,1727,849,878,1654,823,831,1417,688,729,1131,544,587,854,397,457,569,218,351,487,152,335,43.8,42.9,44.6
050,51,139,Virginia,Page County,6,23724,11660,12064,1192,617,575,2544,1281,1263,1115,568,547,1820,905,915,19447,9474,9973,18873,9194,9679,8096,4033,4063,5434,2702,2732,7030,3515,3515,4589,2072,2517,1192,617,575,1369,679,690,1448,744,704,1330,673,657,1332,658,674,1229,605,624,1304,661,643,1357,670,687,1544,766,778,1763,920,843,1898,946,952,1746,849,897,1623,800,823,1461,706,755,1188,581,607,879,398,481,568,224,344,493,163,330,44.2,43.4,45.0
050,51,139,Virginia,Page County,7,23787,11718,12069,1234,627,607,2516,1259,1257,1128,579,549,1721,872,849,19480,9544,9936,18909,9253,9656,8050,4049,4001,5480,2744,2736,7032,3509,3523,4676,2128,2548,1234,627,607,1319,661,658,1476,744,732,1308,665,643,1262,640,622,1320,658,662,1276,660,616,1354,666,688,1530,760,770,1682,862,820,1946,979,967,1739,836,903,1665,832,833,1496,732,764,1210,581,629,895,411,484,574,241,333,501,163,338,44.5,43.7,45.2
050,51,139,Virginia,Page County,8,23667,11678,11989,1221,617,604,2472,1240,1232,1137,590,547,1666,828,838,19395,9525,9870,18837,9231,9606,7888,3970,3918,5384,2706,2678,6992,3504,3488,4795,2193,2602,1221,617,604,1304,654,650,1467,740,727,1280,663,617,1224,601,623,1336,665,671,1248,642,606,1343,674,669,1457,725,732,1656,855,801,1924,966,958,1769,865,904,1643,818,825,1587,776,811,1242,595,647,865,406,459,618,259,359,483,157,326,44.9,44.2,45.6
050,51,139,Virginia,Page County,9,23633,11621,12012,1232,608,624,2409,1197,1212,1134,593,541,1654,832,822,19413,9506,9907,18858,9223,9635,7831,3929,3902,5331,2661,2670,7000,3481,3519,4873,2249,2624,1232,608,624,1263,637,626,1434,717,717,1274,663,611,1226,605,621,1357,686,671,1249,629,620,1360,662,698,1365,684,681,1646,842,804,1878,941,937,1811,887,924,1665,811,854,1615,805,810,1246,600,646,894,406,488,632,280,352,486,158,328,45.2,44.5,45.8
050,51,139,Virginia,Page County,10,23801,11738,12063,1249,603,646,2393,1206,1187,1150,592,558,1621,827,794,19579,9625,9954,19009,9337,9672,7850,3966,3884,5371,2695,2676,6990,3481,3509,5027,2334,2693,1249,603,646,1269,650,619,1416,704,712,1278,671,607,1201,600,601,1390,689,701,1269,640,629,1360,683,677,1352,683,669,1613,832,781,1835,914,921,1846,910,936,1696,825,871,1590,782,808,1312,638,674,940,440,500,665,301,364,520,173,347,45.4,44.6,46.2
050,51,139,Virginia,Page County,11,24005,11836,12169,1313,651,662,2319,1155,1164,1192,616,576,1618,828,790,19766,9726,10040,19181,9414,9767,7938,4030,3908,5452,2743,2709,6993,3470,3523,5118,2373,2745,1313,651,662,1225,606,619,1418,706,712,1295,686,609,1191,601,590,1428,723,705,1295,649,646,1367,687,680,1362,684,678,1563,781,782,1810,925,885,1905,942,963,1715,822,893,1582,778,804,1322,633,689,1009,484,525,658,278,380,547,200,347,45.4,44.4,46.3
050,51,139,Virginia,Page County,12,23937,11798,12139,1292,642,650,2303,1158,1145,1164,597,567,1635,835,800,19747,9707,10040,19178,9401,9777,7911,4013,3898,5390,2717,2673,6917,3417,3500,5236,2432,2804,1292,642,650,1216,605,611,1365,689,676,1325,690,635,1196,606,590,1373,696,677,1350,688,662,1306,671,635,1361,662,699,1519,756,763,1746,881,865,1931,962,969,1721,818,903,1598,795,803,1366,653,713,1058,500,558,664,281,383,550,203,347,45.7,44.6,46.7
050,51,139,Virginia,Page County,13,23945,11782,12163,1313,657,656,2300,1150,1150,1169,584,585,1611,836,775,19754,9688,10066,19163,9391,9772,7880,3963,3917,5392,2690,2702,6850,3399,3451,5310,2466,2844,1313,657,656,1241,610,631,1351,687,664,1330,680,650,1158,593,565,1350,663,687,1362,684,678,1324,680,644,1356,663,693,1462,734,728,1707,862,845,1941,961,980,1740,842,898,1604,793,811,1420,685,735,1070,502,568,645,274,371,571,212,359,45.7,44.8,46.6
050,51,139,Virginia,Page County,14,23933,11764,12169,1318,660,658,2302,1150,1152,1170,580,590,1604,835,769,19741,9669,10072,19143,9374,9769,7882,3950,3932,5402,2684,2718,6822,3390,3432,5315,2465,2850,1318,660,658,1253,616,637,1343,683,660,1328,675,653,1152,591,561,1347,653,694,1369,685,684,1329,681,648,1357,665,692,1443,727,716,1696,857,839,1943,959,984,1740,847,893,1604,789,815,1436,695,741,1066,498,568,637,270,367,572,213,359,45.6,44.8,46.5
050,51,141,Virginia,Patrick County,1,18490,9090,9400,922,469,453,1765,898,867,879,447,432,1132,557,575,15364,7506,7858,14924,7276,7648,5880,3016,2864,4083,2111,1972,5735,2835,2900,3974,1773,2201,922,469,453,926,485,441,1053,512,541,1032,524,508,765,381,384,766,400,366,915,454,461,1176,598,578,1226,659,567,1448,733,715,1453,711,742,1383,683,700,1451,708,743,1305,648,657,995,462,533,720,320,400,501,200,301,453,143,310,46.8,45.5,47.9
050,51,141,Virginia,Patrick County,2,18505,9100,9405,922,469,453,1770,903,867,882,448,434,1132,557,575,15371,7510,7861,14931,7280,7651,5886,3018,2868,4089,2113,1976,5737,2836,2901,3973,1774,2199,922,469,453,928,487,441,1059,516,543,1033,525,508,764,380,384,766,399,367,914,454,460,1179,599,580,1230,661,569,1448,733,715,1454,712,742,1384,683,701,1451,708,743,1305,648,657,993,462,531,720,320,400,502,201,301,453,143,310,46.8,45.5,47.9
050,51,141,Virginia,Patrick County,3,18474,9078,9396,924,468,456,1769,907,862,877,441,436,1140,559,581,15345,7492,7853,14904,7262,7642,5874,3002,2872,4069,2099,1970,5721,2826,2895,3974,1778,2196,924,468,456,929,486,443,1052,518,534,1019,515,504,786,388,398,770,400,370,901,446,455,1165,593,572,1233,660,573,1424,722,702,1466,720,746,1384,680,704,1447,704,743,1293,640,653,1002,470,532,725,322,403,500,202,298,454,144,310,46.8,45.5,47.9
050,51,141,Virginia,Patrick County,4,18339,9006,9333,831,421,410,1786,915,871,871,433,438,1096,546,550,15309,7472,7837,14851,7237,7614,5747,2913,2834,3981,2035,1946,5743,2862,2881,4031,1794,2237,831,421,410,970,495,475,1017,521,496,980,488,492,786,390,396,768,382,386,857,427,430,1097,560,537,1259,666,593,1366,701,665,1488,737,751,1397,691,706,1492,733,759,1272,613,659,1048,504,544,747,336,411,504,196,308,460,145,315,47.4,46.2,48.6
050,51,141,Virginia,Patrick County,5,18339,9017,9322,857,430,427,1702,870,832,889,435,454,1165,600,565,15338,7496,7842,14891,7282,7609,5699,2894,2805,3880,1978,1902,5679,2848,2831,4167,1856,2311,857,430,427,929,477,452,1008,512,496,1000,499,501,819,417,402,768,385,383,824,416,408,1037,515,522,1251,662,589,1330,680,650,1492,735,757,1409,708,701,1448,725,723,1336,638,698,1074,508,566,766,354,412,530,211,319,461,145,316,47.6,46.4,48.8
050,51,141,Virginia,Patrick County,6,18256,9016,9240,842,435,407,1678,848,830,863,432,431,1162,611,551,15293,7503,7790,14873,7301,7572,5637,2877,2760,3823,1947,1876,5607,2826,2781,4281,1917,2364,842,435,407,938,479,459,951,482,469,1006,511,495,808,419,389,774,377,397,797,421,376,1022,500,522,1230,649,581,1291,672,619,1498,736,762,1425,732,693,1393,686,707,1347,643,704,1163,547,616,771,361,410,544,222,322,456,144,312,48.0,46.8,49.3
050,51,141,Virginia,Patrick County,7,18185,8954,9231,795,401,394,1680,856,824,855,439,416,1186,609,577,15303,7480,7823,14855,7258,7597,5554,2828,2726,3706,1882,1824,5591,2813,2778,4372,1954,2418,795,401,394,912,468,444,961,490,471,999,503,496,849,443,406,762,381,381,804,412,392,931,457,474,1209,632,577,1264,655,609,1497,738,759,1446,735,711,1384,685,699,1372,639,733,1180,563,617,819,385,434,542,223,319,459,144,315,48.5,47.3,49.8
050,51,141,Virginia,Patrick County,8,17972,8877,9095,747,381,366,1680,859,821,822,423,399,1147,596,551,15161,7441,7720,14723,7214,7509,5391,2750,2641,3607,1825,1782,5528,2785,2743,4441,2008,2433,747,381,366,905,448,457,960,505,455,968,498,470,816,427,389,786,389,397,787,407,380,890,455,435,1144,574,570,1246,661,585,1450,717,733,1469,727,742,1363,680,683,1387,666,721,1172,552,620,860,405,455,546,236,310,476,149,327,48.9,47.7,50.3
050,51,141,Virginia,Patrick County,9,17830,8812,9018,730,373,357,1688,873,815,796,403,393,1149,605,544,15031,7384,7647,14616,7163,7453,5200,2648,2552,3443,1727,1716,5502,2771,2731,4522,2060,2462,730,373,357,906,451,455,970,509,461,945,494,451,812,427,385,728,367,361,766,378,388,867,432,435,1082,550,532,1263,667,596,1369,680,689,1511,743,768,1359,681,678,1434,705,729,1138,523,615,895,425,470,573,257,316,482,150,332,49.4,48.2,50.8
050,51,141,Virginia,Patrick County,10,17727,8788,8939,720,369,351,1664,853,811,753,380,373,1134,601,533,14983,7386,7597,14590,7186,7404,5099,2604,2495,3391,1719,1672,5481,2772,2709,4584,2094,2490,720,369,351,892,442,450,951,507,444,894,455,439,814,430,384,752,396,356,796,399,397,817,410,407,1026,514,512,1269,671,598,1306,651,655,1525,745,780,1381,705,676,1389,693,696,1192,548,644,928,423,505,571,266,305,504,164,340,49.7,48.4,51.1
050,51,141,Virginia,Patrick County,11,17659,8743,8916,743,385,358,1614,811,803,738,383,355,1161,611,550,14927,7342,7585,14564,7164,7400,5017,2548,2469,3319,1669,1650,5423,2746,2677,4661,2138,2523,743,385,358,852,419,433,963,507,456,857,439,418,841,440,401,739,390,349,770,378,392,798,414,384,1012,487,525,1234,654,580,1269,642,627,1504,723,781,1416,727,689,1368,692,676,1214,558,656,989,447,542,590,274,316,500,167,333,50.1,48.9,51.4
050,51,141,Virginia,Patrick County,12,17592,8735,8857,720,382,338,1574,778,796,743,397,346,1112,581,531,14904,7359,7545,14555,7178,7377,4983,2568,2415,3320,1696,1624,5397,2727,2670,4726,2174,2552,720,382,338,824,410,414,942,474,468,843,441,402,820,431,389,818,432,386,726,369,357,836,433,403,940,462,478,1227,633,594,1237,630,607,1489,721,768,1444,743,701,1355,680,675,1229,572,657,1008,459,549,630,288,342,504,175,329,50.4,49.3,51.8
050,51,141,Virginia,Patrick County,13,17533,8732,8801,715,383,332,1533,768,765,768,414,354,1074,550,524,14886,7368,7518,14517,7167,7350,4902,2561,2341,3264,1701,1563,5368,2693,2675,4811,2223,2588,715,383,332,800,400,400,937,472,465,837,446,391,801,414,387,806,444,362,748,398,350,813,418,395,897,441,456,1193,606,587,1243,650,593,1455,699,756,1477,738,739,1350,678,672,1273,603,670,1018,459,559,659,304,355,511,179,332,50.9,49.6,52.4
050,51,141,Virginia,Patrick County,14,17493,8724,8769,709,380,329,1514,763,751,775,418,357,1057,540,517,14871,7371,7500,14495,7163,7332,4879,2561,2318,3254,1705,1549,5363,2686,2677,4821,2232,2589,709,380,329,787,396,391,934,469,465,832,447,385,793,409,384,805,450,355,754,406,348,811,415,396,884,434,450,1182,597,585,1251,661,590,1442,691,751,1488,737,751,1348,679,669,1283,611,672,1016,456,560,666,308,358,508,178,330,51.0,49.7,52.6
050,51,143,Virginia,Pittsylvania County,1,63506,31226,32280,3288,1567,1721,6942,3618,3324,3255,1653,1602,4493,2390,2103,51673,25236,26437,50021,24388,25633,21446,10906,10540,14517,7286,7231,20095,9917,10178,10916,4795,6121,3288,1567,1721,3719,1892,1827,4042,2149,1893,3834,1968,1866,3095,1652,1443,3137,1570,1567,3185,1584,1601,3922,1960,1962,4273,2172,2101,5272,2584,2688,5341,2636,2705,5035,2515,2520,4447,2182,2265,3711,1765,1946,2704,1283,1421,1922,860,1062,1413,547,866,1166,340,826,44.2,43.0,45.3
050,51,143,Virginia,Pittsylvania County,2,63471,31209,32262,3285,1564,1721,6936,3618,3318,3256,1654,1602,4493,2391,2102,51647,25222,26425,49994,24373,25621,21436,10898,10538,14506,7276,7230,20083,9913,10170,10912,4793,6119,3285,1564,1721,3714,1891,1823,4041,2150,1891,3835,1969,1866,3095,1653,1442,3136,1568,1568,3184,1583,1601,3918,1957,1961,4268,2168,2100,5266,2582,2684,5337,2634,2703,5032,2516,2516,4448,2181,2267,3709,1765,1944,2701,1280,1421,1921,860,1061,1415,548,867,1166,340,826,44.2,43.0,45.3
050,51,143,Virginia,Pittsylvania County,3,63591,31357,32234,3275,1558,1717,6906,3597,3309,3242,1651,1591,4534,2425,2109,51808,25390,26418,50168,24551,25617,21497,11003,10494,14532,7347,7185,20149,9970,10179,10953,4809,6144,3275,1558,1717,3674,1867,1807,4043,2150,1893,3814,1955,1859,3151,1701,1450,3174,1601,1573,3202,1611,1591,3887,1957,1930,4269,2178,2091,5265,2586,2679,5369,2669,2700,5042,2514,2528,4473,2201,2272,3713,1766,1947,2728,1289,1439,1914,857,1057,1429,551,878,1169,346,823,44.3,43.0,45.4
050,51,143,Virginia,Pittsylvania County,4,63269,31112,32157,3173,1500,1673,6764,3470,3294,3221,1647,1574,4568,2441,2127,51705,25294,26411,50111,24495,25616,21103,10797,10306,14126,7142,6984,20200,9973,10227,11217,4939,6278,3173,1500,1673,3557,1778,1779,4019,2125,1894,3765,1927,1838,3212,1728,1484,3134,1581,1553,3205,1618,1587,3622,1836,1786,4165,2107,2058,5094,2475,2619,5363,2696,2667,5052,2487,2565,4691,2315,2376,3751,1799,1952,2870,1335,1535,1945,879,1066,1449,553,896,1202,373,829,44.7,43.5,45.9
050,51,143,Virginia,Pittsylvania County,5,62900,30940,31960,3011,1430,1581,6627,3360,3267,3222,1677,1545,4607,2442,2165,51629,25282,26347,50040,24473,25567,20840,10666,10174,13827,6988,6839,19922,9843,10079,11684,5200,6484,3011,1430,1581,3510,1733,1777,3933,2068,1865,3686,1898,1788,3327,1780,1547,3042,1550,1492,3202,1625,1577,3418,1724,1694,4165,2089,2076,4899,2413,2486,5263,2655,2608,5082,2470,2612,4678,2305,2373,3959,1905,2054,3030,1416,1614,2010,916,1094,1408,571,837,1277,392,885,45.2,44.0,46.4
050,51,143,Virginia,Pittsylvania County,6,62566,30768,31798,2899,1426,1473,6575,3267,3308,3210,1695,1515,4590,2423,2167,51492,25219,26273,49882,24380,25502,20624,10586,10038,13615,6892,6723,19636,9684,9952,12041,5381,6660,2899,1426,1473,3480,1700,1780,3886,1991,1895,3683,1917,1766,3326,1777,1549,3041,1564,1477,3088,1584,1504,3339,1675,1664,4147,2069,2078,4608,2319,2289,5297,2608,2689,5029,2450,2579,4702,2307,2395,4018,1909,2109,3206,1524,1682,2105,955,1150,1393,567,826,1319,426,893,45.5,44.3,46.8
050,51,143,Virginia,Pittsylvania County,7,62386,30611,31775,2812,1394,1418,6496,3198,3298,3233,1704,1529,4602,2402,2200,51460,25171,26289,49845,24315,25530,20415,10464,9951,13413,6795,6618,19434,9573,9861,12396,5545,6851,2812,1394,1418,3459,1667,1792,3870,1968,1902,3635,1904,1731,3367,1765,1602,3054,1618,1436,3096,1537,1559,3215,1624,1591,4048,2016,2032,4377,2214,2163,5277,2582,2695,5066,2457,2609,4714,2320,2394,4116,1949,2167,3322,1568,1754,2199,1017,1182,1421,581,840,1338,430,908,45.8,44.6,47.1
050,51,143,Virginia,Pittsylvania County,8,62027,30499,31528,2668,1350,1318,6371,3123,3248,3269,1693,1576,4434,2338,2096,51344,25198,26146,49719,24333,25386,20145,10323,9822,13244,6692,6552,19313,9563,9750,12728,5740,6988,2668,1350,1318,3407,1594,1813,3766,1929,1837,3702,1949,1753,3199,1682,1517,3144,1659,1485,3051,1506,1545,3155,1574,1581,3894,1953,1941,4293,2188,2105,5148,2521,2627,5142,2516,2626,4730,2338,2392,4224,2037,2187,3402,1587,1815,2279,1045,1234,1460,619,841,1363,452,911,46.2,45.1,47.4
050,51,143,Virginia,Pittsylvania County,9,61744,30388,31356,2677,1356,1321,6189,3031,3158,3184,1646,1538,4432,2342,2090,51340,25222,26118,49694,24355,25339,19885,10239,9646,13003,6637,6366,19128,9426,9702,13131,5950,7181,2677,1356,1321,3243,1538,1705,3680,1879,1801,3719,1941,1778,3163,1661,1502,3168,1673,1495,3108,1580,1528,3150,1572,1578,3577,1812,1765,4190,2136,2054,5004,2423,2581,5166,2536,2630,4768,2331,2437,4397,2151,2246,3433,1605,1828,2395,1064,1331,1453,631,822,1453,499,954,46.6,45.4,47.9
050,51,143,Virginia,Pittsylvania County,10,61334,30191,31143,2590,1326,1264,6047,2964,3083,3147,1592,1555,4363,2323,2040,51192,25146,26046,49550,24309,25241,19635,10128,9507,12884,6589,6295,18822,9279,9543,13481,6118,7363,2590,1326,1264,3142,1496,1646,3664,1844,1820,3635,1896,1739,3116,1643,1473,3247,1707,1540,3055,1565,1490,3204,1603,1601,3378,1714,1664,4160,2112,2048,4782,2361,2421,5063,2465,2598,4817,2341,2476,4399,2135,2264,3595,1671,1924,2548,1148,1400,1498,662,836,1441,502,939,46.9,45.7,48.2
050,51,143,Virginia,Pittsylvania County,11,60938,30081,30857,2541,1285,1256,5897,2947,2950,2999,1528,1471,4423,2371,2052,51028,25105,25923,49501,24321,25180,19431,10075,9356,12745,6558,6187,18507,9105,9402,13826,6287,7539,2541,1285,1256,3043,1539,1504,3590,1790,1800,3539,1839,1700,3147,1678,1469,3287,1745,1542,3011,1530,1481,3140,1597,1543,3307,1686,1621,4117,2079,2038,4482,2246,2236,5059,2439,2620,4849,2341,2508,4409,2148,2261,3651,1673,1978,2726,1253,1473,1603,713,890,1437,500,937,47.3,46.0,48.7
050,51,143,Virginia,Pittsylvania County,12,60470,29813,30657,2559,1307,1252,5660,2798,2862,2903,1494,1409,4402,2329,2073,50803,24960,25843,49348,24214,25134,19149,9931,9218,12571,6486,6085,18173,8933,9240,14202,6466,7736,2559,1307,1252,2894,1466,1428,3493,1710,1783,3400,1766,1634,3178,1679,1499,3238,1718,1520,3010,1573,1437,3106,1550,1556,3217,1645,1572,4024,2024,2000,4269,2149,2120,5031,2448,2583,4849,2312,2537,4462,2171,2291,3729,1726,2003,2839,1303,1536,1691,749,942,1481,517,964,47.8,46.3,49.1
050,51,143,Virginia,Pittsylvania County,13,60032,29587,30445,2521,1309,1212,5538,2715,2823,2891,1477,1414,4352,2329,2023,50535,24818,25717,49082,24086,24996,18962,9820,9142,12453,6392,6061,17883,8815,9068,14394,6550,7844,2521,1309,1212,2828,1433,1395,3444,1660,1784,3341,1726,1615,3168,1702,1466,3142,1650,1492,3040,1605,1435,3125,1540,1585,3146,1597,1549,3914,1975,1939,4148,2107,2041,4957,2418,2539,4864,2315,2549,4442,2162,2280,3827,1801,2026,2883,1314,1569,1736,748,988,1506,525,981,48.1,46.5,49.4
050,51,143,Virginia,Pittsylvania County,14,59850,29499,30351,2500,1307,1193,5490,2688,2802,2892,1474,1418,4330,2325,2005,50421,24759,25662,48968,24030,24938,18909,9783,9126,12427,6363,6064,17790,8780,9010,14421,6562,7859,2500,1307,1193,2798,1420,1378,3432,1647,1785,3318,1712,1606,3164,1708,1456,3114,1628,1486,3054,1616,1438,3128,1535,1593,3131,1584,1547,3876,1961,1915,4121,2101,2020,4928,2403,2525,4865,2315,2550,4432,2158,2274,3852,1821,2031,2888,1315,1573,1747,745,1002,1502,523,979,48.1,46.5,49.5
050,51,145,Virginia,Powhatan County,1,28046,15114,12932,1419,747,672,3250,1670,1580,1808,1022,786,2001,1237,764,22609,12291,10318,21569,11675,9894,10648,6127,4521,7224,4067,3157,8937,4701,4236,3407,1670,1737,1419,747,672,1717,872,845,1918,997,921,2216,1344,872,1208,716,492,1262,784,478,1531,864,667,1993,1091,902,2438,1328,1110,2638,1436,1202,2358,1232,1126,2053,1060,993,1888,973,915,1393,719,674,828,442,386,548,253,295,361,165,196,277,91,186,41.6,40.5,42.8
050,51,145,Virginia,Powhatan County,2,28073,15121,12952,1424,748,676,3258,1674,1584,1811,1022,789,2004,1238,766,22621,12293,10328,21580,11677,9903,10659,6130,4529,7231,4069,3162,8935,4699,4236,3410,1671,1739,1424,748,676,1720,873,847,1925,1000,925,2218,1345,873,1210,716,494,1262,784,478,1531,864,667,1996,1091,905,2442,1330,1112,2635,1434,1201,2358,1232,1126,2053,1060,993,1889,973,916,1393,719,674,830,443,387,549,253,296,361,165,196,277,91,186,41.5,40.5,42.8
050,51,145,Virginia,Powhatan County,3,28133,15149,12984,1400,740,660,3241,1667,1574,1793,1009,784,2031,1258,773,22725,12341,10384,21699,11733,9966,10647,6119,4528,7204,4049,3155,9003,4731,4272,3461,1695,1766,1400,740,660,1707,870,837,1915,994,921,2212,1336,876,1231,734,497,1270,785,485,1524,861,663,1966,1072,894,2444,1331,1113,2640,1433,1207,2382,1242,1140,2067,1068,999,1914,988,926,1407,726,681,850,448,402,557,261,296,369,168,201,278,92,186,41.7,40.7,43.0
050,51,145,Virginia,Powhatan County,4,28138,15186,12952,1281,701,580,3077,1578,1499,1684,954,730,2251,1395,856,23047,12515,10532,22096,11953,10143,10590,6102,4488,7011,3945,3066,9176,4837,4339,3658,1776,1882,1281,701,580,1596,809,787,1837,961,876,2164,1292,872,1415,865,550,1283,790,493,1483,845,638,1817,1000,817,2428,1310,1118,2613,1435,1178,2462,1277,1185,2099,1096,1003,2002,1029,973,1467,761,706,935,464,471,593,294,299,380,165,215,283,92,191,42.5,41.2,43.9
050,51,145,Virginia,Powhatan County,5,28186,15203,12983,1286,687,599,2947,1533,1414,1596,915,681,2312,1414,898,23235,12594,10641,22357,12068,10289,10440,6010,4430,6896,3878,3018,9180,4851,4329,3969,1925,2044,1286,687,599,1542,795,747,1769,935,834,2057,1240,817,1487,892,595,1297,819,478,1485,845,640,1758,945,813,2356,1269,1087,2590,1438,1152,2483,1284,1199,2191,1156,1035,1916,973,943,1622,838,784,1026,490,536,624,326,298,398,171,227,299,100,199,43.1,41.8,44.5
050,51,145,Virginia,Powhatan County,6,28315,15215,13100,1205,635,570,2854,1485,1369,1558,895,663,2336,1415,921,23545,12716,10829,22698,12200,10498,10351,5959,4392,6820,3840,2980,9296,4878,4418,4246,2067,2179,1205,635,570,1518,802,716,1699,874,825,1950,1180,770,1581,939,642,1340,823,517,1481,850,631,1732,941,791,2267,1226,1041,2557,1389,1168,2534,1336,1198,2287,1195,1092,1918,958,960,1693,862,831,1133,550,583,642,344,298,443,197,246,335,114,221,43.8,42.4,45.2
050,51,145,Virginia,Powhatan County,7,28504,15256,13248,1220,622,598,2761,1438,1323,1545,881,664,2382,1428,954,23800,12810,10990,22978,12315,10663,10322,5921,4401,6758,3804,2954,9334,4875,4459,4504,2208,2296,1220,622,598,1477,788,689,1647,842,805,1887,1139,748,1677,978,699,1377,832,545,1500,859,641,1710,934,776,2171,1179,992,2497,1347,1150,2610,1382,1228,2243,1153,1090,1984,993,991,1777,911,866,1232,609,623,694,355,339,443,207,236,358,126,232,44.2,42.9,45.6
050,51,145,Virginia,Powhatan County,8,28068,14660,13408,1267,629,638,2651,1394,1257,1524,870,654,2304,1338,966,23448,12274,11174,22626,11767,10859,9837,5449,4388,6352,3421,2931,9245,4691,4554,4725,2317,2408,1267,629,638,1407,758,649,1587,816,771,1874,1136,738,1611,892,719,1317,745,572,1394,764,630,1621,852,769,2020,1060,960,2371,1230,1141,2574,1328,1246,2272,1144,1128,2028,989,1039,1816,912,904,1319,654,665,741,374,367,445,217,228,404,160,244,44.9,43.6,46.1
050,51,145,Virginia,Powhatan County,9,28463,14887,13576,1238,621,617,2666,1410,1256,1462,814,648,2230,1304,926,23894,12510,11384,23097,12042,11055,9872,5468,4404,6492,3517,2975,9423,4809,4614,4952,2412,2540,1238,621,617,1412,764,648,1566,813,753,1779,1045,734,1601,906,695,1433,824,609,1440,774,666,1648,888,760,1971,1031,940,2407,1256,1151,2594,1362,1232,2355,1154,1201,2067,1037,1030,1905,944,961,1350,680,670,804,381,423,464,232,232,429,175,254,45.3,44.0,46.5
050,51,145,Virginia,Powhatan County,10,28722,14887,13835,1233,643,590,2674,1398,1276,1391,746,645,2205,1269,936,24191,12531,11660,23424,12100,11324,9880,5414,4466,6597,3551,3046,9464,4787,4677,5158,2493,2665,1233,643,590,1435,750,685,1552,800,752,1692,978,714,1591,885,706,1493,850,643,1496,791,705,1706,914,792,1902,996,906,2302,1163,1139,2556,1352,1204,2441,1184,1257,2165,1088,1077,1867,915,952,1487,748,739,876,405,471,480,252,228,448,173,275,45.6,44.3,47.0
050,51,145,Virginia,Powhatan County,11,29199,15134,14065,1284,662,622,2704,1428,1276,1320,689,631,2140,1219,921,24577,12728,11849,23891,12355,11536,9961,5437,4524,6812,3687,3125,9585,4862,4723,5354,2587,2767,1284,662,622,1409,736,673,1606,850,756,1593,873,720,1556,877,679,1520,863,657,1578,843,735,1787,951,836,1927,1030,897,2320,1205,1115,2514,1310,1204,2482,1219,1263,2269,1128,1141,1868,916,952,1544,769,775,964,455,509,505,261,244,473,186,287,45.8,44.5,47.2
050,51,145,Virginia,Powhatan County,12,29734,15366,14368,1342,667,675,2733,1435,1298,1311,704,607,2072,1157,915,25014,12922,12092,24348,12560,11788,10068,5484,4584,7010,3800,3210,9582,4844,4738,5684,2759,2925,1342,667,675,1470,757,713,1588,855,733,1580,852,728,1478,832,646,1624,938,686,1551,830,721,1894,988,906,1941,1044,897,2281,1184,1097,2469,1281,1188,2575,1299,1276,2257,1080,1177,1944,965,979,1664,834,830,1040,498,542,561,276,285,475,186,289,46.0,44.7,47.4
050,51,145,Virginia,Powhatan County,13,30033,15555,14478,1327,664,663,2785,1454,1331,1344,736,608,2026,1160,866,25261,13075,12186,24577,12701,11876,10180,5568,4612,7140,3860,3280,9590,4870,4720,5821,2811,3010,1327,664,663,1532,788,744,1583,854,729,1580,870,710,1460,838,622,1644,940,704,1623,879,744,1888,994,894,1985,1047,938,2219,1171,1048,2436,1250,1186,2626,1327,1299,2309,1122,1187,1973,971,1002,1699,848,851,1103,531,572,577,278,299,469,183,286,45.9,44.5,47.5
050,51,145,Virginia,Powhatan County,14,30148,15625,14523,1321,663,658,2804,1463,1341,1356,747,609,2013,1160,853,25357,13130,12227,24667,12752,11915,10240,5605,4635,7204,3890,3314,9592,4879,4713,5858,2823,3035,1321,663,658,1551,799,752,1586,856,730,1579,874,705,1457,841,616,1650,942,708,1652,895,757,1895,1001,894,2007,1052,955,2203,1171,1032,2429,1242,1187,2641,1332,1309,2319,1134,1185,1987,976,1011,1706,849,857,1121,540,581,581,278,303,463,180,283,45.9,44.4,47.5
050,51,147,Virginia,Prince Edward County,1,23368,11621,11747,1016,486,530,2064,1071,993,977,516,461,6200,3208,2992,19804,9816,9988,19311,9548,9763,11547,5998,5549,4614,2393,2221,5246,2582,2664,3251,1365,1886,1016,486,530,1167,597,570,1141,593,548,2868,1386,1482,4065,2219,1846,1205,640,565,1052,589,463,1091,537,554,1266,627,639,1377,698,679,1397,679,718,1360,670,690,1112,535,577,933,436,497,739,354,385,560,234,326,492,206,286,527,135,392,30.9,29.0,33.6
050,51,147,Virginia,Prince Edward County,2,23363,11618,11745,1016,486,530,2064,1071,993,977,516,461,6200,3208,2992,19799,9813,9986,19306,9545,9761,11546,5998,5548,4613,2393,2220,5244,2579,2665,3249,1365,1884,1016,486,530,1167,597,570,1141,593,548,2868,1386,1482,4065,2219,1846,1205,640,565,1052,589,463,1091,537,554,1265,627,638,1375,696,679,1397,679,718,1359,669,690,1113,535,578,934,437,497,738,354,384,559,233,326,491,206,285,527,135,392,30.9,29.0,33.6
050,51,147,Virginia,Prince Edward County,3,23364,11564,11800,1020,491,529,2059,1063,996,966,512,454,6436,3279,3157,19809,9768,10041,19319,9498,9821,11650,5991,5659,4484,2316,2168,5134,2530,2604,3265,1373,1892,1020,491,529,1151,590,561,1144,589,555,2872,1365,1507,4294,2310,1984,1188,627,561,1019,573,446,1059,517,542,1218,599,619,1336,675,661,1365,666,699,1323,650,673,1110,539,571,934,438,496,741,355,386,560,232,328,497,212,285,533,136,397,30.1,28.2,32.1
050,51,147,Virginia,Prince Edward County,4,22328,11066,11262,1004,487,517,1978,1007,971,951,505,446,5475,2802,2673,18882,9336,9546,18395,9067,9328,10693,5502,5191,4495,2314,2181,5154,2568,2586,3271,1383,1888,1004,487,517,1058,542,516,1148,584,564,2387,1121,1266,3811,2067,1744,1225,647,578,1060,580,480,1019,511,508,1191,576,615,1317,683,634,1341,661,680,1310,631,679,1186,593,593,916,429,487,754,357,397,578,234,344,486,224,262,537,139,398,32.3,30.9,34.6
050,51,147,Virginia,Prince Edward County,5,23187,11537,11650,993,484,509,1987,1003,984,908,473,435,6382,3330,3052,19774,9820,9954,19299,9577,9722,11528,5967,5561,4440,2274,2166,5135,2564,2571,3342,1409,1933,993,484,509,1053,519,534,1136,594,542,2836,1329,1507,4252,2364,1888,1270,678,592,1091,579,512,953,489,464,1126,528,598,1297,676,621,1314,638,676,1346,647,699,1178,603,575,938,431,507,775,366,409,597,239,358,478,216,262,554,157,397,30.3,28.4,32.3
050,51,147,Virginia,Prince Edward County,6,22733,11226,11507,952,470,482,1917,957,960,897,466,431,6225,3253,2972,19442,9571,9871,18967,9333,9634,11126,5733,5393,4221,2131,2090,5104,2510,2594,3417,1439,1978,952,470,482,1017,502,515,1117,572,545,2784,1294,1490,4121,2308,1813,1230,644,586,1023,527,496,920,466,454,1048,494,554,1241,636,605,1294,608,686,1374,679,695,1195,587,608,947,441,506,840,387,453,584,242,342,459,187,272,587,182,405,30.7,28.4,33.2
050,51,147,Virginia,Prince Edward County,7,22994,11337,11657,994,523,471,1904,930,974,897,467,430,6310,3312,2998,19640,9647,9993,19199,9417,9782,11233,5793,5440,4258,2125,2133,5153,2515,2638,3478,1465,2013,994,523,471,1027,489,538,1109,552,557,2803,1309,1494,4172,2359,1813,1264,629,635,1017,514,503,992,518,474,985,464,521,1208,616,592,1289,602,687,1391,682,709,1265,615,650,973,455,518,846,396,450,607,251,356,454,171,283,598,192,406,30.7,28.2,33.3
050,51,147,Virginia,Prince Edward County,8,23139,11546,11593,1009,528,481,1802,903,899,918,489,429,6333,3337,2996,19856,9871,9985,19410,9626,9784,11474,6008,5466,4458,2309,2149,5109,2492,2617,3510,1488,2022,1009,528,481,969,476,493,1068,554,514,2851,1329,1522,4165,2370,1795,1372,705,667,1053,551,502,1037,573,464,996,480,516,1177,582,595,1273,618,655,1362,663,699,1297,629,668,1031,475,556,811,372,439,640,283,357,432,167,265,596,191,405,30.6,28.4,33.4
050,51,147,Virginia,Prince Edward County,9,23049,11517,11532,1069,555,514,1746,884,862,935,500,435,6120,3248,2872,19781,9833,9948,19299,9578,9721,11319,5939,5380,4474,2308,2166,5056,2452,2604,3649,1570,2079,1069,555,514,938,481,457,1018,520,498,2812,1321,1491,4033,2310,1723,1396,745,651,1054,535,519,1043,565,478,981,463,518,1131,550,581,1260,612,648,1358,666,692,1307,624,683,1126,545,581,831,377,454,664,292,372,435,163,272,593,193,400,31.1,28.8,34.1
050,51,147,Virginia,Prince Edward County,10,22698,11319,11379,1048,549,499,1725,853,872,936,501,435,5844,3124,2720,19492,9677,9815,18989,9416,9573,10985,5830,5155,4418,2315,2103,5015,2384,2631,3712,1593,2119,1048,549,499,943,462,481,995,501,494,2686,1287,1399,3881,2228,1653,1368,735,633,1051,547,504,1072,565,507,927,468,459,1104,503,601,1237,604,633,1335,646,689,1339,631,708,1157,570,587,843,371,472,670,296,374,460,171,289,582,185,397,31.8,29.2,35.3
050,51,147,Virginia,Prince Edward County,11,22879,11464,11415,1063,581,482,1734,854,880,902,474,428,5911,3155,2756,19654,9816,9838,19180,9555,9625,11136,5958,5178,4534,2429,2105,4975,2378,2597,3760,1593,2167,1063,581,482,967,473,494,978,481,497,2680,1275,1405,3922,2254,1668,1411,783,628,1093,567,526,1078,586,492,952,493,459,1084,498,586,1195,601,594,1333,618,715,1363,661,702,1179,562,617,849,378,471,715,305,410,440,164,276,577,184,393,31.8,29.2,35.1
050,51,147,Virginia,Prince Edward County,12,22827,11448,11379,1059,571,488,1684,808,876,884,469,415,5890,3142,2748,19654,9852,9802,19200,9600,9600,11115,5951,5164,4557,2453,2104,4889,2372,2517,3864,1633,2231,1059,571,488,939,452,487,961,469,492,2675,1265,1410,3883,2233,1650,1369,781,588,1145,582,563,1042,557,485,1001,533,468,999,498,501,1191,586,605,1320,623,697,1379,665,714,1226,569,657,876,389,487,719,315,404,461,179,282,582,181,401,32.2,29.7,35.2
050,51,147,Virginia,Prince Edward County,13,22975,11537,11438,1067,558,509,1732,854,878,866,449,417,5874,3156,2718,19755,9906,9849,19310,9676,9634,11172,5999,5173,4635,2500,2135,4866,2340,2526,3935,1680,2255,1067,558,509,963,473,490,972,487,485,2650,1253,1397,3887,2246,1641,1405,802,603,1191,613,578,1039,546,493,1000,539,461,1019,507,512,1158,558,600,1315,632,683,1374,643,731,1248,579,669,921,423,498,705,301,404,484,201,283,577,176,401,32.2,29.7,35.2
050,51,147,Virginia,Prince Edward County,14,23006,11557,11449,1069,554,515,1743,867,876,859,443,416,5867,3158,2709,19778,9917,9861,19335,9693,9642,11197,6018,5179,4667,2519,2148,4853,2326,2527,3948,1690,2258,1069,554,515,968,479,489,971,490,481,2643,1250,1393,3887,2249,1638,1421,810,611,1203,623,580,1038,542,496,1005,544,461,1021,509,512,1153,550,603,1312,633,679,1367,634,733,1252,581,671,935,433,502,696,294,402,491,208,283,574,174,400,32.2,29.7,35.2
050,51,149,Virginia,Prince George County,1,35725,19510,16215,1973,1003,970,4165,2091,2074,1914,961,953,3215,1880,1335,28679,15972,12707,27673,15455,12218,15312,9071,6241,10624,6443,4181,10122,5386,4736,3712,1746,1966,1973,1003,970,2253,1119,1134,2353,1185,1168,2434,1290,1144,2254,1338,916,2499,1552,947,2552,1579,973,2739,1670,1069,2834,1642,1192,3018,1627,1391,2783,1515,1268,2359,1205,1154,1962,1039,923,1363,703,660,951,460,491,678,315,363,401,146,255,319,122,197,38.0,37.3,39.1
050,51,149,Virginia,Prince George County,2,35715,19509,16206,1973,1003,970,4169,2093,2076,1915,961,954,3213,1880,1333,28664,15969,12695,27658,15452,12206,15313,9072,6241,10626,6444,4182,10122,5387,4735,3697,1741,1956,1973,1003,970,2253,1120,1133,2357,1186,1171,2432,1288,1144,2255,1340,915,2499,1551,948,2553,1580,973,2741,1672,1069,2833,1641,1192,3016,1627,1389,2784,1516,1268,2361,1206,1155,1961,1038,923,1363,703,660,946,458,488,678,316,362,394,145,249,316,119,197,38.0,37.3,39.1
050,51,149,Virginia,Prince George County,3,35643,19446,16197,1962,993,969,4135,2083,2052,1887,945,942,3238,1883,1355,28642,15934,12708,27659,15425,12234,15243,9015,6228,10563,6399,4164,10110,5376,4734,3748,1767,1981,1962,993,969,2228,1114,1114,2352,1181,1171,2414,1274,1140,2266,1342,924,2504,1553,951,2526,1566,960,2714,1654,1060,2819,1626,1193,2985,1619,1366,2769,1502,1267,2365,1207,1158,1991,1048,943,1371,710,661,973,472,501,677,316,361,404,151,253,323,118,205,38.1,37.4,39.2
050,51,149,Virginia,Prince George County,4,36734,20084,16650,2111,1079,1032,4285,2146,2139,1895,951,944,3389,1987,1402,29376,16405,12971,28443,15908,12535,15786,9394,6392,11001,6689,4312,10136,5392,4744,3917,1840,2077,2111,1079,1032,2316,1135,1181,2468,1244,1224,2394,1282,1112,2391,1423,968,2597,1585,1012,2761,1708,1053,2728,1672,1056,2915,1724,1191,2919,1613,1306,2743,1466,1277,2396,1230,1166,2078,1083,995,1408,726,682,1057,509,548,673,309,364,426,171,255,353,125,228,37.5,36.8,38.5
050,51,149,Virginia,Prince George County,5,37155,20488,16667,2057,1058,999,4196,2113,2083,1882,949,933,3504,2120,1384,29937,16831,13106,29020,16368,12652,16230,9757,6473,11318,6934,4384,10048,5372,4676,4150,1942,2208,2057,1058,999,2222,1104,1118,2448,1255,1193,2343,1262,1081,2569,1561,1008,2677,1648,1029,2923,1796,1127,2843,1764,1079,2875,1726,1149,2848,1581,1267,2722,1471,1251,2456,1264,1192,2022,1056,966,1553,774,779,1083,537,546,695,312,383,446,186,260,373,133,240,37.3,36.5,38.6
050,51,149,Virginia,Prince George County,6,37376,20559,16817,2025,1052,973,4167,2074,2093,1907,972,935,3538,2131,1407,30216,16928,13288,29277,16461,12816,16368,9832,6536,11418,6981,4437,9962,5308,4654,4359,2041,2318,2025,1052,973,2245,1118,1127,2417,1208,1209,2299,1237,1062,2651,1614,1037,2681,1624,1057,3031,1878,1153,2892,1798,1094,2814,1681,1133,2730,1519,1211,2719,1478,1241,2471,1275,1196,2042,1036,1006,1639,812,827,1149,574,575,707,321,386,486,205,281,378,129,249,37.3,36.5,38.5
050,51,149,Virginia,Prince George County,7,37465,20538,16927,2071,1066,1005,4177,2075,2102,1868,973,895,3427,2017,1410,30238,16871,13367,29349,16424,12925,16339,9748,6591,11529,7024,4505,9843,5215,4628,4550,2168,2382,2071,1066,1005,2303,1154,1149,2359,1187,1172,2249,1191,1058,2561,1533,1028,2711,1630,1081,3089,1904,1185,3038,1877,1161,2691,1613,1078,2586,1458,1128,2707,1428,1279,2491,1309,1182,2059,1020,1039,1690,854,836,1196,597,599,767,358,409,504,220,284,393,139,254,37.2,36.6,38.3
050,51,149,Virginia,Prince George County,8,38306,21104,17202,2084,1077,1007,4222,2133,2089,1947,1012,935,3515,2050,1465,31021,17396,13625,30053,16882,13171,16824,10122,6702,11855,7297,4558,9922,5266,4656,4761,2269,2492,2084,1077,1007,2305,1218,1087,2410,1152,1258,2335,1268,1067,2634,1557,1077,2853,1743,1110,3114,1885,1229,3152,1985,1167,2736,1684,1052,2557,1461,1096,2771,1456,1315,2446,1281,1165,2148,1068,1080,1758,888,870,1196,598,598,843,394,449,545,236,309,419,153,266,37.2,36.6,38.2
050,51,149,Virginia,Prince George County,9,38026,20641,17385,2161,1133,1028,4154,2046,2108,1944,986,958,3413,1981,1432,30714,16959,13755,29767,16476,13291,16477,9723,6754,11623,7018,4605,9712,5102,4610,5019,2375,2644,2161,1133,1028,2275,1150,1125,2382,1158,1224,2306,1208,1098,2548,1497,1051,2818,1716,1102,3090,1801,1289,3107,1939,1168,2608,1562,1046,2477,1392,1085,2639,1392,1247,2435,1234,1201,2161,1084,1077,1858,926,932,1240,614,626,926,432,494,528,229,299,467,174,293,37.3,36.7,38.2
050,51,149,Virginia,Prince George County,10,38049,20582,17467,2140,1103,1037,4204,2101,2103,1899,941,958,3347,1936,1411,30755,16920,13835,29806,16437,13369,16469,9658,6811,11684,6999,4685,9600,5070,4530,5175,2432,2743,2140,1103,1037,2311,1182,1129,2354,1137,1217,2361,1240,1121,2424,1419,1005,2897,1775,1122,3184,1834,1350,3073,1911,1162,2530,1479,1051,2453,1385,1068,2573,1368,1205,2394,1203,1191,2180,1114,1066,1805,891,914,1380,658,722,943,465,478,546,238,308,501,180,321,37.2,36.7,38.1
050,51,149,Virginia,Prince George County,11,38170,20543,17627,2317,1187,1130,4240,2164,2076,1911,948,963,3166,1820,1346,30674,16739,13935,29702,16244,13458,16310,9485,6825,11725,6955,4770,9431,4947,4484,5380,2522,2858,2317,1187,1130,2295,1194,1101,2437,1208,1229,2328,1223,1105,2257,1307,950,2836,1692,1144,3201,1857,1344,3192,1935,1257,2496,1471,1025,2318,1296,1022,2467,1305,1162,2453,1252,1201,2193,1094,1099,1808,862,946,1466,715,751,992,489,503,570,263,307,544,193,351,37.2,36.6,38.1
050,51,149,Virginia,Prince George County,12,38528,20710,17818,2385,1238,1147,4426,2286,2140,1860,909,951,3117,1795,1322,30765,16720,14045,29857,16277,13580,16358,9437,6921,11853,6969,4884,9310,4912,4398,5577,2601,2976,2385,1238,1147,2469,1293,1176,2429,1229,1200,2297,1182,1115,2208,1286,922,2795,1608,1187,3230,1879,1351,3244,1938,1306,2584,1544,1040,2313,1300,1013,2325,1264,1061,2409,1212,1197,2263,1136,1127,1835,882,953,1518,730,788,1027,499,528,624,277,347,573,213,360,37.2,36.6,37.9
050,51,149,Virginia,Prince George County,13,38663,20757,17906,2308,1181,1127,4522,2331,2191,1858,906,952,3156,1824,1332,30902,16786,14116,29975,16339,13636,16482,9524,6958,11937,7023,4914,9158,4826,4332,5724,2666,3058,2308,1181,1127,2535,1312,1223,2456,1248,1208,2292,1181,1111,2253,1320,933,2807,1650,1157,3226,1872,1354,3264,1923,1341,2640,1578,1062,2256,1260,996,2280,1233,1047,2412,1212,1200,2210,1121,1089,1901,920,981,1547,741,806,1025,488,537,651,288,363,600,229,371,37.2,36.6,38.0
050,51,149,Virginia,Prince George County,14,38686,20765,17921,2286,1165,1121,4549,2345,2204,1860,904,956,3159,1829,1330,30922,16796,14126,29991,16351,13640,16512,9550,6962,11964,7044,4920,9110,4796,4314,5758,2682,3076,2286,1165,1121,2554,1319,1235,2466,1253,1213,2291,1181,1110,2257,1325,932,2810,1664,1146,3221,1868,1353,3272,1921,1351,2661,1591,1070,2244,1249,995,2274,1228,1046,2408,1207,1201,2184,1112,1072,1917,929,988,1554,745,809,1024,485,539,659,290,369,604,233,371,37.2,36.6,38.0
050,51,153,Virginia,Prince William County,1,402002,199677,202325,33223,16940,16283,58264,29708,28556,24688,12631,12057,34003,17876,16127,298175,146604,151571,285827,140398,145429,177483,88584,88899,124950,61326,63624,99654,49164,50490,27220,12032,15188,33223,16940,16283,33029,16798,16231,31393,16159,15234,28505,14633,13872,24028,12625,11403,29085,14428,14657,30398,14764,15634,32370,15892,16478,33097,16242,16855,33068,16418,16650,28093,14020,14073,21364,10358,11006,17129,8368,8761,10910,5156,5754,6916,3198,3718,4274,1859,2415,2737,1095,1642,2383,724,1659,33.5,32.7,34.3
050,51,153,Virginia,Prince William County,2,402006,199678,202328,33223,16939,16284,58271,29715,28556,24693,12634,12059,34005,17875,16130,298166,146596,151570,285819,140390,145429,177496,88589,88907,124958,61330,63628,99635,49153,50482,27221,12032,15189,33223,16939,16284,33030,16800,16230,31401,16165,15236,28508,14634,13874,24030,12625,11405,29084,14429,14655,30398,14763,15635,32376,15894,16482,33100,16244,16856,33057,16414,16643,28090,14016,14074,21358,10356,11002,17130,8367,8763,10911,5157,5754,6916,3198,3718,4274,1858,2416,2737,1095,1642,2383,724,1659,33.5,32.7,34.3
050,51,153,Virginia,Prince William County,3,406183,201822,204361,33445,17032,16413,58866,30020,28846,24849,12725,12124,34513,18104,16409,301445,148309,153136,289023,142045,146978,179284,89548,89736,126131,61973,64158,100710,49708,51002,27669,12260,15409,33445,17032,16413,33297,16947,16350,31778,16327,15451,28795,14797,13998,24358,12778,11580,29356,14560,14796,30883,15035,15848,32494,15976,16518,33398,16402,16996,33227,16508,16719,28469,14237,14232,21664,10507,11157,17350,8456,8894,11073,5243,5830,7044,3257,3787,4337,1892,2445,2791,1120,1671,2424,748,1676,33.5,32.8,34.3
050,51,153,Virginia,Prince William County,4,419149,208646,210503,33898,17235,16663,60696,30941,29755,25114,12907,12207,36139,18909,17230,311921,153905,158016,299441,147563,151878,184070,92395,91675,129187,63871,65316,104531,51641,52890,29584,13142,16442,33898,17235,16663,34204,17434,16770,32862,16799,16063,29175,15047,14128,25708,13477,12231,30008,15016,14992,32553,15949,16604,32483,16059,16424,34143,16847,17296,33669,16676,16993,29761,14962,14799,22765,11080,11685,18336,8923,9413,11867,5602,6265,7504,3486,4018,4637,2026,2611,2978,1206,1772,2598,822,1776,33.6,32.9,34.3
050,51,153,Virginia,Prince William County,5,429716,213793,215923,34253,17455,16798,62242,31755,30487,25704,13256,12448,36938,19079,17859,320201,157837,162364,307517,151327,156190,187276,93786,93490,131132,64832,66300,107040,52890,54150,32407,14526,17881,34253,17455,16798,35086,18005,17081,33654,17131,16523,29689,15294,14395,26455,13660,12795,29755,14802,14953,34051,16756,17295,32778,16107,16671,34548,17167,17381,33869,16792,17077,30746,15438,15308,24103,11798,12305,18322,8862,9460,13343,6382,6961,8176,3779,4397,4987,2196,2791,3089,1277,1812,2812,892,1920,33.8,33.1,34.5
050,51,153,Virginia,Prince William County,6,437900,218096,219804,34124,17458,16666,63251,32423,30828,26291,13514,12777,38159,19687,18472,327356,161471,165885,314234,154701,159533,189618,95062,94556,131760,65182,66578,109484,54161,55323,34831,15671,19160,34124,17458,16666,35553,18335,17218,34290,17409,16881,30256,15652,14604,27602,14228,13374,29219,14654,14565,34300,16942,17358,33300,16250,17050,34941,17336,17605,33862,16851,17011,31472,15767,15705,25474,12517,12957,18676,9026,9650,14180,6802,7378,9023,4173,4850,5356,2369,2987,3276,1354,1922,2996,973,2023,34.1,33.4,34.8
050,51,153,Virginia,Prince William County,7,444004,221220,222784,33989,17568,16421,63306,32300,31006,26782,13707,13075,38691,20068,18623,333118,164421,168697,319927,157645,162282,190918,95688,95230,132393,65499,66894,111492,55244,56248,37351,16834,20517,33989,17568,16421,35393,18182,17211,34861,17704,17157,30519,15707,14812,28006,14482,13524,29128,14560,14568,34611,17142,17469,33970,16555,17415,34684,17242,17442,33710,16830,16880,32171,16095,16076,26479,13067,13412,19132,9252,9880,15159,7280,7879,9713,4441,5272,5831,2611,3220,3479,1430,2049,3169,1072,2097,34.4,33.7,35.1
050,51,153,Virginia,Prince William County,8,451242,224974,226268,34183,17583,16600,63648,32473,31175,27396,14015,13381,39494,20593,18901,339358,167730,171628,326015,160903,165112,192649,96957,95692,132781,65931,66850,114078,56494,57584,39662,17885,21777,34183,17583,16600,35819,18267,17552,34851,17788,17063,31252,16149,15103,28616,14877,13739,29221,14731,14490,34104,16851,17253,34834,17144,17690,34622,17205,17417,33755,16798,16957,32814,16435,16379,27515,13651,13864,19994,9610,10384,16006,7672,8334,10334,4719,5615,6308,2836,3472,3650,1485,2165,3364,1173,2191,34.7,34.0,35.4
050,51,153,Virginia,Prince William County,9,456805,227872,228933,33981,17563,16418,63872,32637,31235,27842,14173,13669,40044,20876,19168,344873,170514,174359,331110,163499,167611,193934,97788,96146,133103,66292,66811,116263,57555,58708,41700,18776,22924,33981,17563,16418,35437,18054,17383,35490,18136,17354,31843,16455,15388,28988,15041,13947,29700,14995,14705,33458,16592,16866,35800,17709,18091,34145,16996,17149,34150,16896,17254,32976,16505,16471,28343,14204,14139,20794,9950,10844,16514,7866,8648,10911,4973,5938,6758,3042,3716,3927,1616,2311,3590,1279,2311,34.9,34.2,35.7
050,51,153,Virginia,Prince William County,10,463400,231623,231777,34107,17671,16436,64360,33072,31288,28224,14354,13870,40718,21309,19409,350879,173789,177090,336709,166526,170183,195832,98882,96950,133891,66763,67128,118340,58756,59584,43760,19698,24062,34107,17671,16436,35100,17974,17126,36261,18642,17619,32353,16682,15671,29588,15437,14151,30337,15327,15010,32889,16364,16525,36722,18234,18488,33943,16838,17105,34544,17194,17350,32751,16399,16352,29123,14604,14519,21922,10559,11363,16341,7718,8623,12142,5632,6510,7330,3277,4053,4180,1747,2433,3767,1324,2443,35.1,34.3,35.9
050,51,153,Virginia,Prince William County,11,466658,233201,233457,33920,17516,16404,64123,33063,31060,28274,14384,13890,41133,21515,19618,354449,175372,179077,340341,168238,172103,195633,98611,97022,133429,66463,66966,119648,59576,60072,46131,20684,25447,33920,17516,16404,34809,17945,16864,36517,18869,17648,32539,16610,15929,29665,15538,14127,30266,15178,15088,32213,16090,16123,36780,18289,18491,34170,16906,17264,34491,17198,17293,32664,16366,16298,29670,14831,14839,22823,11181,11642,16588,7741,8847,12948,6031,6917,8101,3601,4500,4524,1905,2619,3970,1406,2564,35.5,34.7,36.2
050,51,153,Virginia,Prince William County,12,471774,235830,235944,33545,17245,16300,64356,33185,31171,28564,14610,13954,42001,22047,19954,359404,177872,181532,345309,170790,174519,197248,99598,97650,133921,66715,67206,120753,60210,60543,48634,21818,26816,33545,17245,16300,35010,18018,16992,36584,18941,17643,33105,17017,16088,30222,15866,14356,30784,15415,15369,31886,15874,16012,36387,18221,18166,34864,17205,17659,34384,17233,17151,32475,16200,16275,30266,15130,15136,23628,11647,11981,17054,7964,9090,13785,6429,7356,8654,3776,4878,4914,2113,2801,4227,1536,2691,35.7,34.9,36.5
050,51,153,Virginia,Prince William County,13,474887,237518,237369,33372,17115,16257,64379,33179,31200,28824,14788,14036,42430,22370,20060,362424,179580,182844,348312,172436,175876,197883,100144,97739,134136,66896,67240,121284,60500,60784,50462,22670,27792,33372,17115,16257,35207,18119,17088,36679,18970,17709,33139,17086,16053,30608,16162,14446,30925,15458,15467,31988,15950,16038,35830,17888,17942,35393,17600,17793,33979,16906,17073,32529,16274,16255,30625,15342,15283,24151,11978,12173,17480,8169,9311,14347,6675,7672,9062,3996,5066,5171,2201,2970,4402,1629,2773,35.8,35.0,36.6
050,51,153,Virginia,Prince William County,14,475533,237875,237658,33302,17066,16236,64281,33119,31162,28923,14853,14070,42492,22431,20061,363136,179997,183139,349027,172837,176190,197966,100262,97704,134163,66940,67223,121441,60581,60860,50931,22885,28046,33302,17066,16236,35205,18117,17088,36688,18964,17724,33109,17086,16023,30694,16236,14458,30918,15449,15469,32012,15965,16047,35675,17803,17872,35558,17723,17835,33858,16808,17050,32578,16311,16267,30723,15400,15323,24282,12062,12220,17605,8227,9378,14488,6732,7756,9169,4055,5114,5243,2226,3017,4426,1645,2781,35.9,35.0,36.7
050,51,155,Virginia,Pulaski County,1,34872,17239,17633,1716,860,856,3414,1758,1656,1671,884,787,2515,1290,1225,28965,14209,14756,28071,13737,14334,12350,6400,5950,8558,4436,4122,10767,5310,5457,6231,2701,3530,1716,860,856,1838,950,888,1970,1018,952,2042,1086,956,1750,878,872,1765,946,819,1846,921,925,2447,1281,1166,2500,1288,1212,2642,1345,1297,2680,1330,1350,2708,1302,1406,2737,1333,1404,2078,995,1083,1553,734,819,1137,462,675,785,336,449,678,174,504,44.1,42.6,45.7
050,51,155,Virginia,Pulaski County,2,34857,17229,17628,1716,860,856,3414,1758,1656,1671,884,787,2514,1289,1225,28950,14199,14751,28056,13727,14329,12346,6396,5950,8555,4433,4122,10761,5308,5453,6226,2697,3529,1716,860,856,1838,950,888,1970,1018,952,2042,1086,956,1749,877,872,1765,946,819,1845,920,925,2447,1281,1166,2498,1286,1212,2642,1345,1297,2678,1330,1348,2706,1301,1405,2735,1332,1403,2076,993,1083,1551,733,818,1137,462,675,784,335,449,678,174,504,44.0,42.6,45.7
050,51,155,Virginia,Pulaski County,3,34830,17202,17628,1705,858,847,3400,1745,1655,1653,873,780,2524,1298,1226,28952,14189,14763,28072,13726,14346,12314,6373,5941,8525,4408,4117,10747,5294,5453,6276,2726,3550,1705,858,847,1817,935,882,1971,1016,955,2006,1068,938,1783,897,886,1778,946,832,1836,918,918,2391,1250,1141,2520,1294,1226,2626,1339,1287,2678,1330,1348,2705,1297,1408,2738,1328,1410,2095,1007,1088,1563,736,827,1145,472,673,788,330,458,685,181,504,44.2,42.7,45.8
050,51,155,Virginia,Pulaski County,4,34741,17208,17533,1690,875,815,3384,1726,1658,1578,830,748,2539,1347,1192,28915,14206,14709,28089,13777,14312,12176,6328,5848,8427,4344,4083,10669,5257,5412,6454,2829,3625,1690,875,815,1777,896,881,1975,1023,952,1893,1018,875,1856,966,890,1792,941,851,1858,936,922,2216,1168,1048,2561,1299,1262,2531,1311,1220,2665,1322,1343,2681,1291,1390,2792,1333,1459,2162,1048,1114,1610,753,857,1171,503,668,802,325,477,709,200,509,44.5,43.0,46.2
050,51,155,Virginia,Pulaski County,5,34734,17230,17504,1663,852,811,3360,1709,1651,1517,789,728,2621,1408,1213,28956,14285,14671,28194,13880,14314,12077,6320,5757,8322,4316,4006,10538,5211,5327,6713,2945,3768,1663,852,811,1791,909,882,1952,993,959,1827,979,848,1928,1025,903,1804,940,864,1840,961,879,2140,1118,1022,2538,1297,1241,2549,1323,1226,2635,1318,1317,2676,1286,1390,2678,1284,1394,2332,1109,1223,1639,774,865,1209,517,692,810,334,476,723,211,512,44.8,43.1,46.4
050,51,155,Virginia,Pulaski County,6,34551,17202,17349,1655,840,815,3203,1657,1546,1548,796,752,2610,1416,1194,28893,14306,14587,28145,13909,14236,11979,6306,5673,8237,4296,3941,10400,5143,5257,6898,3054,3844,1655,840,815,1751,901,850,1868,958,910,1782,947,835,1960,1063,897,1874,982,892,1796,953,843,2042,1065,977,2525,1296,1229,2502,1318,1184,2623,1309,1314,2655,1277,1378,2620,1239,1381,2419,1162,1257,1725,799,926,1199,530,669,833,331,502,722,232,490,45.0,43.4,46.8
050,51,155,Virginia,Pulaski County,7,34343,17124,17219,1600,808,792,3185,1643,1542,1559,795,764,2519,1389,1130,28746,14261,14485,27999,13878,14121,11728,6169,5559,8044,4186,3858,10342,5139,5203,7094,3164,3930,1600,808,792,1770,900,870,1809,944,865,1755,927,828,1929,1056,873,1928,1002,926,1768,939,829,1884,981,903,2464,1264,1200,2500,1324,1176,2563,1282,1281,2672,1296,1376,2607,1237,1370,2470,1202,1268,1817,829,988,1239,557,682,861,344,517,707,232,475,45.5,44.0,47.1
050,51,155,Virginia,Pulaski County,8,34357,17159,17198,1626,833,793,3071,1549,1522,1584,803,781,2541,1399,1142,28871,14368,14503,28076,13974,14102,11605,6114,5491,7876,4119,3757,10355,5174,5181,7304,3282,4022,1626,833,793,1705,842,863,1762,914,848,1795,930,865,1934,1065,869,1974,1061,913,1728,921,807,1852,934,918,2322,1203,1119,2537,1330,1207,2601,1331,1270,2639,1284,1355,2578,1229,1349,2546,1208,1338,1876,880,996,1268,570,698,885,366,519,729,258,471,45.9,44.5,47.3
050,51,155,Virginia,Pulaski County,9,34268,17162,17106,1665,828,837,3002,1524,1478,1546,782,764,2489,1374,1115,28860,14440,14420,28055,14028,14027,11434,6114,5320,7738,4118,3620,10339,5165,5174,7489,3371,4118,1665,828,837,1653,827,826,1688,857,831,1825,955,870,1871,1041,830,2044,1103,941,1718,918,800,1849,987,862,2127,1110,1017,2617,1333,1284,2534,1318,1216,2595,1279,1316,2593,1235,1358,2583,1212,1371,1933,928,1005,1321,583,738,883,380,503,769,268,501,46.3,44.8,47.7
050,51,155,Virginia,Pulaski County,10,34255,17175,17080,1677,850,827,3007,1522,1485,1468,750,718,2432,1346,1086,28906,14470,14436,28103,14053,14050,11286,6040,5246,7715,4114,3601,10286,5121,5165,7670,3472,4198,1677,850,827,1607,813,794,1729,879,850,1766,920,846,1805,1006,799,2116,1155,961,1756,936,820,1803,967,836,2040,1056,984,2564,1281,1283,2521,1329,1192,2594,1289,1305,2607,1222,1385,2486,1191,1295,2102,980,1122,1370,631,739,888,372,516,824,298,526,46.6,45.0,48.2
050,51,155,Virginia,Pulaski County,11,34097,17077,17020,1646,836,810,2967,1486,1481,1452,760,692,2398,1326,1072,28768,14365,14403,28032,13995,14037,11104,5926,5178,7639,4055,3584,10169,5093,5076,7826,3521,4305,1646,836,810,1578,797,781,1774,904,870,1709,890,819,1756,981,775,2168,1173,995,1811,957,854,1750,944,806,1910,981,929,2510,1281,1229,2491,1301,1190,2585,1286,1299,2583,1225,1358,2438,1131,1307,2187,1039,1148,1442,647,795,900,396,504,859,308,551,47.1,45.3,48.6
050,51,155,Virginia,Pulaski County,12,34009,17080,16929,1606,810,796,2976,1485,1491,1380,732,648,2429,1334,1095,28702,14388,14314,28047,14053,13994,11115,5980,5135,7646,4099,3547,10037,5054,4983,7935,3566,4369,1606,810,796,1597,818,779,1719,852,867,1681,897,784,1788,984,804,2177,1186,991,1867,1014,853,1778,967,811,1824,932,892,2433,1258,1175,2459,1271,1188,2547,1271,1276,2598,1254,1344,2440,1126,1314,2223,1053,1170,1514,671,843,919,417,502,839,299,540,47.1,45.3,48.9
050,51,155,Virginia,Pulaski County,13,33976,17030,16946,1591,799,792,2986,1500,1486,1378,719,659,2421,1315,1106,28723,14387,14336,28021,14012,14009,11081,5957,5124,7605,4080,3525,10013,5044,4969,7982,3573,4409,1591,799,792,1621,832,789,1688,825,863,1650,883,767,1826,994,832,2154,1183,971,1899,1018,881,1783,969,814,1769,910,859,2339,1204,1135,2492,1273,1219,2598,1314,1284,2584,1253,1331,2410,1123,1287,2258,1056,1202,1558,695,863,937,413,524,819,286,533,47.3,45.5,49.2
050,51,155,Virginia,Pulaski County,14,33935,16990,16945,1582,792,790,2988,1502,1486,1381,718,663,2416,1306,1110,28703,14367,14336,27984,13978,14006,11070,5944,5126,7594,4070,3524,9994,5032,4962,7980,3570,4410,1582,792,790,1630,837,793,1679,815,864,1638,877,761,1838,997,841,2138,1178,960,1915,1021,894,1790,970,820,1751,901,850,2304,1186,1118,2502,1272,1230,2616,1326,1290,2572,1248,1324,2402,1124,1278,2264,1054,1210,1566,702,864,943,411,532,805,279,526,47.3,45.5,49.2
050,51,157,Virginia,Rappahannock County,1,7373,3685,3688,329,169,160,754,387,367,382,187,195,469,252,217,6110,3041,3069,5908,2942,2966,2209,1094,1115,1460,705,755,2571,1283,1288,1408,702,706,329,169,160,386,197,189,470,240,230,439,231,208,310,158,152,280,132,148,330,160,170,370,200,170,480,213,267,589,295,294,678,344,334,629,318,311,675,326,349,503,262,241,366,185,181,239,131,108,170,71,99,130,53,77,47.5,47.4,47.6
050,51,157,Virginia,Rappahannock County,2,7507,3760,3747,335,171,164,773,397,376,392,193,199,481,260,221,6215,3102,3113,6007,2999,3008,2266,1127,1139,1496,724,772,2619,1311,1308,1411,704,707,335,171,164,396,202,194,480,245,235,453,242,211,317,161,156,287,134,153,337,164,173,381,206,175,491,220,271,606,306,300,695,352,343,638,324,314,680,329,351,507,265,242,366,184,182,238,131,107,170,71,99,130,53,77,47.3,47.3,47.4
050,51,157,Virginia,Rappahannock County,3,7502,3756,3746,335,169,166,772,397,375,388,192,196,496,266,230,6206,3098,3108,6007,2998,3009,2262,1131,1131,1482,724,758,2614,1303,1311,1415,705,710,335,169,166,395,203,192,481,245,236,451,237,214,329,170,159,290,139,151,331,161,170,380,204,176,481,220,261,604,302,302,693,349,344,636,322,314,681,330,351,508,266,242,369,184,185,236,129,107,169,73,96,133,53,80,47.3,47.3,47.4
050,51,157,Virginia,Rappahannock County,4,7478,3738,3740,353,181,172,747,396,351,368,186,182,524,265,259,6180,3064,3116,6010,2975,3035,2224,1114,1110,1429,710,719,2574,1258,1316,1483,742,741,353,181,172,381,203,178,463,240,223,442,222,220,353,182,171,306,152,154,304,149,155,359,183,176,460,226,234,562,272,290,677,333,344,625,309,316,710,344,366,529,279,250,380,193,187,262,139,123,173,79,94,139,52,87,47.9,47.8,48.1
050,51,157,Virginia,Rappahannock County,5,7414,3680,3734,343,170,173,720,383,337,363,180,183,514,275,239,6166,3036,3130,5988,2947,3041,2163,1074,1089,1380,667,713,2518,1223,1295,1576,782,794,343,170,173,368,196,172,446,235,211,412,209,203,371,198,173,296,133,163,315,143,172,345,178,167,424,213,211,562,262,300,655,328,327,641,315,326,660,318,342,586,299,287,380,201,179,288,146,142,175,80,95,147,56,91,48.6,48.5,48.6
050,51,157,Virginia,Rappahannock County,6,7433,3689,3744,340,180,160,716,370,346,373,190,183,517,266,251,6184,3033,3151,6004,2949,3055,2173,1080,1093,1382,682,700,2460,1191,1269,1645,810,835,340,180,160,373,192,181,442,236,206,409,204,205,382,194,188,328,146,182,299,142,157,362,188,174,393,206,187,527,237,290,650,329,321,665,318,347,618,307,311,615,302,313,422,227,195,286,140,146,161,75,86,161,66,95,48.8,48.5,49.0
050,51,157,Virginia,Rappahannock County,7,7344,3650,3694,323,168,155,634,322,312,374,198,176,518,276,242,6189,3049,3140,6013,2962,3051,2147,1078,1069,1357,660,697,2400,1169,1231,1738,857,881,323,168,155,336,171,165,400,207,193,410,210,200,380,208,172,322,148,174,302,145,157,351,172,179,382,195,187,497,227,270,615,309,306,675,322,353,613,311,302,657,322,335,444,230,214,301,150,151,164,84,80,172,71,101,49.7,49.5,49.9
050,51,157,Virginia,Rappahannock County,8,7409,3658,3751,347,182,165,642,315,327,360,197,163,504,262,242,6243,3067,3176,6060,2964,3096,2187,1093,1094,1397,672,725,2349,1139,1210,1810,891,919,347,182,165,347,174,173,369,179,190,425,228,197,365,193,172,368,168,200,319,156,163,333,150,183,377,198,179,471,221,250,583,284,299,680,324,356,615,310,305,673,328,345,481,247,234,299,146,153,177,94,83,180,76,104,49.9,49.5,50.1
050,51,157,Virginia,Rappahannock County,9,7384,3656,3728,317,164,153,654,329,325,362,194,168,464,246,218,6255,3085,3170,6051,2969,3082,2092,1055,1037,1346,654,692,2322,1131,1191,1919,938,981,317,164,153,356,183,173,378,185,193,418,225,193,328,176,152,360,176,184,320,157,163,304,136,168,362,185,177,459,228,231,576,268,308,683,329,354,604,306,298,702,332,370,510,266,244,323,161,162,201,101,100,183,78,105,50.8,50.3,51.1
050,51,157,Virginia,Rappahannock County,10,7409,3664,3745,319,160,159,635,332,303,343,176,167,491,265,226,6302,3099,3203,6112,2996,3116,2120,1070,1050,1358,665,693,2290,1114,1176,1973,952,1021,319,160,159,340,183,157,367,185,182,420,223,197,342,182,160,360,197,163,327,147,180,312,141,171,359,180,179,437,227,210,572,261,311,656,315,341,625,311,314,640,305,335,573,288,285,340,171,169,220,103,117,200,85,115,51.1,50.1,51.8
050,51,157,Virginia,Rappahannock County,11,7373,3645,3728,329,172,157,632,330,302,314,149,165,508,276,232,6259,3068,3191,6098,2994,3104,2112,1047,1065,1366,661,705,2225,1080,1145,1999,977,1022,329,172,157,345,182,163,363,187,176,402,202,200,344,184,160,358,173,185,336,156,180,310,150,160,362,182,180,422,223,199,526,240,286,618,296,322,659,321,338,611,298,313,588,293,295,378,194,184,214,98,116,208,94,114,51.3,50.3,52.0
050,51,157,Virginia,Rappahannock County,12,7372,3647,3725,314,167,147,615,325,290,303,138,165,503,270,233,6301,3089,3212,6140,3017,3123,2141,1080,1061,1397,699,698,2219,1069,1150,2021,979,1042,314,167,147,343,183,160,334,169,165,381,190,191,363,191,172,360,180,180,336,168,168,329,158,171,372,193,179,408,205,203,522,241,281,617,299,318,672,324,348,578,287,291,614,301,313,392,191,201,221,101,120,216,99,117,51.6,50.4,52.7
050,51,157,Virginia,Rappahannock County,13,7304,3624,3680,318,171,147,614,321,293,289,142,147,483,260,223,6239,3068,3171,6083,2990,3093,2101,1066,1035,1393,696,697,2163,1049,1114,2044,985,1059,318,171,147,345,182,163,333,171,162,351,174,177,357,196,161,343,169,174,355,185,170,339,167,172,356,175,181,388,203,185,493,233,260,609,288,321,673,325,348,579,292,287,605,287,318,411,203,208,229,103,126,220,100,120,51.9,50.5,53.2
050,51,157,Virginia,Rappahannock County,14,7260,3605,3655,315,170,145,612,318,294,281,142,139,478,259,219,6203,3054,3149,6052,2975,3077,2082,1059,1023,1388,692,696,2142,1041,1101,2044,983,1061,315,170,145,345,182,163,332,170,162,338,168,170,356,199,157,338,167,171,359,189,170,338,167,171,353,169,184,378,201,177,486,231,255,609,286,323,669,323,346,582,294,288,599,280,319,415,205,210,229,105,124,219,99,120,52.1,50.5,53.5
050,51,159,Virginia,Richmond County,1,9254,5231,4023,395,188,207,807,408,399,389,196,193,691,440,251,7866,4534,3332,7663,4439,3224,3559,2358,1201,2577,1772,805,2713,1552,1161,1682,675,1007,395,188,207,452,231,221,453,227,226,491,263,228,491,323,168,596,415,181,652,470,182,624,437,187,705,450,255,842,541,301,726,431,295,627,314,313,518,266,252,446,212,234,390,173,217,333,137,196,235,80,155,278,73,205,43.5,40.7,47.6
050,51,159,Virginia,Richmond County,2,9250,5229,4021,395,188,207,807,408,399,388,195,193,691,440,251,7862,4532,3330,7660,4438,3222,3558,2357,1201,2577,1772,805,2710,1551,1159,1682,675,1007,395,188,207,452,231,221,453,227,226,490,262,228,491,323,168,596,415,181,652,470,182,624,437,187,705,450,255,842,541,301,725,431,294,625,313,312,518,266,252,446,212,234,390,173,217,333,137,196,235,80,155,278,73,205,43.5,40.7,47.6
050,51,159,Virginia,Richmond County,3,9276,5255,4021,394,190,204,809,409,400,381,194,187,697,443,254,7891,4557,3334,7692,4462,3230,3563,2365,1198,2578,1776,802,2720,1560,1160,1697,683,1014,394,190,204,455,232,223,447,225,222,483,259,224,502,330,172,601,419,182,653,471,182,629,440,189,695,446,249,836,538,298,733,437,296,629,317,312,522,268,254,448,212,236,398,179,219,333,136,197,238,83,155,280,73,207,43.5,40.7,47.8
050,51,159,Virginia,Richmond County,4,9204,5229,3975,382,180,202,793,409,384,352,187,165,698,437,261,7857,4550,3307,7677,4453,3224,3505,2346,1159,2536,1765,771,2716,1546,1170,1727,705,1022,382,180,202,432,224,208,442,228,214,447,242,205,522,339,183,600,424,176,643,469,174,611,427,184,682,445,237,794,509,285,762,451,311,621,312,309,539,274,265,455,216,239,413,190,223,316,131,185,241,87,154,302,81,221,44.0,40.9,48.7
050,51,159,Virginia,Richmond County,5,9076,5129,3947,349,174,175,822,411,411,346,187,159,680,427,253,7733,4451,3282,7559,4357,3202,3397,2258,1139,2459,1692,767,2679,1527,1152,1741,711,1030,349,174,175,446,223,223,464,236,228,422,227,195,516,339,177,581,400,181,638,450,188,574,394,180,666,448,218,763,485,278,748,442,306,618,319,299,550,281,269,460,210,250,422,192,230,322,137,185,228,82,146,309,90,219,44.1,41.3,49.0
050,51,159,Virginia,Richmond County,6,8948,5010,3938,352,169,183,810,407,403,343,176,167,676,421,255,7608,4342,3266,7443,4258,3185,3324,2186,1138,2402,1638,764,2619,1492,1127,1746,707,1039,352,169,183,441,217,224,466,239,227,394,215,179,528,333,195,555,387,168,654,446,208,571,385,186,622,420,202,698,450,248,737,437,300,620,323,297,564,282,282,442,200,242,430,195,235,326,137,189,235,89,146,313,86,227,44.3,41.5,49.0
050,51,159,Virginia,Richmond County,7,8880,4936,3944,364,172,192,777,397,380,361,181,180,655,394,261,7540,4273,3267,7378,4186,3192,3276,2128,1148,2364,1603,761,2571,1464,1107,1788,725,1063,364,172,192,428,208,220,453,239,214,410,223,187,502,302,200,568,391,177,642,430,212,570,381,189,584,401,183,673,425,248,734,424,310,613,347,266,551,268,283,461,209,252,412,183,229,339,143,196,249,104,145,327,86,241,44.4,41.7,49.0
050,51,159,Virginia,Richmond County,8,8779,4872,3907,347,159,188,790,410,380,346,166,180,621,381,240,7473,4223,3250,7296,4137,3159,3241,2110,1131,2350,1600,750,2519,1425,1094,1806,731,1075,347,159,188,415,206,209,451,241,210,420,212,208,471,298,173,592,398,194,615,422,193,581,393,188,562,387,175,626,394,232,715,415,300,622,349,273,556,267,289,474,222,252,412,184,228,344,139,205,263,106,157,313,80,233,44.5,41.5,49.6
050,51,159,Virginia,Richmond County,9,8755,4848,3907,343,167,176,779,398,381,368,178,190,618,390,228,7458,4195,3263,7265,4105,3160,3223,2086,1137,2334,1568,766,2452,1390,1062,1861,757,1104,343,167,176,418,209,209,458,239,219,413,214,199,476,304,172,591,391,200,617,412,205,554,379,175,572,386,186,589,374,215,679,386,293,635,358,277,549,272,277,507,238,269,417,185,232,353,148,205,269,108,161,315,78,237,44.5,41.4,49.9
050,51,159,Virginia,Richmond County,10,8882,4973,3909,367,177,190,783,395,388,361,173,188,634,398,236,7545,4304,3241,7371,4228,3143,3300,2161,1139,2403,1643,760,2458,1413,1045,1876,774,1102,367,177,190,429,212,217,452,236,216,416,203,213,481,315,166,614,407,207,628,443,185,592,406,186,569,387,182,610,398,212,648,378,270,642,356,286,558,281,277,527,253,274,415,184,231,366,148,218,262,105,157,306,84,222,44.0,41.2,49.5
050,51,159,Virginia,Richmond County,11,8982,5056,3926,361,188,173,798,392,406,345,176,169,633,394,239,7653,4383,3270,7478,4300,3178,3396,2245,1151,2491,1718,773,2437,1409,1028,1917,779,1138,361,188,173,404,204,200,467,231,236,433,214,219,472,313,159,633,434,199,630,445,185,635,436,199,593,403,190,614,407,207,592,349,243,651,364,287,580,289,291,538,253,285,409,182,227,378,148,230,293,118,175,299,78,221,43.9,40.8,49.9
050,51,159,Virginia,Richmond County,12,9066,5105,3961,378,195,183,764,375,389,376,197,179,632,384,248,7743,4433,3310,7548,4338,3210,3454,2281,1173,2553,1759,794,2386,1391,995,1977,804,1173,378,195,183,406,210,196,465,224,241,428,218,210,473,304,169,659,451,208,643,457,186,664,444,220,587,407,180,588,399,189,582,341,241,634,332,302,582,319,263,550,252,298,437,196,241,376,152,224,299,116,183,315,88,227,43.7,40.6,50.0
050,51,159,Virginia,Richmond County,13,9077,5123,3954,384,197,187,776,380,396,379,203,176,622,381,241,7724,4440,3284,7538,4343,3195,3475,2302,1173,2570,1770,800,2362,1379,983,1984,813,1171,384,197,187,422,205,217,450,227,223,432,233,199,473,299,174,638,437,201,671,478,193,667,446,221,594,409,185,595,407,188,557,330,227,621,332,289,589,310,279,556,258,298,441,201,240,378,158,220,292,113,179,317,83,234,43.5,40.5,49.7
050,51,159,Virginia,Richmond County,14,9071,5129,3942,387,199,188,780,386,394,377,205,172,619,381,238,7710,4438,3272,7527,4339,3188,3480,2312,1168,2574,1775,799,2349,1369,980,1985,814,1171,387,199,188,427,206,221,443,229,214,430,236,194,476,301,175,633,434,199,680,484,196,668,449,219,593,408,185,594,406,188,548,324,224,614,332,282,593,307,286,561,261,300,442,203,239,376,157,219,290,112,178,316,81,235,43.4,40.3,49.8
050,51,161,Virginia,Roanoke County,1,92376,44079,48297,4605,2353,2252,10296,5286,5010,5212,2632,2580,6542,3148,3394,74914,35136,39778,72263,33808,38455,32143,15684,16459,21675,10551,11124,28134,13542,14592,15912,6567,9345,4605,2353,2252,5421,2773,2648,6161,3160,3001,6150,3067,3083,4318,2066,2252,4534,2256,2278,4715,2274,2441,5871,2828,3043,6555,3193,3362,7203,3468,3735,7418,3580,3838,6973,3367,3606,6540,3127,3413,4644,2166,2478,3665,1569,2096,3076,1283,1793,2420,900,1520,2107,649,1458,43.3,41.9,44.7
050,51,161,Virginia,Roanoke County,2,92476,44113,48363,4608,2351,2257,10306,5287,5019,5216,2635,2581,6543,3145,3398,74998,35169,39829,72346,33840,38506,32190,15702,16488,21718,10570,11148,28145,13545,14600,15940,6580,9360,4608,2351,2257,5429,2776,2653,6164,3159,3005,6153,3069,3084,4319,2063,2256,4546,2262,2284,4724,2280,2444,5884,2834,3050,6564,3194,3370,7212,3473,3739,7426,3586,3840,6966,3359,3607,6541,3127,3414,4655,2171,2484,3674,1576,2098,3074,1282,1792,2425,902,1523,2112,649,1463,43.3,41.9,44.7
050,51,161,Virginia,Roanoke County,3,92416,44064,48352,4548,2320,2228,10311,5291,5020,5188,2623,2565,6614,3172,3442,75017,35165,39852,72369,33830,38539,32164,15675,16489,21619,10511,11108,28132,13531,14601,16004,6616,9388,4548,2320,2228,5428,2772,2656,6140,3150,2990,6177,3078,3099,4368,2086,2282,4558,2257,2301,4686,2268,2418,5802,2784,3018,6573,3202,3371,7183,3458,3725,7404,3579,3825,6968,3355,3613,6577,3139,3438,4687,2182,2505,3665,1578,2087,3081,1288,1793,2435,905,1530,2136,663,1473,43.4,42.0,44.7
050,51,161,Virginia,Roanoke County,4,92841,44317,48524,4497,2328,2169,10293,5328,4965,5048,2534,2514,7066,3367,3699,75616,35458,40158,73003,34127,38876,32472,15817,16655,21533,10487,11046,28104,13518,14586,16300,6755,9545,4497,2328,2169,5416,2776,2640,6052,3123,2929,6179,3067,3112,4760,2263,2497,4572,2294,2278,4732,2310,2422,5505,2626,2879,6724,3257,3467,7025,3401,3624,7324,3524,3800,6988,3355,3633,6767,3238,3529,4861,2263,2598,3688,1592,2096,3065,1271,1794,2471,931,1540,2215,698,1517,43.4,42.0,44.8
050,51,161,Virginia,Roanoke County,5,92771,44309,48462,4418,2292,2126,10203,5290,4913,4937,2489,2448,7266,3471,3795,75741,35527,40214,73213,34238,38975,32321,15734,16587,21353,10409,10944,27603,13269,14334,16991,7089,9902,4418,2292,2126,5347,2737,2610,6091,3188,2903,5955,2939,3016,5013,2386,2627,4443,2248,2195,4852,2349,2503,5305,2547,2758,6753,3265,3488,6799,3297,3502,7213,3490,3723,6986,3315,3671,6605,3167,3438,5368,2492,2876,3860,1684,2176,3034,1259,1775,2456,939,1517,2273,715,1558,43.6,42.3,45.0
050,51,161,Virginia,Roanoke County,6,93354,44728,48626,4560,2398,2162,10129,5218,4911,4956,2527,2429,7453,3636,3817,76117,35785,40332,73709,34585,39124,32580,15988,16592,21457,10489,10968,27213,13094,14119,17586,7366,10220,4560,2398,2162,5366,2746,2620,6049,3136,2913,5806,2905,2901,5317,2594,2723,4704,2374,2330,4814,2337,2477,5337,2596,2741,6602,3182,3420,6588,3206,3382,7113,3467,3646,7031,3328,3703,6481,3093,3388,5587,2570,3017,4108,1827,2281,3082,1284,1798,2442,924,1518,2367,761,1606,43.6,42.2,45.0
050,51,161,Virginia,Roanoke County,7,93428,44861,48567,4574,2432,2142,9856,5048,4808,4944,2557,2387,7547,3689,3858,76456,36039,40417,74054,34824,39230,32608,16027,16581,21370,10448,10922,27004,13044,13960,18133,7643,10490,4574,2432,2142,5229,2667,2562,5880,3048,2832,5773,2906,2867,5465,2673,2792,4906,2452,2454,4842,2361,2481,5231,2534,2697,6391,3101,3290,6423,3142,3281,7113,3490,3623,6992,3298,3694,6476,3114,3362,5852,2706,3146,4201,1911,2290,3189,1302,1887,2450,937,1513,2441,787,1654,43.9,42.4,45.3
050,51,161,Virginia,Roanoke County,8,93439,44893,48546,4533,2415,2118,9808,5017,4791,5010,2619,2391,7376,3571,3805,76639,36176,40463,74088,34842,39246,32428,15982,16446,21255,10422,10833,26847,12974,13873,18610,7875,10735,4533,2415,2118,5221,2681,2540,5800,2966,2834,5799,2942,2857,5374,2618,2756,4982,2443,2539,5010,2473,2537,5124,2533,2591,6139,2973,3166,6459,3154,3305,6983,3403,3580,6855,3275,3580,6550,3142,3408,6134,2839,3295,4314,1971,2343,3177,1297,1880,2461,936,1525,2524,832,1692,44.1,42.4,45.4
050,51,161,Virginia,Roanoke County,9,93520,44958,48562,4531,2378,2153,9699,4973,4726,4923,2567,2356,7365,3599,3766,76868,36335,40533,74367,35040,39327,32298,16028,16270,21203,10490,10713,26681,12813,13868,19118,8138,10980,4531,2378,2153,5125,2642,2483,5767,2959,2808,5749,2906,2843,5346,2632,2714,5145,2527,2618,5150,2550,2600,5120,2541,2579,5788,2872,2916,6541,3142,3399,6768,3301,3467,6830,3277,3553,6542,3093,3449,6346,2949,3397,4478,2045,2433,3241,1347,1894,2454,933,1521,2599,864,1735,44.2,42.5,45.8
050,51,161,Virginia,Roanoke County,10,93900,45211,48689,4535,2354,2181,9676,4972,4704,4842,2499,2343,7392,3627,3765,77303,36660,40643,74847,35386,39461,32347,16131,16216,21297,10591,10706,26496,12762,13734,19662,8406,11256,4535,2354,2181,5086,2607,2479,5774,2951,2823,5758,2944,2814,5292,2596,2696,5249,2594,2655,5176,2607,2569,5370,2659,2711,5502,2731,2771,6587,3185,3402,6559,3210,3349,6759,3258,3501,6591,3109,3482,6195,2882,3313,4940,2247,2693,3400,1453,1947,2498,952,1546,2629,872,1757,44.3,42.5,46.0
050,51,161,Virginia,Roanoke County,11,94161,45332,48829,4511,2380,2131,9701,5009,4692,4822,2476,2346,7303,3625,3678,77552,36750,40802,75127,35467,39660,32508,16166,16342,21589,10668,10921,26103,12572,13531,20132,8602,11530,4511,2380,2131,5153,2679,2474,5754,2933,2821,5720,2909,2811,5199,2589,2610,5387,2714,2673,5313,2614,2699,5331,2627,2704,5558,2713,2845,6463,3150,3313,6332,3097,3235,6705,3238,3467,6603,3087,3516,6126,2861,3265,5175,2319,2856,3633,1576,2057,2519,977,1542,2679,869,1810,44.2,42.3,46.1
050,51,161,Virginia,Roanoke County,12,94423,45429,48994,4437,2309,2128,9695,5045,4650,4697,2385,2312,7213,3561,3652,77975,36903,41072,75594,35690,39904,32759,16245,16514,21979,10875,11104,25787,12432,13355,20615,8822,11793,4437,2309,2128,5205,2710,2495,5620,2911,2709,5619,2822,2797,5161,2548,2613,5572,2794,2778,5355,2643,2712,5466,2699,2767,5586,2739,2847,6317,3101,3216,6127,2988,3139,6771,3262,3509,6572,3081,3491,6177,2902,3275,5409,2425,2984,3709,1616,2093,2612,1011,1601,2708,868,1840,44.3,42.3,46.2
050,51,161,Virginia,Roanoke County,13,94525,45513,49012,4396,2277,2119,9639,5022,4617,4673,2352,2321,7126,3539,3587,78170,37030,41140,75817,35862,39955,32825,16323,16502,22183,11030,11153,25486,12302,13184,21022,8991,12031,4396,2277,2119,5154,2710,2444,5642,2910,2732,5523,2742,2781,5119,2551,2568,5574,2806,2768,5448,2703,2745,5610,2762,2848,5551,2759,2792,6130,3009,3121,6180,3033,3147,6678,3180,3498,6498,3080,3418,6222,2908,3314,5658,2538,3120,3826,1686,2140,2600,987,1613,2716,872,1844,44.3,42.3,46.2
050,51,161,Virginia,Roanoke County,14,94509,45524,48985,4379,2264,2115,9614,5012,4602,4675,2343,2332,7087,3527,3560,78188,37059,41129,75841,35905,39936,32849,16350,16499,22258,11086,11172,25395,12267,13128,21101,9025,12076,4379,2264,2115,5128,2706,2422,5657,2912,2745,5489,2717,2772,5102,2547,2555,5565,2803,2762,5483,2724,2759,5663,2787,2876,5547,2772,2775,6071,2984,3087,6210,3055,3155,6645,3153,3492,6469,3075,3394,6232,2910,3322,5723,2569,3154,3853,1704,2149,2592,975,1617,2701,867,1834,44.3,42.3,46.2
050,51,163,Virginia,Rockbridge County,1,22307,10996,11311,1054,537,517,2147,1055,1092,1063,553,510,1679,870,809,18572,9112,9460,18043,8851,9192,7186,3605,3581,4710,2331,2379,7034,3499,3535,4620,2151,2469,1054,537,517,1170,586,584,1243,618,625,1243,640,603,1233,634,599,1037,520,517,1022,507,515,1210,614,596,1441,690,751,1684,816,868,1820,897,923,1785,905,880,1745,881,864,1395,675,720,1189,579,610,860,402,458,616,279,337,560,216,344,46.5,45.9,47.1
050,51,163,Virginia,Rockbridge County,2,22357,11025,11332,1060,539,521,2153,1060,1093,1065,554,511,1683,873,810,18609,9134,9475,18079,8872,9207,7208,3617,3591,4726,2339,2387,7042,3504,3538,4628,2156,2472,1060,539,521,1173,588,585,1246,621,625,1246,641,605,1236,637,599,1042,522,520,1025,510,515,1213,615,598,1446,692,754,1684,816,868,1824,900,924,1789,906,883,1745,882,863,1398,676,722,1193,582,611,862,403,459,614,279,335,561,216,345,46.5,45.9,47.1
050,51,163,Virginia,Rockbridge County,3,22348,11040,11308,1059,543,516,2144,1059,1085,1065,553,512,1691,880,811,18609,9147,9462,18080,8885,9195,7184,3612,3572,4694,2324,2370,7039,3507,3532,4656,2174,2482,1059,543,516,1169,588,581,1241,616,625,1242,642,600,1248,646,602,1031,516,515,1019,510,509,1205,612,593,1439,686,753,1675,813,862,1816,896,920,1799,908,891,1749,890,859,1406,686,720,1201,585,616,857,402,455,626,285,341,566,216,350,46.6,46.0,47.2
050,51,163,Virginia,Rockbridge County,4,22449,11071,11378,1027,521,506,2157,1069,1088,1055,550,505,1732,900,832,18739,9198,9541,18210,8931,9279,7227,3635,3592,4688,2312,2376,7029,3492,3537,4761,2227,2534,1027,521,506,1183,600,583,1222,596,626,1239,644,595,1300,679,621,1090,529,561,1029,517,512,1148,586,562,1421,680,741,1626,791,835,1791,884,907,1839,914,925,1773,903,870,1422,709,713,1213,579,634,871,407,464,683,315,368,572,217,355,46.8,46.2,47.5
050,51,163,Virginia,Rockbridge County,5,22384,11045,11339,1001,498,503,2156,1073,1083,1041,550,491,1641,864,777,18749,9228,9521,18186,8924,9262,7100,3600,3500,4648,2305,2343,6948,3452,3496,4949,2303,2646,1001,498,503,1176,607,569,1210,585,625,1211,646,565,1241,649,592,1088,538,550,1043,529,514,1107,558,549,1410,680,730,1583,776,807,1762,870,892,1861,908,953,1742,898,844,1548,768,780,1200,566,634,908,424,484,708,318,390,585,227,358,47.4,46.7,48.1
050,51,163,Virginia,Rockbridge County,6,22337,11020,11317,1004,478,526,2087,1056,1031,1016,523,493,1596,835,761,18754,9242,9512,18230,8963,9267,6957,3544,3413,4597,2308,2289,6956,3455,3501,5081,2365,2716,1004,478,526,1139,599,540,1200,579,621,1173,631,542,1187,605,582,1108,568,540,1064,538,526,1077,551,526,1348,651,697,1550,779,771,1764,853,911,1829,896,933,1813,927,886,1561,773,788,1239,584,655,964,459,505,704,313,391,613,236,377,48.0,47.2,48.7
050,51,163,Virginia,Rockbridge County,7,22443,11076,11367,1041,527,514,2075,1035,1040,975,478,497,1537,816,721,18839,9288,9551,18352,9036,9316,6887,3506,3381,4614,2318,2296,6890,3401,3489,5311,2501,2810,1041,527,514,1110,560,550,1204,581,623,1174,617,557,1099,571,528,1200,619,581,1103,557,546,1065,541,524,1246,601,645,1512,742,770,1772,854,918,1803,887,916,1803,918,885,1661,842,819,1272,605,667,1016,480,536,729,319,410,633,255,378,48.3,47.6,49.0
050,51,163,Virginia,Rockbridge County,8,22410,11088,11322,1069,531,538,2024,1040,984,971,471,500,1513,815,698,18837,9292,9545,18346,9046,9300,6832,3470,3362,4595,2307,2288,6804,3335,3469,5434,2589,2845,1069,531,538,1087,561,526,1184,602,582,1125,562,563,1112,601,511,1190,605,585,1119,547,572,1063,538,525,1223,617,606,1465,702,763,1685,820,865,1849,904,945,1805,909,896,1705,861,844,1283,625,658,1051,498,553,710,320,390,685,285,400,48.5,47.7,49.3
050,51,163,Virginia,Rockbridge County,9,22467,11150,11317,1112,577,535,2021,1045,976,961,449,512,1469,790,679,18863,9304,9559,18373,9079,9294,6826,3472,3354,4617,2335,2282,6748,3306,3442,5539,2648,2891,1112,577,535,1047,536,511,1195,611,584,1120,547,573,1089,590,499,1208,622,586,1103,548,555,1128,562,566,1178,603,575,1447,696,751,1644,808,836,1814,892,922,1843,910,933,1750,890,860,1316,650,666,1051,497,554,720,323,397,702,288,414,48.6,47.8,49.4
050,51,163,Virginia,Rockbridge County,10,22736,11241,11495,1130,575,555,2027,1041,986,935,442,493,1745,886,859,19115,9404,9711,18644,9183,9461,7002,3531,3471,4560,2318,2242,6657,3246,3411,5682,2733,2949,1130,575,555,1063,533,530,1202,623,579,1259,599,660,1183,614,569,1216,623,593,1127,564,563,1098,568,530,1119,563,556,1381,659,722,1596,789,807,1815,893,922,1865,905,960,1728,885,843,1447,716,731,1047,488,559,741,339,402,719,305,414,48.6,47.8,49.3
050,51,163,Virginia,Rockbridge County,11,22904,11298,11606,1105,555,550,2066,1056,1010,992,503,489,1718,855,863,19219,9424,9795,18741,9184,9557,6995,3513,3482,4557,2298,2259,6585,3215,3370,5881,2816,3065,1105,555,550,1084,527,557,1254,672,582,1286,618,668,1152,597,555,1191,590,601,1128,576,552,1122,572,550,1116,560,556,1356,651,705,1551,777,774,1826,876,950,1852,911,941,1792,905,887,1448,724,724,1109,506,603,795,369,426,737,312,425,48.9,48.1,49.5
050,51,163,Virginia,Rockbridge County,12,22774,11240,11534,1080,522,558,2009,1004,1005,986,506,480,1703,857,846,19174,9439,9735,18699,9208,9491,6992,3533,3459,4551,2310,2241,6409,3130,3279,6036,2911,3125,1080,522,558,1050,507,543,1207,637,570,1273,620,653,1168,603,565,1117,553,564,1181,608,573,1150,596,554,1103,553,550,1293,629,664,1511,743,768,1795,864,931,1810,894,916,1789,904,885,1548,787,761,1137,522,615,818,375,443,744,323,421,49.1,48.4,49.8
050,51,163,Virginia,Rockbridge County,13,22772,11230,11542,1040,515,525,1985,976,1009,1003,526,477,1675,830,845,19236,9457,9779,18744,9213,9531,6978,3526,3452,4557,2314,2243,6371,3112,3259,6141,2957,3184,1040,515,525,1059,504,555,1183,616,567,1285,643,642,1136,569,567,1144,575,569,1165,598,567,1163,599,564,1085,542,543,1273,633,640,1484,710,774,1747,853,894,1867,916,951,1807,906,901,1603,809,794,1136,530,606,853,384,469,742,328,414,49.5,48.6,50.2
050,51,163,Virginia,Rockbridge County,14,22757,11213,11544,1024,512,512,1983,969,1014,1009,533,476,1665,820,845,19239,9447,9792,18741,9199,9542,6977,3521,3456,4565,2315,2250,6349,3102,3247,6162,2962,3200,1024,512,512,1066,504,562,1179,612,567,1288,648,640,1124,558,566,1153,580,573,1163,596,567,1168,600,568,1081,539,542,1261,633,628,1477,701,776,1729,848,881,1882,920,962,1814,905,909,1617,814,803,1135,531,604,860,385,475,736,327,409,49.5,48.6,50.3
050,51,165,Virginia,Rockingham County,1,76314,37477,38837,4642,2420,2222,9216,4634,4582,4214,2141,2073,6676,3312,3364,60310,29342,30968,58242,28282,29960,27926,13939,13987,18107,9007,9100,21495,10660,10835,11964,5303,6661,4642,2420,2222,5033,2525,2508,5254,2630,2624,5409,2740,2669,4410,2192,2218,4093,2057,2036,4182,2073,2109,4686,2339,2347,5146,2538,2608,5932,2998,2934,5857,2851,3006,5197,2590,2607,4509,2221,2288,3514,1704,1810,2854,1333,1521,2229,1016,1213,1758,716,1042,1609,534,1075,40.4,39.6,41.3
050,51,165,Virginia,Rockingham County,2,76324,37482,38842,4644,2420,2224,9216,4634,4582,4213,2142,2071,6676,3313,3363,60316,29345,30971,58251,28286,29965,27925,13939,13986,18109,9007,9102,21498,10661,10837,11968,5305,6663,4644,2420,2224,5033,2525,2508,5256,2632,2624,5408,2741,2667,4408,2191,2217,4092,2057,2035,4184,2073,2111,4684,2338,2346,5149,2539,2610,5932,2997,2935,5856,2851,3005,5197,2590,2607,4513,2223,2290,3513,1704,1809,2856,1334,1522,2229,1016,1213,1760,717,1043,1610,534,1076,40.4,39.6,41.3
050,51,165,Virginia,Rockingham County,3,76413,37513,38900,4634,2417,2217,9218,4640,4578,4207,2131,2076,6692,3324,3368,60422,29386,31036,58354,28325,30029,27920,13923,13997,18084,8985,9099,21556,10687,10869,12022,5329,6693,4634,2417,2217,5027,2527,2500,5254,2630,2624,5385,2718,2667,4451,2220,2231,4100,2054,2046,4192,2084,2108,4640,2302,2338,5152,2545,2607,5890,2971,2919,5857,2856,3001,5243,2611,2632,4566,2249,2317,3519,1705,1814,2863,1340,1523,2241,1022,1219,1762,721,1041,1637,541,1096,40.5,39.6,41.4
050,51,165,Virginia,Rockingham County,4,76868,37763,39105,4515,2373,2142,9237,4684,4553,4227,2103,2124,6898,3435,3463,60985,29667,31318,58889,28603,30286,27914,13901,14013,17854,8879,8975,21821,10801,11020,12316,5488,6828,4515,2373,2142,5005,2549,2456,5297,2651,2646,5374,2658,2716,4686,2364,2322,4054,2010,2044,4260,2139,2121,4433,2180,2253,5107,2550,2557,5704,2854,2850,5894,2883,3011,5416,2681,2735,4807,2383,2424,3568,1730,1838,2955,1395,1560,2299,1039,1260,1778,743,1035,1716,581,1135,40.8,39.9,41.6
050,51,165,Virginia,Rockingham County,5,77149,37800,39349,4456,2324,2132,9188,4655,4533,4221,2103,2118,7013,3442,3571,61402,29776,31626,59284,28718,30566,27947,13833,14114,17760,8821,8939,21698,10742,10956,12813,5713,7100,4456,2324,2132,4921,2511,2410,5314,2677,2637,5303,2597,2706,4884,2415,2469,4067,2020,2047,4350,2180,2170,4318,2121,2197,5025,2500,2525,5530,2731,2799,5835,2911,2924,5545,2706,2839,4788,2394,2394,3838,1849,1989,3039,1434,1605,2351,1068,1283,1811,749,1062,1774,613,1161,41.0,40.1,41.8
050,51,165,Virginia,Rockingham County,6,77437,37965,39472,4429,2332,2097,9092,4622,4470,4206,2110,2096,7146,3493,3653,61811,29931,31880,59710,28901,30809,28037,13859,14178,17735,8793,8942,21612,10713,10899,13217,5902,7315,4429,2332,2097,4865,2468,2397,5277,2691,2586,5323,2591,2732,4979,2475,2504,4123,2058,2065,4408,2208,2200,4241,2100,2141,4963,2427,2536,5320,2635,2685,5797,2907,2890,5658,2755,2903,4837,2416,2421,4017,1933,2084,3125,1480,1645,2419,1090,1329,1831,758,1073,1825,641,1184,41.2,40.1,42.1
050,51,165,Virginia,Rockingham County,7,77897,38200,39697,4478,2342,2136,8985,4599,4386,4196,2091,2105,7292,3554,3738,62327,30207,32120,60238,29168,31070,28196,13973,14223,17777,8858,8919,21549,10644,10905,13620,6112,7508,4478,2342,2136,4830,2478,2352,5224,2651,2573,5350,2605,2745,5069,2510,2559,4240,2125,2115,4374,2203,2171,4332,2152,2180,4831,2378,2453,5140,2540,2600,5731,2867,2864,5747,2790,2957,4931,2447,2484,4151,2015,2136,3293,1568,1725,2476,1111,1365,1815,763,1052,1885,655,1230,41.2,40.1,42.2
050,51,165,Virginia,Rockingham County,8,78469,38553,39916,4500,2398,2102,8955,4567,4388,4210,2114,2096,7141,3518,3623,62893,30548,32345,60804,29474,31330,28255,14068,14187,17958,8959,8999,21641,10660,10981,14064,6337,7727,4500,2398,2102,4864,2502,2362,5145,2588,2557,5316,2598,2718,4981,2511,2470,4434,2221,2213,4393,2202,2191,4452,2208,2244,4679,2328,2351,5109,2535,2574,5731,2866,2865,5692,2741,2951,5109,2518,2591,4386,2139,2247,3328,1556,1772,2541,1149,1392,1816,786,1030,1993,707,1286,41.3,40.1,42.5
050,51,165,Virginia,Rockingham County,9,79401,39096,40305,4502,2383,2119,8936,4586,4350,4301,2165,2136,7165,3508,3657,63803,31025,32778,61662,29962,31700,28649,14249,14400,18290,9157,9133,21704,10729,10975,14503,6568,7935,4502,2383,2119,4830,2505,2325,5213,2662,2551,5369,2617,2752,4990,2475,2515,4639,2369,2270,4491,2240,2251,4566,2288,2278,4594,2260,2334,5080,2544,2536,5618,2815,2803,5719,2769,2950,5287,2601,2686,4636,2266,2370,3357,1565,1792,2605,1197,1408,1893,821,1072,2012,719,1293,41.2,40.0,42.4
050,51,165,Virginia,Rockingham County,10,80448,39548,40900,4650,2395,2255,8979,4572,4407,4315,2197,2118,7275,3572,3703,64649,31436,33213,62504,30384,32120,29055,14490,14565,18521,9286,9235,21722,10709,11013,14986,6817,8169,4650,2395,2255,4807,2482,2325,5228,2655,2573,5496,2719,2777,5038,2485,2553,4786,2429,2357,4484,2222,2262,4733,2378,2355,4518,2257,2261,5065,2517,2548,5498,2740,2758,5726,2840,2886,5433,2612,2821,4668,2305,2363,3602,1674,1928,2716,1260,1456,1945,835,1110,2055,743,1312,41.1,40.0,42.2
050,51,165,Virginia,Rockingham County,11,81353,40061,41292,4721,2402,2319,9083,4684,4399,4275,2182,2093,7280,3576,3704,65475,31915,33560,63274,30793,32481,29430,14782,14648,18896,9522,9374,21682,10645,11037,15416,7050,8366,4721,2402,2319,4938,2558,2380,5166,2624,2542,5536,2772,2764,4998,2488,2510,4977,2523,2454,4558,2265,2293,4845,2454,2391,4516,2280,2236,5028,2459,2569,5348,2672,2676,5722,2840,2882,5584,2674,2910,4708,2349,2359,3750,1757,1993,2848,1306,1542,2029,865,1164,2081,773,1308,41.0,39.9,42.2
050,51,165,Virginia,Rockingham County,12,82140,40332,41808,4717,2384,2333,9167,4725,4442,4220,2138,2082,7323,3563,3760,66200,32218,33982,64036,31085,32951,29731,14829,14902,19210,9628,9582,21589,10591,10998,15914,7303,8611,4717,2384,2333,4975,2580,2395,5214,2645,2569,5453,2699,2754,5068,2502,2566,4987,2488,2499,4696,2350,2346,4918,2484,2434,4609,2306,2303,4967,2454,2513,5203,2569,2634,5780,2879,2901,5639,2689,2950,4866,2432,2434,3881,1838,2043,2999,1371,1628,2054,881,1173,2114,781,1333,41.1,40.1,42.1
050,51,165,Virginia,Rockingham County,13,82335,40461,41874,4748,2394,2354,9120,4690,4430,4177,2110,2067,7334,3587,3747,66391,32342,34049,64290,31267,33023,29714,14846,14868,19261,9683,9578,21345,10485,10860,16350,7512,8838,4748,2394,2354,4957,2586,2371,5221,2638,2583,5415,2681,2734,5038,2482,2556,4920,2506,2414,4768,2363,2405,4882,2452,2430,4691,2362,2329,4822,2386,2436,5155,2550,2605,5770,2869,2901,5598,2680,2918,5009,2485,2524,4090,1966,2124,3032,1375,1657,2084,894,1190,2135,792,1343,41.2,40.2,42.2
050,51,165,Virginia,Rockingham County,14,82346,40476,41870,4754,2396,2358,9083,4666,4417,4170,2103,2067,7332,3594,3738,66416,32366,34050,64339,31311,33028,29721,14863,14858,19294,9712,9582,21268,10447,10821,16445,7558,8887,4754,2396,2358,4938,2581,2357,5220,2631,2589,5403,2676,2727,5024,2475,2549,4893,2509,2384,4808,2374,2434,4872,2446,2426,4721,2383,2338,4777,2367,2410,5153,2550,2603,5765,2863,2902,5573,2667,2906,5051,2500,2551,4146,1998,2148,3029,1370,1659,2092,899,1193,2127,791,1336,41.2,40.3,42.2
050,51,167,Virginia,Russell County,1,28897,14155,14742,1549,779,770,2926,1453,1473,1430,743,687,2193,1126,1067,23742,11568,12174,22992,11180,11812,10393,5283,5110,7110,3587,3523,8949,4403,4546,4740,2064,2676,1549,779,770,1588,799,789,1678,827,851,1754,908,846,1529,788,741,1561,821,740,1681,864,817,1923,938,985,1945,964,981,2206,1078,1128,2493,1225,1268,2246,1098,1148,2004,1002,1002,1574,737,837,1198,536,662,920,383,537,562,233,329,486,175,311,43.0,41.8,44.2
050,51,167,Virginia,Russell County,2,28917,14164,14753,1550,779,771,2932,1457,1475,1430,743,687,2195,1125,1070,23755,11573,12182,23005,11185,11820,10406,5289,5117,7121,3594,3527,8950,4404,4546,4739,2062,2677,1550,779,771,1590,800,790,1682,830,852,1754,907,847,1531,788,743,1564,823,741,1685,867,818,1924,938,986,1948,966,982,2206,1077,1129,2491,1224,1267,2249,1101,1148,2004,1002,1002,1575,737,838,1198,535,663,918,382,536,562,233,329,486,175,311,43.0,41.8,44.2
050,51,167,Virginia,Russell County,3,28873,14151,14722,1536,775,761,2935,1458,1477,1409,732,677,2209,1138,1071,23728,11567,12161,22993,11186,11807,10376,5277,5099,7093,3578,3515,8942,4401,4541,4749,2069,2680,1536,775,761,1603,808,795,1667,821,846,1723,892,831,1560,807,753,1565,823,742,1688,864,824,1893,925,968,1947,966,981,2188,1064,1124,2484,1227,1257,2254,1102,1152,2016,1008,1008,1569,732,837,1208,541,667,917,384,533,572,240,332,483,172,311,43.1,41.8,44.3
050,51,167,Virginia,Russell County,4,28681,14032,14649,1474,739,735,2907,1430,1477,1368,704,664,2241,1178,1063,23637,11524,12113,22932,11159,11773,10221,5186,5035,6938,3469,3469,8959,4415,4544,4794,2097,2697,1474,739,735,1589,791,798,1644,804,840,1665,868,797,1618,849,769,1504,779,725,1693,847,846,1803,883,920,1938,960,978,2097,1017,1080,2478,1232,1246,2306,1120,1186,2078,1046,1032,1543,723,820,1241,565,676,931,397,534,602,247,355,477,165,312,43.4,42.3,44.5
050,51,167,Virginia,Russell County,5,28429,13918,14511,1454,735,719,2847,1401,1446,1315,676,639,2241,1180,1061,23477,11459,12018,22813,11106,11707,10032,5104,4928,6806,3404,3402,8790,4348,4442,4976,2174,2802,1454,735,719,1549,758,791,1628,799,829,1557,831,726,1669,869,800,1472,747,725,1676,859,817,1727,848,879,1931,950,981,1957,972,985,2414,1183,1231,2352,1156,1196,2067,1037,1030,1639,765,874,1288,587,701,948,410,538,597,233,364,504,179,325,43.8,42.7,44.9
050,51,167,Virginia,Russell County,6,28337,13875,14462,1436,742,694,2800,1373,1427,1344,665,679,2180,1154,1026,23424,11440,11984,22757,11095,11662,9916,5032,4884,6746,3385,3361,8663,4277,4386,5168,2279,2889,1436,742,694,1546,744,802,1608,801,807,1520,781,739,1650,866,784,1488,745,743,1643,839,804,1706,849,857,1909,952,957,1934,945,989,2303,1136,1167,2344,1150,1194,2082,1046,1036,1738,841,897,1311,590,721,992,413,579,596,232,364,531,203,328,44.2,43.0,45.2
050,51,167,Virginia,Russell County,7,28082,13734,14348,1396,711,685,2765,1372,1393,1337,651,686,2113,1128,985,23225,11317,11908,22584,11000,11584,9696,4908,4788,6592,3300,3292,8554,4200,4354,5325,2372,2953,1396,711,685,1537,775,762,1574,768,806,1509,760,749,1595,848,747,1512,740,772,1579,819,760,1644,832,812,1857,909,948,1938,942,996,2188,1079,1109,2314,1133,1181,2114,1046,1068,1799,880,919,1328,597,731,1014,432,582,641,250,391,543,213,330,44.6,43.4,45.7
050,51,167,Virginia,Russell County,8,27863,13626,14237,1329,669,660,2791,1417,1374,1338,648,690,2014,1057,957,23087,11218,11869,22405,10892,11513,9530,4806,4724,6483,3249,3234,8447,4129,4318,5461,2457,3004,1329,669,660,1539,802,737,1557,763,794,1549,772,777,1498,785,713,1536,761,775,1502,777,725,1622,826,796,1823,885,938,1892,919,973,2099,1025,1074,2366,1174,1192,2090,1011,1079,1880,939,941,1340,610,730,1006,421,585,681,270,411,554,217,337,44.9,43.8,46.1
050,51,167,Virginia,Russell County,9,27423,13410,14013,1328,663,665,2666,1350,1316,1303,648,655,1905,1007,898,22818,11087,11731,22126,10749,11377,9204,4671,4533,6312,3182,3130,8367,4075,4292,5542,2485,3057,1328,663,665,1448,754,694,1534,762,772,1470,732,738,1422,757,665,1538,781,757,1459,761,698,1590,793,797,1725,847,878,1852,893,959,2027,979,1048,2348,1182,1166,2140,1021,1119,1895,954,941,1354,606,748,1029,440,589,705,281,424,559,204,355,45.5,44.2,46.9
050,51,167,Virginia,Russell County,10,27054,13278,13776,1292,658,634,2579,1303,1276,1285,652,633,1870,999,871,22542,10985,11557,21898,10665,11233,8985,4607,4378,6158,3123,3035,8215,3997,4218,5655,2546,3109,1292,658,634,1412,725,687,1495,745,750,1454,735,719,1373,749,624,1537,774,763,1390,727,663,1579,816,763,1652,806,846,1828,881,947,1939,941,998,2274,1133,1141,2174,1042,1132,1871,936,935,1440,656,784,1057,460,597,730,287,443,557,207,350,46.0,44.4,47.4
050,51,167,Virginia,Russell County,11,26820,13124,13696,1266,643,623,2589,1303,1286,1197,579,618,1818,959,859,22376,10899,11477,21768,10599,11169,8796,4497,4299,6063,3079,2984,8033,3915,4118,5854,2646,3208,1266,643,623,1400,702,698,1471,721,750,1425,716,709,1308,702,606,1550,793,757,1352,686,666,1558,795,763,1603,805,798,1794,883,911,1880,905,975,2190,1067,1123,2169,1060,1109,1889,934,955,1526,730,796,1093,467,626,753,290,463,593,225,368,46.4,45.0,47.6
050,51,167,Virginia,Russell County,12,26739,13064,13675,1294,632,662,2555,1303,1252,1180,583,597,1800,945,855,22315,10859,11456,21710,10546,11164,8624,4374,4250,5942,3000,2942,7897,3843,4054,6071,2758,3313,1294,632,662,1377,706,671,1476,751,725,1361,673,688,1321,701,620,1489,757,732,1386,676,710,1497,785,712,1570,782,788,1779,871,908,1876,909,967,2080,1015,1065,2162,1048,1114,1927,944,983,1606,781,825,1115,486,629,778,307,471,645,240,405,46.7,45.4,47.9
050,51,167,Virginia,Russell County,13,26679,13051,13628,1285,632,653,2531,1286,1245,1190,587,603,1806,944,862,22260,10830,11430,21673,10546,11127,8566,4366,4200,5885,2996,2889,7842,3825,4017,6140,2781,3359,1285,632,653,1380,691,689,1466,756,710,1340,667,673,1341,703,638,1435,744,691,1431,704,727,1457,766,691,1562,782,780,1755,861,894,1836,899,937,2052,988,1064,2199,1077,1122,1908,913,995,1655,816,839,1142,501,641,755,297,458,680,254,426,46.9,45.5,48.2
050,51,167,Virginia,Russell County,14,26647,13035,13612,1281,633,648,2525,1282,1243,1197,590,607,1806,943,863,22226,10804,11422,21644,10530,11114,8555,4368,4187,5874,2999,2875,7824,3813,4011,6140,2775,3365,1281,633,648,1383,688,695,1464,758,706,1335,667,668,1346,702,644,1418,742,676,1447,713,734,1448,761,687,1561,783,778,1750,857,893,1825,896,929,2039,977,1062,2210,1083,1127,1900,903,997,1665,822,843,1142,501,641,747,293,454,686,256,430,46.9,45.4,48.2
050,51,169,Virginia,Scott County,1,23177,11498,11679,1173,588,585,2229,1100,1129,1074,555,519,1651,872,779,19236,9530,9706,18701,9255,9446,8019,4146,3873,5556,2858,2698,6924,3468,3456,4570,2057,2513,1173,588,585,1166,581,585,1325,658,667,1304,696,608,1159,592,567,1200,625,575,1256,669,587,1470,751,719,1630,813,817,1732,906,826,1787,917,870,1711,864,847,1694,781,913,1461,729,732,1127,522,605,832,361,471,629,274,355,521,171,350,44.7,43.6,45.8
050,51,169,Virginia,Scott County,2,23166,11492,11674,1171,588,583,2227,1099,1128,1074,555,519,1651,872,779,19229,9525,9704,18694,9250,9444,8015,4143,3872,5552,2855,2697,6925,3468,3457,4566,2055,2511,1171,588,583,1165,581,584,1324,657,667,1304,696,608,1159,592,567,1199,624,575,1255,668,587,1469,751,718,1629,812,817,1732,906,826,1788,917,871,1710,863,847,1695,782,913,1458,727,731,1127,522,605,833,362,471,629,274,355,519,170,349,44.7,43.6,45.8
050,51,169,Virginia,Scott County,3,23127,11453,11674,1168,587,581,2230,1099,1131,1071,549,522,1633,864,769,19196,9491,9705,18658,9218,9440,7953,4102,3851,5507,2825,2682,6912,3457,3455,4606,2072,2534,1168,587,581,1165,581,584,1323,654,669,1283,680,603,1163,597,566,1185,614,571,1253,665,588,1452,737,715,1617,809,808,1727,898,829,1779,913,866,1723,869,854,1683,777,906,1461,729,732,1142,529,613,843,369,474,638,273,365,522,172,350,44.9,43.8,45.9
050,51,169,Virginia,Scott County,4,23053,11527,11526,1122,576,546,2202,1101,1101,1065,539,526,1625,892,733,19205,9578,9627,18664,9311,9353,7905,4139,3766,5480,2843,2637,6872,3451,3421,4687,2125,2562,1122,576,546,1153,592,561,1314,644,670,1220,641,579,1205,655,550,1198,620,578,1313,713,600,1371,694,677,1598,816,782,1693,871,822,1746,904,842,1775,906,869,1658,770,888,1468,737,731,1177,549,628,880,398,482,626,261,365,536,180,356,45.1,43.9,46.3
050,51,169,Virginia,Scott County,5,22956,11471,11485,1114,577,537,2163,1089,1074,1056,530,526,1645,908,737,19155,9548,9607,18623,9275,9348,7827,4095,3732,5395,2785,2610,6766,3415,3351,4817,2167,2650,1114,577,537,1158,599,559,1274,618,656,1214,628,586,1218,682,536,1210,630,580,1300,689,611,1304,670,634,1581,796,785,1628,829,799,1741,901,840,1763,895,868,1634,790,844,1549,742,807,1196,565,631,908,420,488,622,256,366,542,184,358,45.3,44.1,46.6
050,51,169,Virginia,Scott County,6,22769,11388,11381,1085,556,529,2126,1076,1050,1055,527,528,1650,924,726,19014,9494,9520,18503,9229,9274,7698,4050,3648,5259,2727,2532,6722,3392,3330,4872,2186,2686,1085,556,529,1144,588,556,1248,616,632,1219,629,590,1220,694,526,1182,618,564,1280,667,613,1265,662,603,1532,780,752,1628,812,816,1729,895,834,1717,871,846,1648,814,834,1535,707,828,1236,591,645,915,427,488,652,267,385,534,194,340,45.6,44.2,46.9
050,51,169,Virginia,Scott County,7,22521,11264,11257,1023,533,490,2119,1065,1054,1051,506,545,1601,885,716,18847,9406,9441,18328,9160,9168,7542,3954,3588,5146,2692,2454,6632,3347,3285,4949,2236,2713,1023,533,490,1155,582,573,1220,612,608,1201,594,607,1195,668,527,1176,630,546,1249,651,598,1243,659,584,1478,752,726,1576,775,801,1711,889,822,1728,880,848,1617,803,814,1557,723,834,1249,598,651,956,449,507,629,261,368,558,205,353,46.1,44.7,47.3
050,51,169,Virginia,Scott County,8,22298,11176,11122,959,493,466,2138,1081,1057,1047,501,546,1528,839,689,18698,9351,9347,18154,9101,9053,7388,3887,3501,5063,2666,2397,6544,3319,3225,5019,2277,2742,959,493,466,1198,599,599,1190,601,589,1184,590,594,1141,631,510,1177,629,548,1231,655,576,1237,645,592,1418,737,681,1525,751,774,1690,866,824,1687,869,818,1642,833,809,1560,712,848,1263,629,634,963,434,529,645,277,368,588,225,363,46.4,45.1,47.6
050,51,169,Virginia,Scott County,9,22070,11071,10999,915,474,441,2079,1052,1027,1020,492,528,1504,810,694,18584,9307,9277,18056,9053,9003,7243,3785,3458,4963,2607,2356,6522,3308,3214,5067,2328,2739,915,474,441,1150,567,583,1173,609,564,1169,562,607,1111,616,495,1190,639,551,1200,632,568,1239,657,582,1334,679,655,1502,757,745,1653,841,812,1692,861,831,1675,849,826,1542,710,832,1279,644,635,988,451,537,670,304,366,588,219,369,46.9,45.6,48.1
050,51,169,Virginia,Scott County,10,21897,10990,10907,914,498,416,2059,1025,1034,971,474,497,1486,788,698,18461,9243,9218,17953,8993,8960,7065,3702,3363,4833,2548,2285,6480,3279,3201,5154,2378,2776,914,498,416,1136,552,584,1148,581,567,1147,561,586,1085,593,492,1175,637,538,1166,603,563,1239,642,597,1253,666,587,1511,757,754,1580,816,764,1706,864,842,1683,842,841,1537,737,800,1349,648,701,982,458,524,688,307,381,598,228,370,47.3,46.1,48.6
050,51,169,Virginia,Scott County,11,21631,10862,10769,878,467,411,2007,1008,999,950,471,479,1443,776,667,18284,9158,9126,17796,8916,8880,6926,3655,3271,4767,2525,2242,6335,3201,3134,5251,2414,2837,878,467,411,1094,552,542,1147,573,574,1112,560,552,1047,570,477,1161,636,525,1157,605,552,1207,616,591,1242,668,574,1435,721,714,1555,787,768,1694,864,830,1651,829,822,1552,759,793,1366,615,751,1024,490,534,690,313,377,619,237,382,47.7,46.3,49.2
050,51,169,Virginia,Scott County,12,21578,10835,10743,859,454,405,2022,1000,1022,927,477,450,1439,760,679,18238,9137,9101,17770,8904,8866,6836,3605,3231,4692,2490,2202,6244,3157,3087,5395,2497,2898,859,454,405,1069,530,539,1175,592,583,1073,549,524,1071,566,505,1144,630,514,1148,604,544,1180,596,584,1220,660,560,1405,717,688,1529,757,772,1661,860,801,1649,823,826,1545,767,778,1407,632,775,1055,507,548,743,339,404,645,252,393,48.1,46.7,49.5
050,51,169,Virginia,Scott County,13,21615,10883,10732,854,451,403,2004,995,1009,947,490,457,1449,771,678,18285,9181,9104,17810,8947,8863,6868,3638,3230,4715,2508,2207,6131,3105,3026,5515,2563,2952,854,451,403,1052,523,529,1195,603,592,1078,556,522,1075,574,501,1135,634,501,1159,616,543,1177,594,583,1244,664,580,1366,706,660,1492,741,751,1658,846,812,1615,812,803,1574,782,792,1432,642,790,1093,540,553,754,332,422,662,267,395,48.2,46.7,49.7
050,51,169,Virginia,Scott County,14,21629,10907,10722,856,449,407,2002,995,1007,952,493,459,1448,774,674,18296,9205,9091,17819,8970,8849,6873,3651,3222,4724,2517,2207,6107,3099,3008,5540,2580,2960,856,449,407,1048,522,526,1205,606,599,1076,558,518,1073,576,497,1129,633,496,1165,622,543,1177,594,583,1253,668,585,1358,705,653,1486,740,746,1655,843,812,1608,811,797,1585,789,796,1439,645,794,1099,548,551,755,329,426,662,269,393,48.2,46.7,49.7
050,51,171,Virginia,Shenandoah County,1,41993,20529,21464,2475,1256,1219,4564,2293,2271,2190,1144,1046,3082,1581,1501,33850,16395,17455,32764,15836,16928,14536,7327,7209,9794,4866,4928,12120,6024,6096,7768,3365,4403,2475,1256,1219,2496,1254,1242,2598,1303,1295,2630,1406,1224,2112,1055,1057,2273,1140,1133,2146,1081,1065,2490,1216,1274,2885,1429,1456,3152,1580,1572,3165,1546,1619,2981,1495,1486,2822,1403,1419,2420,1137,1283,1848,848,1000,1418,659,759,1051,391,660,1031,330,701,43.1,41.9,44.2
050,51,171,Virginia,Shenandoah County,2,41991,20530,21461,2473,1256,1217,4563,2293,2270,2190,1144,1046,3084,1582,1502,33851,16396,17455,32765,15837,16928,14537,7328,7209,9793,4866,4927,12120,6024,6096,7768,3365,4403,2473,1256,1217,2495,1254,1241,2598,1303,1295,2630,1406,1224,2114,1056,1058,2274,1141,1133,2144,1080,1064,2490,1216,1274,2885,1429,1456,3152,1580,1572,3165,1546,1619,2981,1495,1486,2822,1403,1419,2420,1137,1283,1848,848,1000,1418,659,759,1051,391,660,1031,330,701,43.1,41.9,44.2
050,51,171,Virginia,Shenandoah County,3,42048,20549,21499,2483,1254,1229,4555,2298,2257,2189,1136,1053,3106,1585,1521,33914,16427,17487,32821,15861,16960,14527,7315,7212,9764,4856,4908,12141,6033,6108,7810,3387,4423,2483,1254,1229,2490,1253,1237,2597,1307,1290,2608,1387,1221,2155,1072,1083,2284,1144,1140,2155,1089,1066,2451,1199,1252,2874,1424,1450,3147,1579,1568,3173,1554,1619,3006,1509,1497,2815,1391,1424,2443,1145,1298,1871,866,1005,1412,653,759,1052,395,657,1032,328,704,43.2,42.0,44.3
050,51,171,Virginia,Shenandoah County,4,42266,20623,21643,2421,1218,1203,4621,2346,2275,2218,1116,1102,3106,1590,1516,34159,16541,17618,33006,15943,17063,14460,7248,7212,9673,4801,4872,12241,6057,6184,7986,3495,4491,2421,1218,1203,2524,1261,1263,2634,1344,1290,2568,1334,1234,2219,1113,1106,2236,1110,1126,2233,1134,1099,2298,1114,1184,2906,1443,1463,3160,1575,1585,3152,1557,1595,3044,1531,1513,2885,1394,1491,2487,1172,1315,1965,928,1037,1425,653,772,1058,409,649,1051,333,718,43.4,42.3,44.5
050,51,171,Virginia,Shenandoah County,5,42532,20786,21746,2394,1191,1203,4655,2392,2263,2158,1079,1079,3159,1645,1514,34442,16696,17746,33325,16124,17201,14485,7260,7225,9671,4786,4885,12269,6067,6202,8226,3626,4600,2394,1191,1203,2544,1302,1242,2614,1340,1274,2548,1303,1245,2266,1171,1095,2303,1128,1175,2330,1187,1143,2198,1076,1122,2840,1395,1445,3135,1555,1580,3153,1562,1591,3124,1550,1574,2857,1400,1457,2595,1236,1359,2026,948,1078,1465,664,801,1062,423,639,1078,355,723,43.6,42.5,44.8
050,51,171,Virginia,Shenandoah County,6,42514,20787,21727,2396,1189,1207,4600,2356,2244,2142,1068,1074,3112,1622,1490,34435,16685,17750,33376,16174,17202,14339,7218,7121,9661,4831,4830,12176,6017,6159,8427,3704,4723,2396,1189,1207,2516,1287,1229,2660,1372,1288,2446,1239,1207,2232,1148,1084,2373,1173,1200,2357,1194,1163,2213,1129,1084,2718,1335,1383,3024,1511,1513,3183,1575,1608,3111,1513,1598,2858,1418,1440,2660,1250,1410,2077,969,1108,1520,681,839,1065,451,614,1105,353,752,43.9,42.7,45.1
050,51,171,Virginia,Shenandoah County,7,42737,20865,21872,2424,1197,1227,4580,2354,2226,2161,1088,1073,3195,1632,1563,34622,16728,17894,33572,16226,17346,14365,7213,7152,9549,4775,4774,12212,6008,6204,8616,3811,4805,2424,1197,1227,2501,1284,1217,2619,1352,1267,2467,1248,1219,2349,1190,1159,2324,1175,1149,2393,1174,1219,2201,1126,1075,2631,1300,1331,2972,1466,1506,3230,1598,1632,3119,1501,1618,2891,1443,1448,2696,1274,1422,2153,1000,1153,1593,728,865,1087,474,613,1087,335,752,44.1,42.9,45.3
050,51,171,Virginia,Shenandoah County,8,42863,20954,21909,2393,1204,1189,4559,2310,2249,2162,1112,1050,3197,1596,1601,34843,16879,17964,33749,16328,17421,14407,7245,7162,9579,4816,4763,12206,6002,6204,8767,3914,4853,2393,1204,1189,2531,1288,1243,2559,1301,1258,2446,1234,1212,2382,1195,1187,2433,1250,1183,2380,1192,1188,2244,1128,1116,2522,1246,1276,2924,1447,1477,3220,1597,1623,3133,1519,1614,2929,1439,1490,2723,1327,1396,2251,1025,1226,1619,739,880,1086,467,619,1088,356,732,44.2,43.1,45.3
050,51,171,Virginia,Shenandoah County,9,42962,21052,21910,2416,1235,1181,4568,2313,2255,2187,1125,1062,3136,1563,1573,34912,16963,17949,33791,16379,17412,14309,7207,7102,9523,4785,4738,12200,6027,6173,8932,4004,4928,2416,1235,1181,2523,1255,1268,2582,1324,1258,2462,1275,1187,2324,1147,1177,2471,1285,1186,2316,1156,1160,2342,1162,1180,2394,1182,1212,2915,1436,1479,3142,1582,1560,3157,1540,1617,2986,1469,1517,2792,1341,1451,2285,1056,1229,1713,795,918,1069,463,606,1073,349,724,44.4,43.1,45.5
050,51,171,Virginia,Shenandoah County,10,43319,21238,22081,2425,1236,1189,4586,2323,2263,2158,1108,1050,3082,1518,1564,35224,17119,18105,34150,16571,17579,14378,7209,7169,9683,4871,4812,12179,6026,6153,9206,4156,5050,2425,1236,1189,2533,1274,1259,2598,1337,1261,2448,1254,1194,2247,1084,1163,2560,1325,1235,2364,1178,1186,2466,1252,1214,2293,1116,1177,2894,1439,1455,3072,1544,1528,3150,1540,1610,3063,1503,1560,2810,1355,1455,2422,1125,1297,1757,805,952,1116,505,611,1101,366,735,44.4,43.1,45.6
050,51,171,Virginia,Shenandoah County,11,43464,21329,22135,2439,1240,1199,4602,2336,2266,2168,1101,1067,3047,1528,1519,35329,17195,18134,34255,16652,17603,14445,7245,7200,9762,4883,4879,12050,5936,6114,9396,4305,5091,2439,1240,1199,2515,1267,1248,2619,1336,1283,2495,1280,1215,2188,1082,1106,2520,1244,1276,2426,1208,1218,2563,1315,1248,2253,1116,1137,2776,1404,1372,2993,1495,1498,3180,1549,1631,3101,1488,1613,2779,1364,1415,2505,1167,1338,1827,857,970,1166,518,648,1119,399,720,44.4,43.2,45.6
050,51,171,Virginia,Shenandoah County,12,43557,21378,22179,2409,1213,1196,4628,2332,2296,2155,1103,1052,2988,1467,1521,35485,17302,18183,34365,16730,17635,14484,7278,7206,9839,4966,4873,11970,5885,6085,9568,4412,5156,2409,1213,1196,2539,1254,1285,2587,1336,1251,2482,1278,1204,2163,1034,1129,2527,1262,1265,2450,1238,1212,2553,1289,1264,2309,1177,1132,2692,1339,1353,2946,1462,1484,3236,1593,1643,3096,1491,1605,2837,1412,1425,2510,1174,1336,1887,869,1018,1230,558,672,1104,399,705,44.5,43.4,45.6
050,51,171,Virginia,Shenandoah County,13,43853,21521,22332,2473,1256,1217,4594,2302,2292,2143,1110,1033,3059,1488,1571,35753,17423,18330,34643,16853,17790,14622,7342,7280,9942,5018,4924,11865,5847,6018,9777,4500,5277,2473,1256,1217,2497,1239,1258,2619,1337,1282,2471,1281,1190,2209,1043,1166,2569,1291,1278,2485,1275,1210,2538,1270,1268,2350,1182,1168,2578,1298,1280,2926,1446,1480,3223,1598,1625,3138,1505,1633,2928,1433,1495,2530,1216,1314,1956,879,1077,1243,562,681,1120,410,710,44.4,43.2,45.6
050,51,171,Virginia,Shenandoah County,14,43905,21546,22359,2486,1269,1217,4571,2287,2284,2137,1113,1024,3078,1492,1586,35815,17447,18368,34711,16877,17834,14662,7362,7300,9978,5037,4941,11841,5832,6009,9814,4516,5298,2486,1269,1217,2478,1234,1244,2624,1333,1291,2463,1281,1182,2221,1044,1177,2578,1297,1281,2496,1287,1209,2538,1266,1272,2366,1187,1179,2546,1285,1261,2927,1443,1484,3219,1598,1621,3149,1506,1643,2957,1441,1516,2530,1226,1304,1968,879,1089,1241,560,681,1118,410,708,44.3,43.1,45.6
050,51,173,Virginia,Smyth County,1,32208,15705,16503,1753,935,818,3332,1724,1608,1632,839,793,2581,1254,1327,26353,12640,13713,25491,12207,13284,11510,5698,5812,7682,3809,3873,9382,4613,4769,5846,2531,3315,1753,935,818,1808,940,868,1909,988,921,2074,1043,1031,1754,846,908,1552,758,794,1780,913,867,2145,1046,1099,2205,1092,1113,2395,1230,1165,2400,1191,1209,2365,1133,1232,2222,1059,1163,1757,845,912,1472,705,767,1121,473,648,818,317,501,678,191,487,43.1,41.9,44.3
050,51,173,Virginia,Smyth County,2,32211,15708,16503,1751,935,816,3333,1725,1608,1632,839,793,2581,1254,1327,26357,12642,13715,25495,12209,13286,11508,5696,5812,7680,3807,3873,9383,4614,4769,5851,2534,3317,1751,935,816,1808,940,868,1910,989,921,2074,1043,1031,1754,846,908,1551,758,793,1779,912,867,2145,1046,1099,2205,1091,1114,2393,1230,1163,2399,1190,1209,2367,1134,1233,2224,1060,1164,1759,845,914,1475,708,767,1121,473,648,818,317,501,678,191,487,43.1,41.9,44.3
050,51,173,Virginia,Smyth County,3,32198,15703,16495,1718,906,812,3345,1735,1610,1610,832,778,2591,1259,1332,26371,12658,13713,25525,12230,13295,11483,5686,5797,7660,3796,3864,9398,4625,4773,5876,2550,3326,1718,906,812,1818,951,867,1905,985,920,2044,1032,1012,1779,858,921,1562,769,793,1792,909,883,2103,1029,1074,2203,1089,1114,2383,1230,1153,2401,1188,1213,2371,1142,1229,2243,1065,1178,1762,848,914,1477,711,766,1131,475,656,821,320,501,685,196,489,43.2,42.0,44.3
050,51,173,Virginia,Smyth County,4,32054,15713,16341,1679,878,801,3335,1750,1585,1537,813,724,2611,1274,1337,26294,12677,13617,25503,12272,13231,11324,5621,5703,7553,3744,3809,9441,4677,4764,5898,2577,3321,1679,878,801,1836,988,848,1876,972,904,1921,971,950,1850,906,944,1560,787,773,1809,898,911,1967,970,997,2217,1089,1128,2357,1236,1121,2383,1177,1206,2392,1174,1218,2309,1090,1219,1743,840,903,1471,708,763,1136,480,656,844,341,503,704,208,496,43.5,42.3,44.6
050,51,173,Virginia,Smyth County,5,31911,15632,16279,1597,824,773,3343,1747,1596,1539,825,714,2617,1270,1347,26191,12632,13559,25432,12236,13196,11121,5522,5599,7375,3652,3723,9343,4625,4718,6097,2689,3408,1597,824,773,1860,998,862,1893,974,919,1842,941,901,1904,929,975,1513,781,732,1774,881,893,1894,921,973,2194,1069,1125,2316,1212,1104,2370,1176,1194,2428,1197,1231,2229,1040,1189,1872,904,968,1490,719,771,1147,501,646,855,335,520,733,230,503,43.8,42.6,44.9
050,51,173,Virginia,Smyth County,6,31789,15592,16197,1542,788,754,3320,1745,1575,1521,815,706,2585,1252,1333,26145,12643,13502,25406,12244,13162,11110,5549,5561,7385,3676,3709,9230,4574,4656,6206,2742,3464,1542,788,754,1862,1005,857,1839,934,905,1816,943,873,1909,930,979,1584,813,771,1751,862,889,1827,924,903,2223,1077,1146,2255,1162,1093,2352,1183,1169,2411,1180,1231,2212,1049,1163,1909,920,989,1521,724,797,1164,520,644,853,333,520,759,245,514,43.9,42.7,45.1
050,51,173,Virginia,Smyth County,7,31593,15487,16106,1540,777,763,3252,1724,1528,1516,780,736,2524,1236,1288,26053,12616,13437,25285,12206,13079,10958,5489,5469,7284,3647,3637,9072,4487,4585,6405,2836,3569,1540,777,763,1781,942,839,1837,956,881,1789,923,866,1885,919,966,1652,859,793,1667,812,855,1777,907,870,2188,1069,1119,2203,1116,1087,2315,1173,1142,2353,1154,1199,2201,1044,1157,1983,952,1031,1575,729,846,1209,556,653,833,324,509,805,275,530,44.3,43.1,45.5
050,51,173,Virginia,Smyth County,8,31444,15511,15933,1601,812,789,3112,1652,1460,1524,783,741,2441,1237,1204,25988,12681,13307,25207,12264,12943,10783,5487,5296,7206,3668,3538,9051,4490,4561,6509,2869,3640,1601,812,789,1701,892,809,1799,961,838,1750,892,858,1827,927,900,1747,900,847,1590,797,793,1770,924,846,2099,1047,1052,2201,1102,1099,2290,1165,1125,2281,1131,1150,2279,1092,1187,2056,960,1096,1593,735,858,1182,556,626,853,328,525,825,290,535,44.6,43.3,46.0
050,51,173,Virginia,Smyth County,9,31143,15301,15842,1514,752,762,3130,1634,1496,1479,756,723,2341,1191,1150,25766,12525,13241,25020,12159,12861,10569,5373,5196,7103,3615,3488,8980,4462,4518,6596,2891,3705,1514,752,762,1667,851,816,1817,972,845,1777,901,876,1689,857,832,1794,945,849,1552,790,762,1784,889,895,1973,991,982,2202,1091,1111,2250,1175,1075,2260,1104,1156,2268,1092,1176,2087,971,1116,1591,733,858,1202,558,644,851,332,519,865,297,568,45.0,43.7,46.3
050,51,173,Virginia,Smyth County,10,30772,15122,15650,1483,747,736,3070,1591,1479,1450,738,712,2300,1174,1126,25509,12411,13098,24769,12046,12723,10331,5268,5063,6936,3538,3398,8896,4427,4469,6637,2907,3730,1483,747,736,1614,820,794,1811,953,858,1764,897,867,1631,833,798,1864,983,881,1489,786,703,1719,858,861,1864,911,953,2167,1069,1098,2249,1161,1088,2228,1106,1122,2252,1091,1161,1999,926,1073,1681,774,907,1221,557,664,856,347,509,880,303,577,45.3,43.8,46.7
050,51,173,Virginia,Smyth County,11,30509,14977,15532,1415,698,717,2978,1532,1446,1499,791,708,2234,1124,1110,25372,12354,13018,24617,11956,12661,10241,5248,4993,6888,3540,3348,8756,4339,4417,6739,2953,3786,1415,698,717,1552,772,780,1806,967,839,1739,871,868,1614,837,777,1878,989,889,1544,824,720,1667,808,859,1799,919,880,2159,1043,1116,2149,1090,1059,2228,1123,1105,2220,1083,1137,1992,925,1067,1708,787,921,1252,564,688,894,366,528,893,311,582,45.6,44.0,47.0
050,51,173,Virginia,Smyth County,12,30182,14754,15428,1393,682,711,2923,1491,1432,1435,758,677,2246,1141,1105,25153,12194,12959,24431,11823,12608,10075,5168,4907,6740,3457,3283,8608,4226,4382,6837,2999,3838,1393,682,711,1530,754,776,1739,925,814,1730,866,864,1605,845,760,1816,916,900,1594,881,713,1593,779,814,1737,881,856,2112,1015,1097,2113,1049,1064,2208,1120,1088,2175,1042,1133,2009,939,1070,1741,807,934,1287,561,726,889,377,512,911,315,596,45.9,44.1,47.4
050,51,173,Virginia,Smyth County,13,30120,14714,15406,1370,675,695,2907,1482,1425,1455,771,684,2225,1128,1097,25111,12157,12954,24388,11786,12602,10022,5151,4871,6724,3461,3263,8482,4147,4335,6957,3050,3907,1370,675,695,1556,785,771,1733,906,827,1719,873,846,1579,817,762,1807,920,887,1672,899,773,1534,763,771,1711,879,832,2044,987,1057,2129,1037,1092,2193,1114,1079,2116,1009,1107,2068,964,1104,1812,827,985,1282,555,727,885,389,496,910,315,595,46.0,44.1,47.6
050,51,173,Virginia,Smyth County,14,30090,14696,15394,1364,672,692,2900,1479,1421,1464,777,687,2210,1116,1094,25085,12139,12946,24362,11768,12594,9999,5141,4858,6720,3464,3256,8450,4125,4325,6982,3063,3919,1364,672,692,1564,795,769,1731,900,831,1712,874,838,1567,803,764,1802,919,883,1696,903,793,1517,761,756,1705,881,824,2027,980,1047,2138,1036,1102,2190,1113,1077,2095,996,1099,2089,975,1114,1832,834,998,1276,549,727,882,392,490,903,313,590,46.1,44.1,47.7
050,51,175,Virginia,Southampton County,1,18570,9666,8904,946,503,443,1972,986,986,1000,517,483,1350,735,615,15175,7917,7258,14652,7660,6992,6327,3229,3098,4208,2101,2107,6266,3515,2751,2828,1309,1519,946,503,443,1086,540,546,1117,570,547,1194,625,569,925,503,422,904,449,455,926,465,461,1079,548,531,1299,639,660,1802,1021,781,1784,1021,763,1476,820,656,1204,653,551,919,461,458,744,363,381,505,239,266,332,144,188,328,102,226,44.3,44.9,43.8
050,51,175,Virginia,Southampton County,2,18573,9668,8905,946,503,443,1972,986,986,1000,517,483,1350,736,614,15178,7919,7259,14655,7662,6993,6327,3230,3097,4208,2101,2107,6269,3516,2753,2828,1309,1519,946,503,443,1086,540,546,1117,570,547,1194,625,569,925,504,421,903,448,455,926,465,461,1079,548,531,1300,640,660,1804,1022,782,1783,1020,763,1478,821,657,1204,653,551,918,461,457,744,363,381,506,239,267,332,144,188,328,102,226,44.3,44.9,43.8
050,51,175,Virginia,Southampton County,3,18642,9739,8903,942,501,441,1965,990,975,994,511,483,1356,736,620,15262,7996,7266,14741,7737,7004,6327,3241,3086,4208,2113,2095,6334,3568,2766,2843,1320,1523,942,501,441,1089,545,544,1107,564,543,1185,621,564,934,507,427,905,451,454,929,463,466,1078,555,523,1296,644,652,1803,1020,783,1812,1041,771,1501,840,661,1218,667,551,929,468,461,736,359,377,513,244,269,338,146,192,327,103,224,44.5,45.1,44.0
050,51,175,Virginia,Southampton County,4,18638,9745,8893,958,509,449,1911,980,931,950,461,489,1419,765,654,15323,8043,7280,14819,7795,7024,6268,3209,3059,4115,2082,2033,6352,3570,2782,2933,1378,1555,958,509,449,1046,543,503,1081,536,545,1136,581,555,1017,546,471,905,446,459,948,476,472,1037,533,504,1225,627,598,1741,968,773,1828,1059,769,1538,864,674,1245,679,566,971,502,469,727,356,371,544,260,284,372,157,215,319,103,216,44.9,45.5,44.2
050,51,175,Virginia,Southampton County,5,18506,9667,8839,927,474,453,1915,994,921,893,446,447,1415,743,672,15242,7991,7251,14771,7753,7018,6142,3155,2987,4043,2071,1972,6300,3518,2782,3013,1421,1592,927,474,453,1026,549,477,1098,550,548,1090,552,538,1009,532,477,933,477,456,926,459,467,998,501,497,1186,634,552,1653,896,757,1810,1067,743,1593,879,714,1244,676,568,1021,552,469,733,345,388,560,266,294,378,157,221,321,101,220,45.2,45.8,44.6
050,51,175,Virginia,Southampton County,6,18330,9578,8752,879,467,412,1904,940,964,880,441,439,1403,747,656,15094,7938,7156,14667,7730,6937,6007,3101,2906,3963,2039,1924,6207,3476,2731,3094,1468,1626,879,467,412,1024,529,495,1119,537,582,1044,534,510,1000,528,472,914,495,419,918,453,465,970,490,480,1161,601,560,1520,829,691,1829,1068,761,1610,898,712,1248,681,567,1039,563,476,777,360,417,573,278,295,358,150,208,347,117,230,45.6,46.1,44.8
050,51,175,Virginia,Southampton County,7,18224,9513,8711,840,440,400,1856,916,940,871,440,431,1380,736,644,15073,7928,7145,14657,7717,6940,5933,3063,2870,3901,1993,1908,6186,3477,2709,3190,1511,1679,840,440,400,999,511,488,1076,511,565,1029,538,491,1003,532,471,931,502,429,908,436,472,944,476,468,1118,579,539,1457,819,638,1794,1041,753,1632,911,721,1303,706,597,1056,562,494,811,388,423,608,290,318,355,147,208,360,124,236,46.1,46.6,45.3
050,51,175,Virginia,Southampton County,8,18139,9422,8717,836,428,408,1825,887,938,848,423,425,1311,683,628,15073,7913,7160,14630,7684,6946,5804,3000,2804,3838,1982,1856,6170,3449,2721,3311,1570,1741,836,428,408,962,480,482,1056,495,561,992,506,486,974,512,462,936,519,417,913,445,468,931,469,462,1058,549,509,1422,809,613,1731,1004,727,1660,927,733,1357,709,648,1094,588,506,839,401,438,607,285,322,384,168,216,387,128,259,46.6,47.0,45.8
050,51,175,Virginia,Southampton County,9,18090,9415,8675,864,450,414,1771,890,881,865,421,444,1256,653,603,15035,7886,7149,14590,7654,6936,5729,2949,2780,3831,1975,1856,6095,3416,2679,3408,1610,1798,864,450,414,961,496,465,1033,494,539,978,499,479,920,475,445,965,525,440,924,458,466,928,476,452,1014,516,498,1402,816,586,1659,934,725,1637,927,710,1397,739,658,1141,599,542,842,414,428,613,283,330,412,184,228,400,130,270,46.8,47.2,46.2
050,51,175,Virginia,Southampton County,10,17866,9285,8581,837,437,400,1726,898,828,846,398,448,1257,665,592,14865,7756,7109,14457,7552,6905,5656,2906,2750,3766,1938,1828,5946,3300,2646,3488,1649,1839,837,437,400,924,477,447,1015,516,499,976,482,494,914,486,428,941,495,446,924,469,455,938,484,454,963,490,473,1333,780,553,1581,862,719,1605,918,687,1427,740,687,1143,591,552,883,445,438,638,287,351,423,185,238,401,141,260,47.0,47.3,46.7
050,51,175,Virginia,Southampton County,11,17757,9245,8512,813,415,398,1724,894,830,839,397,442,1194,641,553,14801,7733,7068,14381,7539,6842,5624,2891,2733,3800,1963,1837,5839,3257,2582,3548,1678,1870,813,415,398,911,471,440,1022,533,489,973,476,497,851,452,399,998,523,475,919,482,437,928,459,469,955,499,456,1309,759,550,1479,820,659,1617,912,705,1434,766,668,1122,578,544,915,465,450,679,301,378,449,202,247,383,132,251,47.2,47.4,46.9
050,51,175,Virginia,Southampton County,12,17797,9223,8574,837,410,427,1693,871,822,868,423,445,1171,619,552,14835,7713,7122,14399,7519,6880,5643,2892,2751,3823,1970,1853,5720,3187,2533,3685,1743,1942,837,410,427,919,468,451,993,523,470,968,468,500,852,454,398,1020,540,480,931,482,449,949,462,487,923,486,437,1270,735,535,1432,815,617,1603,881,722,1415,756,659,1189,623,566,940,460,480,696,325,371,469,204,265,391,131,260,47.3,47.5,47.0
050,51,175,Virginia,Southampton County,13,17687,9170,8517,839,430,409,1675,865,810,821,419,402,1150,597,553,14776,7662,7114,14352,7456,6896,5597,2874,2723,3814,1959,1855,5621,3131,2490,3767,1769,1998,839,430,409,887,453,434,976,513,463,961,482,479,822,433,389,999,519,480,945,494,451,956,470,486,914,476,438,1227,713,514,1415,799,616,1534,851,683,1445,768,677,1213,618,595,970,481,489,698,325,373,464,200,264,422,145,277,47.5,47.6,47.4
050,51,175,Virginia,Southampton County,14,17636,9146,8490,842,439,403,1669,864,805,809,419,390,1142,588,554,14736,7633,7103,14316,7424,6892,5583,2868,2715,3811,1956,1855,5585,3110,2475,3778,1770,2008,842,439,403,874,449,425,974,510,464,958,487,471,814,425,389,991,513,478,952,499,453,956,470,486,912,474,438,1214,706,508,1409,793,616,1514,841,673,1448,770,678,1223,617,606,972,486,486,694,322,372,461,197,264,428,148,280,47.5,47.5,47.5
050,51,177,Virginia,Spotsylvania County,1,122397,59925,62472,8248,4227,4021,17316,8804,8512,8479,4328,4151,10111,5186,4925,92666,44745,47921,88354,42566,45788,49694,24456,25238,33090,15987,17103,33039,16061,16978,12114,5332,6782,8248,4227,4021,9368,4724,4644,9934,5125,4809,9750,4999,4751,6854,3470,3384,7260,3541,3719,7538,3654,3884,8525,4086,4439,9767,4706,5061,10417,5073,5344,9092,4465,4627,7308,3565,3743,6222,2958,3264,4216,2010,2206,3013,1401,1612,2102,946,1156,1459,563,896,1324,412,912,36.4,35.3,37.5
050,51,177,Virginia,Spotsylvania County,2,122455,59965,62490,8255,4232,4023,17323,8810,8513,8481,4331,4150,10126,5195,4931,92707,44773,47934,88396,42592,45804,49720,24477,25243,33100,15996,17104,33052,16068,16984,12118,5333,6785,8255,4232,4023,9375,4726,4649,9935,5129,4806,9756,5005,4751,6864,3476,3388,7267,3547,3720,7546,3656,3890,8518,4084,4434,9769,4709,5060,10422,5078,5344,9097,4465,4632,7311,3566,3745,6222,2959,3263,4217,2011,2206,3014,1401,1613,2103,946,1157,1460,563,897,1324,412,912,36.4,35.3,37.5
050,51,177,Virginia,Spotsylvania County,3,122981,60232,62749,8248,4217,4031,17284,8806,8478,8429,4288,4141,10283,5277,5006,93318,45085,48233,89020,42921,46099,49852,24552,25300,33130,16020,17110,33332,16210,17122,12275,5414,6861,8248,4217,4031,9333,4723,4610,9941,5116,4825,9746,5013,4733,6976,3519,3457,7306,3581,3725,7586,3687,3899,8474,4057,4417,9764,4695,5069,10466,5106,5360,9163,4488,4675,7394,3618,3776,6309,2998,3311,4275,2043,2232,3040,1411,1629,2130,961,1169,1477,577,900,1353,422,931,36.5,35.3,37.6
050,51,177,Virginia,Spotsylvania County,4,124557,61076,63481,8186,4187,3999,17261,8812,8449,8159,4140,4019,10734,5502,5232,95139,46047,49092,90951,43937,47014,49909,24608,25301,33006,15972,17034,34318,16741,17577,12893,5722,7171,8186,4187,3999,9286,4690,4596,9965,5128,4837,9569,4965,4604,7334,3671,3663,7508,3672,3836,7793,3810,3983,8070,3882,4188,9635,4608,5027,10469,5152,5317,9502,4623,4879,7681,3801,3880,6666,3165,3501,4502,2157,2345,3152,1458,1694,2252,1019,1233,1536,620,916,1451,468,983,36.7,35.6,37.8
050,51,177,Virginia,Spotsylvania County,5,125867,61720,64147,8203,4205,3998,17185,8765,8420,8088,4159,3929,10971,5571,5400,96467,46685,49782,92391,44591,47800,49968,24680,25288,32933,16007,16926,34656,16887,17769,13831,6126,7705,8203,4205,3998,9288,4675,4613,9921,5147,4774,9390,4818,4572,7645,3855,3790,7475,3645,3830,7954,3899,4055,8047,3930,4117,9457,4533,4924,10375,4989,5386,9741,4790,4951,7953,3941,4012,6587,3167,3420,5083,2381,2702,3345,1553,1792,2325,1052,1273,1569,650,919,1509,490,1019,36.9,35.8,38.0
050,51,177,Virginia,Spotsylvania County,6,127449,62562,64887,8093,4185,3908,17128,8702,8426,8024,4123,3901,11318,5767,5551,98180,47575,50605,94204,45552,48652,50328,24946,25382,33000,16093,16907,35075,17094,17981,14811,6598,8213,8093,4185,3908,9253,4672,4581,9889,5067,4822,9317,4783,4534,8011,4070,3941,7664,3711,3953,8068,3993,4075,8048,3970,4078,9220,4419,4801,10131,4873,5258,9973,4884,5089,8345,4149,4196,6626,3188,3438,5493,2564,2929,3684,1717,1967,2439,1106,1333,1614,687,927,1581,524,1057,37.1,36.0,38.2
050,51,177,Virginia,Spotsylvania County,7,128881,63373,65508,8115,4194,3921,17046,8692,8354,8065,4168,3897,11362,5821,5541,99666,48389,51277,95655,46319,49336,50545,25155,25390,33146,16219,16927,35454,17287,18167,15693,6992,8701,8115,4194,3921,9166,4671,4495,9908,5074,4834,9228,4778,4450,8171,4158,4013,7817,3805,4012,8201,4036,4165,8147,4032,4115,8981,4346,4635,9840,4749,5091,10162,4990,5172,8594,4231,4363,6858,3317,3541,5840,2710,3130,3935,1807,2128,2574,1186,1388,1680,731,949,1664,558,1106,37.4,36.2,38.5
050,51,177,Virginia,Spotsylvania County,8,130042,63891,66151,8187,4176,4011,16880,8561,8319,8062,4185,3877,11245,5746,5499,100959,49079,51880,96913,46969,49944,50357,25157,25200,33022,16240,16782,36080,17596,18484,16566,7387,9179,8187,4176,4011,9025,4605,4420,9827,4970,4857,9184,4784,4400,8151,4133,4018,8028,4044,3984,8179,3964,4215,8192,4027,4165,8623,4205,4418,9727,4689,5038,10230,5047,5183,8895,4374,4521,7228,3486,3742,6169,2875,3294,4197,1932,2265,2713,1235,1478,1786,779,1007,1701,566,1135,37.7,36.5,38.8
050,51,177,Virginia,Spotsylvania County,9,131401,64625,66776,8328,4252,4076,16831,8564,8267,8114,4203,3911,11145,5737,5408,102173,49700,52473,98128,47606,50522,50349,25178,25171,33158,16316,16842,36397,17747,18650,17428,7806,9622,8328,4252,4076,9043,4617,4426,9856,5025,4831,9170,4791,4379,8021,4071,3950,8155,4056,4099,8229,4029,4200,8421,4159,4262,8353,4072,4281,9598,4597,5001,10216,5064,5152,9079,4421,4658,7504,3665,3839,6440,2993,3447,4455,2080,2375,2814,1262,1552,1883,831,1052,1836,640,1196,37.9,36.7,39.0
050,51,177,Virginia,Spotsylvania County,10,132889,65260,67629,8240,4195,4045,16771,8543,8228,8191,4214,3977,11219,5773,5446,103744,50405,53339,99687,48308,51379,50784,25421,25363,33433,16474,16959,36768,17862,18906,18267,8199,10068,8240,4195,4045,8909,4574,4335,9921,5009,4912,9313,4888,4425,8038,4059,3979,8439,4245,4194,8130,3945,4185,8644,4258,4386,8220,4026,4194,9456,4564,4892,10170,4952,5218,9366,4600,4766,7776,3746,4030,6385,2997,3388,4992,2281,2711,3014,1360,1654,1922,865,1057,1954,696,1258,38.1,37.0,39.3
050,51,177,Virginia,Spotsylvania County,11,134227,65932,68295,8309,4224,4085,16860,8633,8227,8161,4164,3997,11169,5735,5434,105006,51039,53967,100897,48911,51986,51251,25681,25570,33886,16771,17115,36800,17877,18923,19042,8528,10514,8309,4224,4085,8885,4621,4264,9940,5001,4939,9387,4877,4510,7978,4033,3945,8412,4285,4127,8362,4029,4333,8748,4368,4380,8364,4089,4275,9264,4501,4763,9833,4769,5064,9608,4706,4902,8095,3901,4194,6352,2980,3372,5315,2408,2907,3370,1507,1863,1996,909,1087,2009,724,1285,38.3,37.1,39.5
050,51,177,Virginia,Spotsylvania County,12,136447,67088,69359,8419,4329,4090,16964,8685,8279,8220,4159,4061,11240,5823,5417,107014,52037,54977,102844,49915,52929,52255,26192,26063,34842,17243,17599,36848,17952,18896,19914,8897,11017,8419,4329,4090,9055,4638,4417,9956,5080,4876,9375,4838,4537,8038,4111,3927,8614,4388,4226,8703,4205,4498,9014,4463,4551,8511,4187,4324,9020,4408,4612,9723,4723,5000,9774,4768,5006,8331,4053,4278,6578,3096,3482,5584,2522,3062,3612,1594,2018,2075,918,1157,2065,767,1298,38.4,37.3,39.5
050,51,177,Virginia,Spotsylvania County,13,138009,67846,70163,8414,4298,4116,17209,8804,8405,8153,4145,4008,11353,5899,5454,108331,52664,55667,104233,50599,53634,53002,26583,26419,35490,17581,17909,36804,17923,18881,20586,9196,11390,8414,4298,4116,9270,4737,4533,9933,5109,4824,9389,4823,4566,8123,4179,3944,8787,4434,4353,8889,4354,4535,9070,4462,4608,8744,4331,4413,8874,4331,4543,9617,4661,4956,9796,4814,4982,8517,4117,4400,6800,3199,3601,5753,2600,3153,3748,1664,2084,2144,927,1217,2141,806,1335,38.5,37.3,39.6
050,51,177,Virginia,Spotsylvania County,14,138449,68049,70400,8404,4282,4122,17263,8828,8435,8136,4144,3992,11371,5912,5459,108723,52843,55880,104646,50795,53851,53252,26714,26538,35721,17702,18019,36798,17912,18886,20756,9269,11487,8404,4282,4122,9323,4761,4562,9916,5111,4805,9389,4817,4572,8142,4195,3947,8839,4449,4390,8958,4406,4552,9099,4466,4633,8825,4381,4444,8833,4312,4521,9595,4644,4951,9800,4824,4976,8570,4132,4438,6874,3233,3641,5791,2620,3171,3774,1676,2098,2166,927,1239,2151,813,1338,38.5,37.4,39.6
050,51,179,Virginia,Stafford County,1,128961,64822,64139,8719,4465,4254,18794,9530,9264,9684,4908,4776,12045,6738,5307,96694,48454,48240,91764,45919,45845,55096,28196,26900,35728,17725,18003,34527,17212,17315,9464,4244,5220,8719,4465,4254,10038,5076,4962,11117,5629,5488,10758,5570,5188,8610,4901,3709,8148,4388,3760,7773,3827,3946,8871,4304,4567,10936,5206,5730,12136,5952,6184,9840,5005,4835,7107,3548,3559,5444,2707,2737,3648,1741,1907,2256,1066,1190,1593,704,889,1077,457,620,890,276,614,34.6,33.0,35.9
050,51,179,Virginia,Stafford County,2,128993,64838,64155,8720,4466,4254,18797,9531,9266,9685,4909,4776,12049,6739,5310,96722,48468,48254,91791,45932,45859,55108,28202,26906,35735,17729,18006,34542,17219,17323,9465,4245,5220,8720,4466,4254,10039,5077,4962,11119,5629,5490,10761,5572,5189,8612,4901,3711,8150,4389,3761,7777,3830,3947,8871,4304,4567,10937,5206,5731,12138,5952,6186,9844,5007,4837,7112,3551,3561,5448,2709,2739,3648,1741,1907,2257,1067,1190,1593,704,889,1077,457,620,890,276,614,34.6,33.0,35.9
050,51,179,Virginia,Stafford County,3,129857,65337,64520,8768,4487,4281,18819,9556,9263,9666,4892,4774,12262,6870,5392,97537,48923,48614,92604,46402,46202,55470,28454,27016,35878,17861,18017,34894,17381,17513,9570,4290,5280,8768,4487,4281,10059,5096,4963,11096,5629,5467,10885,5634,5251,8707,4959,3748,8266,4452,3814,7883,3910,3973,8848,4301,4547,10881,5198,5683,12207,5982,6225,9944,5048,4896,7205,3600,3605,5538,2751,2787,3687,1758,1929,2302,1087,1215,1601,705,896,1083,462,621,897,278,619,34.5,33.0,35.9
050,51,179,Virginia,Stafford County,4,132251,66512,65739,8875,4529,4346,18824,9568,9256,9682,4859,4823,12902,7290,5612,99843,50041,49802,94870,47556,47314,56224,28884,27340,35963,17905,18058,35861,17801,18060,10144,4560,5584,8875,4529,4346,10010,5074,4936,11137,5664,5473,11199,5787,5412,9062,5192,3870,8542,4564,3978,8089,4022,4067,8667,4196,4471,10665,5123,5542,12120,5899,6221,10347,5200,5147,7585,3834,3751,5809,2868,2941,3864,1862,2002,2503,1170,1333,1698,743,955,1116,481,635,963,304,659,34.5,33.0,35.9
050,51,179,Virginia,Stafford County,5,133449,66784,66665,8656,4326,4330,18732,9510,9222,9641,4878,4763,13025,7099,5926,101352,50577,50775,96420,48070,48350,56290,28753,27537,35977,17956,18021,36456,18032,18424,10962,4983,5979,8656,4326,4330,9865,5020,4845,11220,5670,5550,11229,5781,5448,9084,5016,4068,8562,4501,4061,8201,4062,4139,8681,4251,4430,10533,5142,5391,11891,5769,6122,10714,5345,5369,8022,4066,3956,5829,2852,2977,4306,2116,2190,2713,1253,1460,1758,781,977,1164,503,661,1021,330,691,34.9,33.7,36.1
050,51,179,Virginia,Stafford County,6,136034,68195,67839,8753,4358,4395,18868,9508,9360,9406,4774,4632,13585,7476,6109,103782,51969,51813,99007,49555,49452,57368,29541,27827,36614,18432,18182,37106,18325,18781,11702,5322,6380,8753,4358,4395,9922,5038,4884,11183,5611,5572,11137,5704,5433,9617,5405,4212,8833,4688,4145,8673,4369,4304,8726,4297,4429,10382,5078,5304,11605,5624,5981,11069,5496,5573,8440,4274,4166,5992,2931,3061,4565,2243,2322,2971,1367,1604,1881,813,1068,1232,531,701,1053,368,685,34.9,33.7,36.1
050,51,179,Virginia,Stafford County,7,138937,69751,69186,9051,4558,4493,19035,9686,9349,9336,4703,4633,14051,7619,6432,106280,53203,53077,101515,50804,50711,58207,29976,28231,37135,18804,18331,37819,18682,19137,12510,5699,6811,9051,4558,4493,10050,5144,4906,11300,5692,5608,11097,5688,5409,9975,5484,4491,9065,4822,4243,9077,4598,4479,8881,4366,4515,10112,5018,5094,11312,5439,5873,11390,5682,5708,8857,4454,4403,6260,3107,3153,4865,2380,2485,3228,1483,1745,2016,885,1131,1281,549,732,1120,402,718,34.9,33.8,36.1
050,51,179,Virginia,Stafford County,8,141035,70925,70110,9019,4576,4443,18969,9677,9292,9450,4748,4702,14203,7741,6462,108351,54331,54020,103597,51924,51673,58976,30388,28588,37661,19075,18586,38490,19073,19417,13243,6035,7208,9019,4576,4443,10085,5183,4902,11222,5670,5552,10968,5607,5361,10347,5706,4641,9078,4799,4279,9429,4777,4652,9185,4531,4654,9969,4968,5001,11005,5330,5675,11582,5769,5813,9248,4650,4598,6655,3324,3331,5133,2471,2662,3418,1596,1822,2157,966,1191,1336,560,776,1199,442,757,35.2,34.1,36.3
050,51,179,Virginia,Stafford County,9,143641,72472,71169,9035,4593,4442,19202,9907,9295,9388,4707,4681,14279,7847,6432,110723,55619,55104,106016,53265,52751,59913,30989,28924,38554,19587,18967,39103,19438,19665,14080,6393,7687,9035,4593,4442,10317,5350,4967,11193,5709,5484,10856,5523,5333,10503,5879,4624,9164,4870,4294,9788,4996,4792,9716,4786,4930,9886,4935,4951,10942,5367,5575,11592,5774,5818,9589,4765,4824,6980,3532,3448,5434,2578,2856,3595,1688,1907,2346,1034,1312,1415,598,817,1290,495,795,35.5,34.3,36.6
050,51,179,Virginia,Stafford County,10,146868,74104,72764,9365,4761,4604,19446,9976,9470,9644,4844,4800,14419,7871,6548,113299,56957,56342,108413,54523,53890,61298,31764,29534,39637,20278,19359,39498,19607,19891,14859,6767,8092,9365,4761,4604,10514,5363,5151,11334,5842,5492,10997,5590,5407,10664,5896,4768,9529,5162,4367,10148,5174,4974,10044,4944,5100,9916,4998,4918,10906,5379,5527,11497,5686,5811,9859,4865,4994,7236,3677,3559,5429,2595,2834,4063,1925,2138,2528,1094,1434,1521,648,873,1318,505,813,35.5,34.3,36.6
050,51,179,Virginia,Stafford County,11,149891,75554,74337,9548,4931,4617,19917,10213,9704,9581,4813,4768,14510,7888,6622,115651,58003,57648,110845,55597,55248,62584,32375,30209,40809,20830,19979,39875,19816,20059,15651,7063,8588,9548,4931,4617,10733,5472,5261,11500,5897,5603,11115,5662,5453,10660,5883,4777,9749,5203,4546,10246,5250,4996,10594,5190,5404,10220,5187,5033,10889,5415,5474,11226,5553,5673,10202,5045,5157,7558,3803,3755,5568,2644,2924,4318,2017,2301,2804,1234,1570,1563,642,921,1398,526,872,35.6,34.5,36.8
050,51,179,Virginia,Stafford County,12,153775,77845,75930,9718,5029,4689,20349,10357,9992,9650,4899,4751,15169,8425,6744,118929,60005,58924,114058,57560,56498,64627,33712,30915,42223,21659,20564,40234,20045,20189,16432,7431,9001,9718,5029,4689,10998,5562,5436,11766,6066,5700,11240,5706,5534,11164,6347,4817,10132,5503,4629,10409,5368,5041,11064,5481,5583,10618,5307,5311,10819,5449,5370,10998,5391,5607,10621,5288,5333,7796,3917,3879,5775,2748,3027,4545,2152,2393,3025,1306,1719,1645,685,960,1442,540,902,35.7,34.4,36.9
050,51,179,Virginia,Stafford County,13,156063,79055,77008,9729,5030,4699,20745,10592,10153,9851,4996,4855,15088,8368,6720,120673,60909,59764,115738,58437,57301,65590,34261,31329,43082,22141,20941,40509,20196,20313,17059,7732,9327,9729,5030,4699,11216,5668,5548,11960,6168,5792,11344,5781,5563,11164,6339,4825,10265,5594,4671,10557,5480,5077,11353,5609,5744,10907,5458,5449,10739,5441,5298,10919,5387,5532,10729,5307,5422,8122,4061,4061,5928,2833,3095,4719,2209,2510,3171,1384,1787,1758,745,1013,1483,561,922,35.8,34.5,37.0
050,51,179,Virginia,Stafford County,14,156748,79412,77336,9737,5032,4705,20846,10654,10192,9929,5036,4893,15042,8333,6709,121192,61172,60020,116236,58690,57546,65895,34437,31458,43366,22305,21061,40612,20249,20363,17216,7803,9413,9737,5032,4705,11265,5691,5574,12023,6200,5823,11370,5803,5567,11159,6329,4830,10297,5619,4678,10606,5514,5092,11465,5666,5799,10998,5506,5492,10721,5445,5276,10912,5390,5522,10764,5314,5450,8215,4100,4115,5978,2859,3119,4764,2222,2542,3202,1398,1804,1787,762,1025,1485,562,923,35.8,34.6,37.1
050,51,181,Virginia,Surry County,1,7058,3484,3574,371,215,156,717,348,369,399,214,185,573,306,267,5777,2814,2963,5571,2707,2864,2346,1178,1168,1463,706,757,2414,1205,1209,1121,490,631,371,215,156,373,182,191,433,214,219,483,271,212,400,201,199,325,156,169,316,154,162,351,167,184,471,229,242,680,332,348,676,331,345,574,289,285,484,253,231,392,180,212,269,130,139,178,70,108,159,67,92,123,43,80,45.0,44.1,45.8
050,51,181,Virginia,Surry County,2,7064,3488,3576,371,216,155,718,348,370,400,215,185,572,306,266,5782,2817,2965,5575,2709,2866,2347,1179,1168,1464,706,758,2417,1207,1210,1122,490,632,371,216,155,374,182,192,433,214,219,484,272,212,399,201,198,325,156,169,316,154,162,351,167,184,472,229,243,680,332,348,679,333,346,574,289,285,484,253,231,392,180,212,269,130,139,178,70,108,160,67,93,123,43,80,45.1,44.1,45.8
050,51,181,Virginia,Surry County,3,7045,3469,3576,373,217,156,714,348,366,393,207,186,574,304,270,5770,2805,2965,5565,2697,2868,2338,1172,1166,1461,706,755,2423,1206,1217,1107,481,626,373,217,156,372,184,188,432,209,223,477,265,212,400,201,199,329,158,171,319,154,165,343,167,176,470,227,243,676,330,346,685,335,350,573,285,288,489,256,233,388,178,210,268,129,139,173,67,106,158,66,92,120,41,79,45.1,44.0,45.8
050,51,181,Virginia,Surry County,4,6923,3414,3509,342,198,144,669,338,331,374,184,190,571,294,277,5732,2798,2934,5538,2694,2844,2273,1128,1145,1415,687,728,2410,1207,1203,1142,506,636,342,198,144,344,181,163,412,194,218,458,245,213,400,196,204,344,167,177,308,146,162,318,161,157,445,213,232,628,316,312,699,342,357,567,279,288,516,270,246,388,179,209,288,145,143,177,67,110,157,66,91,132,49,83,45.9,45.1,46.6
050,51,181,Virginia,Surry County,5,6844,3376,3468,310,170,140,672,338,334,348,172,176,557,292,265,5701,2792,2909,5514,2696,2818,2206,1106,1100,1381,683,698,2375,1178,1197,1201,543,658,310,170,140,345,183,162,407,196,211,420,214,206,405,209,196,358,183,175,302,144,158,297,145,152,424,211,213,568,278,290,687,345,342,613,295,318,507,260,247,416,198,218,311,152,159,186,74,112,144,61,83,144,58,86,46.6,45.8,47.3
050,51,181,Virginia,Surry County,6,6792,3376,3416,315,164,151,657,349,308,340,164,176,534,292,242,5654,2780,2874,5480,2699,2781,2172,1099,1073,1379,682,697,2329,1158,1171,1238,567,671,315,164,151,343,194,149,395,194,201,409,209,200,384,208,176,390,201,189,317,153,164,277,133,144,395,195,200,531,261,270,670,335,335,648,321,327,480,241,239,424,212,212,327,155,172,201,85,116,136,55,81,150,60,90,46.9,45.8,47.7
050,51,181,Virginia,Surry County,7,6783,3346,3437,294,149,145,621,323,298,336,167,169,550,287,263,5702,2790,2912,5532,2707,2825,2151,1083,1068,1350,671,679,2344,1158,1186,1288,591,697,294,149,145,337,178,159,369,187,182,404,203,201,397,209,188,396,203,193,317,160,157,271,134,137,366,174,192,496,239,257,685,344,341,639,306,333,524,269,255,441,224,217,348,164,184,213,93,120,134,51,83,152,59,93,47.6,46.7,48.4
050,51,181,Virginia,Surry County,8,6674,3279,3395,291,152,139,595,319,276,336,165,171,524,267,257,5609,2723,2886,5452,2643,2809,2081,1032,1049,1308,638,670,2304,1134,1170,1316,604,712,291,152,139,322,175,147,360,182,178,382,188,194,391,206,185,369,193,176,304,136,168,282,140,142,353,169,184,449,226,223,662,332,330,647,313,334,546,263,283,468,236,232,351,162,189,222,103,119,130,47,83,145,56,89,48.3,47.2,49.3
050,51,181,Virginia,Surry County,9,6560,3201,3359,303,142,161,558,298,260,309,149,160,506,265,241,5544,2684,2860,5390,2612,2778,2001,976,1025,1260,602,658,2269,1117,1152,1355,628,727,303,142,161,285,157,128,347,181,166,367,172,195,374,202,172,367,183,184,294,137,157,293,137,156,306,145,161,422,207,215,648,331,317,666,327,339,533,252,281,497,253,244,353,165,188,230,105,125,136,52,84,139,53,86,49.0,48.5,49.6
050,51,181,Virginia,Surry County,10,6508,3212,3296,282,149,133,566,306,260,297,148,149,467,231,236,5523,2687,2836,5363,2609,2754,1978,978,1000,1280,630,650,2221,1099,1122,1395,649,746,282,149,133,296,159,137,336,178,158,349,172,177,349,176,173,373,198,175,324,157,167,270,131,139,313,144,169,408,201,207,566,288,278,675,342,333,572,268,304,474,237,237,381,183,198,251,120,131,143,50,93,146,59,87,49.5,48.7,50.4
050,51,181,Virginia,Surry County,11,6435,3181,3254,280,144,136,536,284,252,287,147,140,439,212,227,5482,2681,2801,5332,2606,2726,1938,973,965,1282,656,626,2179,1067,1112,1432,671,761,280,144,136,281,141,140,325,185,140,335,162,173,321,155,166,350,195,155,360,186,174,287,139,148,285,136,149,385,185,200,529,257,272,664,335,329,601,290,311,464,227,237,391,196,195,263,121,142,162,66,96,152,61,91,50.1,49.3,50.9
050,51,181,Virginia,Surry County,12,6407,3176,3231,304,149,155,519,286,233,256,134,122,428,201,227,5461,2676,2785,5328,2607,2721,1912,979,933,1294,672,622,2099,1025,1074,1507,709,798,304,149,155,281,149,132,304,165,139,310,165,145,308,142,166,338,188,150,373,195,178,310,158,152,273,131,142,335,156,179,486,235,251,673,345,328,605,289,316,497,247,250,410,204,206,286,137,149,162,68,94,152,53,99,50.7,49.7,51.6
050,51,181,Virginia,Surry County,13,6380,3154,3226,300,146,154,508,274,234,257,137,120,408,194,214,5439,2666,2773,5315,2597,2718,1913,976,937,1317,684,633,2039,998,1041,1551,721,830,300,146,154,271,140,131,306,173,133,300,154,146,296,138,158,361,199,162,364,198,166,300,146,154,292,141,151,333,156,177,446,224,222,657,328,329,603,290,313,511,245,266,429,217,212,288,131,157,175,79,96,148,49,99,50.9,49.6,51.9
050,51,181,Virginia,Surry County,14,6385,3155,3230,301,144,157,510,274,236,261,139,122,402,192,210,5437,2668,2769,5313,2598,2715,1915,975,940,1322,686,636,2024,991,1033,1565,729,836,301,144,157,274,141,133,306,175,131,301,153,148,292,136,156,367,202,165,359,198,161,302,145,157,294,141,153,332,156,176,434,219,215,655,326,329,603,290,313,517,246,271,435,221,214,288,131,157,180,84,96,145,47,98,51.0,49.6,52.0
050,51,183,Virginia,Sussex County,1,12087,7083,5004,524,264,260,1009,516,493,495,258,237,1147,788,359,10326,6184,4142,10059,6045,4014,5197,3550,1647,3656,2557,1099,3504,1959,1545,1752,741,1011,524,264,260,554,276,278,556,293,263,656,362,294,885,631,254,1093,833,260,844,633,211,832,558,274,887,533,354,978,600,378,937,536,401,870,464,406,719,359,360,540,267,273,433,176,257,308,143,165,273,92,181,198,63,135,40.6,37.4,45.7
050,51,183,Virginia,Sussex County,2,12071,7074,4997,522,263,259,1006,514,492,493,257,236,1148,788,360,10316,6178,4138,10050,6040,4010,5189,3546,1643,3649,2554,1095,3500,1956,1544,1753,742,1011,522,263,259,552,275,277,555,292,263,654,361,293,886,631,255,1091,832,259,844,633,211,831,557,274,883,532,351,978,600,378,935,534,401,868,463,405,719,359,360,540,267,273,433,176,257,309,144,165,273,92,181,198,63,135,40.6,37.4,45.7
050,51,183,Virginia,Sussex County,3,12013,7025,4988,526,270,256,1002,509,493,485,250,235,1147,789,358,10258,6129,4129,10000,5996,4004,5125,3496,1629,3599,2510,1089,3493,1951,1542,1761,746,1015,526,270,256,543,269,274,565,293,272,642,355,287,884,631,253,1075,815,260,834,622,212,818,547,271,872,526,346,969,592,377,930,531,399,868,462,406,726,366,360,544,269,275,432,177,255,310,144,166,272,91,181,203,65,138,40.7,37.5,45.8
050,51,183,Virginia,Sussex County,4,12088,7098,4990,556,297,259,987,494,493,465,245,220,1208,838,370,10330,6197,4133,10080,6062,4018,5159,3554,1605,3590,2525,1065,3493,1941,1552,1789,758,1031,556,297,259,532,259,273,559,289,270,645,360,285,924,669,255,1108,837,271,852,633,219,788,535,253,842,520,322,938,560,378,931,540,391,872,453,419,752,388,364,553,263,290,430,182,248,328,156,172,257,84,173,221,73,148,40.5,37.0,46.1
050,51,183,Virginia,Sussex County,5,11927,7053,4874,522,274,248,983,490,493,437,233,204,1223,856,367,10211,6175,4036,9985,6056,3929,5070,3555,1515,3517,2523,994,3430,1890,1540,1815,787,1028,522,274,248,525,259,266,565,288,277,593,328,265,960,704,256,1076,826,250,870,654,216,750,517,233,821,526,295,909,534,375,913,529,384,871,451,420,737,376,361,569,279,290,441,191,250,314,142,172,259,94,165,232,81,151,40.6,36.8,46.7
050,51,183,Virginia,Sussex County,6,11765,6978,4787,517,258,259,939,468,471,437,228,209,1210,851,359,10086,6133,3953,9872,6024,3848,4974,3518,1456,3444,2500,944,3372,1874,1498,1846,799,1047,517,258,259,499,257,242,557,272,285,543,302,241,987,716,271,1060,818,242,878,661,217,712,506,206,794,515,279,882,519,363,908,526,382,826,430,396,756,399,357,589,284,305,453,202,251,326,135,191,247,98,149,231,80,151,40.9,36.9,47.1
050,51,183,Virginia,Sussex County,7,11724,6940,4784,513,254,259,897,440,457,461,230,231,1167,821,346,10070,6124,3946,9853,6016,3837,4943,3499,1444,3447,2512,935,3336,1851,1485,1903,832,1071,513,254,259,473,235,238,556,269,287,541,294,247,955,693,262,1098,842,256,882,653,229,703,513,190,764,504,260,861,491,370,919,538,381,789,421,368,767,401,366,621,289,332,462,222,240,341,133,208,232,107,125,247,81,166,41.1,37.1,47.4
050,51,183,Virginia,Sussex County,8,11692,6940,4752,539,269,270,915,459,456,437,219,218,1141,804,337,10018,6105,3913,9801,5993,3808,4970,3504,1466,3488,2527,961,3252,1815,1437,1920,847,1073,539,269,270,511,253,258,500,252,248,536,290,246,946,687,259,1105,843,262,909,671,238,739,534,205,735,479,256,823,486,337,897,518,379,781,421,360,751,390,361,639,314,325,461,212,249,351,132,219,234,114,120,235,75,160,40.5,36.7,47.3
050,51,183,Virginia,Sussex County,9,11425,6745,4680,530,248,282,899,443,456,412,213,199,1071,746,325,9801,5955,3846,9584,5841,3743,4800,3375,1425,3412,2469,943,3197,1775,1422,1904,851,1053,530,248,282,508,247,261,486,249,237,507,270,237,881,636,245,1115,843,272,898,664,234,733,518,215,666,444,222,802,481,321,842,475,367,799,430,369,754,389,365,643,321,322,456,210,246,350,132,218,233,111,122,222,77,145,40.5,36.9,47.2
050,51,183,Virginia,Sussex County,10,11369,6787,4582,510,258,252,876,439,437,408,210,198,1047,738,309,9788,5986,3802,9575,5880,3695,4807,3421,1386,3449,2523,926,3124,1739,1385,1955,880,1075,510,258,252,492,251,241,481,238,243,490,265,225,868,633,235,1151,878,273,916,677,239,746,539,207,636,429,207,780,482,298,814,450,364,778,429,349,752,378,374,649,326,323,466,216,250,377,145,232,225,101,124,238,92,146,40.3,36.6,48.0
050,51,183,Virginia,Sussex County,11,11194,6641,4553,476,235,241,854,416,438,400,198,202,1016,722,294,9653,5885,3768,9464,5792,3672,4717,3354,1363,3412,2488,924,3053,1687,1366,1983,895,1088,476,235,241,478,238,240,487,232,255,485,263,222,820,603,217,1133,864,269,915,670,245,745,529,216,619,425,194,742,459,283,792,435,357,789,433,356,730,360,370,655,345,310,493,219,274,359,145,214,238,88,150,238,98,140,40.5,36.9,48.1
050,51,183,Virginia,Sussex County,12,11092,6611,4481,433,219,214,875,431,444,378,193,185,989,707,282,9592,5865,3727,9406,5768,3638,4706,3365,1341,3427,2508,919,2953,1632,1321,2037,921,1116,433,219,214,491,246,245,472,228,244,494,265,229,785,592,193,1110,850,260,932,691,241,774,546,228,611,421,190,718,440,278,754,408,346,777,428,349,704,356,348,673,359,314,531,230,301,343,146,197,256,84,172,234,102,132,40.5,36.9,48.6
050,51,183,Virginia,Sussex County,13,10969,6534,4435,426,209,217,866,432,434,367,178,189,969,694,275,9497,5808,3689,9310,5715,3595,4675,3343,1332,3430,2512,918,2876,1594,1282,2035,915,1120,426,209,217,496,250,246,461,223,238,462,243,219,783,588,195,1093,835,258,928,687,241,779,549,230,630,441,189,686,423,263,720,401,319,763,408,355,707,362,345,661,344,317,532,242,290,356,148,208,253,78,175,233,103,130,40.4,37.1,48.7
050,51,183,Virginia,Sussex County,14,10925,6499,4426,425,206,219,863,432,431,369,176,193,967,690,277,9457,5778,3679,9268,5685,3583,4674,3336,1338,3431,2511,920,2846,1576,1270,2024,908,1116,425,206,219,499,252,247,457,221,236,457,237,220,786,588,198,1087,828,259,928,688,240,781,551,230,635,444,191,672,415,257,711,399,312,753,397,356,710,365,345,655,338,317,531,244,287,360,150,210,247,74,173,231,102,129,40.3,37.0,48.6
050,51,185,Virginia,Tazewell County,1,45078,22289,22789,2325,1173,1152,4619,2350,2269,2231,1148,1083,3426,1788,1638,37029,18195,18834,35903,17618,18285,16059,8410,7649,10957,5773,5184,13763,6769,6994,7757,3288,4469,2325,1173,1152,2533,1267,1266,2641,1382,1259,2767,1417,1350,2335,1220,1115,2462,1307,1155,2775,1494,1281,2891,1513,1378,2829,1459,1370,3239,1580,1659,3685,1786,1899,3582,1779,1803,3257,1624,1633,2437,1145,1292,1833,828,1005,1468,613,855,1102,416,686,917,286,631,43.2,41.2,45.2
050,51,185,Virginia,Tazewell County,2,45058,22280,22778,2324,1173,1151,4617,2348,2269,2231,1148,1083,3426,1788,1638,37012,18188,18824,35886,17611,18275,16050,8406,7644,10948,5769,5179,13757,6767,6990,7755,3287,4468,2324,1173,1151,2532,1266,1266,2640,1381,1259,2767,1417,1350,2335,1220,1115,2458,1305,1153,2775,1494,1281,2890,1513,1377,2825,1457,1368,3240,1580,1660,3683,1786,1897,3577,1777,1800,3257,1624,1633,2437,1145,1292,1831,827,1004,1468,613,855,1102,416,686,917,286,631,43.2,41.2,45.2
050,51,185,Virginia,Tazewell County,3,45118,22363,22755,2317,1178,1139,4630,2360,2270,2215,1138,1077,3435,1789,1646,37075,18259,18816,35956,17687,18269,16111,8475,7636,11006,5834,5172,13740,6768,6972,7775,3296,4479,2317,1178,1139,2545,1275,1270,2630,1371,1259,2740,1407,1333,2365,1234,1131,2486,1329,1157,2786,1505,1281,2882,1519,1363,2852,1481,1371,3224,1577,1647,3645,1776,1869,3581,1773,1808,3290,1642,1648,2444,1152,1292,1849,832,1017,1459,607,852,1105,415,690,918,290,628,43.1,41.2,45.2
050,51,185,Virginia,Tazewell County,4,44733,22216,22517,2239,1122,1117,4588,2358,2230,2120,1078,1042,3504,1845,1659,36866,18203,18663,35786,17658,18128,16012,8460,7552,10882,5781,5101,13592,6682,6910,7808,3350,4458,2239,1122,1117,2533,1275,1258,2549,1327,1222,2649,1363,1286,2481,1316,1165,2436,1308,1128,2747,1492,1255,2812,1479,1333,2887,1502,1385,3130,1541,1589,3479,1711,1768,3581,1742,1839,3402,1688,1714,2468,1200,1268,1898,855,1043,1425,589,836,1107,413,694,910,293,617,43.3,41.3,45.4
050,51,185,Virginia,Tazewell County,5,44276,21992,22284,2206,1116,1090,4481,2289,2192,2106,1094,1012,3544,1876,1668,36565,18060,18505,35483,17493,17990,15805,8343,7462,10694,5659,5035,13278,6511,6767,7967,3447,4520,2206,1116,1090,2507,1269,1238,2513,1306,1207,2545,1295,1250,2566,1389,1177,2351,1256,1095,2744,1482,1262,2723,1437,1286,2876,1484,1392,3045,1508,1537,3274,1594,1680,3597,1756,1841,3362,1653,1709,2621,1271,1350,1894,863,1031,1434,604,830,1115,406,709,903,303,600,43.4,41.5,45.5
050,51,185,Virginia,Tazewell County,6,44031,21862,22169,2195,1125,1070,4441,2250,2191,2069,1071,998,3543,1865,1678,36350,17926,18424,35326,17416,17910,15685,8292,7393,10588,5630,4958,13063,6392,6671,8132,3529,4603,2195,1125,1070,2463,1235,1228,2493,1289,1204,2513,1278,1235,2584,1384,1200,2363,1286,1077,2658,1422,1236,2689,1438,1251,2878,1484,1394,2924,1455,1469,3226,1558,1668,3539,1703,1836,3374,1676,1698,2739,1329,1410,1914,874,1040,1427,612,815,1106,403,703,946,311,635,43.6,41.6,45.7
050,51,185,Virginia,Tazewell County,7,43399,21537,21862,2151,1101,1050,4330,2180,2150,2008,1035,973,3518,1858,1660,35930,17741,18189,34910,17221,17689,15384,8173,7211,10338,5532,4806,12698,6198,6500,8356,3633,4723,2151,1101,1050,2372,1179,1193,2438,1253,1185,2470,1259,1211,2576,1382,1194,2313,1270,1043,2543,1368,1175,2671,1437,1234,2811,1457,1354,2798,1394,1404,3115,1512,1603,3450,1656,1794,3335,1636,1699,2836,1376,1460,2003,911,1092,1445,626,819,1076,407,669,996,313,683,43.9,41.8,46.1
050,51,185,Virginia,Tazewell County,8,42930,21335,21595,2230,1115,1115,4218,2116,2102,1970,1039,931,3396,1763,1633,35555,17618,17937,34512,17065,17447,15100,8056,7044,10187,5493,4694,12389,6068,6321,8540,3741,4799,2230,1115,1115,2254,1135,1119,2417,1220,1197,2422,1247,1175,2491,1316,1175,2396,1347,1049,2402,1287,1115,2638,1407,1231,2751,1452,1299,2700,1379,1321,3007,1457,1550,3382,1637,1745,3300,1595,1705,2944,1438,1506,2058,952,1106,1456,629,827,1043,399,644,1039,323,716,44.1,41.9,46.2
050,51,185,Virginia,Tazewell County,9,42226,21019,21207,2160,1082,1078,4173,2097,2076,1900,974,926,3106,1676,1430,34957,17365,17592,33993,16866,17127,14472,7808,6664,9948,5396,4552,12160,5942,6218,8779,3852,4927,2160,1082,1078,2207,1092,1115,2448,1243,1205,2220,1163,1057,2304,1249,1055,2398,1333,1065,2323,1282,1041,2543,1369,1174,2684,1412,1272,2715,1386,1329,2911,1411,1500,3216,1567,1649,3318,1578,1740,3086,1497,1589,2086,986,1100,1509,638,871,1020,389,631,1078,342,736,44.7,42.4,47.0
050,51,185,Virginia,Tazewell County,10,41362,20561,20801,2094,1029,1065,4014,2027,1987,1883,948,935,2851,1541,1310,34307,17037,17270,33371,16557,16814,13920,7503,6417,9673,5259,4414,11837,5780,6057,9010,3977,5033,2094,1029,1065,2114,1061,1053,2387,1211,1176,2181,1128,1053,2066,1116,950,2381,1321,1060,2227,1244,983,2453,1320,1133,2612,1374,1238,2696,1368,1328,2782,1361,1421,3041,1464,1577,3318,1587,1731,3038,1464,1574,2278,1097,1181,1533,656,877,1056,404,652,1105,356,749,45.3,43.2,47.6
050,51,185,Virginia,Tazewell County,11,41152,20407,20745,2075,986,1089,3924,1983,1941,1903,979,924,3006,1572,1434,34182,16939,17243,33250,16459,16791,13918,7484,6434,9495,5185,4310,11517,5587,5930,9232,4115,5117,2075,986,1089,2074,1070,1004,2336,1165,1171,2256,1145,1111,2167,1154,1013,2350,1319,1031,2236,1247,989,2372,1285,1087,2537,1334,1203,2651,1343,1308,2664,1298,1366,2936,1415,1521,3266,1531,1735,3074,1503,1571,2380,1144,1236,1576,673,903,1082,432,650,1120,363,757,45.3,43.3,47.6
050,51,185,Virginia,Tazewell County,12,40734,20235,20499,2028,987,1041,3862,1964,1898,1909,952,957,2903,1536,1367,33877,16797,17080,32935,16332,16603,13640,7336,6304,9309,5079,4230,11260,5499,5761,9463,4218,5245,2028,987,1041,2059,1067,992,2284,1128,1156,2228,1133,1095,2103,1124,979,2365,1322,1043,2220,1241,979,2256,1226,1030,2468,1290,1178,2646,1378,1268,2536,1234,1302,2893,1378,1515,3185,1509,1676,3080,1489,1591,2483,1183,1300,1656,725,931,1088,442,646,1156,379,777,45.7,43.5,48.0
050,51,185,Virginia,Tazewell County,13,40583,20140,20443,2003,996,1007,3846,1928,1918,1916,971,945,2951,1556,1395,33772,16727,17045,32818,16245,16573,13623,7311,6312,9229,5029,4200,11084,5418,5666,9554,4242,5312,2003,996,1007,2092,1060,1032,2227,1113,1114,2253,1138,1115,2141,1144,997,2346,1287,1059,2224,1250,974,2220,1210,1010,2439,1282,1157,2638,1364,1274,2493,1234,1259,2815,1332,1483,3138,1488,1650,3026,1436,1590,2585,1231,1354,1714,756,958,1091,439,652,1138,380,758,45.7,43.3,48.0
050,51,185,Virginia,Tazewell County,14,40529,20109,20420,1991,997,994,3838,1913,1925,1919,978,941,2969,1563,1406,33738,16708,17030,32781,16221,16560,13638,7315,6323,9220,5024,4196,11034,5394,5640,9558,4240,5318,1991,997,994,2099,1055,1044,2209,1108,1101,2262,1138,1124,2156,1153,1003,2338,1275,1063,2230,1258,972,2214,1207,1007,2438,1284,1154,2634,1359,1275,2488,1238,1250,2795,1319,1476,3117,1478,1639,3010,1419,1591,2608,1243,1365,1724,764,960,1091,437,654,1125,377,748,45.6,43.3,48.0
050,51,187,Virginia,Warren County,1,37575,18684,18891,2424,1229,1195,4495,2275,2220,2161,1070,1091,3222,1663,1559,29556,14647,14909,28495,14110,14385,14289,7226,7063,9447,4758,4689,11046,5553,5493,4780,2136,2644,2424,1229,1195,2458,1229,1229,2578,1311,1267,2683,1362,1321,2159,1106,1053,2005,1007,998,2167,1080,1087,2454,1214,1240,2821,1457,1364,3327,1695,1632,3051,1514,1537,2563,1316,1247,2105,1028,1077,1626,799,827,1167,559,608,832,374,458,613,244,369,542,160,382,39.7,39.3,40.2
050,51,187,Virginia,Warren County,2,37452,18615,18837,2420,1227,1193,4475,2266,2209,2151,1064,1087,3212,1657,1555,29460,14591,14869,28406,14058,14348,14235,7196,7039,9413,4740,4673,11006,5527,5479,4775,2134,2641,2420,1227,1193,2449,1225,1224,2567,1306,1261,2667,1351,1316,2155,1105,1050,1999,1005,994,2161,1075,1086,2443,1208,1235,2810,1452,1358,3316,1687,1629,3036,1506,1530,2555,1310,1245,2099,1024,1075,1624,798,826,1164,558,606,832,374,458,613,244,369,542,160,382,39.8,39.3,40.2
050,51,187,Virginia,Warren County,3,37520,18637,18883,2395,1216,1179,4509,2278,2231,2136,1060,1076,3239,1664,1575,29539,14616,14923,28480,14083,14397,14237,7179,7058,9384,4715,4669,11058,5554,5504,4799,2150,2649,2395,1216,1179,2473,1239,1234,2558,1299,1259,2657,1345,1312,2196,1119,1077,2012,1008,1004,2166,1075,1091,2414,1197,1217,2792,1435,1357,3301,1680,1621,3069,1526,1543,2574,1323,1251,2114,1025,1089,1632,802,830,1174,564,610,826,373,453,623,248,375,544,163,381,39.8,39.3,40.3
050,51,187,Virginia,Warren County,4,37654,18728,18926,2292,1173,1119,4548,2273,2275,2081,1052,1029,3313,1711,1602,29810,14772,15038,28733,14230,14503,14089,7102,6987,9180,4591,4589,11317,5707,5610,4923,2221,2702,2292,1173,1119,2517,1269,1248,2516,1256,1260,2584,1313,1271,2325,1198,1127,2043,1007,1036,2167,1079,1088,2292,1141,1151,2678,1364,1314,3212,1636,1576,3201,1611,1590,2659,1371,1288,2245,1089,1156,1661,808,853,1229,589,640,846,397,449,627,249,378,560,178,382,40.2,39.7,40.6
050,51,187,Virginia,Warren County,5,37898,18852,19046,2268,1152,1116,4548,2257,2291,2053,1021,1032,3332,1714,1618,30087,14939,15148,29029,14422,14607,14014,7078,6936,9142,4606,4536,11420,5784,5636,5135,2318,2817,2268,1152,1116,2550,1277,1273,2511,1243,1268,2494,1252,1242,2378,1220,1158,2082,1080,1002,2226,1113,1113,2198,1075,1123,2636,1338,1298,3139,1617,1522,3266,1656,1610,2727,1366,1361,2288,1145,1143,1792,854,938,1268,616,652,875,414,461,636,263,373,564,171,393,40.5,40.1,40.9
050,51,187,Virginia,Warren County,6,38514,19167,19347,2232,1115,1117,4589,2309,2280,2069,1035,1034,3427,1754,1673,30650,15217,15433,29624,14708,14916,14270,7216,7054,9292,4680,4612,11573,5884,5689,5332,2390,2942,2232,1115,1117,2591,1312,1279,2516,1250,1266,2513,1265,1248,2465,1271,1194,2250,1146,1104,2222,1123,1099,2186,1103,1083,2634,1308,1326,3033,1551,1482,3336,1685,1651,2899,1475,1424,2305,1173,1132,1849,856,993,1391,682,709,885,407,478,651,269,382,556,176,380,40.6,40.0,41.1
050,51,187,Virginia,Warren County,7,40147,20416,19731,2299,1187,1112,4518,2262,2256,2071,1039,1032,3630,1932,1698,32280,16437,15843,31259,15928,15331,15307,8058,7249,10144,5359,4785,11941,6136,5805,5544,2501,3043,2299,1187,1112,2537,1292,1245,2519,1242,1277,2526,1289,1237,2637,1410,1227,2598,1399,1199,2478,1317,1161,2291,1213,1078,2777,1430,1347,3065,1592,1473,3460,1786,1674,3002,1526,1476,2414,1232,1182,1966,943,1023,1428,692,736,950,434,516,634,263,371,566,169,397,40.4,39.5,41.3
050,51,187,Virginia,Warren County,8,38742,19274,19468,2380,1208,1172,4427,2256,2171,2066,1034,1032,3347,1713,1634,30902,15304,15598,29869,14776,15093,14173,7109,7064,9257,4591,4666,11598,5883,5715,5667,2589,3078,2380,1208,1172,2460,1255,1205,2464,1230,1234,2490,1279,1211,2426,1239,1187,2468,1251,1217,2282,1151,1131,2100,1025,1075,2407,1164,1243,2768,1414,1354,3297,1667,1630,3006,1520,1486,2527,1282,1245,1999,968,1031,1454,701,753,1002,465,537,621,265,356,591,190,401,40.7,40.0,41.4
050,51,187,Virginia,Warren County,9,39197,19615,19582,2365,1212,1153,4430,2260,2170,1996,977,1019,3333,1716,1617,31435,15687,15748,30406,15166,15240,14374,7296,7078,9525,4838,4687,11678,5927,5751,5870,2685,3185,2365,1212,1153,2406,1223,1183,2504,1272,1232,2435,1220,1215,2414,1238,1176,2579,1290,1289,2387,1249,1138,2236,1145,1091,2323,1154,1169,2705,1361,1344,3249,1656,1593,3113,1578,1535,2611,1332,1279,2085,994,1091,1494,714,780,1025,480,545,657,298,359,609,199,410,40.6,39.8,41.4
050,51,187,Virginia,Warren County,10,39478,19686,19792,2442,1264,1178,4345,2217,2128,2036,1008,1028,3255,1654,1601,31691,15702,15989,30655,15197,15458,14310,7213,7097,9537,4822,4715,11683,5866,5817,6180,2855,3325,2442,1264,1178,2332,1193,1139,2531,1295,1236,2447,1229,1218,2326,1162,1164,2595,1310,1285,2394,1228,1166,2345,1189,1156,2203,1095,1108,2584,1271,1313,3222,1625,1597,3198,1621,1577,2679,1349,1330,2159,1055,1104,1642,764,878,1073,519,554,693,297,396,613,220,393,40.8,39.9,41.7
050,51,187,Virginia,Warren County,11,40056,19979,20077,2441,1255,1186,4373,2251,2122,2015,990,1025,3311,1687,1624,32216,15945,16271,31227,15483,15744,14630,7406,7224,9803,4981,4822,11734,5867,5867,6379,2948,3431,2441,1255,1186,2297,1183,1114,2575,1320,1255,2459,1228,1231,2368,1197,1171,2631,1330,1301,2546,1309,1237,2405,1224,1181,2221,1118,1103,2592,1260,1332,3071,1536,1535,3265,1647,1618,2806,1424,1382,2172,1087,1085,1690,767,923,1182,570,612,697,293,404,638,231,407,40.7,39.8,41.7
050,51,187,Virginia,Warren County,12,40235,20083,20152,2464,1264,1200,4326,2243,2083,1990,999,991,3312,1668,1644,32446,16069,16377,31455,15577,15878,14702,7446,7256,9892,5027,4865,11595,5779,5816,6656,3103,3553,2464,1264,1200,2333,1207,1126,2485,1284,1201,2451,1233,1218,2359,1186,1173,2610,1312,1298,2683,1377,1306,2386,1215,1171,2213,1123,1090,2544,1233,1311,2885,1456,1429,3290,1671,1619,2876,1419,1457,2270,1128,1142,1784,842,942,1220,590,630,730,315,415,652,228,424,40.8,39.8,41.8
050,51,187,Virginia,Warren County,13,40426,20191,20235,2458,1251,1207,4344,2242,2102,2019,1040,979,3267,1656,1611,32628,16185,16443,31605,15658,15947,14789,7484,7305,10004,5053,4951,11472,5734,5738,6862,3215,3647,2458,1251,1207,2412,1244,1168,2433,1263,1170,2428,1222,1206,2357,1209,1148,2588,1297,1291,2727,1365,1362,2438,1251,1187,2251,1140,1111,2474,1209,1265,2786,1415,1371,3277,1662,1615,2935,1448,1487,2352,1181,1171,1841,884,957,1235,578,657,762,334,428,672,238,434,40.8,40.0,41.7
050,51,187,Virginia,Warren County,14,40475,20220,20255,2456,1251,1205,4352,2245,2107,2033,1055,978,3247,1649,1598,32665,16206,16459,31634,15669,15965,14815,7491,7324,10044,5061,4983,11431,5716,5715,6912,3243,3669,2456,1251,1205,2441,1257,1184,2420,1262,1158,2419,1215,1204,2352,1215,1137,2574,1289,1285,2742,1360,1382,2463,1265,1198,2265,1147,1118,2452,1201,1251,2769,1408,1361,3263,1657,1606,2947,1450,1497,2378,1198,1180,1857,893,964,1235,574,661,769,339,430,673,239,434,40.8,40.0,41.6
050,51,191,Virginia,Washington County,1,54876,27070,27806,2725,1361,1364,5462,2815,2647,2567,1309,1258,4361,2315,2046,45423,22245,23178,44122,21585,22537,19551,10042,9509,13262,6733,6529,16761,8239,8522,9738,4298,5440,2725,1361,1364,3011,1521,1490,3090,1609,1481,3340,1738,1602,2949,1571,1378,2935,1527,1408,3040,1547,1493,3549,1757,1792,3738,1902,1836,4209,2113,2096,4424,2138,2286,4152,2032,2120,3976,1956,2020,3159,1517,1642,2500,1194,1306,1851,810,1041,1234,481,753,994,296,698,43.7,42.4,45.1
050,51,191,Virginia,Washington County,2,54959,27110,27849,2729,1362,1367,5469,2817,2652,2578,1317,1261,4368,2317,2051,45487,22277,23210,44183,21614,22569,19590,10063,9527,13287,6747,6540,16781,8250,8531,9747,4300,5447,2729,1362,1367,3011,1522,1489,3101,1613,1488,3350,1743,1607,2953,1573,1380,2941,1531,1410,3050,1552,1498,3550,1758,1792,3746,1906,1840,4224,2119,2105,4430,2143,2287,4153,2033,2120,3974,1955,2019,3160,1520,1640,2500,1192,1308,1858,811,1047,1235,481,754,994,296,698,43.7,42.4,45.1
050,51,191,Virginia,Washington County,3,54966,27108,27858,2731,1363,1368,5466,2809,2657,2548,1308,1240,4395,2329,2066,45507,22288,23219,44221,21628,22593,19556,10035,9521,13243,6716,6527,16811,8272,8539,9772,4311,5461,2731,1363,1368,3001,1522,1479,3095,1605,1490,3321,1734,1587,2992,1585,1407,2936,1524,1412,3045,1545,1500,3525,1754,1771,3737,1893,1844,4204,2105,2099,4440,2159,2281,4172,2038,2134,3995,1970,2025,3157,1520,1637,2514,1195,1319,1876,820,1056,1227,483,744,998,293,705,43.8,42.4,45.2
050,51,191,Virginia,Washington County,4,54839,27052,27787,2636,1342,1294,5499,2779,2720,2500,1293,1207,4459,2344,2115,45454,22284,23170,44204,21638,22566,19308,9901,9407,12964,6591,6373,16806,8271,8535,9975,4432,5543,2636,1342,1294,2965,1495,1470,3149,1611,1538,3253,1707,1546,3091,1603,1488,2856,1494,1362,3036,1538,1498,3393,1711,1682,3679,1848,1831,4026,2005,2021,4449,2182,2267,4201,2055,2146,4130,2029,2101,3149,1526,1623,2575,1219,1356,1976,865,1111,1213,513,700,1062,309,753,44.1,42.8,45.5
050,51,191,Virginia,Washington County,5,55110,27201,27909,2621,1314,1307,5469,2744,2725,2506,1287,1219,4746,2497,2249,45787,22509,23278,44514,21856,22658,19414,9989,9425,12777,6507,6270,16653,8199,8454,10338,4653,5685,2621,1314,1307,2912,1443,1469,3172,1603,1569,3310,1752,1558,3327,1730,1597,2781,1460,1321,3069,1573,1496,3183,1615,1568,3744,1859,1885,3955,1974,1981,4390,2154,2236,4268,2088,2180,4040,1983,2057,3334,1610,1724,2662,1253,1409,2027,908,1119,1266,549,717,1049,333,716,44.3,43.0,45.5
050,51,191,Virginia,Washington County,6,54800,27025,27775,2520,1256,1264,5474,2722,2752,2510,1303,1207,4492,2349,2143,45569,22409,23160,44296,21744,22552,18981,9770,9211,12596,6442,6154,16508,8106,8402,10700,4847,5853,2520,1256,1264,2890,1443,1447,3201,1603,1598,3181,1679,1502,3204,1649,1555,2755,1476,1279,3087,1567,1520,3081,1546,1535,3673,1853,1820,3856,1934,1922,4362,2108,2254,4257,2092,2165,4033,1972,2061,3518,1717,1801,2730,1264,1466,2073,953,1120,1323,559,764,1056,354,702,44.7,43.5,46.0
050,51,191,Virginia,Washington County,7,54630,26957,27673,2479,1263,1216,5336,2662,2674,2497,1296,1201,4454,2332,2122,45552,22390,23162,44318,21736,22582,18768,9654,9114,12474,6352,6122,16297,7988,8309,11093,5064,6029,2479,1263,1216,2821,1419,1402,3172,1569,1603,3145,1674,1471,3149,1628,1521,2815,1500,1315,3007,1517,1490,3037,1548,1489,3615,1787,1828,3746,1899,1847,4291,2084,2207,4245,2054,2191,4015,1951,2064,3716,1835,1881,2779,1290,1489,2111,977,1134,1405,581,824,1082,381,701,45.1,43.9,46.4
050,51,191,Virginia,Washington County,8,54309,26785,27524,2315,1203,1112,5245,2645,2600,2526,1278,1248,4372,2276,2096,45431,22279,23152,44223,21659,22564,18477,9436,9041,12233,6200,6033,16197,7955,8242,11421,5228,6193,2315,1203,1112,2831,1441,1390,3068,1522,1546,3176,1665,1511,3068,1571,1497,2828,1495,1333,2863,1475,1388,3007,1489,1518,3535,1741,1794,3667,1853,1814,4115,2051,2064,4332,2062,2270,4083,1989,2094,3781,1826,1955,2911,1382,1529,2148,1002,1146,1476,619,857,1105,399,706,45.6,44.4,46.9
050,51,191,Virginia,Washington County,9,54178,26721,27457,2353,1221,1132,5156,2619,2537,2539,1272,1267,4102,2154,1948,45386,22258,23128,44130,21609,22521,18144,9279,8865,12132,6167,5965,16137,7904,8233,11759,5384,6375,2353,1221,1132,2771,1433,1338,3014,1500,1514,3107,1603,1504,2905,1509,1396,2866,1500,1366,2828,1456,1372,3065,1521,1544,3373,1690,1683,3657,1819,1838,4011,1992,2019,4315,2084,2231,4154,2009,2145,3962,1918,2044,2888,1367,1521,2210,1016,1194,1533,653,880,1166,430,736,46.1,44.8,47.4
050,51,191,Virginia,Washington County,10,54202,26706,27496,2279,1179,1100,5075,2601,2474,2518,1219,1299,4409,2303,2106,45620,22330,23290,44330,21707,22623,18206,9305,8901,11886,6072,5814,15989,7789,8200,12046,5543,6503,2279,1179,1100,2741,1416,1325,2941,1474,1467,3257,1647,1610,3063,1586,1477,2873,1513,1360,2725,1405,1320,3103,1535,1568,3185,1619,1566,3656,1802,1854,3886,1926,1960,4233,2025,2208,4214,2036,2178,3869,1896,1973,3079,1452,1627,2312,1051,1261,1562,683,879,1224,461,763,46.3,44.9,47.5
050,51,191,Virginia,Washington County,11,54100,26653,27447,2269,1164,1105,5031,2585,2446,2480,1213,1267,4303,2267,2036,45573,22299,23274,44320,21691,22629,17988,9187,8801,11815,6014,5801,15786,7690,8096,12416,5720,6696,2269,1164,1105,2705,1403,1302,2936,1489,1447,3221,1620,1601,2952,1553,1399,2930,1527,1403,2737,1423,1314,3076,1513,1563,3072,1551,1521,3605,1780,1825,3800,1899,1901,4208,1995,2213,4173,2016,2157,3857,1875,1982,3272,1558,1714,2389,1076,1313,1612,728,884,1286,483,803,46.6,45.2,47.9
050,51,191,Virginia,Washington County,12,53852,26570,27282,2277,1167,1110,4954,2569,2385,2376,1186,1190,4291,2270,2021,45459,22239,23220,44245,21648,22597,17762,9128,8634,11658,5968,5690,15475,7508,7967,12821,5902,6919,2277,1167,1110,2611,1375,1236,2906,1490,1416,3179,1607,1572,2925,1553,1372,2894,1498,1396,2767,1442,1325,2979,1497,1482,3018,1531,1487,3544,1735,1809,3665,1846,1819,4159,1990,2169,4107,1937,2170,3899,1870,2029,3468,1665,1803,2439,1101,1338,1653,749,904,1362,517,845,47.0,45.4,48.5
050,51,191,Virginia,Washington County,13,53747,26450,27297,2284,1161,1123,4844,2518,2326,2365,1188,1177,4277,2229,2048,45476,22191,23285,44254,21583,22671,17605,9014,8591,11541,5888,5653,15352,7461,7891,13084,6005,7079,2284,1161,1123,2508,1321,1187,2914,1488,1426,3122,1597,1525,2942,1529,1413,2869,1494,1375,2754,1423,1331,2891,1473,1418,3027,1498,1529,3522,1745,1777,3584,1802,1782,4054,1969,2085,4192,1945,2247,3967,1917,2050,3533,1666,1867,2517,1149,1368,1687,770,917,1380,503,877,47.3,45.7,48.8
050,51,191,Virginia,Washington County,14,53695,26404,27291,2284,1157,1127,4811,2503,2308,2355,1185,1170,4270,2215,2055,45463,22170,23293,44245,21559,22686,17563,8983,8580,11522,5873,5649,15312,7442,7870,13141,6029,7112,2284,1157,1127,2476,1304,1172,2919,1489,1430,3094,1589,1505,2947,1521,1426,2864,1496,1368,2750,1415,1335,2873,1471,1402,3035,1491,1544,3514,1747,1767,3568,1792,1776,4019,1961,2058,4211,1942,2269,3994,1937,2057,3546,1664,1882,2532,1160,1372,1696,775,921,1373,493,880,47.4,45.8,48.9
050,51,193,Virginia,Westmoreland County,1,17454,8511,8943,922,515,407,1705,864,841,866,437,429,1289,655,634,14422,6941,7481,13961,6695,7266,5536,2791,2745,3570,1792,1778,5457,2587,2870,3645,1661,1984,922,515,407,938,482,456,956,475,481,1051,536,515,915,463,452,893,465,428,817,413,404,892,429,463,968,485,483,1251,592,659,1428,692,736,1432,669,763,1346,634,712,1233,607,626,925,419,506,679,329,350,449,202,247,359,104,255,46.6,44.9,47.8
050,51,193,Virginia,Westmoreland County,2,17464,8517,8947,922,515,407,1706,865,841,867,438,429,1289,655,634,14431,6946,7485,13969,6699,7270,5539,2793,2746,3572,1793,1779,5460,2588,2872,3648,1663,1985,922,515,407,939,483,456,956,475,481,1052,537,515,915,463,452,893,465,428,817,413,404,894,430,464,968,485,483,1251,592,659,1429,692,737,1434,670,764,1346,634,712,1234,608,626,927,420,507,679,329,350,449,202,247,359,104,255,46.6,44.9,47.8
050,51,193,Virginia,Westmoreland County,3,17493,8539,8954,928,521,407,1710,867,843,851,429,422,1302,663,639,14458,6962,7496,14004,6722,7282,5531,2790,2741,3564,1790,1774,5449,2581,2868,3689,1688,2001,928,521,407,938,483,455,958,476,482,1040,530,510,927,470,457,890,466,424,827,414,413,887,425,462,960,485,475,1236,583,653,1429,694,735,1438,677,761,1346,627,719,1244,619,625,939,427,512,686,330,356,454,205,249,366,107,259,46.7,45.0,47.9
050,51,193,Virginia,Westmoreland County,4,17639,8647,8992,977,542,435,1711,873,838,803,403,400,1356,700,656,14575,7042,7533,14148,6829,7319,5535,2782,2753,3559,1775,1784,5468,2615,2853,3765,1739,2026,977,542,435,940,483,457,954,486,468,996,504,492,980,503,477,888,466,422,852,423,429,879,408,471,940,478,462,1194,561,633,1420,710,710,1458,703,755,1396,641,755,1243,628,615,975,449,526,700,328,372,458,206,252,389,128,261,46.9,45.3,48.1
050,51,193,Virginia,Westmoreland County,5,17515,8535,8980,918,474,444,1676,860,816,761,381,380,1386,702,684,14550,7010,7540,14160,6820,7340,5459,2740,2719,3502,1755,1747,5371,2554,2817,3901,1809,2092,918,474,444,937,494,443,929,464,465,947,482,465,1010,503,507,899,473,426,848,436,412,837,386,451,918,460,458,1170,538,632,1355,673,682,1473,719,754,1373,624,749,1314,659,655,987,455,532,725,339,386,477,224,253,398,132,266,47.4,45.9,48.6
050,51,193,Virginia,Westmoreland County,6,17553,8547,9006,880,447,433,1669,858,811,779,409,370,1370,700,670,14610,7034,7576,14225,6833,7392,5452,2758,2694,3498,1752,1746,5325,2521,2804,4032,1860,2172,880,447,433,934,497,437,930,464,466,947,494,453,1007,512,495,951,491,460,849,427,422,808,380,428,890,454,436,1111,505,606,1335,637,698,1489,732,757,1390,647,743,1323,631,692,1046,511,535,743,331,412,494,231,263,426,156,270,47.8,46.3,49.1
050,51,193,Virginia,Westmoreland County,7,17440,8475,8965,875,447,428,1599,831,768,752,376,376,1303,682,621,14589,7010,7579,14214,6821,7393,5384,2723,2661,3509,1753,1756,5228,2474,2754,4174,1912,2262,875,447,428,876,479,397,903,440,463,919,477,442,956,493,463,961,482,479,882,458,424,780,371,409,886,442,444,992,466,526,1357,619,738,1457,715,742,1422,674,748,1338,621,717,1094,538,556,777,340,437,516,247,269,449,166,283,48.5,46.9,50.0
050,51,193,Virginia,Westmoreland County,8,17553,8575,8978,903,471,432,1643,863,780,733,360,373,1231,635,596,14658,7077,7581,14274,6881,7393,5457,2756,2701,3660,1836,1824,5133,2454,2679,4250,1956,2294,903,471,432,909,492,417,901,446,455,882,452,430,915,468,447,1036,533,503,902,466,436,806,399,407,916,438,478,959,478,481,1242,566,676,1483,725,758,1449,685,764,1350,641,709,1146,554,592,788,347,441,500,244,256,466,170,296,48.4,46.5,50.0
050,51,193,Virginia,Westmoreland County,9,17645,8581,9064,974,489,485,1649,855,794,711,349,362,1163,585,578,14675,7065,7610,14311,6888,7423,5414,2695,2719,3729,1863,1866,5107,2474,2633,4312,1966,2346,974,489,485,935,498,437,903,459,444,824,399,425,861,433,428,1110,576,534,917,492,425,829,405,424,873,390,483,976,490,486,1205,562,643,1458,729,729,1468,693,775,1383,626,757,1148,571,577,818,354,464,517,243,274,446,172,274,48.2,46.4,49.7
050,51,193,Virginia,Westmoreland County,10,17723,8621,9102,954,493,461,1668,876,792,712,351,361,1160,577,583,14734,7070,7664,14389,6901,7488,5440,2735,2705,3737,1883,1854,5062,2421,2641,4430,2020,2410,954,493,461,918,475,443,919,477,442,859,430,429,844,422,422,1093,562,531,945,508,437,857,435,422,842,378,464,919,444,475,1254,586,668,1408,686,722,1481,705,776,1387,625,762,1208,601,607,827,362,465,551,247,304,457,185,272,48.4,46.5,50.2
050,51,193,Virginia,Westmoreland County,11,17818,8707,9111,955,496,459,1657,878,779,731,362,369,1161,564,597,14834,7160,7674,14475,6971,7504,5434,2747,2687,3735,1916,1819,5023,2404,2619,4556,2087,2469,955,496,459,881,463,418,969,510,459,848,423,425,851,408,443,1069,585,484,952,480,472,904,479,425,810,372,438,920,440,480,1174,559,615,1419,670,749,1510,735,775,1418,675,743,1229,567,662,868,402,466,578,248,330,463,195,268,48.6,46.7,50.5
050,51,193,Virginia,Westmoreland County,12,18029,8829,9200,966,498,468,1710,912,798,756,385,371,1133,545,588,14966,7222,7744,14597,7034,7563,5554,2810,2744,3850,1977,1873,4952,2365,2587,4662,2147,2515,966,498,468,921,478,443,974,531,443,864,437,427,840,396,444,1091,579,512,993,515,478,945,496,449,821,387,434,910,435,475,1087,527,560,1431,657,774,1524,746,778,1440,689,751,1209,540,669,955,457,498,588,260,328,470,201,269,48.3,46.3,50.3
050,51,193,Virginia,Westmoreland County,13,18121,8863,9258,935,477,458,1678,883,795,777,383,394,1133,556,577,15119,7303,7816,14731,7120,7611,5597,2824,2773,3883,1985,1898,4950,2363,2587,4765,2216,2549,935,477,458,912,470,442,962,513,449,881,442,439,833,397,436,1080,573,507,1004,513,491,958,486,472,841,413,428,909,425,484,1062,525,537,1407,648,759,1572,765,807,1462,707,755,1254,575,679,981,467,514,608,279,329,460,188,272,48.7,46.9,50.3
050,51,193,Virginia,Westmoreland County,14,18149,8874,9275,926,471,455,1669,881,788,786,384,402,1133,561,572,15164,7321,7843,14768,7138,7630,5618,2834,2784,3898,1990,1908,4950,2362,2588,4787,2225,2562,926,471,455,911,473,438,957,509,448,888,445,443,832,399,433,1076,571,505,1008,514,494,965,484,481,849,421,428,905,420,485,1060,527,533,1397,645,752,1588,770,818,1469,711,758,1263,580,683,989,468,521,613,284,329,453,182,271,48.7,47.0,50.3
050,51,195,Virginia,Wise County,1,41452,21431,20021,2319,1194,1125,4258,2216,2042,2029,1036,993,4429,2477,1952,33896,17518,16378,32846,16985,15861,17042,9422,7620,11083,6171,4912,11469,5803,5666,5865,2534,3331,2319,1194,1125,2345,1164,1181,2412,1314,1098,2921,1514,1407,3038,1737,1301,2761,1660,1101,2695,1502,1193,2806,1515,1291,2821,1494,1327,2851,1519,1332,3019,1494,1525,3016,1509,1507,2583,1281,1302,1842,889,953,1436,661,775,1081,458,623,836,334,502,670,192,478,39.0,37.1,41.0
050,51,195,Virginia,Wise County,2,41436,21424,20012,2317,1193,1124,4262,2216,2046,2033,1039,994,4418,2473,1945,33876,17510,16366,32824,16976,15848,17020,9414,7606,11071,6166,4905,11468,5802,5666,5867,2535,3332,2317,1193,1124,2346,1163,1183,2418,1317,1101,2919,1513,1406,3030,1735,1295,2759,1659,1100,2693,1501,1192,2803,1511,1292,2816,1495,1321,2851,1517,1334,3019,1493,1526,3014,1509,1505,2584,1283,1301,1845,890,955,1434,660,774,1081,459,622,837,334,503,670,192,478,39.0,37.1,41.0
050,51,195,Virginia,Wise County,3,41574,21553,20021,2336,1205,1131,4263,2213,2050,2022,1039,983,4441,2494,1947,33999,17627,16372,32953,17096,15857,17107,9501,7606,11135,6230,4905,11488,5821,5667,5889,2551,3338,2336,1205,1131,2342,1163,1179,2412,1312,1100,2878,1496,1382,3094,1775,1319,2780,1680,1100,2709,1521,1188,2812,1518,1294,2834,1511,1323,2846,1521,1325,3027,1500,1527,3005,1508,1497,2610,1292,1318,1855,893,962,1436,660,776,1088,465,623,834,334,500,676,199,477,39.0,37.1,41.1
050,51,195,Virginia,Wise County,4,41461,21472,19989,2328,1181,1147,4266,2199,2067,1999,1049,950,4477,2503,1974,33904,17579,16325,32868,17043,15825,17006,9431,7575,11015,6142,4873,11450,5829,5621,5926,2569,3357,2328,1181,1147,2337,1167,1170,2414,1295,1119,2780,1467,1313,3211,1822,1389,2740,1638,1102,2671,1522,1149,2734,1453,1281,2870,1529,1341,2751,1489,1262,3000,1489,1511,2977,1505,1472,2722,1346,1376,1882,908,974,1470,672,798,1089,476,613,801,308,493,684,205,479,39.2,37.3,41.2
050,51,195,Virginia,Wise County,5,40928,21132,19796,2251,1144,1107,4207,2175,2032,1934,1018,916,4444,2446,1998,33512,17294,16218,32536,16795,15741,16602,9148,7454,10696,5939,4757,11298,5726,5572,6098,2684,3414,2251,1144,1107,2266,1158,1108,2413,1272,1141,2668,1415,1253,3238,1794,1444,2653,1586,1067,2599,1482,1117,2617,1382,1235,2827,1489,1338,2704,1443,1261,2883,1434,1449,2970,1505,1465,2741,1344,1397,2012,983,1029,1497,693,804,1098,488,610,793,300,493,698,220,478,39.6,37.6,41.5
050,51,195,Virginia,Wise County,6,40685,21068,19617,2249,1162,1087,4111,2107,2004,1925,1016,909,4327,2382,1945,33365,17291,16074,32400,16783,15617,16406,9069,7337,10638,5926,4712,11197,5683,5514,6238,2792,3446,2249,1162,1087,2253,1172,1081,2342,1190,1152,2599,1380,1219,3169,1763,1406,2729,1623,1106,2595,1492,1103,2557,1362,1195,2757,1449,1308,2704,1447,1257,2795,1416,1379,2970,1498,1472,2728,1322,1406,2102,1035,1067,1549,732,817,1129,497,632,772,307,465,686,221,465,39.7,37.7,41.8
050,51,195,Virginia,Wise County,7,39916,20645,19271,2180,1079,1101,3999,2029,1970,1880,1026,854,4048,2249,1799,32802,17024,15778,31857,16511,15346,15947,8824,7123,10484,5811,4673,10933,5559,5374,6392,2892,3500,2180,1079,1101,2201,1158,1043,2263,1133,1130,2503,1362,1141,2960,1651,1309,2808,1647,1161,2540,1459,1081,2437,1305,1132,2699,1400,1299,2622,1411,1211,2681,1391,1290,2923,1441,1482,2707,1316,1391,2223,1086,1137,1557,753,804,1127,497,630,776,317,459,709,239,470,40.1,38.1,42.2
050,51,195,Virginia,Wise County,8,39596,20593,19003,2040,1024,1016,3986,2010,1976,1859,999,860,3839,2195,1644,32641,17057,15584,31711,16560,15151,15749,8870,6879,10510,5913,4597,10883,5509,5374,6479,2943,3536,2040,1024,1016,2233,1146,1087,2212,1101,1111,2425,1344,1081,2814,1613,1201,2929,1742,1187,2501,1438,1063,2457,1345,1112,2623,1388,1235,2673,1426,1247,2598,1349,1249,2859,1387,1472,2753,1347,1406,2312,1136,1176,1561,747,814,1118,497,621,787,326,461,701,237,464,40.4,38.3,42.7
050,51,195,Virginia,Wise County,9,39059,20259,18800,1990,977,1013,3909,1957,1952,1868,977,891,3651,2091,1560,32235,16870,15365,31292,16348,14944,15308,8649,6659,10253,5801,4452,10744,5453,5291,6644,3003,3641,1990,977,1013,2226,1120,1106,2147,1057,1090,2393,1315,1078,2662,1533,1129,2909,1737,1172,2424,1393,1031,2409,1351,1058,2511,1320,1191,2713,1452,1261,2477,1295,1182,2806,1359,1447,2748,1347,1401,2437,1169,1268,1573,747,826,1164,521,643,757,323,434,713,243,470,40.8,38.7,43.0
050,51,195,Virginia,Wise County,10,38593,20141,18452,1948,976,972,3809,1951,1858,1789,905,884,3614,2097,1517,31974,16809,15165,31047,16309,14738,15057,8578,6479,10062,5760,4302,10500,5324,5176,6871,3128,3743,1948,976,972,2111,1084,1027,2106,1051,1055,2392,1299,1093,2603,1519,1084,2873,1742,1131,2399,1412,987,2334,1303,1031,2456,1303,1153,2662,1419,1243,2453,1275,1178,2664,1295,1369,2721,1335,1386,2474,1185,1289,1692,802,890,1199,556,643,782,329,453,724,256,468,41.1,38.7,43.6
050,51,195,Virginia,Wise County,11,37877,19727,18150,1809,901,908,3766,1943,1823,1729,852,877,3481,2049,1432,31477,16484,14993,30573,16031,14542,14585,8247,6338,9787,5557,4230,10286,5230,5056,7019,3195,3824,1809,901,908,2053,1055,998,2125,1099,1026,2310,1219,1091,2488,1471,1017,2739,1634,1105,2382,1393,989,2316,1286,1030,2350,1244,1106,2589,1384,1205,2432,1261,1171,2585,1274,1311,2680,1311,1369,2462,1154,1308,1802,865,937,1239,579,660,813,346,467,703,251,452,41.6,39.2,44.2
050,51,195,Virginia,Wise County,12,37427,19483,17944,1717,876,841,3701,1885,1816,1718,844,874,3399,1997,1402,31161,16291,14870,30291,15878,14413,14284,8109,6175,9600,5486,4114,10098,5100,4998,7194,3295,3899,1717,876,841,2025,1015,1010,2109,1088,1021,2261,1182,1079,2423,1441,982,2613,1571,1042,2413,1415,998,2289,1266,1023,2285,1234,1051,2548,1320,1228,2401,1252,1149,2475,1255,1220,2674,1273,1401,2473,1176,1297,1917,898,1019,1272,607,665,793,338,455,739,276,463,42.0,39.6,44.7
050,51,195,Virginia,Wise County,13,37263,19411,17852,1758,902,856,3661,1850,1811,1668,828,840,3392,1999,1393,31005,16235,14770,30176,15831,14345,14214,8088,6126,9566,5470,4096,9931,5009,4922,7287,3353,3934,1758,902,856,1957,985,972,2116,1074,1042,2232,1152,1080,2416,1466,950,2597,1555,1042,2453,1443,1010,2238,1226,1012,2278,1246,1032,2485,1297,1188,2424,1252,1172,2397,1227,1170,2625,1233,1392,2486,1182,1304,1994,938,1056,1286,608,678,802,350,452,719,275,444,42.0,39.6,44.7
050,51,195,Virginia,Wise County,14,37206,19379,17827,1770,910,860,3649,1838,1811,1654,826,828,3388,1996,1392,30946,16206,14740,30133,15805,14328,14202,8083,6119,9567,5468,4099,9881,4981,4900,7297,3360,3937,1770,910,860,1933,974,959,2123,1071,1052,2220,1141,1079,2415,1474,941,2591,1551,1040,2473,1454,1019,2225,1213,1012,2278,1250,1028,2460,1287,1173,2440,1255,1185,2373,1218,1155,2608,1221,1387,2492,1186,1306,2011,946,1065,1284,604,680,804,352,452,706,272,434,41.9,39.6,44.6
050,51,197,Virginia,Wythe County,1,29235,14303,14932,1591,813,778,3064,1631,1433,1455,776,679,2014,1000,1014,23904,11484,12420,23125,11083,12042,10415,5232,5183,7270,3637,3633,8629,4170,4459,5212,2276,2936,1591,813,778,1720,908,812,1668,904,764,1742,905,837,1403,690,713,1570,796,774,1628,786,842,1979,1019,960,2093,1036,1057,2214,1068,1146,2218,1078,1140,2169,1033,1136,2028,991,1037,1674,817,857,1284,595,689,917,412,505,750,294,456,587,158,429,43.2,41.6,44.7
050,51,197,Virginia,Wythe County,2,29246,14310,14936,1591,813,778,3065,1631,1434,1455,776,679,2014,1000,1014,23914,11491,12423,23135,11090,12045,10419,5236,5183,7274,3641,3633,8636,4173,4463,5211,2276,2935,1591,813,778,1721,908,813,1668,904,764,1742,905,837,1403,690,713,1571,796,775,1628,787,841,1979,1019,960,2096,1039,1057,2216,1069,1147,2220,1078,1142,2171,1035,1136,2029,991,1038,1673,817,856,1284,595,689,917,412,505,750,294,456,587,158,429,43.2,41.6,44.7
050,51,197,Virginia,Wythe County,3,29252,14312,14940,1565,805,760,3071,1633,1438,1439,770,669,2014,999,1015,23948,11505,12443,23177,11104,12073,10375,5209,5166,7244,3617,3627,8672,4190,4482,5247,2298,2949,1565,805,760,1712,904,808,1681,906,775,1716,896,820,1415,696,719,1572,794,778,1627,790,837,1962,1004,958,2083,1029,1054,2231,1083,1148,2212,1076,1136,2180,1035,1145,2049,996,1053,1680,819,861,1300,605,695,924,418,506,747,293,454,596,163,433,43.3,41.7,44.8
050,51,197,Virginia,Wythe County,4,29204,14272,14932,1460,748,712,3101,1624,1477,1394,749,645,2031,1028,1003,23993,11556,12437,23249,11151,12098,10234,5133,5101,7126,3521,3605,8783,4250,4533,5309,2352,2957,1460,748,712,1706,886,820,1712,903,809,1665,882,783,1443,730,713,1583,780,803,1616,795,821,1828,914,914,2099,1032,1067,2254,1107,1147,2179,1065,1114,2214,1045,1169,2136,1033,1103,1674,821,853,1334,635,699,954,439,515,741,285,456,606,172,434,43.7,42.2,45.1
050,51,197,Virginia,Wythe County,5,29331,14319,15012,1467,759,708,3144,1613,1531,1338,725,613,2114,1083,1031,24074,11602,12472,23382,11222,12160,10163,5119,5044,7033,3486,3547,8754,4232,4522,5481,2421,3060,1467,759,708,1717,895,822,1749,893,856,1628,873,755,1502,760,742,1575,796,779,1567,754,813,1735,851,884,2156,1085,1071,2219,1098,1121,2172,1030,1142,2230,1068,1162,2133,1036,1097,1741,845,896,1400,656,744,975,449,526,738,283,455,627,188,439,44.0,42.5,45.4
050,51,197,Virginia,Wythe County,6,29285,14297,14988,1432,727,705,3125,1616,1509,1331,701,630,2146,1104,1042,24064,11598,12466,23397,11253,12144,10115,5098,5017,6978,3469,3509,8670,4199,4471,5603,2481,3122,1432,727,705,1694,876,818,1771,916,855,1579,856,723,1558,773,785,1579,797,782,1592,764,828,1689,823,866,2118,1085,1033,2163,1065,1098,2156,1020,1136,2231,1078,1153,2120,1036,1084,1784,859,925,1464,682,782,1003,460,543,723,294,429,629,186,443,44.1,42.8,45.4
050,51,197,Virginia,Wythe County,7,29060,14162,14898,1400,703,697,3039,1560,1479,1351,714,637,2087,1058,1029,23919,11532,12387,23270,11185,12085,9961,5008,4953,6875,3424,3451,8591,4162,4429,5717,2541,3176,1400,703,697,1656,844,812,1735,904,831,1533,811,722,1553,773,780,1592,800,792,1580,774,806,1659,797,862,2044,1053,991,2092,1027,1065,2149,1027,1122,2203,1080,1123,2147,1028,1119,1803,858,945,1487,709,778,1059,480,579,709,305,404,659,189,470,44.5,43.3,45.8
050,51,197,Virginia,Wythe County,8,29106,14213,14893,1454,739,715,3021,1582,1439,1388,716,672,2034,1049,985,23917,11532,12385,23243,11176,12067,9878,4935,4943,6807,3338,3469,8590,4171,4419,5812,2618,3194,1454,739,715,1640,852,788,1732,898,834,1549,822,727,1522,775,747,1604,790,814,1590,775,815,1622,781,841,1991,992,999,2103,1043,1060,2178,1072,1106,2183,1056,1127,2126,1000,1126,1901,929,972,1462,695,767,1076,487,589,703,307,396,670,200,470,44.7,43.6,45.8
050,51,197,Virginia,Wythe County,9,28898,14111,14787,1445,740,705,2913,1519,1394,1406,699,707,1961,1031,930,23854,11519,12335,23134,11153,11981,9717,4845,4872,6693,3290,3403,8547,4162,4385,5933,2670,3263,1445,740,705,1565,815,750,1691,879,812,1543,786,757,1481,769,712,1633,813,820,1603,787,816,1605,779,826,1852,911,941,2066,1015,1051,2206,1097,1109,2136,1041,1095,2139,1009,1130,1979,945,1034,1468,703,765,1099,502,597,725,314,411,662,206,456,45.1,43.9,46.2
050,51,197,Virginia,Wythe County,10,28832,14060,14772,1418,718,700,2906,1501,1405,1436,726,710,1938,1028,910,23805,11465,12340,23072,11115,11957,9551,4766,4785,6525,3205,3320,8547,4162,4385,6062,2720,3342,1418,718,700,1549,808,741,1705,886,819,1591,805,786,1435,756,679,1582,769,813,1602,807,795,1577,741,836,1764,888,876,2121,1039,1082,2180,1100,1080,2109,996,1113,2137,1027,1110,2000,961,1039,1507,721,786,1150,510,640,737,321,416,668,207,461,45.4,44.3,46.5
050,51,197,Virginia,Wythe County,11,28659,13992,14667,1400,708,692,2855,1465,1390,1404,709,695,1911,1017,894,23714,11451,12263,23000,11110,11890,9466,4739,4727,6491,3189,3302,8437,4121,4316,6161,2783,3378,1400,708,692,1524,791,733,1671,850,821,1626,833,793,1349,717,632,1616,791,825,1564,800,764,1606,761,845,1705,837,868,2056,1042,1014,2157,1079,1078,2088,983,1105,2136,1017,1119,1983,966,1017,1576,751,825,1192,528,664,737,323,414,673,215,458,45.7,44.5,46.9
050,51,197,Virginia,Wythe County,12,28618,13993,14625,1419,736,683,2819,1435,1384,1382,723,659,1883,973,910,23698,11475,12223,22998,11099,11899,9391,4738,4653,6463,3211,3252,8333,4075,4258,6319,2840,3479,1419,736,683,1490,739,751,1666,865,801,1609,837,772,1319,690,629,1645,823,822,1545,785,760,1611,775,836,1662,828,834,2046,1039,1007,2117,1038,1079,2084,995,1089,2086,1003,1083,2012,964,1048,1617,756,861,1216,554,662,786,345,441,688,221,467,46.0,44.6,47.2
050,51,197,Virginia,Wythe County,13,28610,13973,14637,1408,718,690,2791,1435,1356,1379,725,654,1872,957,915,23724,11468,12256,23032,11095,11937,9337,4708,4629,6432,3203,3229,8325,4058,4267,6403,2877,3526,1408,718,690,1509,762,747,1628,850,778,1571,815,756,1334,690,644,1636,822,814,1567,790,777,1605,791,814,1624,800,824,2011,1009,1002,2085,1022,1063,2122,1038,1084,2107,989,1118,1988,936,1052,1700,804,896,1211,543,668,800,356,444,704,238,466,46.1,44.7,47.6
050,51,197,Virginia,Wythe County,14,28620,13972,14648,1405,711,694,2784,1432,1352,1381,728,653,1868,952,916,23741,11475,12266,23050,11101,11949,9326,4703,4623,6425,3202,3223,8337,4063,4274,6420,2884,3536,1405,711,694,1519,770,749,1613,841,772,1564,812,752,1337,689,648,1631,822,809,1574,791,783,1608,799,809,1612,790,822,2004,1001,1003,2081,1022,1059,2135,1052,1083,2117,988,1129,1981,927,1054,1724,819,905,1206,539,667,805,358,447,704,241,463,46.2,44.7,47.7
050,51,199,Virginia,York County,1,65464,32001,33463,3812,1838,1974,8858,4553,4305,4606,2385,2221,5310,2908,2402,50508,24472,26036,48188,23225,24963,24294,12096,12198,15506,7364,8142,19438,9428,10010,7934,3525,4409,3812,1838,1974,4745,2450,2295,5241,2664,2577,5182,2773,2409,3606,1959,1647,3413,1685,1728,3393,1633,1760,3862,1786,2076,4838,2260,2578,6030,2869,3161,5533,2738,2795,4181,2022,2159,3694,1799,1895,2801,1333,1468,1950,909,1041,1466,650,816,954,377,577,763,256,507,39.4,38.1,40.5
050,51,199,Virginia,York County,2,65191,31892,33299,3793,1830,1963,8835,4543,4292,4598,2380,2218,5305,2907,2398,50280,24383,25897,47965,23139,24826,24181,12048,12133,15404,7321,8083,19368,9402,9966,7888,3509,4379,3793,1830,1963,4729,2444,2285,5232,2659,2573,5176,2769,2407,3601,1958,1643,3378,1674,1704,3366,1623,1743,3838,1773,2065,4822,2251,2571,6011,2857,3154,5513,2733,2780,4168,2019,2149,3676,1793,1883,2786,1325,1461,1943,907,1036,1449,647,802,949,374,575,761,256,505,39.4,38.1,40.5
050,51,199,Virginia,York County,3,65224,31916,33308,3746,1796,1950,8800,4517,4283,4560,2352,2208,5396,2968,2428,50430,24479,25951,48118,23251,24867,24209,12094,12115,15353,7326,8027,19398,9407,9991,7971,3550,4421,3746,1796,1950,4695,2417,2278,5205,2652,2553,5214,2778,2436,3642,1990,1652,3384,1688,1696,3410,1651,1759,3793,1755,2038,4766,2232,2534,5971,2836,3135,5517,2731,2786,4208,2042,2166,3702,1798,1904,2798,1335,1463,1970,921,1049,1460,651,809,963,386,577,780,257,523,39.5,38.1,40.6
050,51,199,Virginia,York County,4,65796,32216,33580,3667,1768,1899,8700,4435,4265,4462,2261,2201,5873,3257,2616,51289,24916,26373,48967,23752,25215,24649,12381,12268,15370,7422,7948,19460,9390,10070,8264,3683,4581,3667,1768,1899,4583,2327,2256,5173,2667,2506,5251,2752,2499,4028,2207,1821,3501,1775,1726,3475,1686,1789,3716,1752,1964,4678,2209,2469,5702,2678,3024,5583,2737,2846,4369,2146,2223,3806,1829,1977,2855,1371,1484,2068,961,1107,1508,679,829,1002,415,587,831,257,574,39.4,37.8,40.7
050,51,199,Virginia,York County,5,65872,32413,33459,3527,1807,1720,8543,4300,4243,4312,2171,2141,6129,3437,2692,51720,25227,26493,49490,24135,25355,24839,12597,12242,15441,7532,7909,19161,9237,9924,8759,3929,4830,3527,1807,1720,4503,2259,2244,5083,2584,2499,5132,2677,2455,4266,2388,1878,3584,1835,1749,3600,1759,1841,3744,1800,1944,4513,2138,2375,5404,2515,2889,5577,2745,2832,4535,2236,2299,3645,1741,1904,3090,1475,1615,2200,1030,1170,1519,683,836,1071,453,618,879,288,591,39.4,37.5,40.9
050,51,199,Virginia,York County,6,66046,32578,33468,3539,1824,1715,8365,4278,4087,4159,2114,2045,6242,3467,2775,52107,25427,26680,49983,24362,25621,24857,12638,12219,15485,7580,7905,18999,9134,9865,9257,4181,5076,3539,1824,1715,4351,2227,2124,5043,2574,2469,4960,2584,2376,4412,2474,1938,3698,1902,1796,3636,1758,1878,3765,1821,1944,4386,2099,2287,5060,2347,2713,5641,2734,2907,4649,2308,2341,3649,1745,1904,3234,1560,1674,2374,1119,1255,1591,698,893,1116,480,636,942,324,618,39.5,37.5,41.2
050,51,199,Virginia,York County,7,66607,32826,33781,3559,1830,1729,8362,4229,4133,4141,2125,2016,6258,3438,2820,52595,25715,26880,50545,24642,25903,25125,12822,12303,15766,7787,7979,18842,9039,9803,9679,4378,5301,3559,1830,1729,4339,2175,2164,5063,2582,2481,4893,2556,2337,4466,2479,1987,3780,1941,1839,3743,1832,1911,4024,1955,2069,4219,2059,2160,4756,2216,2540,5601,2695,2906,4834,2378,2456,3651,1750,1901,3301,1593,1708,2506,1193,1313,1693,741,952,1157,494,663,1022,357,665,39.3,37.6,41.0
050,51,199,Virginia,York County,8,67900,33490,34410,3764,1918,1846,8585,4320,4265,4178,2114,2064,6198,3429,2769,53451,26194,27257,51373,25138,26235,25696,13126,12570,16367,8107,8260,18684,9008,9676,10124,4594,5530,3764,1918,1846,4474,2225,2249,5158,2619,2539,4818,2510,2308,4511,2509,2002,3915,2031,1884,4019,1980,2039,4267,2094,2173,4166,2002,2164,4508,2137,2371,5487,2646,2841,4949,2427,2522,3740,1798,1942,3422,1652,1770,2599,1235,1364,1778,793,985,1207,519,688,1118,395,723,38.8,37.3,40.4
050,51,199,Virginia,York County,9,67914,33355,34559,3800,1931,1869,8511,4251,4260,4124,2069,2055,6046,3285,2761,53507,26123,27384,51479,25104,26375,25643,13009,12634,16514,8170,8344,18524,8930,9594,10395,4719,5676,3800,1931,1869,4493,2228,2265,5059,2538,2521,4731,2469,2262,4398,2370,2028,3910,2032,1878,4101,2004,2097,4475,2183,2292,4028,1951,2077,4450,2139,2311,5161,2465,2696,5005,2425,2580,3908,1901,2007,3480,1666,1814,2621,1244,1377,1856,845,1011,1245,534,711,1193,430,763,38.8,37.5,40.2
050,51,199,Virginia,York County,10,68117,33483,34634,3824,1932,1892,8310,4191,4119,4111,2057,2054,5931,3237,2694,53910,26331,27579,51872,25303,26569,25756,13107,12649,16772,8333,8439,18407,8861,9546,10762,4872,5890,3824,1932,1892,4459,2277,2182,4909,2434,2475,4649,2415,2234,4335,2359,1976,3991,2049,1942,4156,2051,2105,4578,2259,2319,4047,1974,2073,4353,2089,2264,4924,2337,2587,4999,2445,2554,4131,1990,2141,3369,1616,1753,2857,1341,1516,1996,912,1084,1268,553,715,1272,450,822,39.1,37.7,40.4
050,51,199,Virginia,York County,11,68136,33449,34687,3823,1938,1885,8356,4150,4206,4042,2044,1998,5835,3173,2662,53941,26331,27610,51915,25317,26598,25670,13046,12624,16777,8360,8417,18141,8737,9404,11162,5047,6115,3823,1938,1885,4499,2273,2226,4841,2408,2433,4690,2398,2292,4203,2288,1915,3852,2044,1808,4031,1984,2047,4729,2269,2460,4165,2063,2102,4216,2035,2181,4597,2179,2418,5102,2468,2634,4226,2055,2171,3336,1567,1769,2980,1416,1564,2151,999,1152,1346,581,765,1349,484,865,39.4,38.1,40.6
050,51,199,Virginia,York County,12,68579,33759,34820,3750,1897,1853,8461,4267,4194,4014,2036,1978,5729,3135,2594,54367,26549,27818,52354,25559,26795,25956,13249,12707,17226,8588,8638,17899,8604,9295,11500,5232,6268,3750,1897,1853,4652,2381,2271,4822,2396,2426,4632,2394,2238,4098,2267,1831,3867,2041,1826,4100,2006,2094,4854,2386,2468,4405,2155,2250,4096,1994,2102,4331,2070,2261,5083,2436,2647,4389,2104,2285,3401,1614,1787,3046,1441,1605,2282,1071,1211,1417,599,818,1354,507,847,39.5,38.1,40.8
050,51,199,Virginia,York County,13,69075,33999,35076,3751,1908,1843,8506,4284,4222,3957,1988,1969,5704,3112,2592,54832,26812,28020,52861,25819,27042,26212,13394,12818,17544,8781,8763,17755,8542,9213,11858,5384,6474,3751,1908,1843,4728,2427,2301,4771,2344,2427,4589,2366,2223,4079,2247,1832,3876,2038,1838,4186,2055,2131,5009,2465,2544,4473,2223,2250,4025,1940,2085,4221,2030,2191,5010,2395,2615,4499,2177,2322,3527,1670,1857,3123,1489,1634,2347,1073,1274,1487,649,838,1374,503,871,39.6,38.3,40.8
050,51,199,Virginia,York County,14,69199,34046,35153,3751,1912,1839,8518,4285,4233,3943,1974,1969,5681,3097,2584,54945,26868,28077,52987,25875,27112,26285,13436,12849,17651,8846,8805,17714,8517,9197,11941,5415,6526,3751,1912,1839,4752,2440,2312,4756,2326,2430,4567,2354,2213,4067,2236,1831,3877,2037,1840,4216,2069,2147,5060,2497,2563,4498,2243,2255,4006,1922,2084,4196,2020,2176,4982,2379,2603,4530,2196,2334,3564,1688,1876,3139,1495,1644,2361,1070,1291,1506,664,842,1371,498,873,39.6,38.3,40.8
050,51,510,Virginia,Alexandria city,1,139966,67262,72704,9964,5094,4870,10126,5088,5038,3880,1969,1911,10073,4708,5365,118159,56202,61957,115996,55111,60885,72069,34920,37149,58974,28694,30280,34143,16332,17811,12806,5377,7429,9964,5094,4870,6354,3178,3176,4630,2361,2269,4953,2535,2418,8142,3691,4451,17762,8233,9529,16419,7980,8439,13569,6782,6787,11224,5699,5525,9706,4957,4749,8987,4313,4674,8282,3710,4572,7168,3352,3816,4587,2164,2423,2758,1225,1533,1935,809,1126,1605,622,983,1921,557,1364,35.6,35.4,35.8
050,51,510,Virginia,Alexandria city,2,139998,67282,72716,9966,5095,4871,10129,5090,5039,3881,1970,1911,10075,4710,5365,118186,56219,61967,116022,55127,60895,72080,34930,37150,58982,28701,30281,34158,16338,17820,12807,5378,7429,9966,5095,4871,6357,3180,3177,4630,2361,2269,4954,2536,2418,8144,3693,4451,17759,8231,9528,16422,7983,8439,13573,6785,6788,11228,5702,5526,9708,4958,4750,8992,4314,4678,8283,3711,4572,7175,3355,3820,4588,2165,2423,2758,1225,1533,1935,809,1126,1605,622,983,1921,557,1364,35.6,35.4,35.8
050,51,510,Virginia,Alexandria city,3,140737,67656,73081,10046,5118,4928,10279,5159,5120,3890,1988,1902,9989,4662,5327,118686,56486,62200,116522,55391,61131,72260,35032,37228,59243,28837,30406,34377,16454,17923,12913,5438,7475,10046,5118,4928,6458,3237,3221,4683,2377,2306,4959,2540,2419,8058,3655,4403,17653,8171,9482,16638,8122,8516,13606,6797,6809,11346,5747,5599,9794,5003,4791,9011,4326,4685,8322,3740,4582,7250,3385,3865,4664,2201,2463,2780,1237,1543,1937,811,1126,1597,622,975,1935,567,1368,35.7,35.4,35.9
050,51,510,Virginia,Alexandria city,4,144269,69457,74812,10547,5339,5208,10631,5348,5283,3868,2000,1868,9551,4452,5099,121344,57855,63489,119223,56770,62453,73690,35744,37946,61157,29746,31411,35169,16903,18266,13346,5669,7677,10547,5339,5208,6728,3395,3333,4789,2407,2382,4828,2462,2366,7705,3536,4169,17685,8114,9571,17818,8723,9095,13772,6936,6836,11882,5973,5909,9969,5089,4880,9161,4442,4719,8463,3851,4612,7576,3521,4055,4939,2339,2600,2880,1287,1593,2007,848,1159,1532,605,927,1988,590,1398,35.7,35.5,35.8
050,51,510,Virginia,Alexandria city,5,147379,71064,76315,10890,5541,5349,11108,5571,5537,3996,2036,1960,9253,4369,4884,123518,59018,64500,121385,57916,63469,74587,36281,38306,62297,30342,31955,35678,17182,18496,14157,6023,8134,10890,5541,5349,7046,3559,3487,5021,2478,2543,4875,2466,2409,7415,3473,3942,17278,7947,9331,18512,9047,9465,14322,7283,7039,12185,6065,6120,10208,5161,5047,9423,4651,4772,8563,3923,4640,7484,3447,4037,5393,2522,2871,3085,1383,1702,2085,869,1216,1571,624,947,2023,625,1398,35.8,35.6,36.0
050,51,510,Virginia,Alexandria city,6,149767,72368,77399,11225,5811,5414,11544,5754,5790,4023,2054,1969,9077,4260,4817,125107,59874,65233,122975,58749,64226,75122,36520,38602,62943,30660,32283,36092,17479,18613,14863,6350,8513,11225,5811,5414,7233,3600,3633,5232,2608,2624,4932,2496,2436,7247,3364,3883,16787,7738,9049,18971,9253,9718,14752,7452,7300,12433,6217,6216,10331,5234,5097,9670,4869,4801,8580,3960,4620,7511,3416,4095,5739,2657,3082,3371,1536,1835,2176,912,1264,1565,630,935,2012,615,1397,36.0,35.8,36.2
050,51,510,Virginia,Alexandria city,7,151544,73063,78481,11165,5773,5392,11980,6004,5976,4157,2100,2057,8887,4091,4796,126485,60350,66135,124242,59186,65056,75154,36397,38757,63087,30687,32400,36735,17748,18987,15533,6660,8873,11165,5773,5392,7447,3734,3713,5510,2751,2759,5045,2561,2484,7022,3149,3873,16206,7443,8763,19278,9363,9915,15200,7659,7541,12403,6222,6181,10525,5189,5336,9870,5045,4825,8677,4038,4639,7663,3476,4187,5975,2719,3256,3666,1695,1971,2260,967,1293,1574,633,941,2058,646,1412,36.2,36.1,36.4
050,51,510,Virginia,Alexandria city,8,153859,74049,79810,11268,5823,5445,12375,6188,6187,4381,2190,2191,8955,4120,4835,128124,61001,67123,125835,59848,65987,75375,36414,38961,63113,30653,32460,37437,18067,19370,16330,7008,9322,11268,5823,5445,7689,3780,3909,5760,2957,2803,5173,2597,2576,7089,3164,3925,15432,7046,8386,19423,9413,10010,15927,7968,7959,12331,6226,6105,10865,5331,5534,9974,5072,4902,8863,4210,4653,7735,3454,4281,6273,2861,3412,4016,1834,2182,2351,1030,1321,1576,627,949,2114,656,1458,36.4,36.3,36.6
050,51,510,Virginia,Alexandria city,9,156621,75492,81129,11430,5929,5501,12795,6490,6305,4547,2257,2290,9223,4220,5003,130211,61982,68229,127849,60816,67033,76221,36874,39347,63543,30930,32613,38067,18344,19723,17016,7322,9694,11430,5929,5501,7839,3912,3927,6048,3111,2937,5354,2657,2697,7324,3287,4037,15290,6950,8340,19371,9367,10004,16407,8279,8128,12475,6334,6141,11071,5421,5650,10104,5037,5067,9063,4357,4706,7829,3529,4300,6485,2938,3547,4299,1970,2329,2470,1089,1381,1636,653,983,2126,672,1454,36.5,36.4,36.7
050,51,510,Virginia,Alexandria city,10,158772,76558,82214,11482,5946,5536,12958,6641,6317,4742,2342,2400,9412,4352,5060,132107,62888,69219,129590,61629,67961,76908,37224,39684,63916,31100,32816,38527,18559,19968,17735,7618,10117,11482,5946,5536,7787,3920,3867,6333,3291,3042,5483,2716,2767,7509,3408,4101,15492,7029,8463,19221,9334,9887,16535,8240,8295,12668,6497,6171,11181,5433,5748,10145,4982,5163,9248,4513,4735,7953,3631,4322,6415,2910,3505,4711,2102,2609,2710,1231,1479,1690,650,1040,2209,725,1484,36.7,36.5,36.9
050,51,510,Virginia,Alexandria city,11,158377,76265,82112,11425,5922,5503,12927,6633,6294,4791,2402,2389,9095,4124,4971,131776,62589,69187,129234,61308,67926,75817,36519,39298,63051,30559,32492,38692,18744,19948,18396,7881,10515,11425,5922,5503,7679,3933,3746,6368,3266,3102,5576,2760,2816,7190,3200,3990,15415,7104,8311,18439,8828,9611,16552,8212,8340,12645,6415,6230,11229,5573,5656,9973,4834,5139,9473,4650,4823,8017,3687,4330,6490,2895,3595,4968,2196,2772,2925,1333,1592,1754,707,1047,2259,750,1509,37.0,36.8,37.2
050,51,510,Virginia,Alexandria city,12,159050,76623,82427,11343,5882,5461,12983,6595,6388,4824,2444,2380,9192,4244,4948,132491,62968,69523,129900,61702,68198,75804,36713,39091,62926,30636,32290,38560,18569,19991,19222,8253,10969,11343,5882,5461,7696,3930,3766,6425,3276,3149,5715,2810,2905,7163,3267,3896,15273,7109,8164,18272,8744,9528,16677,8317,8360,12704,6466,6238,11077,5454,5623,9916,4695,5221,9473,4711,4762,8094,3709,4385,6582,2941,3641,5331,2375,2956,3182,1438,1744,1845,761,1084,2282,738,1544,37.2,36.8,37.5
050,51,510,Virginia,Alexandria city,13,158872,76571,82301,11208,5786,5422,12962,6638,6324,4917,2493,2424,9280,4330,4950,132381,62951,69430,129785,61654,68131,75182,36424,38758,62192,30210,31982,38652,18684,19968,19661,8430,11231,11208,5786,5422,7665,3941,3724,6504,3306,3198,5736,2880,2856,7254,3334,3920,15053,6897,8156,17792,8619,9173,16567,8246,8321,12780,6448,6332,10968,5433,5535,10079,4783,5296,9443,4658,4785,8162,3810,4352,6593,2904,3689,5459,2445,3014,3430,1545,1885,1898,802,1096,2281,734,1547,37.4,37.0,37.7
050,51,510,Virginia,Alexandria city,14,158726,76504,82222,11164,5752,5412,12938,6641,6297,4952,2510,2442,9297,4352,4945,132267,62906,69361,129672,61601,68071,74951,36313,38638,61934,30060,31874,38681,18718,19963,19760,8471,11289,11164,5752,5412,7644,3938,3706,6526,3312,3214,5738,2900,2838,7279,3353,3926,14954,6814,8140,17631,8576,9055,16551,8236,8315,12798,6434,6364,10932,5431,5501,10146,4814,5332,9427,4641,4786,8176,3832,4344,6598,2894,3704,5486,2461,3025,3503,1576,1927,1908,813,1095,2265,727,1538,37.4,37.1,37.7
050,51,520,Virginia,Bristol city,1,17835,8388,9447,1099,571,528,1828,975,853,780,410,370,1687,807,880,14535,6655,7880,14128,6432,7696,6620,3245,3375,4340,2123,2217,4720,2207,2513,3381,1295,2086,1099,571,528,1035,548,487,980,522,458,1102,554,548,1178,568,610,1143,545,598,1029,479,550,1055,522,533,1113,577,536,1224,608,616,1221,570,651,1195,551,644,1080,478,602,913,383,530,770,323,447,677,268,409,536,204,332,485,117,368,41.3,38.9,43.9
050,51,520,Virginia,Bristol city,2,17738,8341,9397,1095,570,525,1819,972,847,769,402,367,1680,805,875,14459,6617,7842,14055,6397,7658,6580,3224,3356,4314,2109,2205,4696,2194,2502,3365,1289,2076,1095,570,525,1034,547,487,968,517,451,1092,549,543,1174,566,608,1137,541,596,1019,474,545,1054,521,533,1104,573,531,1208,601,607,1215,565,650,1193,550,643,1080,478,602,909,380,529,766,321,445,670,267,403,535,204,331,485,117,368,41.4,38.9,43.9
050,51,520,Virginia,Bristol city,3,17769,8383,9386,1093,581,512,1825,976,849,766,398,368,1667,803,864,14486,6642,7844,14085,6428,7657,6562,3217,3345,4314,2110,2204,4726,2216,2510,3378,1299,2079,1093,581,512,1031,547,484,979,523,456,1074,541,533,1174,566,608,1138,547,591,1023,477,546,1045,515,530,1108,571,537,1211,603,608,1217,567,650,1197,554,643,1101,492,609,902,379,523,778,325,453,671,269,402,537,205,332,490,121,369,41.5,39.0,44.0
050,51,520,Virginia,Bristol city,4,17726,8365,9361,1009,519,490,1862,1008,854,770,395,375,1653,800,853,14469,6641,7828,14085,6443,7642,6559,3213,3346,4335,2117,2218,4783,2245,2538,3314,1281,2033,1009,519,490,1019,539,480,1042,568,474,1045,533,512,1179,563,616,1150,557,593,1054,501,553,1010,503,507,1121,556,565,1217,603,614,1219,578,641,1184,537,647,1163,527,636,876,368,508,795,325,470,638,257,381,514,195,319,491,136,355,41.5,39.0,44.0
050,51,520,Virginia,Bristol city,5,17706,8326,9380,1022,526,496,1845,975,870,799,408,391,1606,772,834,14414,6599,7815,14040,6417,7623,6506,3148,3358,4319,2092,2227,4741,2260,2481,3374,1293,2081,1022,526,496,1010,529,481,1053,570,483,1026,498,528,1161,558,603,1133,531,602,1053,495,558,1042,523,519,1091,543,548,1202,596,606,1231,601,630,1156,530,626,1152,533,619,913,383,530,813,326,487,646,263,383,516,189,327,486,132,354,41.5,39.3,43.7
050,51,520,Virginia,Bristol city,6,17411,8247,9164,991,531,460,1851,980,871,806,400,406,1422,722,700,14161,6516,7645,13763,6336,7427,6310,3098,3212,4279,2080,2199,4667,2219,2448,3395,1315,2080,991,531,460,1030,546,484,1018,538,480,930,468,462,1101,550,551,1083,521,562,1054,499,555,1037,522,515,1105,538,567,1174,584,590,1193,590,603,1152,529,623,1148,516,632,922,390,532,840,329,511,654,278,376,499,188,311,480,130,350,42.1,39.5,44.4
050,51,520,Virginia,Bristol city,7,17225,8178,9047,980,492,488,1790,958,832,813,425,388,1351,682,669,14053,6503,7550,13642,6303,7339,6278,3120,3158,4317,2122,2195,4555,2171,2384,3419,1328,2091,980,492,488,988,527,461,1005,540,465,905,468,437,1056,530,526,1124,566,558,1047,499,548,1069,517,552,1077,540,537,1068,534,534,1213,600,613,1164,545,619,1110,492,618,971,409,562,854,342,512,637,274,363,478,173,305,479,130,349,42.2,39.6,44.5
050,51,520,Virginia,Bristol city,8,17185,8161,9024,973,480,493,1770,926,844,799,435,364,1293,660,633,14056,6552,7504,13643,6320,7323,6243,3122,3121,4347,2130,2217,4554,2189,2365,3449,1341,2108,973,480,493,973,487,486,993,542,451,913,474,439,983,518,465,1157,568,589,1062,525,537,1055,493,562,1073,544,529,1065,542,523,1166,567,599,1173,551,622,1150,529,621,1017,443,574,834,333,501,639,252,387,471,177,294,488,136,352,42.4,39.9,44.7
050,51,520,Virginia,Bristol city,9,17140,8121,9019,974,496,478,1799,924,875,807,436,371,1250,654,596,13958,6483,7475,13560,6265,7295,6122,3056,3066,4280,2079,2201,4520,2157,2363,3510,1375,2135,974,496,478,970,488,482,1044,549,495,906,487,419,936,490,446,1148,556,592,1059,512,547,1032,484,548,1041,527,514,1072,533,539,1150,564,586,1159,555,604,1139,505,634,1070,477,593,826,337,489,668,250,418,469,178,291,477,133,344,42.5,40.0,44.9
050,51,520,Virginia,Bristol city,10,16956,8070,8886,990,505,485,1767,906,861,797,429,368,1165,632,533,13784,6435,7349,13402,6230,7172,6016,3020,2996,4246,2067,2179,4438,2143,2295,3553,1388,2165,990,505,485,940,471,469,1019,543,476,908,492,416,862,461,401,1199,594,605,1058,512,546,995,475,520,994,486,508,1065,528,537,1133,558,575,1140,566,574,1100,491,609,1082,478,604,859,349,510,673,251,422,468,177,291,471,133,338,42.4,39.8,45.1
050,51,520,Virginia,Bristol city,11,16835,8006,8829,1000,516,484,1725,850,875,802,436,366,1099,569,530,13721,6426,7295,13308,6204,7104,5882,2953,2929,4175,2058,2117,4424,2164,2260,3610,1413,2197,1000,516,484,911,434,477,1008,526,482,898,479,419,809,416,393,1165,585,580,973,486,487,1061,509,552,976,478,498,1069,539,530,1102,548,554,1111,545,566,1142,532,610,1072,467,605,871,342,529,690,253,437,499,200,299,478,151,327,43.0,40.6,45.5
050,51,520,Virginia,Bristol city,12,17036,8067,8969,990,514,476,1741,858,883,828,431,397,1119,578,541,13908,6499,7409,13477,6264,7213,5993,2975,3018,4249,2061,2188,4408,2175,2233,3701,1450,2251,990,514,476,971,470,501,973,483,490,914,487,427,830,427,403,1173,596,577,1032,516,516,1048,489,559,996,460,536,1040,530,510,1061,544,517,1155,554,601,1152,547,605,1069,453,616,898,358,540,739,289,450,504,200,304,491,150,341,43.0,40.6,45.0
050,51,520,Virginia,Bristol city,13,17250,8172,9078,960,487,473,1787,890,897,812,411,401,1160,602,558,14094,6596,7498,13691,6384,7307,6068,3015,3053,4300,2102,2198,4419,2171,2248,3812,1509,2303,960,487,473,1005,498,507,986,492,494,923,485,438,845,428,417,1143,578,565,1111,567,544,1043,486,557,1003,471,532,1050,524,526,1063,536,527,1152,561,591,1154,550,604,1101,472,629,938,393,545,747,292,455,516,196,320,510,156,354,43.0,40.6,45.1
050,51,520,Virginia,Bristol city,14,17329,8213,9116,948,477,471,1799,896,903,806,404,402,1173,607,566,14169,6640,7529,13776,6436,7340,6100,3028,3072,4325,2118,2207,4433,2179,2254,3845,1532,2313,948,477,471,1014,504,510,989,493,496,924,482,442,851,428,423,1134,574,560,1138,582,556,1048,489,559,1005,473,532,1055,526,529,1068,536,532,1159,567,592,1151,550,601,1115,483,632,950,405,545,750,293,457,520,195,325,510,156,354,43.0,40.7,45.1
050,51,530,Virginia,Buena Vista city,1,6650,3093,3557,413,200,213,716,364,352,295,144,151,948,439,509,5393,2459,2934,5226,2385,2841,2708,1300,1408,1527,747,780,1683,771,912,1068,428,640,413,200,213,375,185,190,403,209,194,558,253,305,623,300,323,387,196,191,389,186,203,344,163,181,407,202,205,409,200,209,427,199,228,415,178,237,432,194,238,332,151,181,269,124,145,196,73,123,123,38,85,148,42,106,37.6,35.5,39.5
050,51,530,Virginia,Buena Vista city,2,6608,3070,3538,408,199,209,710,359,351,293,143,150,945,437,508,5363,2442,2921,5197,2369,2828,2690,1291,1399,1514,741,773,1676,767,909,1062,424,638,408,199,209,372,183,189,400,206,194,555,252,303,621,298,323,383,195,188,387,184,203,341,162,179,403,200,203,409,200,209,424,197,227,412,177,235,431,193,238,329,150,179,266,121,145,196,73,123,123,38,85,148,42,106,37.6,35.5,39.5
050,51,530,Virginia,Buena Vista city,3,6613,3071,3542,418,202,216,703,354,349,294,148,146,938,429,509,5357,2441,2916,5198,2367,2831,2669,1277,1392,1508,737,771,1677,770,907,1075,431,644,418,202,216,369,181,188,405,210,195,538,244,294,623,296,327,382,194,188,389,187,202,336,159,177,401,197,204,408,201,207,426,197,229,414,180,234,429,192,237,328,149,179,274,125,149,196,74,122,128,40,88,149,43,106,37.7,35.6,39.6
050,51,530,Virginia,Buena Vista city,4,6715,3138,3577,413,203,210,696,346,350,307,165,142,1015,468,547,5442,2504,2938,5299,2424,2875,2745,1321,1424,1516,739,777,1659,766,893,1109,451,658,413,203,210,361,180,181,428,217,211,545,246,299,684,336,348,396,210,186,395,192,203,322,149,173,403,188,215,397,202,195,422,194,228,418,181,237,422,189,233,322,145,177,302,138,164,204,85,119,139,42,97,142,41,101,37.1,34.6,39.5
050,51,530,Virginia,Buena Vista city,5,6751,3154,3597,440,213,227,677,352,325,302,158,144,1079,476,603,5468,2507,2961,5332,2431,2901,2782,1327,1455,1480,732,748,1635,747,888,1138,476,662,440,213,227,358,182,176,398,209,189,593,265,328,709,330,379,419,221,198,367,174,193,320,168,152,374,169,205,400,201,199,399,190,209,427,180,247,409,176,233,347,157,190,294,134,160,219,99,120,140,46,94,138,40,98,36.5,34.5,38.7
050,51,530,Virginia,Buena Vista city,6,6661,3119,3542,420,194,226,678,356,322,339,170,169,973,433,540,5388,2480,2908,5224,2399,2825,2672,1281,1391,1458,727,731,1629,755,874,1164,484,680,420,194,226,380,199,181,396,206,190,563,259,304,651,295,356,407,214,193,388,190,198,326,173,153,337,150,187,430,225,205,394,189,205,424,181,243,381,160,221,361,162,199,298,137,161,213,92,121,151,52,99,141,41,100,37.0,35.1,39.1
050,51,530,Virginia,Buena Vista city,7,6561,3058,3503,396,185,211,673,361,312,348,172,176,905,404,501,5319,2425,2894,5144,2340,2804,2644,1249,1395,1469,715,754,1590,740,850,1180,481,699,396,185,211,374,204,170,377,199,178,563,253,310,612,281,331,436,209,227,372,187,185,330,168,162,331,151,180,413,215,198,392,187,205,401,178,223,384,160,224,384,169,215,298,133,165,213,87,126,146,51,95,139,41,98,37.1,35.3,39.3
050,51,530,Virginia,Buena Vista city,8,6541,3020,3521,377,141,236,665,340,325,339,170,169,954,424,530,5334,2450,2884,5160,2369,2791,2644,1268,1376,1440,718,722,1584,742,842,1182,485,697,377,141,236,381,188,193,373,196,177,580,268,312,624,282,342,458,238,220,323,172,151,340,160,180,319,148,171,412,212,200,391,187,204,395,179,216,386,164,222,387,169,218,286,131,155,234,94,140,143,57,86,132,34,98,37.0,35.9,38.2
050,51,530,Virginia,Buena Vista city,9,6488,2960,3528,415,120,295,650,319,331,331,185,146,895,398,497,5267,2431,2836,5092,2336,2756,2579,1239,1340,1424,705,719,1577,740,837,1196,493,703,415,120,295,371,184,187,350,184,166,565,261,304,590,273,317,449,223,226,333,185,148,339,159,180,303,138,165,396,191,205,391,206,185,394,176,218,396,167,229,383,166,217,281,126,155,243,98,145,148,64,84,141,39,102,37.5,36.8,38.0
050,51,530,Virginia,Buena Vista city,10,6504,2997,3507,377,120,257,697,348,349,311,169,142,897,405,492,5289,2450,2839,5119,2360,2759,2580,1264,1316,1442,719,723,1572,737,835,1208,499,709,377,120,257,390,189,201,377,188,189,549,266,283,589,279,310,449,222,227,344,181,163,328,156,172,321,160,161,378,175,203,417,213,204,373,174,199,404,175,229,362,148,214,311,138,173,229,94,135,168,76,92,138,43,95,37.9,36.9,38.6
050,51,530,Virginia,Buena Vista city,11,6508,3018,3490,373,116,257,668,348,320,317,161,156,940,439,501,5313,2484,2829,5150,2393,2757,2633,1287,1346,1457,726,731,1526,722,804,1227,506,721,373,116,257,369,186,183,380,201,179,568,265,303,608,296,312,470,235,235,331,169,162,329,157,172,327,165,162,330,147,183,413,217,196,379,181,198,404,177,227,353,144,209,318,143,175,247,99,148,160,66,94,149,54,95,37.3,36.1,38.4
050,51,530,Virginia,Buena Vista city,12,6481,3024,3457,397,155,242,663,354,309,288,147,141,945,424,521,5277,2446,2831,5133,2368,2765,2630,1271,1359,1465,733,732,1469,693,776,1254,518,736,397,155,242,370,189,181,361,198,163,566,260,306,599,278,321,455,230,225,353,181,172,314,150,164,343,172,171,316,144,172,389,198,191,395,187,208,369,164,205,369,156,213,336,149,187,244,100,144,164,66,98,141,47,94,37.3,35.8,39.0
050,51,530,Virginia,Buena Vista city,13,6420,2998,3422,384,173,211,652,328,324,304,138,166,945,436,509,5232,2427,2805,5080,2359,2721,2598,1252,1346,1424,717,707,1460,692,768,1251,514,737,384,173,211,365,170,195,362,197,165,563,245,318,611,290,321,442,223,219,342,169,173,301,160,141,339,165,174,311,148,163,392,194,198,381,183,198,376,167,209,366,158,208,336,145,191,236,98,138,178,67,111,135,46,89,37.4,35.8,39.1
050,51,530,Virginia,Buena Vista city,14,6402,2995,3407,379,178,201,650,323,327,308,136,172,944,442,502,5220,2424,2796,5065,2358,2707,2592,1251,1341,1415,712,703,1463,693,770,1243,511,732,379,178,201,362,165,197,363,197,166,560,242,318,617,297,320,438,222,216,338,164,174,299,163,136,340,163,177,314,152,162,395,194,201,378,183,195,376,164,212,364,158,206,337,144,193,231,98,133,179,66,113,132,45,87,37.4,35.7,39.2
050,51,540,Virginia,Charlottesville city,1,43475,20754,22721,2305,1166,1139,2841,1451,1390,1328,698,630,12228,5535,6693,37697,17802,19895,37001,17439,19562,25814,12517,13297,12567,6437,6130,8189,3884,4305,4017,1583,2434,2305,1166,1139,1665,856,809,1485,748,737,2702,1264,1438,10545,4816,5729,4981,2621,2360,3162,1615,1547,2186,1090,1096,2238,1111,1127,2208,1086,1122,2145,998,1147,2100,1007,1093,1736,793,943,1224,522,702,896,367,529,726,294,432,614,231,383,557,169,388,27.8,27.7,28.0
050,51,540,Virginia,Charlottesville city,2,43425,20738,22687,2305,1166,1139,2839,1450,1389,1327,697,630,12187,5524,6663,37649,17787,19862,36954,17425,19529,25771,12505,13266,12566,6437,6129,8184,3881,4303,4017,1583,2434,2305,1166,1139,1664,855,809,1484,748,736,2682,1258,1424,10523,4810,5713,4981,2621,2360,3162,1615,1547,2185,1090,1095,2238,1111,1127,2206,1085,1121,2144,998,1146,2099,1006,1093,1735,792,943,1224,522,702,896,367,529,726,294,432,614,231,383,557,169,388,27.8,27.7,28.0
050,51,540,Virginia,Charlottesville city,3,43467,20723,22744,2316,1160,1156,2842,1451,1391,1317,695,622,12018,5420,6598,37675,17778,19897,36992,17417,19575,25709,12446,13263,12684,6486,6198,8261,3918,4343,4029,1593,2436,2316,1160,1156,1664,855,809,1488,751,737,2606,1228,1378,10419,4732,5687,5015,2632,2383,3214,1634,1580,2199,1104,1095,2256,1116,1140,2218,1093,1125,2168,1009,1159,2105,1008,1097,1770,808,962,1225,527,698,903,370,533,722,291,431,618,234,384,561,171,390,28.0,27.9,28.2
050,51,540,Virginia,Charlottesville city,4,43780,20987,22793,2300,1170,1130,2895,1496,1399,1304,697,607,11334,5195,6139,37949,17992,19957,37281,17624,19657,25568,12435,13133,13229,6690,6539,8650,4116,4534,4068,1623,2445,2300,1170,1130,1680,874,806,1514,769,745,2433,1174,1259,9906,4571,5335,5118,2613,2505,3511,1778,1733,2290,1178,1112,2310,1121,1189,2245,1098,1147,2243,1062,1181,2196,1054,1142,1966,902,1064,1240,549,691,936,383,553,727,284,443,589,222,367,576,185,391,28.8,28.6,29.1
050,51,540,Virginia,Charlottesville city,5,44610,21441,23169,2426,1231,1195,2950,1543,1407,1324,709,615,10778,5027,5751,38590,18328,20262,37910,17958,19952,25679,12512,13167,13890,6938,6952,8987,4238,4749,4255,1755,2500,2426,1231,1195,1720,896,824,1543,809,734,2443,1186,1257,9346,4388,4958,5224,2591,2633,3796,1934,1862,2460,1233,1227,2410,1180,1230,2318,1134,1184,2288,1066,1222,2302,1087,1215,2079,951,1128,1366,634,732,988,410,578,718,285,433,586,234,352,597,192,405,29.6,29.2,30.0
050,51,540,Virginia,Charlottesville city,6,45052,21711,23341,2472,1244,1228,3052,1600,1452,1340,708,632,10022,4735,5287,38877,18515,20362,38188,18159,20029,25479,12442,13037,14447,7180,7267,9299,4405,4894,4420,1839,2581,2472,1244,1228,1817,943,874,1565,838,727,2423,1174,1249,8609,4088,4521,5509,2709,2800,3898,1971,1927,2624,1320,1304,2416,1180,1236,2388,1166,1222,2337,1082,1255,2342,1122,1220,2232,1035,1197,1471,679,792,1028,436,592,738,296,442,585,240,345,598,188,410,30.1,29.7,30.6
050,51,540,Virginia,Charlottesville city,7,45562,21938,23624,2467,1238,1229,3141,1632,1509,1344,727,617,9776,4679,5097,39284,18693,20591,38610,18341,20269,25552,12476,13076,14753,7247,7506,9449,4478,4971,4632,1937,2695,2467,1238,1229,1905,967,938,1557,842,715,2452,1200,1252,8347,4029,4318,5599,2708,2891,3978,1966,2012,2773,1392,1381,2403,1181,1222,2431,1180,1251,2325,1085,1240,2396,1133,1263,2297,1080,1217,1613,740,873,1081,462,619,772,313,459,566,224,342,600,198,402,30.5,30.0,31.1
050,51,540,Virginia,Charlottesville city,8,46357,22362,23995,2450,1226,1224,3290,1712,1578,1356,739,617,9537,4594,4943,39966,19074,20892,39261,18685,20576,25781,12613,13168,15207,7447,7760,9630,4601,5029,4887,2043,2844,2450,1226,1224,2030,1041,989,1579,838,741,2428,1207,1221,8146,3959,4187,5660,2755,2905,4186,2066,2120,3021,1476,1545,2340,1150,1190,2472,1191,1281,2382,1134,1248,2407,1154,1253,2369,1122,1247,1815,823,992,1128,477,651,785,322,463,569,219,350,590,202,388,30.9,30.3,31.6
050,51,540,Virginia,Charlottesville city,9,46976,22680,24296,2458,1219,1239,3378,1760,1618,1376,727,649,9439,4560,4879,40498,19369,21129,39764,18974,20790,25977,12745,13232,15478,7619,7859,9727,4646,5081,5120,2149,2971,2458,1219,1239,2092,1073,1019,1602,848,754,2459,1215,1244,8040,3911,4129,5615,2747,2868,4269,2105,2164,3181,1557,1624,2413,1210,1203,2462,1188,1274,2425,1150,1275,2407,1146,1261,2433,1162,1271,1997,889,1108,1157,507,650,817,333,484,577,226,351,572,194,378,31.3,30.7,31.8
050,51,540,Virginia,Charlottesville city,10,47456,22974,24482,2473,1250,1223,3472,1806,1666,1358,703,655,9374,4503,4871,40868,19591,21277,40153,19215,20938,26093,12828,13265,15675,7777,7898,9771,4680,5091,5333,2255,3078,2473,1250,1223,2166,1095,1071,1620,866,754,2460,1206,1254,7958,3845,4113,5565,2793,2772,4353,2163,2190,3285,1571,1714,2472,1250,1222,2467,1190,1277,2442,1185,1257,2413,1116,1297,2449,1189,1260,2068,910,1158,1288,578,710,823,331,492,577,231,346,577,205,372,31.6,30.9,32.2
050,51,540,Virginia,Charlottesville city,11,47421,23018,24403,2460,1238,1222,3585,1858,1727,1300,676,624,9141,4430,4711,40746,19598,21148,40076,19246,20830,25817,12745,13072,15688,7806,7882,9676,4619,5057,5571,2391,3180,2460,1238,1222,2148,1076,1072,1749,949,800,2383,1146,1237,7746,3793,3953,5325,2708,2617,4412,2215,2197,3368,1573,1795,2583,1310,1273,2417,1177,1240,2452,1166,1286,2408,1110,1298,2399,1166,1233,2142,968,1174,1377,614,763,866,364,502,599,234,365,587,211,376,31.9,31.2,32.7
050,51,540,Virginia,Charlottesville city,12,47283,22910,24373,2418,1223,1195,3639,1864,1775,1288,679,609,9071,4361,4710,40615,19486,21129,39938,19144,20794,25517,12578,12939,15472,7711,7761,9586,4562,5024,5809,2510,3299,2418,1223,1195,2153,1075,1078,1800,962,838,2347,1129,1218,7698,3738,3960,5022,2546,2476,4468,2263,2205,3367,1607,1760,2615,1295,1320,2379,1160,1219,2426,1169,1257,2381,1089,1292,2400,1144,1256,2184,1017,1167,1520,667,853,917,378,539,595,239,356,593,209,384,32.3,31.6,33.1
050,51,540,Virginia,Charlottesville city,13,47053,22742,24311,2443,1250,1193,3584,1820,1764,1298,683,615,8934,4264,4670,40393,19327,21066,39728,18989,20739,25267,12387,12880,15365,7622,7743,9442,4519,4923,5987,2584,3403,2443,1250,1193,2097,1048,1049,1817,954,863,2307,1107,1200,7595,3658,3937,4910,2460,2450,4359,2203,2156,3361,1605,1756,2735,1354,1381,2278,1111,1167,2361,1121,1240,2385,1125,1260,2418,1162,1256,2221,1024,1197,1612,706,906,961,410,551,593,229,364,600,215,385,32.5,31.9,33.3
050,51,540,Virginia,Charlottesville city,14,46950,22670,24280,2449,1260,1189,3562,1803,1759,1305,686,619,8880,4227,4653,40295,19256,21039,39634,18921,20713,25172,12316,12856,15326,7591,7735,9397,4502,4895,6031,2601,3430,2449,1260,1189,2079,1039,1040,1822,952,870,2288,1097,1191,7558,3628,3930,4868,2428,2440,4327,2186,2141,3363,1608,1755,2768,1369,1399,2250,1098,1152,2342,1106,1236,2385,1135,1250,2420,1163,1257,2232,1025,1207,1638,717,921,969,417,552,593,227,366,599,215,384,32.6,32.0,33.3
050,51,550,Virginia,Chesapeake city,1,222209,108051,114158,14400,7360,7040,28744,14599,14145,14377,7357,7020,20191,10513,9678,172077,82528,89549,164688,78735,85953,89913,44659,45254,58850,28550,30300,62501,29890,32611,23146,9782,13364,14400,7360,7040,15339,7718,7621,16910,8642,8268,17017,8967,8050,14046,7142,6904,14247,7139,7108,13683,6574,7109,14660,7005,7655,16260,7832,8428,19456,9381,10075,17858,8587,9271,14107,6762,7345,11080,5160,5920,7797,3594,4203,5585,2508,3077,4138,1697,2441,2962,1141,1821,2664,842,1822,37.0,35.4,38.4
050,51,550,Virginia,Chesapeake city,2,222268,108076,114192,14410,7365,7045,28757,14607,14150,14383,7358,7025,20194,10514,9680,172110,82539,89571,164718,78746,85972,89935,44661,45274,58865,28551,30314,62515,29899,32616,23144,9782,13362,14410,7365,7045,15349,7725,7624,16915,8644,8271,17020,8967,8053,14050,7143,6907,14256,7140,7116,13683,6573,7110,14662,7005,7657,16264,7833,8431,19461,9385,10076,17862,8589,9273,14111,6762,7349,11081,5163,5918,7794,3593,4201,5585,2508,3077,4140,1698,2442,2962,1141,1821,2663,842,1821,37.0,35.4,38.4
050,51,550,Virginia,Chesapeake city,3,223525,109000,114525,14464,7414,7050,28751,14612,14139,14290,7309,6981,20492,10712,9780,173362,83437,89925,166020,79665,86355,90686,45277,45409,59355,28997,30358,62864,30100,32764,23309,9856,13453,14464,7414,7050,15360,7739,7621,16842,8614,8228,17028,8969,8059,14303,7311,6992,14507,7308,7199,13964,6778,7186,14610,7019,7591,16274,7892,8382,19407,9366,10041,17980,8671,9309,14258,6826,7432,11219,5237,5982,7857,3626,4231,5624,2523,3101,4170,1719,2451,2968,1136,1832,2690,852,1838,36.9,35.3,38.4
050,51,550,Virginia,Chesapeake city,4,225360,109957,115403,14496,7413,7083,28754,14608,14146,14006,7108,6898,20897,10961,9936,175229,84475,90754,168104,80828,87276,91157,45668,45489,59648,29323,30325,63602,30412,33190,23957,10132,13825,14496,7413,7083,15454,7793,7661,16694,8539,8155,16829,8797,8032,14680,7548,7132,14802,7446,7356,14640,7186,7454,14077,6810,7267,16129,7881,8248,18647,8918,9729,18364,8894,9470,14789,7048,7741,11802,5552,6250,8148,3744,4404,5742,2572,3170,4318,1811,2507,3016,1139,1877,2733,866,1867,36.9,35.2,38.4
050,51,550,Virginia,Chesapeake city,5,228134,111610,116524,14247,7286,6961,28737,14555,14182,13839,7087,6752,21496,11359,10137,178268,86226,92042,171311,82682,88629,92814,46751,46063,60920,30103,30817,63550,30444,33106,25345,10776,14569,14247,7286,6961,15588,7883,7705,16590,8470,8120,16425,8580,7845,15469,8068,7401,15423,7825,7598,15413,7608,7805,14061,6834,7227,16023,7836,8187,17821,8558,9263,18512,8930,9582,15427,7404,8023,11790,5552,6238,9024,4122,4902,6022,2690,3332,4418,1882,2536,3070,1178,1892,2811,904,1907,36.7,35.1,38.3
050,51,550,Virginia,Chesapeake city,6,230415,112626,117789,14406,7402,7004,28662,14537,14125,13802,7000,6802,21495,11317,10178,180496,87170,93326,173545,83687,89858,94174,47333,46841,62254,30739,31515,63403,30355,33048,26393,11276,15117,14406,7402,7004,15572,7857,7715,16467,8403,8064,16314,8500,7814,15606,8094,7512,15971,8088,7883,15919,7878,8041,14591,7079,7512,15773,7694,8079,16878,8122,8756,18429,8880,9549,15990,7643,8347,12106,5710,6396,9437,4321,5116,6453,2894,3559,4515,1916,2599,3164,1253,1911,2824,892,1932,36.7,35.1,38.2
050,51,550,Virginia,Chesapeake city,7,233477,114229,119248,14786,7552,7234,28562,14544,14018,13808,7075,6733,21645,11345,10300,183238,88593,94645,176321,85058,91263,95612,48078,47534,63621,31440,32181,63559,30488,33071,27496,11785,15711,14786,7552,7234,15437,7839,7598,16587,8487,8100,16107,8393,7714,15884,8245,7639,16475,8342,8133,16390,8183,8207,15141,7290,7851,15615,7625,7990,16090,7810,8280,18493,8924,9569,16403,7842,8561,12573,5912,6661,9910,4520,5390,6836,3086,3750,4649,1992,2657,3193,1233,1960,2908,954,1954,36.6,35.0,38.2
050,51,550,Virginia,Chesapeake city,8,235253,115139,120114,14860,7579,7281,28569,14526,14043,13788,7072,6716,21216,11143,10073,184904,89501,95403,178036,85962,92074,95873,48259,47614,64336,31811,32525,63962,30699,33263,28522,12309,16213,14860,7579,7281,15568,7902,7666,16468,8391,8077,15959,8294,7665,15578,8154,7424,16726,8462,8264,16638,8331,8307,15578,7567,8011,15394,7451,7943,15802,7719,8083,18244,8776,9468,16790,8039,8751,13126,6165,6961,10275,4721,5554,7200,3251,3949,4808,2066,2742,3267,1285,1982,2972,986,1986,36.8,35.3,38.3
050,51,550,Virginia,Chesapeake city,9,237656,116207,121449,15111,7700,7411,28781,14664,14117,13706,6981,6725,20838,11020,9818,186955,90362,96593,180058,86862,93196,96628,48605,48023,65399,32292,33107,64189,30760,33429,29632,12790,16842,15111,7700,7411,15561,7946,7615,16535,8406,8129,16041,8345,7696,15188,7968,7220,16969,8580,8389,17021,8451,8570,16303,7998,8305,15106,7263,7843,15854,7779,8075,17509,8353,9156,17101,8241,8860,13725,6387,7338,10798,5018,5780,7466,3331,4135,4966,2128,2838,3378,1343,2035,3024,970,2054,36.9,35.4,38.4
050,51,550,Virginia,Chesapeake city,10,240416,117407,123009,15167,7635,7532,29275,14961,14314,13845,7080,6765,20750,10889,9861,189099,91286,97813,182129,87731,94398,97594,49027,48567,66475,32860,33615,63993,30627,33366,30911,13355,17556,15167,7635,7532,15834,8181,7653,16917,8582,8335,16018,8366,7652,15101,7801,7300,16911,8520,8391,17322,8636,8686,17099,8413,8686,15143,7291,7852,15813,7736,8077,16736,7994,8742,17288,8249,9039,14156,6648,7508,10898,5027,5871,8202,3656,4546,5204,2249,2955,3455,1398,2057,3152,1025,2127,36.9,35.6,38.4
050,51,550,Virginia,Chesapeake city,11,242748,118517,124231,15395,7885,7510,29425,14952,14473,13806,7056,6750,20496,10707,9789,190946,92098,98848,184122,88624,95498,98750,49648,49102,67947,33677,34270,63448,30319,33129,32231,13921,18310,15395,7885,7510,16040,8154,7886,16884,8590,8294,16018,8328,7690,14785,7643,7142,17037,8698,8339,17636,8710,8926,17736,8763,8973,15538,7506,8032,15669,7662,8007,15772,7493,8279,17309,8282,9027,14698,6882,7816,11219,5156,6063,8573,3838,4735,5598,2411,3187,3571,1412,2159,3270,1104,2166,37.1,35.7,38.5
050,51,550,Virginia,Chesapeake city,12,245403,119895,125508,15517,7863,7654,29968,15304,14664,13938,7123,6815,20241,10578,9663,192940,93171,99769,185980,89605,96375,100171,50455,49716,69409,34488,34921,62817,30086,32731,33513,14453,19060,15517,7863,7654,16388,8383,8005,16997,8655,8342,16217,8474,7743,14545,7493,7052,16917,8721,8196,18026,8914,9112,18477,9149,9328,15989,7704,8285,15376,7532,7844,15171,7302,7869,17098,8139,8959,15172,7113,8059,11563,5286,6277,8982,4006,4976,5888,2542,3346,3734,1485,2249,3346,1134,2212,37.2,35.8,38.6
050,51,550,Virginia,Chesapeake city,13,246720,120456,126264,15498,7878,7620,30163,15419,14744,13988,7096,6892,20117,10518,9599,194120,93680,100440,187071,90063,97008,100648,50733,49915,70034,34849,35185,62507,29887,32620,34413,14809,19604,15498,7878,7620,16551,8446,8105,17103,8703,8400,16142,8440,7702,14472,7444,7028,16740,8667,8073,18171,8950,9221,18703,9220,9483,16420,8012,8408,15226,7374,7852,14938,7224,7714,16852,8021,8831,15491,7268,8223,11861,5394,6467,9166,4067,5099,6123,2636,3487,3806,1535,2271,3457,1177,2280,37.3,35.9,38.7
050,51,550,Virginia,Chesapeake city,14,247011,120574,126437,15489,7880,7609,30198,15442,14756,14021,7097,6924,20044,10482,9562,194383,93792,100591,187303,90155,97148,100786,50820,49966,70244,34973,35271,62407,29817,32590,34608,14883,19725,15489,7880,7609,16585,8456,8129,17136,8718,8418,16110,8425,7685,14432,7422,7010,16670,8641,8029,18229,8966,9263,18795,9258,9537,16550,8108,8442,15182,7326,7856,14881,7204,7677,16775,7985,8790,15569,7302,8267,11954,5428,6526,9187,4069,5118,6177,2656,3521,3825,1551,2274,3465,1179,2286,37.4,35.9,38.7
050,51,570,Virginia,Colonial Heights city,1,17411,8062,9349,944,468,476,1990,968,1022,954,487,467,1424,727,697,13992,6382,7610,13523,6139,7384,6189,3013,3176,4057,1921,2136,4624,2177,2447,3418,1314,2104,944,468,476,1072,517,555,1164,573,591,1110,575,535,1022,517,505,1035,497,538,939,437,502,1015,500,515,1068,487,581,1266,635,631,1219,579,640,1019,463,556,1120,500,620,838,380,458,747,308,439,655,273,382,578,192,386,600,161,439,41.9,39.6,43.9
050,51,570,Virginia,Colonial Heights city,2,17409,8061,9348,944,468,476,1990,968,1022,954,487,467,1424,727,697,13990,6381,7609,13521,6138,7383,6189,3013,3176,4057,1921,2136,4623,2177,2446,3417,1313,2104,944,468,476,1072,517,555,1164,573,591,1110,575,535,1022,517,505,1035,497,538,939,437,502,1015,500,515,1068,487,581,1266,635,631,1219,579,640,1018,463,555,1120,500,620,838,380,458,747,308,439,655,273,382,577,191,386,600,161,439,41.9,39.6,43.9
050,51,570,Virginia,Colonial Heights city,3,17338,8024,9314,933,464,469,1983,962,1021,945,484,461,1403,712,691,13944,6356,7588,13477,6114,7363,6158,2988,3170,4047,1912,2135,4609,2177,2432,3418,1313,2105,933,464,469,1064,517,547,1156,565,591,1110,572,538,1001,504,497,1028,493,535,957,447,510,991,484,507,1071,488,583,1261,638,623,1208,570,638,1029,473,556,1111,496,615,847,382,465,747,308,439,653,271,382,573,192,381,598,160,438,42.0,39.7,43.9
050,51,570,Virginia,Colonial Heights city,4,17288,7984,9304,957,468,489,1975,957,1018,921,473,448,1423,729,694,13894,6322,7572,13435,6086,7349,6175,2962,3213,4049,1880,2169,4540,2149,2391,3423,1328,2095,957,468,489,1052,498,554,1141,579,562,1085,546,539,1041,536,505,1011,471,540,998,459,539,933,458,475,1107,492,615,1194,604,590,1181,541,640,1065,505,560,1100,499,601,873,393,480,740,314,426,650,276,374,562,188,374,598,157,441,41.9,39.7,43.7
050,51,570,Virginia,Colonial Heights city,5,17390,8030,9360,986,480,506,1966,960,1006,934,473,461,1490,750,740,13987,6347,7640,13504,6117,7387,6244,3013,3231,4041,1901,2140,4477,2105,2372,3496,1361,2135,986,480,506,1018,480,538,1169,591,578,1095,556,539,1108,556,552,1009,465,544,995,466,529,940,451,489,1097,519,578,1149,547,602,1223,576,647,1102,537,565,1003,445,558,968,426,542,721,307,414,677,284,393,519,167,352,611,177,434,41.7,39.7,43.5
050,51,570,Virginia,Colonial Heights city,6,17492,8092,9400,1011,499,512,1931,952,979,975,486,489,1552,775,777,14075,6410,7665,13575,6155,7420,6322,3046,3276,4046,1908,2138,4460,2085,2375,3517,1387,2130,1011,499,512,1014,494,520,1168,581,587,1122,554,568,1154,584,570,1028,496,532,1026,485,541,948,436,512,1044,491,553,1104,510,594,1241,599,642,1147,561,586,968,415,553,992,437,555,738,324,414,680,277,403,497,174,323,610,175,435,41.5,39.2,43.4
050,51,570,Virginia,Colonial Heights city,7,17448,8019,9429,1015,488,527,1907,936,971,925,468,457,1512,727,785,14059,6364,7695,13601,6127,7474,6302,3016,3286,4085,1929,2156,4463,2078,2385,3541,1393,2148,1015,488,527,1010,494,516,1117,550,567,1108,561,547,1109,526,583,1101,536,565,1009,459,550,951,433,518,1024,501,523,1053,473,580,1281,625,656,1152,555,597,977,425,552,1020,434,586,756,329,427,664,266,398,477,184,293,624,180,444,41.6,39.5,43.5
050,51,570,Virginia,Colonial Heights city,8,17457,8092,9365,1029,505,524,1945,965,980,918,470,448,1481,744,737,14034,6392,7642,13565,6152,7413,6298,3076,3222,4122,1977,2145,4429,2033,2396,3533,1398,2135,1029,505,524,1045,525,520,1123,555,568,1075,552,523,1101,547,554,1146,552,594,1009,471,538,972,456,516,995,498,497,1034,445,589,1236,602,634,1163,544,619,996,442,554,1027,441,586,771,332,439,640,257,383,483,191,292,612,177,435,41.2,38.6,43.5
050,51,570,Virginia,Colonial Heights city,9,17400,8042,9358,1029,492,537,1923,926,997,934,477,457,1487,746,741,13968,6382,7586,13514,6147,7367,6301,3065,3236,4133,1968,2165,4410,2025,2385,3484,1408,2076,1029,492,537,1053,499,554,1123,553,570,1048,542,506,1120,555,565,1192,596,596,1001,460,541,994,447,547,946,465,481,1051,473,578,1155,561,594,1199,544,655,1005,447,558,998,432,566,791,343,448,614,257,357,490,188,302,591,188,403,40.8,38.6,42.7
050,51,570,Virginia,Colonial Heights city,10,17382,8078,9304,1079,543,536,1961,959,1002,918,465,453,1417,703,714,13886,6352,7534,13424,6111,7313,6327,3098,3229,4203,2025,2178,4352,2000,2352,3452,1383,2069,1079,543,536,1096,533,563,1076,521,555,1080,558,522,1044,515,529,1210,606,604,1005,455,550,1052,508,544,936,456,480,1059,481,578,1093,510,583,1204,562,642,996,447,549,910,380,530,871,376,495,613,256,357,508,196,312,550,175,375,40.3,38.0,42.6
050,51,570,Virginia,Colonial Heights city,11,17337,7956,9381,1025,476,549,2017,1004,1013,918,455,463,1384,692,692,13870,6279,7591,13377,6021,7356,6335,3027,3308,4239,1976,2263,4352,2005,2347,3402,1348,2054,1025,476,549,1124,575,549,1099,525,574,1068,537,531,1028,514,514,1273,626,647,999,426,573,1049,487,562,918,437,481,1020,473,547,1096,491,605,1205,566,639,1031,475,556,862,344,518,891,380,511,632,275,357,497,187,310,520,162,358,40.0,38.2,42.0
050,51,570,Virginia,Colonial Heights city,12,17089,7879,9210,1031,492,539,1955,998,957,902,429,473,1317,659,658,13651,6180,7471,13201,5960,7241,6180,2947,3233,4197,1969,2228,4303,1984,2319,3384,1348,2036,1031,492,539,1076,558,518,1115,550,565,1028,502,526,955,476,479,1214,638,576,1059,464,595,1014,442,572,910,425,485,993,465,528,1085,487,598,1194,574,620,1031,458,573,861,348,513,878,370,508,642,281,361,494,181,313,509,168,341,40.3,37.9,42.4
050,51,570,Virginia,Colonial Heights city,13,17178,7918,9260,1077,534,543,1957,992,965,920,448,472,1294,646,648,13668,6158,7510,13224,5944,7280,6245,2970,3275,4268,2001,2267,4280,1953,2327,3382,1344,2038,1077,534,543,1059,544,515,1135,573,562,1051,511,540,926,458,468,1225,621,604,1100,506,594,990,432,558,953,442,511,994,474,520,1030,427,603,1192,583,609,1064,469,595,871,356,515,877,368,509,655,285,370,465,166,299,514,169,345,40.1,37.6,42.3
050,51,570,Virginia,Colonial Heights city,14,17205,7943,9262,1090,547,543,1961,991,970,925,455,470,1284,642,642,13672,6163,7509,13229,5950,7279,6274,2989,3285,4301,2022,2279,4270,1944,2326,3374,1342,2032,1090,547,543,1055,540,515,1142,581,561,1056,514,542,917,453,464,1234,619,615,1119,523,596,983,428,555,965,452,513,998,479,519,1017,410,607,1188,587,601,1067,468,599,873,358,515,875,367,508,657,286,371,457,163,294,512,168,344,40.0,37.4,42.2
050,51,580,Virginia,Covington city,1,5961,2886,3075,344,169,175,615,315,300,308,160,148,480,251,229,4843,2320,2523,4694,2242,2452,2117,1064,1053,1407,697,710,1691,836,855,1116,458,658,344,169,175,348,174,174,345,185,160,375,189,186,335,178,157,339,162,177,323,169,154,351,165,186,394,201,193,465,235,230,445,227,218,374,189,185,407,185,222,339,159,180,242,105,137,193,79,114,178,67,111,164,48,116,42.9,41.0,44.5
050,51,580,Virginia,Covington city,2,5951,2880,3071,343,168,175,614,315,299,308,160,148,480,251,229,4835,2315,2520,4686,2237,2449,2114,1062,1052,1404,695,709,1690,836,854,1112,455,657,343,168,175,347,174,173,345,185,160,375,189,186,335,178,157,338,161,177,322,169,153,350,164,186,394,201,193,465,235,230,445,227,218,373,189,184,407,185,222,337,158,179,242,105,137,192,78,114,178,67,111,163,47,116,42.9,41.0,44.5
050,51,580,Virginia,Covington city,3,5941,2859,3082,342,162,180,620,316,304,305,161,144,475,245,230,4825,2299,2526,4674,2220,2454,2105,1054,1051,1399,690,709,1695,834,861,1105,451,654,342,162,180,348,173,175,346,185,161,372,190,182,334,174,160,336,159,177,326,166,160,347,167,180,390,198,192,463,230,233,452,230,222,376,191,185,404,183,221,334,157,177,241,105,136,193,78,115,174,65,109,163,46,117,42.9,41.2,44.5
050,51,580,Virginia,Covington city,4,5916,2877,3039,324,160,164,640,320,320,288,155,133,481,258,223,4823,2326,2497,4664,2242,2422,2097,1088,1009,1384,705,679,1695,831,864,1104,448,656,324,160,164,349,176,173,347,174,173,362,194,168,351,189,162,318,163,155,341,166,175,325,172,153,400,204,196,445,203,242,455,236,219,387,203,184,408,189,219,327,150,177,243,102,141,195,81,114,163,62,101,176,53,123,43.1,41.3,45.0
050,51,580,Virginia,Covington city,5,5846,2837,3009,324,148,176,638,316,322,249,137,112,473,252,221,4781,2317,2464,4635,2236,2399,2010,1047,963,1337,685,652,1674,828,846,1151,471,680,324,148,176,331,169,162,356,174,182,323,176,147,350,186,164,315,165,150,309,140,169,321,183,138,392,197,195,434,199,235,455,239,216,401,212,189,384,178,206,356,156,200,271,119,152,186,78,108,154,56,98,184,62,122,43.8,42.4,45.5
050,51,580,Virginia,Covington city,6,5832,2841,2991,347,171,176,619,311,308,254,130,124,479,257,222,4742,2297,2445,4612,2229,2383,1981,1024,957,1320,673,647,1632,814,818,1181,485,696,347,171,176,329,166,163,362,181,181,300,159,141,361,192,169,348,180,168,292,132,160,317,182,135,363,179,184,406,195,211,459,236,223,421,216,205,346,167,179,376,167,209,286,130,156,187,73,114,139,54,85,193,61,132,43.6,41.9,45.6
050,51,580,Virginia,Covington city,7,5778,2814,2964,323,159,164,605,303,302,256,125,131,469,248,221,4705,2283,2422,4594,2227,2367,1960,1004,956,1312,667,645,1605,810,795,1208,502,706,323,159,164,328,168,160,354,171,183,302,160,142,346,177,169,342,180,162,313,154,159,309,164,145,348,169,179,379,188,191,460,238,222,437,222,215,329,162,167,390,179,211,291,134,157,198,79,119,137,54,83,192,56,136,44.1,42.3,45.7
050,51,580,Virginia,Covington city,8,5671,2754,2917,288,147,141,588,300,288,256,127,129,451,234,217,4661,2243,2418,4539,2180,2359,1943,989,954,1302,660,642,1610,816,794,1176,470,706,288,147,141,323,168,155,331,164,167,299,154,145,342,175,167,346,184,162,316,158,158,305,155,150,335,163,172,384,200,184,435,215,220,444,220,224,347,181,166,382,171,211,290,126,164,197,80,117,134,52,82,173,41,132,44.4,42.0,46.3
050,51,580,Virginia,Covington city,9,5682,2697,2985,360,128,232,562,298,264,275,131,144,437,232,205,4620,2203,2417,4485,2140,2345,1935,987,948,1293,658,635,1596,790,806,1159,460,699,360,128,232,318,170,148,314,162,152,303,149,154,339,180,159,359,190,169,316,157,159,309,151,158,309,160,149,381,197,184,427,190,237,439,220,219,349,183,166,376,170,206,305,134,171,179,62,117,135,52,83,164,42,122,43.8,41.9,45.3
050,51,580,Virginia,Covington city,10,5660,2713,2947,357,147,210,605,309,296,282,143,139,455,242,213,4554,2179,2375,4416,2114,2302,1937,991,946,1270,649,621,1565,773,792,1126,450,676,357,147,210,329,173,156,346,179,167,326,161,165,341,181,160,344,184,160,326,164,162,290,135,155,310,166,144,358,184,174,412,188,224,430,211,219,365,190,175,333,152,181,327,140,187,202,78,124,122,43,79,142,37,105,42.9,41.0,44.8
050,51,580,Virginia,Covington city,11,5660,2701,2959,357,134,223,608,323,285,293,142,151,456,232,224,4550,2167,2383,4402,2102,2300,1975,1001,974,1299,660,639,1546,764,782,1101,446,655,357,134,223,338,180,158,343,176,167,342,165,177,334,176,158,352,188,164,359,192,167,296,131,165,292,149,143,339,177,162,394,185,209,432,216,216,381,186,195,307,150,157,330,141,189,218,89,129,118,38,80,128,28,100,41.8,40.3,43.6
050,51,580,Virginia,Covington city,12,5622,2701,2921,373,153,220,593,321,272,291,147,144,447,215,232,4504,2157,2347,4365,2080,2285,1947,983,964,1287,659,628,1528,761,767,1103,445,658,373,153,220,332,178,154,339,181,158,332,164,168,328,160,168,362,197,165,319,168,151,304,138,166,302,156,146,327,163,164,357,174,183,436,224,212,408,200,208,304,147,157,342,149,193,223,93,130,126,35,91,108,21,87,42.1,40.3,43.8
050,51,580,Virginia,Covington city,13,5634,2704,2930,397,166,231,583,311,272,281,146,135,440,215,225,4513,2153,2360,4373,2081,2292,1943,975,968,1289,651,638,1516,750,766,1128,465,663,397,166,231,324,171,153,326,177,149,332,166,166,322,158,164,366,198,168,324,168,156,304,143,161,295,142,153,330,164,166,368,184,184,411,204,207,407,198,209,321,165,156,331,141,190,234,98,136,133,38,95,109,23,86,42.1,40.2,43.7
050,51,580,Virginia,Covington city,14,5639,2707,2932,409,173,236,582,309,273,278,145,133,437,215,222,4510,2150,2360,4370,2080,2290,1940,971,969,1289,648,641,1514,747,767,1130,470,660,409,173,236,324,170,154,322,176,146,332,166,166,319,157,162,366,196,170,326,168,158,304,147,157,293,137,156,329,164,165,374,190,184,404,196,208,407,197,210,328,171,157,325,138,187,233,97,136,135,40,95,109,24,85,42.0,40.0,43.6
050,51,590,Virginia,Danville city,1,43055,19636,23419,2723,1350,1373,4506,2295,2211,2033,1032,1001,4107,2026,2081,34858,15517,19341,33793,14959,18834,15054,7166,7888,9375,4335,5040,12096,5543,6553,8215,3055,5160,2723,1350,1373,2481,1251,1230,2486,1271,1215,2787,1403,1384,2892,1428,1464,2522,1182,1340,2144,964,1180,2200,1017,1183,2509,1172,1337,2811,1265,1546,3319,1502,1817,3110,1491,1619,2856,1285,1571,2117,920,1197,1734,696,1038,1551,600,951,1420,464,956,1393,375,1018,42.6,39.8,45.0
050,51,590,Virginia,Danville city,2,43071,19645,23426,2725,1352,1373,4509,2296,2213,2032,1031,1001,4109,2026,2083,34869,15523,19346,33805,14966,18839,15064,7172,7892,9384,4342,5042,12099,5544,6555,8213,3054,5159,2725,1352,1373,2484,1252,1232,2486,1271,1215,2786,1402,1384,2894,1428,1466,2522,1183,1339,2145,965,1180,2204,1019,1185,2513,1175,1338,2813,1267,1546,3321,1502,1819,3109,1489,1620,2856,1286,1570,2114,918,1196,1735,697,1038,1552,601,951,1419,463,956,1393,375,1018,42.6,39.8,45.0
050,51,590,Virginia,Danville city,3,42925,19593,23332,2715,1362,1353,4500,2292,2208,2009,1019,990,4087,2021,2066,34760,15470,19290,33701,14920,18781,14982,7140,7842,9343,4328,5015,12060,5518,6542,8211,3053,5158,2715,1362,1353,2478,1251,1227,2479,1269,1210,2729,1381,1348,2910,1431,1479,2525,1194,1331,2162,967,1195,2176,1004,1172,2480,1163,1317,2805,1255,1550,3281,1488,1793,3120,1487,1633,2854,1288,1566,2121,922,1199,1734,696,1038,1531,593,938,1422,469,953,1403,373,1030,42.6,39.7,45.1
050,51,590,Virginia,Danville city,4,42657,19514,23143,2684,1357,1327,4460,2270,2190,1963,976,987,4197,2086,2111,34570,15412,19158,33550,14911,18639,14898,7125,7773,9219,4305,4914,11983,5469,6514,8151,3051,5100,2684,1357,1327,2435,1221,1214,2506,1291,1215,2606,1315,1291,3073,1505,1568,2509,1188,1321,2188,1007,1181,2095,958,1137,2427,1152,1275,2789,1242,1547,3137,1433,1704,3168,1471,1697,2889,1323,1566,2151,929,1222,1716,696,1020,1482,565,917,1372,472,900,1430,389,1041,42.5,39.6,45.1
050,51,590,Virginia,Danville city,5,42725,19579,23146,2697,1359,1338,4619,2358,2261,1928,932,996,4210,2079,2131,34448,15395,19053,33481,14930,18551,14921,7146,7775,9269,4362,4907,11777,5376,6401,8225,3113,5112,2697,1359,1338,2578,1301,1277,2527,1284,1243,2540,1292,1248,3112,1492,1620,2564,1242,1322,2283,1049,1234,2063,937,1126,2359,1134,1225,2701,1195,1506,3011,1389,1622,3238,1493,1745,2827,1299,1528,2317,1011,1306,1721,711,1010,1482,558,924,1274,433,841,1431,400,1031,42.2,39.2,44.8
050,51,590,Virginia,Danville city,6,42648,19541,23107,2710,1380,1330,4656,2357,2299,1934,952,982,4159,2041,2118,34282,15308,18974,33348,14852,18496,14918,7102,7816,9342,4377,4965,11616,5317,6299,8231,3117,5114,2710,1380,1330,2615,1292,1323,2558,1333,1225,2469,1248,1221,3107,1477,1630,2735,1323,1412,2271,1048,1223,2024,900,1124,2312,1106,1206,2631,1185,1446,2864,1310,1554,3281,1503,1778,2840,1319,1521,2389,1037,1352,1724,717,1007,1486,562,924,1234,419,815,1398,382,1016,41.9,38.7,44.4
050,51,590,Virginia,Danville city,7,42295,19469,22826,2649,1357,1292,4621,2303,2318,2014,1048,966,3943,1955,1988,33995,15250,18745,33011,14761,18250,14749,7139,7610,9318,4426,4892,11480,5247,6233,8270,3133,5137,2649,1357,1292,2637,1302,1335,2510,1291,1219,2474,1275,1199,2957,1438,1519,2793,1349,1444,2270,1084,1186,2030,939,1091,2225,1054,1171,2554,1166,1388,2791,1286,1505,3241,1447,1794,2894,1348,1546,2482,1077,1405,1753,734,1019,1464,534,930,1178,409,769,1393,379,1014,42.0,38.4,44.8
050,51,590,Virginia,Danville city,8,41984,19366,22618,2573,1316,1257,4608,2330,2278,2028,1032,996,3778,1888,1890,33773,15185,18588,32775,14688,18087,14682,7147,7535,9374,4468,4906,11336,5171,6165,8287,3161,5126,2573,1316,1257,2683,1357,1326,2423,1214,1209,2498,1308,1190,2810,1371,1439,2870,1405,1465,2337,1123,1214,2071,950,1121,2096,990,1106,2421,1134,1287,2788,1241,1547,3174,1431,1743,2953,1365,1588,2523,1087,1436,1805,767,1038,1423,526,897,1121,388,733,1415,393,1022,41.8,37.9,44.9
050,51,590,Virginia,Danville city,9,41682,19222,22460,2573,1320,1253,4586,2343,2243,2022,1042,980,3606,1814,1792,33527,15070,18457,32501,14517,17984,14576,7090,7486,9452,4483,4969,11097,5005,6092,8346,3215,5131,2573,1320,1253,2701,1374,1327,2389,1218,1171,2531,1335,1196,2593,1272,1321,2917,1412,1505,2343,1128,1215,2156,981,1175,2036,962,1074,2343,1096,1247,2734,1175,1559,3025,1391,1634,2995,1343,1652,2583,1137,1446,1835,775,1060,1441,559,882,1084,352,732,1403,392,1011,41.6,37.7,45.0
050,51,590,Virginia,Danville city,10,41078,18923,22155,2560,1276,1284,4456,2269,2187,1983,1045,938,3518,1791,1727,33099,14870,18229,32079,14333,17746,14409,7016,7393,9380,4437,4943,10809,4868,5941,8372,3237,5135,2560,1276,1284,2521,1306,1215,2407,1220,1187,2537,1350,1187,2492,1229,1263,2888,1378,1510,2365,1172,1193,2183,1003,1180,1944,884,1060,2227,1066,1161,2672,1151,1521,2885,1335,1550,3025,1316,1709,2535,1123,1412,1983,834,1149,1419,566,853,1090,360,730,1345,354,991,41.6,37.5,45.0
050,51,590,Virginia,Danville city,11,40677,18681,21996,2430,1220,1210,4492,2260,2232,1950,1001,949,3502,1804,1698,32785,14697,18088,31805,14200,17605,14256,6931,7325,9298,4371,4927,10605,4769,5836,8400,3256,5144,2430,1220,1210,2538,1295,1243,2448,1210,1238,2512,1360,1152,2446,1200,1246,2772,1315,1457,2459,1208,1251,2160,1012,1148,1907,836,1071,2247,1079,1168,2519,1091,1428,2792,1273,1519,3047,1326,1721,2554,1136,1418,2048,853,1195,1422,575,847,1110,378,732,1266,314,952,41.4,37.6,44.9
050,51,590,Virginia,Danville city,12,40036,18418,21618,2385,1209,1176,4426,2238,2188,1911,987,924,3424,1781,1643,32287,14500,17787,31314,13984,17330,14036,6862,7174,9138,4321,4817,10335,4596,5739,8417,3286,5131,2385,1209,1176,2409,1249,1160,2454,1216,1238,2526,1359,1167,2372,1182,1190,2660,1263,1397,2470,1205,1265,2124,1022,1102,1884,831,1053,2128,981,1147,2453,1098,1355,2726,1213,1513,3028,1304,1724,2563,1156,1407,2139,894,1245,1418,570,848,1093,358,735,1204,308,896,41.5,37.5,45.3
050,51,590,Virginia,Danville city,13,39923,18353,21570,2330,1179,1151,4496,2283,2213,1889,966,923,3511,1830,1681,32184,14431,17753,31208,13925,17283,14070,6869,7201,9128,4302,4826,10078,4480,5598,8491,3313,5178,2330,1179,1151,2446,1257,1189,2508,1255,1253,2474,1315,1159,2468,1252,1216,2510,1188,1322,2531,1216,1315,2127,1041,1086,1960,857,1103,2008,919,1089,2386,1073,1313,2698,1190,1508,2986,1298,1688,2599,1163,1436,2165,889,1276,1459,589,870,1077,363,714,1191,309,882,41.3,37.4,45.0
050,51,590,Virginia,Danville city,14,39869,18320,21549,2314,1170,1144,4519,2296,2223,1886,961,925,3532,1842,1690,32129,14398,17731,31150,13893,17257,14072,6863,7209,9119,4289,4830,10006,4452,5554,8493,3310,5183,2314,1170,1144,2461,1258,1203,2523,1267,1256,2458,1301,1157,2495,1273,1222,2454,1159,1295,2548,1216,1332,2132,1049,1083,1985,865,1120,1976,904,1072,2366,1066,1300,2693,1187,1506,2971,1295,1676,2610,1162,1448,2166,883,1283,1467,594,873,1072,364,708,1178,307,871,41.2,37.4,44.8
050,51,595,Virginia,Emporia city,1,5927,2730,3197,409,203,206,793,419,374,325,159,166,530,275,255,4569,2038,2531,4400,1949,2451,2168,1034,1134,1390,630,760,1478,669,809,1002,375,627,409,203,206,455,249,206,415,200,215,414,229,185,364,175,189,364,153,211,341,161,180,332,144,188,353,172,181,402,182,220,390,174,216,339,169,170,347,144,203,255,122,133,205,81,124,192,65,127,155,57,98,195,50,145,37.9,34.9,40.6
050,51,595,Virginia,Emporia city,2,5925,2732,3193,407,203,204,792,418,374,324,158,166,530,276,254,4570,2041,2529,4402,1953,2449,2165,1033,1132,1388,629,759,1480,671,809,1004,377,627,407,203,204,455,249,206,414,199,215,413,228,185,364,176,188,364,153,211,341,161,180,331,144,187,352,171,181,402,182,220,391,175,216,338,169,169,349,145,204,256,122,134,205,82,123,193,66,127,155,57,98,195,50,145,38.0,34.9,40.6
050,51,595,Virginia,Emporia city,3,5920,2733,3187,410,204,206,796,424,372,322,155,167,528,273,255,4558,2036,2522,4392,1950,2442,2162,1027,1135,1389,630,759,1480,675,805,995,372,623,410,204,206,456,252,204,417,203,214,406,218,188,367,179,188,358,153,205,345,155,190,336,153,183,350,169,181,399,181,218,387,176,211,345,171,174,349,147,202,254,119,135,204,83,121,189,64,125,158,57,101,190,49,141,37.9,35.1,40.5
050,51,595,Virginia,Emporia city,4,5841,2737,3104,401,216,185,785,427,358,303,151,152,541,280,261,4506,2028,2478,4352,1943,2409,2141,1025,1116,1372,630,742,1455,668,787,984,365,619,401,216,185,445,249,196,415,214,201,381,199,182,388,196,192,344,165,179,334,129,205,338,167,171,356,169,187,382,178,204,361,161,200,369,174,195,343,155,188,254,113,141,214,91,123,167,55,112,162,57,105,187,49,138,38.1,35.0,41.0
050,51,595,Virginia,Emporia city,5,5816,2700,3116,406,219,187,791,432,359,300,142,158,537,270,267,4465,1975,2490,4319,1907,2412,2132,1000,1132,1367,624,743,1427,650,777,988,363,625,406,219,187,440,245,195,423,223,200,368,182,186,397,194,203,339,166,173,365,152,213,313,141,172,350,165,185,365,174,191,365,145,220,394,195,199,303,136,167,276,117,159,211,90,121,157,59,98,164,54,110,180,43,137,37.8,33.9,40.8
050,51,595,Virginia,Emporia city,6,5697,2624,3073,359,193,166,817,444,373,276,130,146,520,258,262,4384,1919,2465,4245,1857,2388,2067,953,1114,1343,602,741,1399,635,764,983,362,621,359,193,166,443,252,191,446,229,217,331,166,165,393,185,208,336,153,183,363,153,210,309,140,169,335,156,179,355,169,186,371,144,227,382,186,196,291,136,155,277,114,163,212,92,120,160,62,98,149,47,102,185,47,138,38.1,34.4,40.7
050,51,595,Virginia,Emporia city,7,5606,2568,3038,352,176,176,784,427,357,315,149,166,496,241,255,4294,1876,2418,4155,1816,2339,2002,901,1101,1296,565,731,1393,662,731,970,348,622,352,176,176,423,235,188,466,246,220,327,149,178,379,187,192,315,139,176,354,146,208,303,140,163,324,140,184,352,177,175,359,150,209,379,179,200,303,156,147,264,97,167,218,101,117,156,57,99,138,44,94,194,49,145,38.3,35.2,40.6
050,51,595,Virginia,Emporia city,8,5569,2535,3034,368,183,185,751,408,343,313,160,153,459,212,247,4267,1845,2422,4137,1784,2353,1973,875,1098,1286,550,736,1397,660,737,995,362,633,368,183,185,392,218,174,444,237,207,349,168,181,338,157,181,342,144,198,317,129,188,299,134,165,328,143,185,338,166,172,374,161,213,361,161,200,324,172,152,269,104,165,217,96,121,160,59,101,156,55,101,193,48,145,38.8,36.0,41.1
050,51,595,Virginia,Emporia city,9,5487,2496,2991,367,182,185,729,397,332,307,153,154,423,194,229,4235,1840,2395,4084,1764,2320,1897,848,1049,1240,537,703,1399,651,748,1022,382,640,367,182,185,419,228,191,383,205,178,342,169,173,315,142,173,367,155,212,295,136,159,286,111,175,292,135,157,342,163,179,367,169,198,340,145,195,350,174,176,267,112,155,229,100,129,174,63,111,142,50,92,210,57,153,39.3,36.5,41.8
050,51,595,Virginia,Emporia city,10,5489,2503,2986,381,188,193,714,380,334,334,165,169,387,178,209,4234,1856,2378,4060,1770,2290,1900,853,1047,1265,553,712,1371,643,728,1037,396,641,381,188,193,405,206,199,395,217,178,352,170,182,283,130,153,387,175,212,301,131,170,303,122,181,274,125,149,321,150,171,347,163,184,337,141,196,366,189,177,255,115,140,243,98,145,183,73,110,139,53,86,217,57,160,38.9,36.7,40.9
050,51,595,Virginia,Emporia city,11,5396,2493,2903,403,203,200,654,344,310,315,167,148,399,194,205,4178,1857,2321,4024,1779,2245,1863,866,997,1228,553,675,1354,624,730,1043,408,635,403,203,200,347,168,179,386,224,162,359,179,180,276,134,142,372,173,199,299,138,161,296,124,172,261,118,143,306,139,167,337,157,180,346,147,199,365,181,184,250,122,128,249,97,152,187,82,105,139,48,91,218,59,159,39.3,35.9,41.9
050,51,595,Virginia,Emporia city,12,5409,2483,2926,408,208,200,656,329,327,317,167,150,414,202,212,4188,1860,2328,4028,1779,2249,1872,877,995,1215,544,671,1335,608,727,1064,425,639,408,208,200,333,153,180,397,212,185,378,196,182,279,137,142,345,166,179,322,147,175,287,119,168,261,112,149,299,131,168,323,153,170,355,153,202,358,171,187,274,141,133,244,88,156,188,87,101,144,49,95,214,60,154,39.4,36.0,41.7
050,51,595,Virginia,Emporia city,13,5284,2431,2853,379,199,180,652,332,320,282,148,134,406,194,212,4123,1832,2291,3971,1752,2219,1801,831,970,1173,519,654,1313,594,719,1079,445,634,379,199,180,338,170,168,374,192,182,349,182,167,279,130,149,327,153,174,321,145,176,269,108,161,256,113,143,309,140,169,305,141,164,357,155,202,342,158,184,289,149,140,245,96,149,194,87,107,141,54,87,210,59,151,40.1,36.8,42.4
050,51,595,Virginia,Emporia city,14,5257,2423,2834,371,195,176,662,339,323,274,145,129,406,192,214,4101,1825,2276,3950,1744,2206,1793,826,967,1169,518,651,1302,587,715,1073,447,626,371,195,176,347,179,168,371,189,182,344,180,164,280,128,152,322,150,172,324,145,179,263,106,157,260,117,143,306,139,167,299,137,162,362,157,205,335,154,181,290,149,141,243,98,145,195,86,109,138,56,82,207,58,149,40.1,36.8,42.3
050,51,600,Virginia,Fairfax city,1,22565,11123,11442,1279,661,618,2316,1168,1148,997,512,485,2265,1208,1057,18482,9047,9435,17973,8782,9191,9406,4873,4533,6375,3265,3110,6245,3042,3203,3088,1267,1821,1279,661,618,1253,651,602,1294,629,665,1221,646,575,1810,962,848,1726,916,810,1540,796,744,1483,752,731,1626,801,825,1744,865,879,1696,822,874,1410,681,729,1395,674,721,921,418,503,695,311,384,529,223,306,483,185,298,460,130,330,39.1,37.2,40.7
050,51,600,Virginia,Fairfax city,2,22554,11115,11439,1279,661,618,2310,1164,1146,998,511,487,2265,1210,1055,18477,9044,9433,17967,8779,9188,9404,4871,4533,6372,3262,3110,6246,3043,3203,3084,1264,1820,1279,661,618,1250,649,601,1291,627,664,1220,644,576,1812,965,847,1727,916,811,1540,796,744,1482,751,731,1623,799,824,1744,864,880,1698,824,874,1409,681,728,1395,674,721,920,417,503,695,311,384,529,223,306,482,184,298,458,129,329,39.0,37.2,40.7
050,51,600,Virginia,Fairfax city,3,22616,11158,11458,1292,671,621,2312,1163,1149,1015,518,497,2239,1197,1042,18511,9071,9440,17997,8806,9191,9407,4874,4533,6400,3280,3120,6263,3059,3204,3095,1270,1825,1292,671,621,1255,651,604,1304,633,671,1222,643,579,1785,951,834,1722,922,800,1569,806,763,1471,742,729,1638,810,828,1740,864,876,1702,828,874,1415,688,727,1406,679,727,933,426,507,697,311,386,525,222,303,475,180,295,465,131,334,39.1,37.2,40.7
050,51,600,Virginia,Fairfax city,4,22467,11069,11398,1216,626,590,2250,1138,1112,1036,524,512,2175,1157,1018,18469,9045,9424,17965,8781,9184,9289,4822,4467,6367,3282,3085,6244,3020,3224,3179,1322,1857,1216,626,590,1243,654,589,1296,625,671,1207,629,578,1715,911,804,1705,927,778,1575,795,780,1433,735,698,1654,825,829,1681,812,869,1733,850,883,1446,702,744,1384,656,728,979,457,522,713,319,394,532,230,302,460,173,287,495,143,352,39.5,37.6,41.2
050,51,600,Virginia,Fairfax city,5,22904,11357,11547,1378,730,648,2233,1132,1101,1055,527,528,2176,1163,1013,18749,9236,9513,18238,8968,9270,9485,4967,4518,6510,3399,3111,6312,3051,3261,3240,1355,1885,1378,730,648,1233,636,597,1256,618,638,1260,650,610,1715,918,797,1742,944,798,1667,866,801,1461,745,716,1640,844,796,1678,803,875,1758,861,897,1533,746,787,1343,641,702,1026,477,549,738,340,398,534,224,310,439,164,275,503,150,353,39.1,37.1,41.1
050,51,600,Virginia,Fairfax city,6,23241,11514,11727,1432,743,689,2265,1162,1103,1049,486,563,2134,1110,1024,19024,9371,9653,18495,9123,9372,9592,5000,4592,6660,3516,3144,6388,3107,3281,3313,1390,1923,1432,743,689,1275,652,623,1241,622,619,1260,617,643,1672,867,805,1876,1033,843,1680,903,777,1461,730,731,1643,850,793,1641,807,834,1746,836,910,1663,827,836,1338,637,701,1070,490,580,763,361,402,558,238,320,409,147,262,513,154,359,38.9,37.2,40.9
050,51,600,Virginia,Fairfax city,7,23324,11514,11810,1483,746,737,2264,1177,1087,1079,503,576,2056,1045,1011,19063,9352,9711,18498,9088,9410,9475,4871,4604,6607,3452,3155,6373,3117,3256,3462,1474,1988,1483,746,737,1254,657,597,1277,649,628,1287,615,672,1581,804,777,1825,1004,821,1674,885,789,1523,744,779,1585,819,766,1605,794,811,1782,876,906,1656,831,825,1330,616,714,1149,544,605,776,358,418,579,251,328,414,159,255,544,162,382,39.2,37.6,40.9
050,51,600,Virginia,Fairfax city,8,23247,11499,11748,1395,712,683,2321,1175,1146,1068,512,556,2079,1059,1020,19014,9356,9658,18463,9100,9363,9396,4857,4539,6506,3418,3088,6361,3125,3236,3517,1498,2019,1395,712,683,1291,654,637,1287,653,634,1304,618,686,1586,821,765,1768,1026,742,1627,832,795,1553,740,813,1558,820,738,1604,824,780,1777,860,917,1626,806,820,1354,635,719,1177,570,607,786,347,439,589,254,335,426,165,261,539,162,377,39.3,37.6,40.8
050,51,600,Virginia,Fairfax city,9,23305,11485,11820,1473,733,740,2389,1242,1147,1049,512,537,2087,1048,1039,18925,9243,9682,18394,8998,9396,9301,4761,4540,6422,3333,3089,6330,3117,3213,3555,1500,2055,1473,733,740,1365,725,640,1281,649,632,1297,617,680,1582,811,771,1736,966,770,1621,848,773,1582,759,823,1483,760,723,1631,841,790,1761,848,913,1610,789,821,1328,639,689,1226,582,644,798,357,441,591,248,343,431,157,274,509,156,353,39.0,37.4,40.6
050,51,600,Virginia,Fairfax city,10,23274,11449,11825,1532,779,753,2426,1262,1164,1011,510,501,2124,1035,1089,18813,9148,9665,18305,8898,9407,9218,4661,4557,6332,3244,3088,6325,3156,3169,3524,1463,2061,1532,779,753,1378,723,655,1297,667,630,1233,597,636,1653,820,833,1659,907,752,1571,816,755,1670,840,830,1432,681,751,1624,856,768,1691,810,881,1656,823,833,1354,667,687,1173,542,631,860,374,486,573,260,313,422,141,281,496,146,350,38.9,37.5,40.4
050,51,600,Virginia,Fairfax city,11,23256,11444,11812,1523,765,758,2407,1270,1137,1052,527,525,2037,995,1042,18806,9152,9654,18274,8882,9392,9292,4724,4568,6474,3331,3143,6233,3093,3140,3530,1463,2067,1523,765,758,1349,719,630,1329,680,649,1234,613,621,1584,780,804,1719,963,756,1639,854,785,1668,820,848,1448,694,754,1572,795,777,1598,789,809,1632,800,832,1431,709,722,1116,511,605,919,408,511,595,279,316,425,142,283,475,123,352,38.8,37.2,40.3
050,51,600,Virginia,Fairfax city,12,23294,11410,11884,1580,819,761,2429,1258,1171,1052,527,525,2032,973,1059,18755,9065,9690,18233,8806,9427,9308,4668,4640,6490,3305,3185,6144,3035,3109,3567,1493,2074,1580,819,761,1405,718,687,1290,677,613,1248,609,639,1570,754,816,1675,887,788,1682,887,795,1653,824,829,1480,707,773,1517,751,766,1522,752,770,1652,795,857,1453,737,716,1089,503,586,968,439,529,588,263,325,450,164,286,472,124,348,38.7,37.2,40.1
050,51,600,Virginia,Fairfax city,13,23394,11447,11947,1768,905,863,2460,1268,1192,1064,541,523,2037,993,1044,18622,8988,9634,18102,8733,9369,9274,4651,4623,6441,3261,3180,6037,2974,3063,3587,1505,2082,1768,905,863,1400,718,682,1328,694,634,1276,631,645,1557,759,798,1630,844,786,1715,911,804,1584,779,805,1512,727,785,1487,744,743,1493,751,742,1627,773,854,1430,706,724,1090,505,585,988,455,533,601,248,353,438,176,262,470,121,349,38.2,36.6,39.7
050,51,600,Virginia,Fairfax city,14,23429,11455,11974,1832,932,900,2465,1270,1195,1069,546,523,2041,1000,1041,18584,8961,9623,18063,8707,9356,9268,4645,4623,6426,3245,3181,6013,2960,3053,3583,1502,2081,1832,932,900,1392,715,677,1341,701,640,1283,635,648,1559,765,794,1610,824,786,1728,920,808,1567,771,796,1521,730,791,1480,743,737,1493,755,738,1617,766,851,1423,696,727,1088,503,585,989,458,531,604,242,362,435,179,256,467,120,347,38.0,36.4,39.6
050,51,610,Virginia,Falls Church city,1,12332,6043,6289,774,399,375,1537,807,730,736,375,361,751,386,365,9639,4651,4988,9285,4462,4823,4813,2394,2419,3512,1723,1789,3729,1807,1922,1293,546,747,774,399,375,830,442,388,893,455,438,762,413,349,539,258,281,835,415,420,834,412,422,886,443,443,957,453,504,1028,501,527,1002,483,519,980,469,511,719,354,365,419,191,228,295,123,172,214,97,117,147,61,86,218,74,144,39.0,37.7,40.3
050,51,610,Virginia,Falls Church city,2,12267,6012,6255,765,396,369,1526,802,724,731,372,359,746,381,365,9597,4629,4968,9245,4442,4803,4782,2379,2403,3489,1714,1775,3712,1798,1914,1298,549,749,765,396,369,825,439,386,885,451,434,758,411,347,535,254,281,831,415,416,825,410,415,879,439,440,954,450,504,1022,498,524,996,481,515,979,468,511,715,351,364,421,193,228,293,122,171,216,97,119,150,63,87,218,74,144,39.1,37.8,40.4
050,51,610,Virginia,Falls Church city,3,12422,6120,6302,780,410,370,1547,819,728,742,377,365,759,389,370,9717,4707,5010,9353,4514,4839,4850,2425,2425,3534,1747,1787,3750,1823,1927,1310,555,755,780,410,370,842,451,391,890,456,434,781,417,364,535,261,274,829,414,415,844,422,422,896,454,442,965,457,508,1028,500,528,1010,491,519,981,470,511,731,362,369,430,195,235,301,124,177,214,99,115,151,64,87,214,73,141,39.1,37.6,40.4
050,51,610,Virginia,Falls Church city,4,12691,6240,6451,808,435,373,1565,840,725,782,393,389,782,410,372,9936,4781,5155,9536,4572,4964,4933,2430,2503,3550,1717,1833,3833,1861,1972,1371,584,787,808,435,373,854,467,387,892,463,429,861,437,424,522,276,246,818,393,425,840,399,441,881,452,429,1011,473,538,1027,498,529,1022,509,513,974,462,512,810,392,418,458,208,250,325,128,197,213,107,106,160,68,92,215,73,142,39.4,37.8,40.7
050,51,610,Virginia,Falls Church city,5,13126,6473,6653,869,478,391,1617,836,781,802,397,405,866,479,387,10271,4965,5306,9838,4762,5076,5138,2548,2590,3649,1773,1876,3882,1898,1984,1441,612,829,869,478,391,893,478,415,903,459,444,916,454,462,573,321,252,837,404,433,882,432,450,904,441,463,1026,496,530,1035,504,531,1057,522,535,966,481,485,824,391,433,524,235,289,335,131,204,215,103,112,165,72,93,202,71,131,38.8,37.5,40.2
050,51,610,Virginia,Falls Church city,6,13403,6594,6809,827,450,377,1712,904,808,802,406,396,898,461,437,10477,5033,5444,10062,4834,5228,5135,2529,2606,3640,1765,1875,3966,1946,2020,1558,662,896,827,450,377,970,536,434,947,471,476,916,464,452,579,300,279,772,376,396,889,420,469,909,440,469,1070,529,541,1051,506,545,1073,537,536,996,485,511,846,418,428,586,264,322,351,148,203,248,106,142,174,78,96,199,66,133,39.5,38.4,40.5
050,51,610,Virginia,Falls Church city,7,13459,6611,6848,821,451,370,1801,927,874,791,414,377,905,454,451,10426,5019,5407,10046,4819,5227,5041,2482,2559,3544,1717,1827,3952,1945,2007,1645,703,942,821,451,370,995,513,482,1005,517,488,915,456,459,582,309,273,717,339,378,853,419,434,906,436,470,1068,523,545,1046,503,543,1061,545,516,1002,491,511,843,406,437,636,291,345,364,157,207,279,116,163,160,72,88,206,67,139,39.7,38.6,40.6
050,51,610,Virginia,Falls Church city,8,13777,6786,6991,827,444,383,1829,954,875,783,404,379,1015,505,510,10733,5191,5542,10338,4984,5354,5216,2587,2629,3611,1768,1843,4000,1974,2026,1712,737,975,827,444,383,1013,518,495,1009,526,483,899,468,431,706,351,355,715,360,355,860,406,454,978,470,508,1058,532,526,1068,515,553,1038,524,514,1043,532,511,851,403,448,660,310,350,397,174,223,285,112,173,176,82,94,194,59,135,39.4,38.5,40.4
050,51,610,Virginia,Falls Church city,9,13649,6684,6965,819,452,367,1816,944,872,768,384,384,955,453,502,10645,5116,5529,10246,4904,5342,5099,2505,2594,3552,1753,1799,3944,1923,2021,1795,775,1020,819,452,367,997,493,504,995,536,459,877,449,428,670,303,367,778,400,378,800,369,431,919,440,479,1055,544,511,1079,511,568,982,468,514,1043,563,480,840,381,459,697,328,369,419,183,236,295,114,181,182,85,97,202,65,137,39.8,38.7,40.8
050,51,610,Virginia,Falls Church city,10,14273,7014,7259,813,434,379,1900,1009,891,795,417,378,1079,515,564,11158,5354,5804,10765,5154,5611,5411,2661,2750,3751,1848,1903,4070,2000,2070,1865,791,1074,813,434,379,1029,542,487,1085,586,499,866,453,413,794,360,434,883,458,425,818,401,417,986,470,516,1064,519,545,1144,555,589,1034,494,540,1007,519,488,885,432,453,692,315,377,485,212,273,293,116,177,188,79,109,207,69,138,39.3,38.1,40.5
050,51,610,Virginia,Falls Church city,11,14441,7122,7319,771,409,362,1881,986,895,866,458,408,1055,526,529,11329,5473,5856,10923,5269,5654,5511,2737,2774,3827,1883,1944,4042,2002,2040,1999,858,1141,771,409,362,1005,516,489,1113,600,513,922,486,436,762,368,394,964,495,469,804,404,400,979,453,526,1080,531,549,1168,588,580,1046,498,548,980,507,473,848,409,439,708,335,373,547,233,314,307,132,175,226,90,136,211,68,143,39.6,38.2,40.7
050,51,610,Virginia,Falls Church city,12,14551,7162,7389,762,400,362,1862,959,903,866,460,406,1063,519,544,11476,5563,5913,11061,5343,5718,5616,2793,2823,3899,1925,1974,4020,2002,2018,2079,897,1182,762,400,362,972,521,451,1102,549,553,968,508,460,749,360,389,968,499,469,864,456,408,966,434,532,1101,536,565,1147,584,563,1032,494,538,941,493,448,900,431,469,704,331,373,590,256,334,330,142,188,238,96,142,217,72,145,39.6,38.3,40.6
050,51,610,Virginia,Falls Church city,13,14598,7192,7406,805,420,385,1862,950,912,890,471,419,1065,521,544,11493,5591,5902,11041,5351,5690,5592,2778,2814,3847,1897,1950,4004,2014,1990,2125,919,1206,805,420,385,978,522,456,1094,539,555,991,516,475,754,365,389,928,489,439,847,449,398,964,437,527,1108,522,586,1151,587,564,1026,501,525,927,481,446,900,445,455,712,339,373,600,258,342,365,156,209,227,92,135,221,74,147,39.7,38.4,40.7
050,51,610,Virginia,Falls Church city,14,14631,7213,7418,820,428,392,1863,946,917,899,477,422,1066,519,547,11512,5609,5903,11049,5362,5687,5593,2779,2814,3839,1896,1943,4006,2018,1988,2138,929,1209,820,428,392,978,522,456,1096,537,559,996,517,479,758,366,392,920,489,431,839,447,392,965,439,526,1115,521,594,1155,588,567,1027,503,524,926,479,447,898,448,450,717,345,372,598,257,341,377,160,217,224,92,132,222,75,147,39.7,38.5,40.7
050,51,620,Virginia,Franklin city,1,8582,3821,4761,632,325,307,995,507,488,419,192,227,803,386,417,6771,2902,3869,6536,2797,3739,3021,1366,1655,1884,826,1058,2369,1016,1353,1480,569,911,632,325,307,588,299,289,492,246,246,583,279,304,554,261,293,477,201,276,441,201,240,462,195,267,504,229,275,601,244,357,654,271,383,572,252,320,542,249,293,412,189,223,325,130,195,249,89,160,227,87,140,267,74,193,40.7,37.5,43.2
050,51,620,Virginia,Franklin city,2,8578,3819,4759,632,325,307,995,507,488,419,192,227,803,385,418,6767,2900,3867,6532,2795,3737,3022,1366,1656,1885,827,1058,2364,1014,1350,1480,569,911,632,325,307,588,299,289,492,246,246,583,279,304,554,260,294,478,202,276,441,201,240,462,195,267,504,229,275,599,243,356,653,271,382,570,251,319,542,249,293,413,189,224,325,130,195,248,89,159,227,87,140,267,74,193,40.6,37.5,43.2
050,51,620,Virginia,Franklin city,3,8579,3825,4754,645,333,312,1000,508,492,419,194,225,797,381,416,6747,2895,3852,6515,2790,3725,3013,1363,1650,1887,830,1057,2357,1008,1349,1474,571,903,645,333,312,584,295,289,506,255,251,569,271,298,557,262,295,478,203,275,446,203,243,459,195,264,504,229,275,590,238,352,654,277,377,571,245,326,542,248,294,419,196,223,320,126,194,241,88,153,231,88,143,263,73,190,40.5,37.4,43.0
050,51,620,Virginia,Franklin city,4,8448,3809,4639,616,316,300,988,512,476,410,206,204,775,361,414,6654,2885,3769,6434,2775,3659,2960,1355,1605,1877,842,1035,2314,990,1324,1468,582,886,616,316,300,574,290,284,516,276,240,512,246,266,571,267,304,486,210,276,461,216,245,432,190,242,498,226,272,540,226,314,645,280,365,581,234,347,548,250,298,433,210,223,317,124,193,236,87,149,228,88,140,254,73,181,40.5,37.0,43.1
050,51,620,Virginia,Franklin city,5,8488,3851,4637,622,322,300,1048,544,504,375,190,185,745,362,383,6619,2877,3742,6443,2795,3648,2912,1348,1564,1887,849,1038,2309,973,1336,1502,611,891,622,322,300,614,315,299,529,282,247,474,231,243,551,268,283,534,238,296,450,210,240,403,174,229,500,227,273,540,217,323,613,259,354,617,254,363,539,243,296,464,230,234,327,137,190,244,88,156,221,83,138,246,73,173,40.7,37.0,43.2
050,51,620,Virginia,Franklin city,6,8545,3864,4681,616,298,318,1079,580,499,394,201,193,734,349,385,6659,2883,3776,6456,2785,3671,2955,1359,1596,1927,860,1067,2285,958,1327,1510,618,892,616,298,318,613,348,265,566,283,283,483,236,247,545,263,282,561,249,312,487,225,262,402,180,222,477,206,271,520,219,301,596,253,343,635,255,380,534,231,303,482,243,239,333,143,190,257,87,170,190,71,119,248,74,174,40.0,35.7,42.7
050,51,620,Virginia,Franklin city,7,8399,3788,4611,579,280,299,1062,576,486,416,197,219,702,326,376,6540,2833,3707,6342,2735,3607,2862,1311,1551,1865,839,1026,2259,948,1311,1516,622,894,579,280,299,589,326,263,594,301,293,461,226,235,536,246,290,534,243,291,460,199,261,406,200,206,465,197,268,482,210,272,582,237,345,652,263,389,543,238,305,498,240,258,335,153,182,268,102,166,172,59,113,243,68,175,40.5,36.7,43.3
050,51,620,Virginia,Franklin city,8,8339,3754,4585,582,289,293,1054,556,498,422,211,211,665,302,363,6463,2790,3673,6281,2698,3583,2853,1294,1559,1881,848,1033,2217,930,1287,1518,618,900,582,289,293,592,310,282,577,313,264,458,218,240,514,228,286,547,255,292,476,196,280,423,203,220,435,194,241,493,209,284,553,230,323,650,267,383,521,224,297,492,222,270,359,164,195,261,102,159,168,54,114,238,76,162,40.0,36.4,43.1
050,51,620,Virginia,Franklin city,9,8210,3680,4530,577,275,302,1004,532,472,420,214,206,625,293,332,6407,2746,3661,6209,2659,3550,2782,1275,1507,1847,827,1020,2216,915,1301,1521,624,897,577,275,302,541,282,259,573,309,264,471,240,231,464,208,256,577,266,311,449,182,267,422,194,228,399,185,214,492,206,286,529,220,309,641,268,373,554,221,333,487,217,270,375,177,198,270,106,164,164,56,108,225,68,157,40.4,36.8,43.7
050,51,620,Virginia,Franklin city,10,8132,3671,4461,556,264,292,1039,539,500,436,231,205,573,280,293,6321,2751,3570,6101,2637,3464,2747,1295,1452,1843,837,1006,2162,892,1270,1523,628,895,556,264,292,569,281,288,575,311,264,473,251,222,431,207,224,564,263,301,501,217,284,429,195,234,349,162,187,491,217,274,508,203,305,594,246,348,569,226,343,461,212,249,405,190,215,274,111,163,171,54,117,212,61,151,39.6,36.2,43.3
050,51,620,Virginia,Franklin city,11,8033,3634,4399,578,296,282,1021,520,501,437,247,190,578,269,309,6210,2699,3511,5997,2571,3426,2701,1251,1450,1804,806,998,2101,871,1230,1514,625,889,578,296,282,565,267,298,574,324,250,480,252,228,417,193,224,519,239,280,491,204,287,434,199,235,360,164,196,442,195,247,493,205,288,578,237,341,588,234,354,451,196,255,408,195,213,280,121,159,173,56,117,202,57,145,39.5,36.0,43.0
050,51,620,Virginia,Franklin city,12,7867,3589,4278,562,299,263,983,498,485,441,244,197,563,281,282,6094,2658,3436,5881,2548,3333,2661,1260,1401,1763,797,966,2029,846,1183,1526,624,902,562,299,263,563,282,281,526,278,248,512,278,234,386,185,201,523,238,285,468,210,258,409,178,231,363,171,192,408,186,222,450,174,276,575,238,337,596,248,348,442,192,250,422,191,231,275,120,155,193,74,119,194,47,147,39.8,35.9,43.6
050,51,620,Virginia,Franklin city,13,7836,3576,4260,560,303,257,990,505,485,433,231,202,568,284,284,6069,2649,3420,5853,2537,3316,2620,1244,1376,1728,785,943,1995,834,1161,1562,634,928,560,303,257,570,288,282,529,273,256,502,276,226,390,183,207,465,216,249,478,221,257,417,177,240,368,171,197,397,181,216,458,176,282,543,227,316,597,250,347,450,194,256,424,190,234,296,125,171,198,76,122,194,49,145,40.1,35.7,43.9
050,51,620,Virginia,Franklin city,14,7833,3575,4258,566,306,260,992,510,482,432,228,204,570,284,286,6060,2644,3416,5843,2531,3312,2610,1239,1371,1718,781,937,1989,831,1158,1566,635,931,566,306,260,570,291,279,532,273,259,498,274,224,394,184,210,444,208,236,483,224,259,421,176,245,370,173,197,398,180,218,461,177,284,534,224,310,596,250,346,454,195,259,421,187,234,299,126,173,199,78,121,193,49,144,40.1,35.7,43.8
050,51,630,Virginia,Fredericksburg city,1,24286,11144,13142,1590,796,794,2302,1205,1097,887,459,428,5649,2222,3427,19967,8933,11034,19507,8684,10823,12877,5779,7098,6540,3197,3343,4905,2350,2555,2413,915,1498,1590,796,794,1418,728,690,1083,576,507,2389,956,1433,3948,1626,2322,2216,1049,1167,1592,785,807,1402,713,689,1330,650,680,1431,704,727,1322,638,684,1163,536,627,989,472,517,677,300,377,502,215,287,444,182,262,396,114,282,394,104,290,28.8,29.2,28.4
050,51,630,Virginia,Fredericksburg city,2,24178,11084,13094,1580,791,789,2289,1199,1090,881,455,426,5631,2210,3421,19885,8885,11000,19428,8639,10789,12827,5747,7080,6513,3181,3332,4883,2338,2545,2401,910,1491,1580,791,789,1409,725,684,1078,573,505,2378,948,1430,3936,1618,2318,2206,1042,1164,1585,783,802,1395,709,686,1327,647,680,1425,699,726,1314,635,679,1159,534,625,985,470,515,673,298,375,499,214,285,441,180,261,394,114,280,394,104,290,28.8,29.3,28.4
050,51,630,Virginia,Fredericksburg city,3,24356,11189,13167,1604,807,797,2325,1216,1109,896,462,434,5640,2229,3411,20004,8956,11048,19531,8704,10827,12869,5779,7090,6534,3189,3345,4930,2362,2568,2427,924,1503,1604,807,797,1428,735,693,1098,582,516,2392,962,1430,3943,1628,2315,2182,1021,1161,1616,803,813,1401,713,688,1335,652,683,1425,695,730,1336,650,686,1162,539,623,1007,478,529,683,304,379,506,213,293,440,182,258,396,119,277,402,106,296,28.9,29.3,28.4
050,51,630,Virginia,Fredericksburg city,4,25759,11762,13997,1800,913,887,2542,1311,1231,918,490,428,5942,2310,3632,20999,9312,11687,20499,9048,11451,13576,6025,7551,6933,3344,3589,5159,2444,2715,2465,950,1515,1800,913,887,1542,778,764,1217,652,565,2465,1005,1460,4178,1676,2502,2177,1029,1148,1793,858,935,1494,731,763,1469,726,743,1450,698,752,1432,689,743,1178,547,631,1099,510,589,696,319,377,532,221,311,431,176,255,376,125,251,430,109,321,28.9,29.2,28.5
050,51,630,Virginia,Fredericksburg city,5,27190,12449,14741,1915,980,935,2681,1373,1308,945,474,471,6115,2396,3719,22101,9840,12261,21649,9622,12027,14269,6379,7890,7469,3636,3833,5458,2576,2882,2607,1014,1593,1915,980,935,1619,816,803,1322,684,638,2519,1027,1492,4281,1716,2565,2273,1101,1172,2096,997,1099,1568,761,807,1532,777,755,1561,727,834,1507,731,776,1323,629,694,1067,489,578,808,369,439,552,233,319,440,173,267,376,130,246,431,109,322,29.1,29.5,28.8
050,51,630,Virginia,Fredericksburg city,6,27835,12702,15133,1907,962,945,2759,1407,1352,983,495,488,6088,2336,3752,22625,10050,12575,22186,9838,12348,14561,6430,8131,7775,3757,4018,5635,2671,2964,2688,1074,1614,1907,962,945,1650,834,816,1394,731,663,2539,996,1543,4247,1677,2570,2437,1161,1276,2090,988,1102,1654,820,834,1594,788,806,1550,724,826,1561,764,797,1406,663,743,1118,520,598,880,403,477,571,241,330,443,186,257,376,134,242,418,110,308,29.4,30.0,29.0
050,51,630,Virginia,Fredericksburg city,7,28276,12935,15341,1979,1054,925,2760,1353,1407,1065,566,499,5843,2246,3597,22991,10212,12779,22472,9962,12510,14607,6503,8104,7971,3848,4123,5820,2730,3090,2838,1138,1700,1979,1054,925,1631,807,824,1401,703,698,2542,1029,1513,4094,1626,2468,2533,1224,1309,2126,1014,1112,1682,802,880,1630,808,822,1613,753,860,1618,786,832,1416,680,736,1173,511,662,949,437,512,638,262,376,446,187,259,385,139,246,420,113,307,29.9,30.1,29.7
050,51,630,Virginia,Fredericksburg city,8,28075,12847,15228,2026,1084,942,2739,1352,1387,1063,544,519,5600,2185,3415,22788,10135,12653,22247,9867,12380,14275,6384,7891,7857,3772,4085,5842,2720,3122,2948,1190,1758,2026,1084,942,1582,787,795,1402,682,720,2490,1029,1461,3928,1583,2345,2469,1170,1299,2012,966,1046,1824,879,945,1552,757,795,1565,755,810,1640,775,865,1486,687,799,1151,503,648,1016,455,561,666,283,383,485,199,286,367,139,228,414,114,300,30.3,30.4,30.2
050,51,630,Virginia,Fredericksburg city,9,28469,13160,15309,2009,1076,933,2827,1400,1427,1111,568,543,5698,2264,3434,23081,10413,12668,22522,10116,12406,14326,6502,7824,7813,3814,3999,5991,2797,3194,3020,1241,1779,2009,1076,933,1686,842,844,1437,702,735,2519,1036,1483,3994,1652,2342,2518,1205,1313,1937,961,976,1808,882,926,1550,766,784,1551,732,819,1601,746,855,1587,747,840,1252,572,680,1087,484,603,663,289,374,508,209,299,366,141,225,396,118,278,30.2,30.3,30.0
050,51,630,Virginia,Fredericksburg city,10,28718,13357,15361,1988,1051,937,2844,1456,1388,1137,577,560,5667,2262,3405,23304,10569,12735,22749,10273,12476,14439,6563,7876,7911,3857,4054,6035,2863,3172,3136,1291,1845,1988,1051,937,1678,885,793,1442,704,738,2599,1066,1533,3929,1640,2289,2604,1244,1360,1929,947,982,1870,952,918,1508,714,794,1541,749,792,1623,760,863,1527,725,802,1344,629,715,1061,463,598,790,350,440,524,217,307,380,152,228,381,109,272,30.3,30.4,30.1
050,51,630,Virginia,Fredericksburg city,11,29362,13643,15719,2060,1070,990,2926,1504,1422,1122,545,577,5765,2279,3486,23805,10782,13023,23254,10524,12730,14723,6698,8025,8131,4016,4115,6116,2868,3248,3242,1361,1881,2060,1070,990,1733,909,824,1488,737,751,2592,1065,1527,4000,1617,2383,2677,1321,1356,2080,1029,1051,1810,912,898,1564,754,810,1533,736,797,1615,757,858,1567,711,856,1401,664,737,1094,492,602,825,364,461,531,221,310,405,160,245,387,124,263,30.3,30.4,30.1
050,51,630,Virginia,Fredericksburg city,12,29254,13600,15654,1910,980,930,3054,1566,1488,1143,575,568,5641,2239,3402,23717,10773,12944,23147,10479,12668,14519,6635,7884,8017,3964,4053,6126,2882,3244,3363,1394,1969,1910,980,930,1798,959,839,1538,750,788,2604,1078,1526,3898,1593,2305,2587,1283,1304,2196,1108,1088,1706,835,871,1528,738,790,1569,741,828,1605,743,862,1550,734,816,1402,664,738,1102,471,631,883,394,489,565,226,339,414,175,239,399,128,271,30.6,30.6,30.5
050,51,630,Virginia,Fredericksburg city,13,29451,13740,15711,1894,999,895,3109,1607,1502,1115,559,556,5709,2285,3424,23887,10853,13034,23333,10575,12758,14595,6690,7905,8053,3988,4065,6117,2866,3251,3454,1436,2018,1894,999,895,1849,982,867,1542,767,775,2597,1068,1529,3945,1634,2311,2569,1308,1261,2209,1081,1128,1698,852,846,1577,747,830,1518,707,811,1593,752,841,1599,772,827,1407,635,772,1110,490,620,940,407,533,594,248,346,424,176,248,386,115,271,30.7,30.5,30.8
050,51,630,Virginia,Fredericksburg city,14,29492,13776,15716,1888,1006,882,3123,1615,1508,1104,552,552,5730,2299,3431,23923,10873,13050,23377,10603,12774,14610,6703,7907,8059,3994,4065,6114,2863,3251,3474,1447,2027,1888,1006,882,1860,983,877,1546,774,772,2596,1065,1531,3955,1644,2311,2559,1314,1245,2213,1073,1140,1695,857,838,1592,750,842,1500,697,803,1594,756,838,1613,784,829,1407,626,781,1115,497,618,951,409,542,605,256,349,426,176,250,377,109,268,30.7,30.5,30.9
050,51,640,Virginia,Galax city,1,7042,3315,3727,414,223,191,774,379,395,356,201,155,576,276,300,5681,2614,3067,5498,2512,2986,2495,1262,1233,1650,830,820,1849,871,978,1423,535,888,414,223,191,410,193,217,451,231,220,421,235,186,424,197,227,377,191,186,371,183,188,433,225,208,469,231,238,456,226,230,499,230,269,491,237,254,403,178,225,369,152,217,282,121,161,258,104,154,235,89,146,279,69,210,42.4,39.5,45.0
050,51,640,Virginia,Galax city,2,6989,3287,3702,410,221,189,768,377,391,352,197,155,572,275,297,5641,2593,3048,5459,2492,2967,2471,1248,1223,1633,820,813,1834,864,970,1420,533,887,410,221,189,408,191,217,446,230,216,417,232,185,421,196,225,373,189,184,368,182,186,427,222,205,465,227,238,451,225,226,496,228,268,488,235,253,399,176,223,367,151,216,283,121,162,258,104,154,234,88,146,278,69,209,42.4,39.5,45.1
050,51,640,Virginia,Galax city,3,6989,3287,3702,417,228,189,758,368,390,349,195,154,579,278,301,5646,2598,3048,5465,2496,2969,2478,1247,1231,1635,818,817,1840,869,971,1411,531,880,417,228,189,404,189,215,439,223,216,417,231,186,426,198,228,376,187,189,370,181,189,426,224,202,463,226,237,451,224,227,499,231,268,487,235,252,403,179,224,361,149,212,282,120,162,251,103,148,235,89,146,282,70,212,42.4,39.6,45.0
050,51,640,Virginia,Galax city,4,6844,3186,3658,427,229,198,721,354,367,346,183,163,568,276,292,5519,2510,3009,5350,2420,2930,2365,1165,1200,1546,757,789,1839,869,970,1397,518,879,427,229,198,382,191,191,434,214,220,408,221,187,411,187,224,364,179,185,349,160,189,392,204,188,441,214,227,437,217,220,489,232,257,498,236,262,415,184,231,352,148,204,285,120,165,240,93,147,234,86,148,286,71,215,43.0,40.2,45.4
050,51,640,Virginia,Galax city,5,6850,3189,3661,468,240,228,714,348,366,359,192,167,554,273,281,5471,2495,2976,5309,2409,2900,2351,1170,1181,1540,761,779,1811,852,959,1404,523,881,468,240,228,366,192,174,450,212,238,417,228,189,394,181,213,354,172,182,364,168,196,372,195,177,450,226,224,432,204,228,450,217,233,513,253,260,416,178,238,380,161,219,292,119,173,223,91,132,223,79,144,286,73,213,42.7,40.1,45.2
050,51,640,Virginia,Galax city,6,6927,3250,3677,494,255,239,741,372,369,377,193,184,547,276,271,5497,2524,2973,5315,2430,2885,2367,1187,1180,1532,758,774,1816,866,950,1420,530,890,494,255,239,390,203,187,440,209,231,435,236,199,400,193,207,379,177,202,373,180,193,356,183,173,424,218,206,480,229,251,399,193,206,520,254,266,417,190,227,385,164,221,310,124,186,219,90,129,220,77,143,286,75,211,42.4,39.8,45.0
050,51,640,Virginia,Galax city,7,6892,3232,3660,482,241,241,740,372,368,378,186,192,546,281,265,5494,2538,2956,5292,2433,2859,2343,1173,1170,1506,748,758,1826,876,950,1414,528,886,482,241,241,418,212,206,409,202,207,439,226,213,398,199,199,385,181,204,362,177,185,352,172,180,407,218,189,494,229,265,396,198,198,505,244,261,431,205,226,367,154,213,317,125,192,225,100,125,214,73,141,291,76,215,42.5,40.1,45.1
050,51,640,Virginia,Galax city,8,6791,3161,3630,473,227,246,785,411,374,353,163,190,521,268,253,5374,2451,2923,5180,2360,2820,2307,1135,1172,1507,736,771,1796,848,948,1356,508,848,473,227,246,450,241,209,409,202,207,431,209,222,369,190,179,398,175,223,330,162,168,372,176,196,407,223,184,474,222,252,408,203,205,473,219,254,441,204,237,358,160,198,318,123,195,207,87,120,196,67,129,277,71,206,42.0,40.0,44.4
050,51,640,Virginia,Galax city,9,6615,3062,3553,450,216,234,781,408,373,332,153,179,528,276,252,5216,2362,2854,5052,2285,2767,2254,1094,1160,1486,709,777,1750,822,928,1288,478,810,450,216,234,460,240,220,413,212,201,414,203,211,354,182,172,400,173,227,332,159,173,349,164,185,405,213,192,449,212,237,402,196,206,463,210,253,436,204,232,353,148,205,285,114,171,199,89,110,179,53,126,272,74,198,41.7,39.5,44.1
050,51,640,Virginia,Galax city,10,6477,3002,3475,441,220,221,763,387,376,305,153,152,560,288,272,5112,2311,2801,4968,2242,2726,2205,1073,1132,1419,674,745,1749,822,927,1240,458,782,441,220,221,446,220,226,396,209,187,395,199,196,391,200,191,387,167,220,334,161,173,320,147,173,378,199,179,434,208,226,444,210,234,416,188,228,455,216,239,337,142,195,299,114,185,187,82,105,155,50,105,262,70,192,41.8,39.0,44.3
050,51,640,Virginia,Galax city,11,6300,2917,3383,398,198,200,772,395,377,317,158,159,530,277,253,4975,2244,2731,4813,2166,2647,2187,1070,1117,1422,675,747,1719,805,914,1142,409,733,398,198,200,449,225,224,405,210,195,380,193,187,385,202,183,407,180,227,363,178,185,300,143,157,352,174,178,432,209,223,454,204,250,363,169,194,470,223,247,315,138,177,265,99,166,189,76,113,139,41,98,234,55,179,41.0,37.8,43.6
050,51,640,Virginia,Galax city,12,6324,2952,3372,425,216,209,780,408,372,329,169,160,527,262,265,4966,2253,2713,4790,2159,2631,2202,1074,1128,1416,677,739,1714,808,906,1133,412,721,425,216,209,435,228,207,415,214,201,405,205,200,381,192,189,391,183,208,370,187,183,301,146,155,354,161,193,410,204,206,477,218,259,370,178,192,457,208,249,319,152,167,258,86,172,199,74,125,136,50,86,221,50,171,40.5,36.9,43.6
050,51,640,Virginia,Galax city,13,6296,2935,3361,428,228,200,764,388,376,325,168,157,535,263,272,4943,2237,2706,4779,2151,2628,2184,1059,1125,1413,677,736,1661,774,887,1170,437,733,428,228,200,421,211,210,432,226,206,386,190,196,385,192,193,380,177,203,367,181,186,307,154,153,359,165,194,395,193,202,454,213,241,381,183,198,431,185,246,346,162,184,263,98,165,207,76,131,136,49,87,218,52,166,40.5,36.7,43.4
050,51,640,Virginia,Galax city,14,6296,2937,3359,432,233,199,761,381,380,324,167,157,546,268,278,4940,2239,2701,4779,2156,2623,2190,1058,1132,1416,678,738,1643,769,874,1174,441,733,432,233,199,419,205,214,438,231,207,380,185,195,394,195,199,380,179,201,370,180,190,305,155,150,361,164,197,388,190,198,446,213,233,386,187,199,423,179,244,353,164,189,263,100,163,207,77,130,134,47,87,217,53,164,40.4,36.5,43.0
050,51,650,Virginia,Hampton city,1,137436,65750,71686,8870,4481,4389,15016,7713,7303,7388,3839,3549,17643,8646,8997,109910,51645,58265,106162,49717,56445,58423,28451,29972,35115,16848,18267,36548,17251,19297,16856,6972,9884,8870,4481,4389,8331,4297,4034,8408,4298,4110,10534,5185,5349,12774,6418,6356,10581,5210,5371,8476,4061,4415,7753,3701,4052,8305,3876,4429,10493,4952,5541,10347,4929,5418,8650,4081,4569,7058,3289,3769,5299,2373,2926,4077,1760,2317,3263,1369,1894,2237,879,1358,1980,591,1389,35.5,33.5,37.4
050,51,650,Virginia,Hampton city,2,137463,65774,71689,8874,4484,4390,15018,7717,7301,7390,3841,3549,17644,8652,8992,109932,51662,58270,106181,49732,56449,58444,28468,29976,35132,16857,18275,36552,17256,19296,16853,6967,9886,8874,4484,4390,8330,4298,4032,8410,4301,4109,10533,5187,5346,12779,6424,6355,10591,5214,5377,8483,4065,4418,7757,3705,4052,8301,3873,4428,10489,4950,5539,10350,4931,5419,8654,4085,4569,7059,3290,3769,5294,2370,2924,4075,1758,2317,3264,1369,1895,2236,877,1359,1984,593,1391,35.5,33.5,37.4
050,51,650,Virginia,Hampton city,3,137418,65768,71650,8870,4485,4385,15000,7722,7278,7324,3803,3521,17568,8623,8945,109986,51706,58280,106224,49758,56466,58304,28417,29887,35105,16853,18252,36589,17274,19315,16962,7008,9954,8870,4485,4385,8318,4307,4011,8375,4277,4098,10472,5172,5300,12727,6392,6335,10622,5242,5380,8542,4088,4454,7701,3672,4029,8240,3851,4389,10386,4902,5484,10373,4922,5451,8734,4141,4593,7096,3309,3787,5327,2385,2942,4106,1767,2339,3281,1377,1904,2240,879,1361,2008,600,1408,35.5,33.5,37.4
050,51,650,Virginia,Hampton city,4,136652,65601,71051,8698,4418,4280,14980,7715,7265,7063,3694,3369,17145,8471,8674,109613,51724,57889,105911,49774,56137,57410,28195,29215,34849,16864,17985,36691,17297,19394,17226,7142,10084,8698,4418,4280,8252,4310,3942,8375,4239,4136,10038,5018,5020,12523,6313,6210,10660,5340,5320,8785,4269,4516,7410,3527,3883,7994,3728,4266,9833,4629,5204,10440,4927,5513,9040,4323,4717,7378,3418,3960,5449,2424,3025,4156,1776,2380,3322,1408,1914,2244,898,1346,2055,636,1419,35.7,33.6,37.8
050,51,650,Virginia,Hampton city,5,137222,65941,71281,8800,4472,4328,14996,7683,7313,6861,3597,3264,16942,8454,8488,110143,52076,58067,106565,50189,56376,57644,28366,29278,35486,17195,18291,36317,17101,19216,17820,7439,10381,8800,4472,4328,8267,4280,3987,8374,4283,4091,9690,4873,4817,12468,6298,6170,10992,5525,5467,9166,4431,4735,7401,3540,3861,7927,3699,4228,9202,4299,4903,10395,4917,5478,9301,4441,4860,7419,3444,3975,5815,2603,3212,4233,1825,2408,3379,1417,1962,2318,944,1374,2075,650,1425,35.5,33.5,37.6
050,51,650,Virginia,Hampton city,6,137406,66245,71161,8768,4477,4291,14892,7691,7201,6642,3454,3188,16950,8638,8312,110472,52361,58111,107104,50623,56481,57783,28584,29199,35850,17362,18488,36027,16961,19066,18277,7662,10615,8768,4477,4291,8249,4290,3959,8302,4271,4031,9385,4721,4664,12548,6501,6047,11199,5665,5534,9442,4565,4877,7517,3582,3935,7692,3550,4142,8532,3959,4573,10415,4954,5461,9505,4506,4999,7575,3542,4033,6017,2676,3341,4391,1924,2467,3383,1441,1942,2385,948,1437,2101,673,1428,35.5,33.4,37.6
050,51,650,Virginia,Hampton city,7,137778,66521,71257,8870,4557,4313,14683,7580,7103,6612,3417,3195,16806,8729,8077,110885,52679,58206,107613,50967,56646,58153,28957,29196,36425,17656,18769,35637,16681,18956,18745,7901,10844,8870,4557,4313,8239,4254,3985,8134,4171,3963,9234,4658,4576,12494,6643,5851,11590,5863,5727,9763,4760,5003,7691,3630,4061,7381,3403,3978,7989,3662,4327,10164,4821,5343,9702,4602,5100,7782,3596,4186,6217,2804,3413,4558,2003,2555,3393,1433,1960,2436,969,1467,2141,692,1449,35.3,33.2,37.6
050,51,650,Virginia,Hampton city,8,136379,65837,70542,8541,4364,4177,14436,7463,6973,6490,3354,3136,16227,8434,7793,110157,52370,57787,106912,50656,56256,57373,28702,28671,36243,17717,18526,35201,16388,18813,19241,8117,11124,8541,4364,4177,8118,4159,3959,7905,4107,3798,9039,4535,4504,12091,6450,5641,11512,5890,5622,9705,4750,4955,7934,3785,4149,7092,3292,3800,7619,3454,4165,9749,4585,5164,9780,4595,5185,8053,3754,4299,6418,2898,3520,4734,2072,2662,3410,1436,1974,2495,986,1509,2184,725,1459,35.7,33.5,38.0
050,51,650,Virginia,Hampton city,9,135525,65295,70230,8291,4205,4086,14252,7306,6946,6409,3292,3117,15897,8267,7630,109863,52180,57683,106573,50492,56081,56942,28528,28414,36184,17776,18408,34663,16101,18562,19829,8348,11481,8291,4205,4086,8006,4057,3949,7794,4056,3738,8895,4442,4453,11863,6310,5553,11586,5974,5612,9696,4725,4971,8073,3865,4208,6829,3212,3617,7336,3339,3997,9230,4312,4918,9775,4563,5212,8322,3887,4435,6676,2989,3687,4882,2148,2734,3475,1450,2025,2543,1011,1532,2253,750,1503,35.9,33.7,38.2
050,51,650,Virginia,Hampton city,10,135007,64950,70057,8306,4192,4114,14110,7228,6882,6254,3213,3041,15945,8244,7701,109575,51959,57616,106337,50317,56020,56764,28352,28412,36040,17674,18366,34110,15863,18247,20242,8536,11706,8306,4192,4114,7850,4032,3818,7735,3975,3760,9009,4445,4564,11715,6233,5482,11604,5958,5646,9636,4711,4925,8200,3904,4296,6600,3101,3499,7229,3302,3927,8572,3963,4609,9720,4569,5151,8589,4029,4560,6719,2992,3727,5159,2249,2910,3527,1494,2033,2551,996,1555,2286,805,1481,35.9,33.8,38.1
050,51,650,Virginia,Hampton city,11,134800,64840,69960,8267,4268,3999,14018,7154,6864,6201,3218,2983,15846,8196,7650,109452,51828,57624,106314,50200,56114,56734,28387,28347,36281,17778,18503,33474,15502,17972,20713,8724,11989,8267,4268,3999,7757,3942,3815,7855,4017,3838,8861,4393,4468,11592,6216,5376,11481,5932,5549,9595,4674,4921,8457,4019,4438,6748,3153,3595,7028,3200,3828,8043,3660,4383,9584,4531,5053,8819,4111,4708,6795,3043,3752,5329,2279,3050,3726,1594,2132,2526,999,1527,2337,809,1528,36.1,33.8,38.3
050,51,650,Virginia,Hampton city,12,135048,64808,70240,8379,4278,4101,13974,7081,6893,6151,3161,2990,15503,7994,7509,109596,51867,57729,106544,50288,56256,57176,28570,28606,37069,18231,18838,32757,15130,17627,21215,8933,12282,8379,4278,4101,7792,3947,3845,7729,3950,3779,8847,4332,4515,11260,6007,5253,11547,6010,5537,9843,4790,5053,8692,4173,4519,6987,3258,3729,6773,3075,3698,7534,3416,4118,9493,4445,5048,8957,4194,4763,6939,3116,3823,5455,2345,3110,3901,1647,2254,2549,999,1550,2371,826,1545,36.2,34.0,38.3
050,51,650,Virginia,Hampton city,13,135430,65081,70349,8386,4328,4058,14101,7139,6962,6081,3141,2940,15442,7921,7521,109910,52042,57868,106862,50473,56389,57419,28772,28647,37402,18497,18905,32326,14902,17424,21692,9153,12539,8386,4328,4058,7813,3959,3854,7794,3967,3827,8811,4340,4471,11206,5935,5271,11392,5955,5437,10039,4956,5083,8723,4186,4537,7248,3400,3848,6595,3003,3592,7399,3368,4031,9278,4341,4937,9054,4190,4864,7130,3240,3890,5594,2416,3178,3994,1658,2336,2571,1003,1568,2403,836,1567,36.3,34.0,38.5
050,51,650,Virginia,Hampton city,14,135464,65117,70347,8388,4342,4046,14118,7144,6974,6066,3140,2926,15426,7899,7527,109942,52058,57884,106892,50491,56401,57506,28838,28668,37508,18578,18930,32184,14825,17359,21774,9189,12585,8388,4342,4046,7802,3952,3850,7810,3971,3839,8801,4343,4458,11197,5917,5280,11324,5926,5398,10105,5009,5096,8743,4196,4547,7336,3447,3889,6545,2982,3563,7364,3357,4007,9205,4304,4901,9070,4182,4888,7193,3279,3914,5613,2427,3186,4007,1655,2352,2568,998,1570,2393,830,1563,36.3,34.0,38.5
050,51,660,Virginia,Harrisonburg city,1,48914,22798,26116,2425,1224,1201,3518,1807,1711,1405,721,684,20422,8696,11726,42298,19418,22880,41566,19046,22520,31741,14656,17085,10231,5405,4826,6880,3362,3518,4033,1583,2450,2425,1224,1201,2085,1083,1002,1750,890,860,7780,3177,4603,13730,6074,7656,3595,1951,1644,2622,1396,1226,2049,1060,989,1965,998,967,1984,1007,977,1839,900,939,1676,804,872,1381,651,730,1014,472,542,815,341,474,696,277,419,739,258,481,769,235,534,22.7,23.3,22.3
050,51,660,Virginia,Harrisonburg city,2,48902,22791,26111,2425,1224,1201,3517,1806,1711,1405,720,685,20423,8695,11728,42289,19414,22875,41555,19041,22514,31742,14657,17085,10229,5406,4823,6873,3358,3515,4030,1582,2448,2425,1224,1201,2085,1083,1002,1747,887,860,7781,3176,4605,13732,6075,7657,3596,1952,1644,2621,1396,1225,2051,1061,990,1961,997,964,1982,1006,976,1839,900,939,1676,804,872,1376,648,728,1016,473,543,813,340,473,696,277,419,737,257,480,768,235,533,22.7,23.3,22.3
050,51,660,Virginia,Harrisonburg city,3,48999,22885,26114,2427,1233,1194,3547,1830,1717,1405,712,693,20287,8662,11625,42354,19485,22869,41620,19110,22510,31708,14673,17035,10338,5458,4880,6947,3396,3551,4048,1594,2454,2427,1233,1194,2098,1094,1004,1771,895,876,7587,3085,4502,13783,6130,7653,3645,1980,1665,2664,1413,1251,2058,1069,989,1971,996,975,2004,1007,997,1850,912,938,1707,824,883,1386,653,733,1026,478,548,818,344,474,695,277,418,733,257,476,776,238,538,22.8,23.4,22.4
050,51,660,Virginia,Harrisonburg city,4,49950,23435,26515,2529,1277,1252,3697,1926,1771,1375,653,722,19861,8551,11310,43066,19930,23136,42349,19579,22770,31975,14882,17093,11072,5819,5253,7350,3586,3764,4066,1623,2443,2529,1277,1252,2165,1127,1038,1865,940,925,7102,2826,4276,13801,6237,7564,3899,2100,1799,2905,1525,1380,2170,1138,1032,2098,1056,1042,2102,1044,1058,1929,966,963,1833,882,951,1486,694,792,1042,485,557,829,356,473,695,285,410,716,252,464,784,245,539,23.3,23.9,22.8
050,51,660,Virginia,Harrisonburg city,5,51336,24283,27053,2552,1274,1278,3898,2011,1887,1450,688,762,19421,8429,10992,44175,20672,23503,43436,20310,23126,32625,15363,17262,12116,6417,5699,7709,3773,3936,4190,1691,2499,2552,1274,1278,2281,1158,1123,1979,1024,955,7171,2822,4349,13338,6124,7214,4299,2289,2010,3165,1699,1466,2396,1255,1141,2256,1174,1082,2156,1066,1090,2027,1004,1023,1936,953,983,1590,750,840,1131,515,616,870,377,493,685,288,397,699,250,449,805,261,544,23.8,24.6,23.3
050,51,660,Virginia,Harrisonburg city,6,51572,24478,27094,2577,1271,1306,4008,2055,1953,1496,729,767,18565,8169,10396,44215,20752,23463,43491,20423,23068,32299,15260,17039,12642,6579,6063,7950,3921,4029,4334,1754,2580,2577,1271,1306,2379,1224,1155,2033,1048,985,7160,2804,4356,12497,5877,6620,4483,2296,2187,3293,1755,1538,2557,1322,1235,2309,1206,1103,2152,1089,1063,2112,1021,1091,1981,982,999,1705,829,876,1200,536,664,942,415,527,702,290,412,648,241,407,842,272,570,24.4,25.0,23.8
050,51,660,Virginia,Harrisonburg city,7,52589,25140,27449,2661,1351,1310,4127,2122,2005,1620,817,803,17799,7947,9852,44949,21221,23728,44181,20850,23331,32367,15423,16944,13385,6881,6504,8465,4179,4286,4532,1843,2689,2661,1351,1310,2430,1261,1169,2134,1083,1051,7100,2816,4284,11882,5726,6156,4707,2343,2364,3452,1805,1647,2856,1490,1366,2370,1243,1127,2276,1170,1106,2257,1090,1167,2082,1021,1061,1850,898,952,1303,573,730,963,428,535,754,321,433,625,241,384,887,280,607,25.1,25.7,24.6
050,51,660,Virginia,Harrisonburg city,8,52739,25298,27441,2672,1363,1309,4117,2120,1997,1666,852,814,17355,7714,9641,45115,21397,23718,44284,20963,23321,32187,15349,16838,13580,6986,6594,8713,4343,4370,4636,1920,2716,2672,1363,1309,2390,1223,1167,2141,1100,1041,7216,2882,4334,11391,5481,5910,4651,2299,2352,3546,1866,1680,3031,1589,1442,2352,1232,1120,2382,1248,1134,2270,1125,1145,2152,1054,1098,1909,916,993,1428,639,789,975,446,529,775,329,446,586,223,363,872,283,589,25.5,26.2,24.9
050,51,660,Virginia,Harrisonburg city,9,53685,25712,27973,2721,1353,1368,4306,2206,2100,1739,901,838,17445,7735,9710,45812,21725,24087,44919,21252,23667,32647,15588,17059,13865,7154,6711,8844,4409,4435,4765,1954,2811,2721,1353,1368,2472,1290,1182,2236,1118,1118,7477,3042,4435,11305,5392,5913,4632,2294,2338,3589,1879,1710,3224,1665,1559,2420,1316,1104,2439,1259,1180,2296,1114,1182,2145,1072,1073,1964,964,1000,1541,673,868,984,448,536,783,330,453,595,228,367,862,275,587,25.7,26.4,24.9
050,51,660,Virginia,Harrisonburg city,10,53807,25814,27993,2736,1362,1374,4324,2242,2082,1712,859,853,17349,7668,9681,45929,21797,24132,45035,21351,23684,32515,15501,17014,13864,7169,6695,8921,4470,4451,4901,2044,2857,2736,1362,1374,2486,1285,1201,2248,1152,1096,7470,3049,4421,11181,5283,5898,4459,2254,2205,3586,1854,1732,3269,1701,1568,2550,1360,1190,2432,1280,1152,2298,1120,1178,2153,1071,1082,2038,999,1039,1606,722,884,1056,476,580,798,339,459,579,232,347,862,275,587,25.9,26.7,25.0
050,51,660,Virginia,Harrisonburg city,11,53715,25728,27987,2706,1361,1345,4292,2210,2082,1738,868,870,17246,7568,9678,45833,21728,24105,44979,21289,23690,32202,15283,16919,13689,7082,6607,8944,4459,4485,5100,2180,2920,2706,1361,1345,2471,1281,1190,2292,1164,1128,7475,3029,4446,11038,5172,5866,4150,2130,2020,3576,1830,1746,3277,1691,1586,2686,1431,1255,2433,1267,1166,2281,1145,1136,2201,1054,1147,2029,993,1036,1700,806,894,1124,499,625,848,361,487,588,240,348,840,274,566,26.0,27.0,25.0
050,51,660,Virginia,Harrisonburg city,12,53379,25638,27741,2705,1376,1329,4322,2233,2089,1746,875,871,17146,7549,9597,45459,21583,23876,44606,21154,23452,31874,15131,16743,13408,6924,6484,8814,4423,4391,5238,2258,2980,2705,1376,1329,2513,1305,1208,2235,1145,1090,7543,3049,4494,10923,5158,5765,3879,1994,1885,3525,1796,1729,3272,1689,1583,2732,1445,1287,2420,1292,1128,2219,1131,1088,2175,1035,1140,2000,965,1035,1773,845,928,1193,519,674,862,375,487,618,262,356,792,257,535,26.0,27.0,25.0
050,51,660,Virginia,Harrisonburg city,13,53284,25608,27676,2760,1397,1363,4244,2198,2046,1751,877,874,17067,7524,9543,45399,21561,23838,44529,21136,23393,31648,15037,16611,13281,6868,6413,8821,4424,4397,5360,2320,3040,2760,1397,1363,2480,1271,1209,2215,1159,1056,7486,3014,4472,10881,5155,5726,3758,1933,1825,3495,1791,1704,3239,1674,1565,2789,1470,1319,2408,1284,1124,2270,1162,1108,2136,1014,1122,2007,964,1043,1772,842,930,1280,555,725,882,399,483,648,263,385,778,261,517,26.0,27.1,25.0
050,51,660,Virginia,Harrisonburg city,14,53204,25580,27624,2781,1406,1375,4211,2186,2025,1751,877,874,17022,7504,9518,45335,21533,23802,44461,21111,23350,31556,14999,16557,13240,6855,6385,8820,4421,4399,5379,2331,3048,2781,1406,1375,2458,1256,1202,2210,1167,1043,7463,3000,4463,10853,5144,5709,3719,1917,1802,3485,1792,1693,3229,1669,1560,2807,1477,1330,2406,1283,1123,2283,1171,1112,2126,1009,1117,2005,958,1047,1768,838,930,1304,565,739,881,402,479,658,266,392,768,260,508,26.0,27.1,25.0
050,51,670,Virginia,Hopewell city,1,22591,10476,12115,1737,861,876,2743,1413,1330,1193,584,609,2105,994,1111,17555,7927,9628,16918,7618,9300,8930,4228,4702,5893,2791,3102,5561,2530,3031,3359,1303,2056,1737,861,876,1551,782,769,1453,772,681,1544,736,808,1493,701,792,1718,786,932,1403,660,743,1358,642,716,1414,703,711,1571,699,872,1479,683,796,1294,579,715,1217,569,648,974,444,530,742,302,440,617,253,364,532,179,353,494,125,369,36.5,34.6,38.3
050,51,670,Virginia,Hopewell city,2,22591,10477,12114,1738,861,877,2742,1413,1329,1194,585,609,2105,993,1112,17555,7928,9627,16917,7618,9299,8931,4229,4702,5893,2792,3101,5560,2530,3030,3359,1303,2056,1738,861,877,1552,782,770,1451,772,679,1546,738,808,1492,699,793,1719,787,932,1403,660,743,1357,641,716,1414,704,710,1571,699,872,1479,683,796,1294,579,715,1216,569,647,974,444,530,742,302,440,617,253,364,532,179,353,494,125,369,36.5,34.5,38.3
050,51,670,Virginia,Hopewell city,3,22640,10501,12139,1735,865,870,2757,1418,1339,1187,583,604,2104,985,1119,17590,7936,9654,16961,7635,9326,8919,4214,4705,5898,2792,3106,5596,2551,3045,3363,1307,2056,1735,865,870,1556,782,774,1471,782,689,1519,728,791,1502,694,808,1710,782,928,1430,670,760,1351,643,708,1407,697,710,1572,702,870,1488,686,802,1309,593,716,1227,570,657,973,444,529,745,307,438,617,247,370,524,180,344,504,129,375,36.5,34.6,38.3
050,51,670,Virginia,Hopewell city,4,22500,10447,12053,1708,860,848,2746,1395,1351,1085,534,551,2119,1009,1110,17533,7924,9609,16961,7658,9303,8762,4161,4601,5825,2761,3064,5680,2591,3089,3337,1297,2040,1708,860,848,1541,765,776,1472,773,699,1406,694,712,1531,706,825,1664,789,875,1527,712,815,1274,603,671,1360,657,703,1543,705,838,1538,691,847,1353,636,717,1246,559,687,967,441,526,750,312,438,608,230,378,492,182,310,520,132,388,36.6,34.3,38.7
050,51,670,Virginia,Hopewell city,5,22306,10327,11979,1657,859,798,2818,1403,1415,1064,545,519,1997,960,1037,17314,7800,9514,16767,7520,9247,8551,4044,4507,5748,2673,3075,5607,2539,3068,3415,1348,2067,1657,859,798,1604,762,842,1472,775,697,1324,672,652,1479,699,780,1637,754,883,1545,709,836,1218,557,661,1348,653,695,1494,684,810,1534,667,867,1387,660,727,1192,528,664,1047,487,560,757,310,447,609,240,369,464,172,292,538,139,399,36.8,34.5,38.7
050,51,670,Virginia,Hopewell city,6,22161,10335,11826,1634,862,772,2796,1407,1389,1084,567,517,1949,948,1001,17168,7775,9393,16647,7499,9148,8420,4035,4385,5680,2679,3001,5557,2503,3054,3461,1369,2092,1634,862,772,1623,788,835,1466,778,688,1265,635,630,1475,721,754,1581,745,836,1562,730,832,1245,588,657,1292,616,676,1473,672,801,1509,668,841,1383,629,754,1192,534,658,1067,485,582,793,334,459,626,247,379,464,176,288,511,127,384,36.8,34.4,39.3
050,51,670,Virginia,Hopewell city,7,22117,10336,11781,1614,841,773,2826,1421,1405,1127,598,529,1931,958,973,17086,7760,9326,16550,7476,9074,8413,4056,4357,5653,2657,2996,5485,2474,3011,3481,1387,2094,1614,841,773,1619,811,808,1505,767,738,1276,680,596,1484,719,765,1561,746,815,1532,682,850,1253,615,638,1307,614,693,1410,645,765,1500,670,830,1368,621,747,1207,538,669,1085,497,588,832,355,477,631,251,380,440,160,280,493,124,369,36.8,34.4,39.3
050,51,670,Virginia,Hopewell city,8,22241,10360,11881,1633,810,823,2848,1458,1390,1172,609,563,1924,945,979,17157,7777,9380,16588,7483,9105,8475,4054,4421,5702,2671,3031,5480,2492,2988,3482,1375,2107,1633,810,823,1622,842,780,1549,787,762,1301,676,625,1472,707,765,1569,762,807,1580,722,858,1264,586,678,1289,601,688,1349,652,697,1464,646,818,1471,660,811,1196,534,662,1125,491,634,829,361,468,614,253,361,430,143,287,484,127,357,36.4,34.0,38.7
050,51,670,Virginia,Hopewell city,9,22565,10508,12057,1734,886,848,2912,1491,1421,1189,622,567,1949,959,990,17308,7817,9491,16730,7509,9221,8663,4126,4537,5811,2686,3125,5482,2500,2982,3488,1364,2124,1734,886,848,1630,826,804,1568,806,762,1368,711,657,1484,729,755,1640,756,884,1590,733,857,1342,611,731,1239,586,653,1333,622,711,1456,686,770,1452,630,822,1241,562,679,1165,492,673,811,356,455,622,254,368,433,142,291,457,120,337,35.9,33.7,38.0
050,51,670,Virginia,Hopewell city,10,22533,10493,12040,1690,880,810,2930,1489,1441,1175,607,568,1874,919,955,17321,7820,9501,16738,7517,9221,8603,4094,4509,5859,2726,3133,5499,2499,3000,3506,1373,2133,1690,880,810,1629,825,804,1606,822,784,1369,709,660,1375,659,716,1709,807,902,1566,725,841,1388,636,752,1196,558,638,1320,618,702,1404,640,764,1481,655,826,1294,586,708,1106,459,647,893,395,498,620,248,372,433,155,278,454,116,338,36.1,33.8,38.1
050,51,670,Virginia,Hopewell city,11,22506,10451,12055,1643,821,822,2936,1516,1420,1208,610,598,1816,872,944,17291,7796,9495,16719,7504,9215,8621,4103,4518,5927,2777,3150,5442,2463,2979,3534,1392,2142,1643,821,822,1617,828,789,1649,844,805,1337,690,647,1357,636,721,1775,871,904,1557,703,854,1396,651,745,1199,552,647,1316,629,687,1410,632,778,1446,643,803,1270,559,711,1086,450,636,888,385,503,662,281,381,463,162,301,435,114,321,36.1,33.7,38.1
050,51,670,Virginia,Hopewell city,12,22523,10461,12062,1614,818,796,2945,1529,1416,1207,607,600,1858,924,934,17340,7810,9530,16757,7507,9250,8731,4145,4586,5960,2761,3199,5374,2420,2954,3565,1402,2163,1614,818,796,1662,855,807,1577,821,756,1405,730,675,1366,654,712,1821,855,966,1577,727,850,1371,629,742,1191,550,641,1301,624,677,1364,611,753,1442,632,810,1267,553,714,1113,457,656,895,384,511,688,294,394,455,159,296,414,108,306,35.9,33.5,38.2
050,51,670,Virginia,Hopewell city,13,22385,10401,11984,1634,825,809,2864,1486,1378,1220,608,612,1784,893,891,17280,7783,9497,16667,7482,9185,8628,4091,4537,5934,2749,3185,5387,2434,2953,3562,1406,2156,1634,825,809,1594,821,773,1580,824,756,1400,708,692,1294,634,660,1738,825,913,1604,738,866,1408,658,750,1184,528,656,1256,601,655,1341,622,719,1446,622,824,1344,589,755,1103,466,637,915,384,531,688,296,392,447,169,278,409,91,318,36.0,33.8,38.4
050,51,670,Virginia,Hopewell city,14,22375,10396,11979,1640,827,813,2846,1477,1369,1228,608,620,1757,880,877,17285,7783,9502,16661,7484,9177,8609,4079,4530,5940,2754,3186,5398,2444,2954,3566,1406,2160,1640,827,813,1578,814,764,1584,826,758,1402,701,701,1267,624,643,1705,814,891,1621,744,877,1425,669,756,1189,527,662,1243,594,649,1341,629,712,1445,619,826,1369,602,767,1103,470,633,925,385,540,683,295,388,447,170,277,408,86,322,36.1,33.9,38.5
050,51,678,Virginia,Lexington city,1,7042,3923,3119,186,97,89,375,192,183,153,84,69,3127,2137,990,6404,3592,2812,6328,3550,2778,4241,2702,1539,1004,505,499,1120,501,619,1077,407,670,186,97,89,202,102,100,216,114,102,1287,841,446,1950,1356,594,381,194,187,208,106,102,209,107,102,206,98,108,242,112,130,258,125,133,311,136,175,309,128,181,267,119,148,199,83,116,216,86,130,198,67,131,197,52,145,22.8,21.7,31.9
050,51,678,Virginia,Lexington city,2,7037,3918,3119,185,96,89,375,192,183,153,84,69,3126,2136,990,6400,3588,2812,6324,3546,2778,4238,2699,1539,1002,503,499,1120,501,619,1076,406,670,185,96,89,202,102,100,216,114,102,1287,841,446,1949,1355,594,380,193,187,207,105,102,209,107,102,206,98,108,242,112,130,258,125,133,310,136,174,310,128,182,267,119,148,199,83,116,214,85,129,200,67,133,196,52,144,22.8,21.7,31.9
050,51,678,Virginia,Lexington city,3,7045,3921,3124,182,92,90,376,193,183,158,85,73,3139,2149,990,6409,3593,2816,6329,3551,2778,4251,2707,1544,996,497,499,1108,495,613,1086,410,676,182,92,90,204,104,100,214,113,101,1301,846,455,1954,1364,590,376,189,187,209,104,105,209,106,103,202,98,104,242,110,132,252,122,130,308,135,173,306,128,178,271,120,151,200,85,115,212,84,128,200,68,132,203,53,150,22.8,21.7,31.8
050,51,678,Virginia,Lexington city,4,6977,3891,3086,173,81,92,352,175,177,148,83,65,3168,2152,1016,6377,3591,2786,6304,3552,2752,4233,2707,1526,958,494,464,1081,485,596,1097,421,676,173,81,92,183,101,82,210,96,114,1333,872,461,1942,1341,601,355,189,166,203,106,97,196,91,105,204,108,96,236,107,129,247,120,127,301,130,171,297,128,169,276,119,157,200,89,111,204,83,121,203,73,130,214,57,157,22.8,21.7,31.5
050,51,678,Virginia,Lexington city,5,7027,3935,3092,170,80,90,348,165,183,154,89,65,3183,2167,1016,6430,3646,2784,6355,3601,2754,4290,2758,1532,995,524,471,1059,486,573,1118,424,694,170,80,90,195,99,96,195,88,107,1353,879,474,1942,1355,587,378,198,180,213,119,94,193,97,96,211,110,101,223,99,124,253,118,135,277,118,159,306,151,155,282,115,167,209,98,111,197,75,122,197,70,127,233,66,167,22.8,21.8,30.6
050,51,678,Virginia,Lexington city,6,7155,3998,3157,185,97,88,357,169,188,163,85,78,3248,2212,1036,6537,3698,2839,6450,3647,2803,4433,2821,1612,1056,538,518,1032,468,564,1114,429,685,185,97,88,188,91,97,203,92,111,1406,897,509,1971,1386,585,389,197,192,241,121,120,206,104,102,220,116,104,205,95,110,248,104,144,272,120,152,307,149,158,284,118,166,225,109,116,188,77,111,179,62,117,238,63,175,22.7,21.7,29.9
050,51,678,Virginia,Lexington city,7,7135,3992,3143,194,99,95,355,176,179,167,83,84,3243,2208,1035,6511,3681,2830,6419,3634,2785,4403,2791,1612,1034,521,513,1033,481,552,1109,424,685,194,99,95,198,91,107,198,106,92,1396,890,506,1973,1380,593,353,178,175,265,130,135,216,110,106,200,103,97,211,107,104,242,111,131,274,126,148,306,137,169,279,121,158,244,111,133,176,66,110,175,59,116,235,67,168,22.6,21.7,30.1
050,51,678,Virginia,Lexington city,8,7174,4057,3117,210,122,88,363,194,169,186,87,99,3219,2199,1020,6506,3701,2805,6415,3654,2761,4418,2812,1606,1064,544,520,1032,480,552,1100,431,669,210,122,88,183,96,87,231,116,115,1415,904,511,1939,1364,575,348,182,166,279,140,139,220,120,100,217,102,115,198,97,101,249,121,128,264,121,143,321,141,180,290,124,166,266,120,146,165,68,97,161,54,107,218,65,153,22.6,21.7,30.8
050,51,678,Virginia,Lexington city,9,7158,4053,3105,212,127,85,366,188,178,176,82,94,3202,2189,1013,6496,3699,2797,6404,3656,2748,4405,2799,1606,1064,550,514,1024,476,548,1114,441,673,212,127,85,198,102,96,205,108,97,1422,897,525,1919,1352,567,348,187,161,276,142,134,237,125,112,203,96,107,215,110,105,247,117,130,254,119,135,308,130,178,301,139,162,272,116,156,170,77,93,154,53,101,217,56,161,22.6,21.7,31.2
050,51,678,Virginia,Lexington city,10,7139,4065,3074,189,121,68,377,197,180,187,95,92,3226,2210,1016,6487,3692,2795,6386,3652,2734,4407,2801,1606,1040,525,515,1012,469,543,1108,448,660,189,121,68,207,114,93,216,112,104,1443,912,531,1924,1364,560,339,173,166,268,134,134,245,127,118,188,91,97,245,131,114,239,110,129,254,117,137,274,111,163,304,150,154,287,117,170,186,85,101,135,48,87,196,48,148,22.5,21.6,31.0
050,51,678,Virginia,Lexington city,11,7201,4075,3126,200,129,71,403,203,200,174,92,82,3233,2195,1038,6514,3693,2821,6424,3651,2773,4444,2807,1637,1079,545,534,993,461,532,1119,450,669,200,129,71,218,115,103,227,113,114,1443,914,529,1922,1348,574,343,184,159,244,119,125,261,116,145,231,126,105,238,119,119,230,114,116,260,115,145,265,113,152,303,149,154,284,109,175,203,93,110,147,58,89,182,41,141,22.4,21.6,30.5
050,51,678,Virginia,Lexington city,12,7246,4100,3146,217,128,89,410,221,189,180,94,86,3235,2198,1037,6531,3714,2817,6439,3657,2782,4446,2816,1630,1082,540,542,1015,472,543,1107,447,660,217,128,89,230,126,104,231,111,120,1442,920,522,1922,1356,566,354,182,172,246,127,119,245,117,128,237,114,123,262,135,127,214,104,110,257,115,142,282,118,164,298,140,158,273,108,165,232,107,125,130,48,82,174,44,130,22.4,21.6,30.0
050,51,678,Virginia,Lexington city,13,7270,4107,3163,215,114,101,435,241,194,175,88,87,3241,2207,1034,6527,3712,2815,6445,3664,2781,4457,2815,1642,1085,541,544,1004,465,539,1115,451,664,215,114,101,259,151,108,220,111,109,1440,913,527,1932,1361,571,355,188,167,250,124,126,260,124,136,220,105,115,255,127,128,212,104,108,262,120,142,275,114,161,295,136,159,272,113,159,246,107,139,132,51,81,170,44,126,22.4,21.6,30.0
050,51,678,Virginia,Lexington city,14,7279,4116,3163,209,106,103,453,257,196,171,84,87,3242,2211,1031,6526,3715,2811,6446,3669,2777,4463,2821,1642,1089,547,542,996,459,537,1119,452,667,209,106,103,270,162,108,222,116,106,1440,910,530,1934,1364,570,354,189,165,254,127,127,261,126,135,220,105,115,251,124,127,211,103,108,264,121,143,270,111,159,297,135,162,274,117,157,250,106,144,131,51,80,167,43,124,22.4,21.6,30.0
050,51,680,Virginia,Lynchburg city,1,75568,35474,40094,4575,2383,2192,7000,3570,3430,3199,1628,1571,17292,8067,9225,62478,28735,33743,60794,27893,32901,36672,17537,19135,16844,8210,8634,16102,7522,8580,10556,4094,6462,4575,2383,2192,4008,2065,1943,3655,1873,1782,8294,3855,4439,11534,5472,6062,5398,2689,2709,4029,1959,2070,3674,1785,1889,3743,1777,1966,4133,1985,2148,4378,2072,2306,4034,1890,2144,3557,1575,1982,2678,1211,1467,2215,937,1278,1914,777,1137,1718,610,1108,2031,559,1472,30.3,28.8,32.0
050,51,680,Virginia,Lynchburg city,2,75535,35457,40078,4572,2379,2193,6995,3568,3427,3193,1625,1568,17293,8066,9227,62455,28726,33729,60775,27885,32890,36659,17532,19127,16835,8208,8627,16093,7518,8575,10554,4093,6461,4572,2379,2193,4004,2063,1941,3653,1872,1781,8289,3852,4437,11535,5472,6063,5397,2688,2709,4025,1957,2068,3670,1784,1886,3743,1779,1964,4133,1985,2148,4373,2069,2304,4030,1888,2142,3557,1576,1981,2677,1209,1468,2215,937,1278,1917,778,1139,1715,610,1105,2030,559,1471,30.3,28.8,32.0
050,51,680,Virginia,Lynchburg city,3,75553,35469,40084,4567,2382,2185,7002,3575,3427,3186,1626,1560,17584,8213,9371,62494,28734,33760,60798,27886,32912,36792,17598,19194,16705,8131,8574,15972,7460,8512,10537,4082,6455,4567,2382,2185,4005,2068,1937,3680,1879,1801,8266,3802,4464,11821,5665,6156,5360,2652,2708,4032,1965,2067,3615,1762,1853,3698,1752,1946,4073,1950,2123,4312,2036,2276,4026,1884,2142,3561,1590,1971,2686,1205,1481,2205,934,1271,1902,774,1128,1713,616,1097,2031,553,1478,30.1,28.5,31.7
050,51,680,Virginia,Lynchburg city,4,76614,35949,40665,4618,2401,2217,7109,3601,3508,3182,1641,1541,18287,8558,9729,63436,29189,34247,61705,28306,33399,37602,18021,19581,16883,8200,8683,16050,7455,8595,10485,4093,6392,4618,2401,2217,4061,2079,1982,3798,1900,1898,8136,3722,4414,12583,6099,6484,5449,2654,2795,4253,2068,2185,3537,1755,1782,3644,1723,1921,3993,1879,2114,4238,1989,2249,4064,1879,2185,3755,1708,2047,2772,1233,1539,2198,944,1254,1834,749,1085,1693,644,1049,1988,523,1465,29.6,28.1,31.1
050,51,680,Virginia,Lynchburg city,5,77326,36285,41041,4669,2396,2273,7180,3635,3545,3091,1581,1510,19004,8913,10091,63969,29499,34470,62386,28673,33713,38180,18288,19892,16835,8172,8663,15907,7398,8509,10640,4190,6450,4669,2396,2273,4141,2140,2001,3789,1873,1916,8103,3691,4412,13242,6425,6817,5463,2704,2759,4315,2080,2235,3445,1678,1767,3612,1710,1902,3917,1858,2059,4227,1972,2255,4054,1911,2143,3709,1657,2052,2984,1327,1657,2242,966,1276,1812,733,1079,1639,626,1013,1963,538,1425,29.2,27.7,30.7
050,51,680,Virginia,Lynchburg city,6,78015,36640,41375,4682,2401,2281,7339,3772,3567,3060,1561,1499,19460,9095,10365,64497,29720,34777,62934,28906,34028,38642,18505,20137,16847,8206,8641,15841,7350,8491,10786,4255,6531,4682,2401,2281,4193,2215,1978,3871,1914,1957,8101,3704,4397,13694,6595,7099,5509,2740,2769,4385,2125,2260,3433,1658,1775,3520,1683,1837,3823,1791,2032,4175,1948,2227,4112,1918,2194,3731,1693,2038,3057,1328,1729,2334,1037,1297,1824,722,1102,1590,607,983,1981,561,1420,28.9,27.5,30.4
050,51,680,Virginia,Lynchburg city,7,78242,36738,41504,4682,2377,2305,7286,3731,3555,3181,1583,1598,19525,9098,10427,64732,29890,34842,63093,29047,34046,38964,18650,20314,17073,8359,8714,15628,7260,8368,10867,4330,6537,4682,2377,2305,4177,2196,1981,3924,1925,1999,8066,3678,4388,13825,6613,7212,5746,2864,2882,4364,2133,2231,3500,1679,1821,3463,1683,1780,3668,1712,1956,4101,1940,2161,4130,1908,2222,3729,1700,2029,3158,1370,1788,2375,1040,1335,1882,760,1122,1522,587,935,1930,573,1357,28.7,27.4,30.0
050,51,680,Virginia,Lynchburg city,8,79263,37222,42041,4779,2454,2325,7289,3736,3553,3186,1586,1600,20025,9274,10751,65623,30263,35360,64009,29446,34563,39913,19024,20889,17472,8550,8922,15554,7232,8322,10958,4390,6568,4779,2454,2325,4166,2164,2002,3893,1958,1935,8305,3754,4551,14136,6720,7416,6138,3093,3045,4294,2095,2199,3642,1734,1908,3398,1628,1770,3624,1707,1917,4024,1920,2104,4145,1909,2236,3761,1696,2065,3274,1436,1838,2441,1063,1378,1880,770,1110,1460,562,898,1903,559,1344,28.3,27.1,29.5
050,51,680,Virginia,Lynchburg city,9,79871,37444,42427,4746,2422,2324,7445,3812,3633,3184,1579,1605,20082,9309,10773,66148,30429,35719,64496,29631,34865,40266,19187,21079,17767,8695,9072,15432,7112,8320,11215,4515,6700,4746,2422,2324,4221,2156,2065,3991,2052,1939,8433,3809,4624,14066,6683,7383,6445,3238,3207,4285,2082,2203,3749,1772,1977,3288,1603,1685,3542,1641,1901,3966,1882,2084,4044,1849,2195,3880,1740,2140,3417,1515,1902,2520,1097,1423,1916,785,1131,1455,564,891,1907,554,1353,28.2,27.1,29.3
050,51,680,Virginia,Lynchburg city,10,80567,37791,42776,4634,2418,2216,7370,3769,3601,3321,1648,1673,20304,9363,10941,66966,30813,36153,65242,29956,35286,41049,19548,21501,18244,8929,9315,15249,7051,8198,11445,4613,6832,4634,2418,2216,4188,2097,2091,4002,2064,1938,8638,3885,4753,14167,6734,7433,6868,3462,3406,4299,2109,2190,3862,1830,2032,3215,1528,1687,3511,1634,1877,3859,1813,2046,3999,1840,2159,3880,1764,2116,3409,1489,1920,2710,1187,1523,1988,803,1185,1441,562,879,1897,572,1325,28.1,27.1,29.2
050,51,680,Virginia,Lynchburg city,11,81096,37958,43138,4663,2408,2255,7378,3749,3629,3360,1692,1668,20207,9331,10876,67413,30984,36429,65695,30109,35586,41476,19734,21742,18737,9138,9599,15167,6991,8176,11584,4649,6935,4663,2408,2255,4150,2070,2080,4056,2106,1950,8647,3862,4785,14092,6734,7358,7008,3472,3536,4542,2257,2285,3975,1885,2090,3212,1524,1688,3411,1602,1809,3820,1759,2061,3979,1847,2132,3957,1783,2174,3367,1488,1879,2777,1176,1601,2071,853,1218,1487,565,922,1882,567,1315,28.3,27.4,29.3
050,51,680,Virginia,Lynchburg city,12,81753,38339,43414,4749,2471,2278,7397,3754,3643,3340,1717,1623,20106,9225,10881,67999,31268,36731,66267,30397,35870,41990,19936,22054,19322,9418,9904,15095,7005,8090,11744,4749,6995,4749,2471,2278,4188,2092,2096,3987,2086,1901,8715,3925,4790,13953,6593,7360,7268,3634,3634,4793,2364,2429,3959,1896,2063,3302,1524,1778,3387,1611,1776,3692,1701,1991,4039,1891,2148,3977,1802,2175,3388,1498,1890,2862,1253,1609,2099,837,1262,1521,579,942,1874,582,1292,28.5,27.6,29.4
050,51,680,Virginia,Lynchburg city,13,81635,38322,43313,4744,2456,2288,7374,3745,3629,3351,1721,1630,20043,9200,10843,67916,31263,36653,66166,30400,35766,41912,19950,21962,19336,9471,9865,14918,6915,8003,11869,4814,7055,4744,2456,2288,4196,2136,2060,3996,2051,1945,8676,3916,4760,13900,6563,7337,7106,3549,3557,4902,2445,2457,3946,1899,2047,3382,1578,1804,3340,1593,1747,3628,1659,1969,3980,1868,2112,3970,1795,2175,3428,1509,1919,2895,1259,1636,2146,866,1280,1524,587,937,1876,593,1283,28.6,27.7,29.5
050,51,680,Virginia,Lynchburg city,14,81561,38307,43254,4735,2448,2287,7361,3743,3618,3359,1726,1633,20014,9189,10825,67861,31252,36609,66106,30390,35716,41886,19960,21926,19347,9494,9853,14876,6889,7987,11869,4818,7051,4735,2448,2287,4192,2149,2043,4003,2043,1960,8660,3913,4747,13879,6553,7326,7050,3518,3532,4941,2476,2465,3949,1907,2042,3407,1593,1814,3327,1585,1742,3622,1651,1971,3961,1860,2101,3966,1793,2173,3433,1511,1922,2902,1258,1644,2152,870,1282,1521,589,932,1861,590,1271,28.7,27.7,29.6
050,51,683,Virginia,Manassas city,1,37821,18967,18854,3194,1661,1533,5264,2722,2542,2289,1201,1088,3629,1883,1746,28245,13996,14249,27074,13383,13691,17137,8792,8345,11744,5972,5772,9094,4428,4666,2607,1100,1507,3194,1661,1533,2942,1519,1423,2847,1467,1380,2765,1480,1285,2628,1340,1288,3229,1661,1568,3015,1512,1503,2811,1465,1346,2689,1334,1355,2793,1333,1460,2653,1306,1347,2071,1037,1034,1577,752,825,924,460,464,612,283,329,418,170,248,326,106,220,327,81,246,32.1,31.1,33.1
050,51,683,Virginia,Manassas city,2,37799,18954,18845,3195,1662,1533,5259,2716,2543,2286,1200,1086,3627,1882,1745,28229,13988,14241,27059,13376,13683,17127,8786,8341,11738,5968,5770,9090,4427,4663,2604,1099,1505,3195,1662,1533,2941,1517,1424,2842,1463,1379,2763,1479,1284,2626,1339,1287,3230,1660,1570,3015,1513,1502,2805,1462,1343,2688,1333,1355,2793,1333,1460,2652,1307,1345,2070,1036,1034,1575,751,824,923,459,464,612,283,329,417,170,247,326,106,220,326,81,245,32.0,31.1,33.1
050,51,683,Virginia,Manassas city,3,38212,19151,19061,3230,1683,1547,5299,2736,2563,2292,1198,1094,3653,1895,1758,28569,14150,14419,27391,13534,13857,17292,8863,8429,11885,6042,5843,9214,4482,4732,2639,1115,1524,3230,1683,1547,2982,1537,1445,2855,1471,1384,2761,1476,1285,2646,1345,1301,3260,1678,1582,3070,1544,1526,2832,1473,1359,2723,1347,1376,2803,1339,1464,2681,1312,1369,2121,1063,1058,1609,768,841,931,458,473,619,289,330,424,175,249,329,110,219,336,83,253,32.1,31.1,33.2
050,51,683,Virginia,Manassas city,4,39103,19626,19477,3177,1673,1504,5359,2775,2584,2299,1207,1092,3751,1917,1834,29437,14586,14851,28268,13971,14297,17608,9060,8548,12153,6251,5902,9617,4653,4964,2747,1150,1597,3177,1673,1504,3104,1605,1499,2850,1485,1365,2726,1428,1298,2729,1381,1348,3239,1686,1553,3265,1660,1605,2869,1490,1379,2780,1415,1365,2790,1327,1463,2793,1351,1442,2285,1143,1142,1749,832,917,969,470,499,652,304,348,441,185,256,322,106,216,363,85,278,32.6,31.6,33.6
050,51,683,Virginia,Manassas city,5,40284,20150,20134,3294,1702,1592,5446,2839,2607,2275,1165,1110,3789,1938,1851,30408,15037,15371,29269,14444,14825,18166,9300,8866,12649,6465,6184,9804,4757,5047,3027,1284,1743,3294,1702,1592,3155,1661,1494,2838,1446,1392,2772,1437,1335,2745,1398,1347,3351,1683,1668,3449,1778,1671,2994,1578,1416,2855,1426,1429,2739,1331,1408,2876,1378,1498,2396,1184,1212,1793,864,929,1130,542,588,707,327,380,472,197,275,341,128,213,377,90,287,32.8,32.1,33.6
050,51,683,Virginia,Manassas city,6,41079,20602,20477,3338,1714,1624,5510,2887,2623,2259,1156,1103,3903,2026,1877,31115,15448,15667,29972,14845,15127,18407,9477,8930,12816,6590,6226,9980,4846,5134,3273,1383,1890,3338,1714,1624,3225,1706,1519,2856,1476,1380,2737,1407,1330,2854,1480,1374,3372,1695,1677,3515,1829,1686,3116,1643,1473,2813,1423,1390,2790,1357,1433,2884,1360,1524,2456,1194,1262,1850,935,915,1262,586,676,765,361,404,523,218,305,332,126,206,391,92,299,33.1,32.3,33.9
050,51,683,Virginia,Manassas city,7,41137,20632,20505,3335,1719,1616,5393,2799,2594,2254,1163,1091,3829,1992,1837,31304,15554,15750,30155,14951,15204,18278,9437,8841,12741,6556,6185,10145,4945,5200,3440,1458,1982,3335,1719,1616,3185,1673,1512,2754,1400,1354,2671,1413,1258,2866,1468,1398,3287,1649,1638,3467,1809,1658,3144,1635,1509,2843,1463,1380,2698,1326,1372,2918,1397,1521,2590,1252,1338,1939,970,969,1331,619,712,835,390,445,550,235,315,341,126,215,383,88,295,33.6,32.9,34.5
050,51,683,Virginia,Manassas city,8,41409,20796,20613,3417,1777,1640,5471,2821,2650,2198,1117,1081,3851,1970,1881,31433,15641,15792,30323,15081,15242,18135,9371,8764,12618,6549,6069,10204,4993,5211,3650,1569,2081,3417,1777,1640,3150,1650,1500,2853,1436,1417,2644,1369,1275,2873,1453,1420,3255,1636,1619,3325,1771,1554,3159,1643,1516,2879,1499,1380,2677,1357,1320,2878,1361,1517,2666,1315,1351,1983,960,1023,1448,681,767,865,396,469,572,263,309,390,145,245,375,84,291,33.8,33.1,34.6
050,51,683,Virginia,Manassas city,9,41245,20609,20636,3346,1701,1645,5446,2795,2651,2181,1117,1064,3794,1925,1869,31394,15578,15816,30272,14996,15276,17839,9151,8688,12394,6378,6016,10253,5037,5216,3831,1656,2175,3346,1701,1645,3099,1625,1474,2877,1439,1438,2614,1350,1264,2831,1423,1408,3130,1533,1597,3213,1664,1549,3219,1733,1486,2832,1448,1384,2753,1441,1312,2772,1320,1452,2677,1286,1391,2051,990,1061,1560,737,823,901,411,490,593,259,334,381,140,241,396,109,287,34.2,33.7,34.8
050,51,683,Virginia,Manassas city,10,41171,20624,20547,3317,1747,1570,5496,2768,2728,2167,1147,1020,3722,1888,1834,31284,15544,15740,30191,14962,15229,17574,9060,8514,12236,6309,5927,10192,4997,5195,4041,1768,2273,3317,1747,1570,3089,1535,1554,2958,1517,1441,2563,1351,1212,2775,1400,1375,3151,1584,1567,3120,1612,1508,3063,1587,1476,2902,1526,1376,2724,1397,1327,2691,1316,1375,2665,1272,1393,2112,1012,1100,1599,747,852,1019,468,551,629,277,352,414,160,254,380,116,264,34.4,33.7,35.2
050,51,683,Virginia,Manassas city,11,40998,20605,20393,3343,1762,1581,5486,2847,2639,2141,1084,1057,3614,1865,1749,31092,15465,15627,30028,14912,15116,17363,8946,8417,12128,6244,5884,10088,4928,5160,4198,1875,2323,3343,1762,1581,3010,1541,1469,2996,1553,1443,2576,1332,1244,2659,1370,1289,3162,1560,1602,3029,1575,1454,3048,1608,1440,2889,1501,1388,2619,1338,1281,2622,1273,1349,2728,1294,1434,2119,1023,1096,1611,777,834,1129,515,614,655,293,362,434,168,266,369,122,247,34.5,33.7,35.4
050,51,683,Virginia,Manassas city,12,40907,20517,20390,3290,1694,1596,5416,2811,2605,2188,1128,1060,3537,1820,1717,31100,15460,15640,30013,14884,15129,17174,8807,8367,12030,6160,5870,10158,4978,5180,4288,1926,2362,3290,1694,1596,2993,1551,1442,3004,1561,1443,2511,1295,1216,2633,1352,1281,3178,1561,1617,3004,1562,1442,3010,1562,1448,2838,1475,1363,2659,1381,1278,2508,1249,1259,2750,1279,1471,2241,1069,1172,1640,794,846,1170,539,631,684,308,376,415,170,245,379,115,264,34.8,34.1,35.5
050,51,683,Virginia,Manassas city,13,40899,20561,20338,3238,1685,1553,5335,2750,2585,2222,1133,1089,3523,1809,1714,31185,15544,15641,30104,14993,15111,17163,8824,8339,12006,6184,5822,10174,5022,5152,4401,1978,2423,3238,1685,1553,3011,1556,1455,2912,1496,1416,2521,1299,1222,2636,1341,1295,3172,1577,1595,3015,1602,1413,2963,1540,1423,2856,1465,1391,2661,1398,1263,2504,1266,1238,2708,1249,1459,2301,1109,1192,1641,783,858,1235,577,658,726,325,401,419,175,244,380,118,262,34.9,34.2,35.7
050,51,683,Virginia,Manassas city,14,40869,20576,20293,3220,1683,1537,5302,2726,2576,2235,1135,1100,3514,1805,1709,31194,15576,15618,30112,15032,15080,17158,8838,8320,12000,6201,5799,10173,5036,5137,4425,1990,2435,3220,1683,1537,3005,1551,1454,2888,1478,1410,2525,1299,1226,2633,1338,1295,3170,1584,1586,3022,1619,1403,2948,1536,1412,2860,1462,1398,2665,1404,1261,2500,1271,1229,2688,1238,1450,2320,1123,1197,1636,778,858,1253,587,666,737,331,406,420,175,245,379,119,260,35.0,34.2,35.8
050,51,685,Virginia,Manassas Park city,1,14273,7242,7031,1294,660,634,1972,1003,969,793,418,375,1354,713,641,10631,5385,5246,10214,5161,5053,7147,3720,3427,5175,2676,2499,2879,1452,1427,806,320,486,1294,660,634,1152,586,566,995,504,491,975,519,456,997,525,472,1449,713,736,1301,707,594,1244,631,613,1181,625,556,986,510,476,830,426,404,585,291,294,478,225,253,302,127,175,199,83,116,139,54,85,99,37,62,67,19,48,30.9,30.7,31.2
050,51,685,Virginia,Manassas Park city,2,14243,7227,7016,1290,659,631,1967,999,968,789,415,374,1352,713,639,10614,5378,5236,10197,5154,5043,7135,3715,3420,5168,2673,2495,2872,1448,1424,805,320,485,1290,659,631,1150,584,566,991,501,490,970,516,454,997,526,471,1449,713,736,1300,706,594,1243,631,612,1176,623,553,984,508,476,829,425,404,585,291,294,474,224,250,302,127,175,198,83,115,139,54,85,99,37,62,67,19,48,30.9,30.7,31.2
050,51,685,Virginia,Manassas Park city,3,14451,7330,7121,1290,661,629,1996,1014,982,789,414,375,1375,720,655,10789,5465,5324,10376,5241,5135,7227,3755,3472,5244,2710,2534,2939,1485,1454,818,326,492,1290,661,629,1169,594,575,1008,509,499,966,511,455,1017,534,483,1457,718,739,1347,726,621,1257,640,617,1183,626,557,1013,522,491,844,433,411,595,296,299,487,234,253,303,126,177,203,87,116,142,55,87,100,38,62,70,20,50,31.0,30.8,31.3
050,51,685,Virginia,Manassas Park city,4,15071,7650,7421,1348,718,630,2085,1069,1016,825,408,417,1390,716,674,11236,5678,5558,10813,5455,5358,7414,3796,3618,5416,2771,2645,3173,1629,1544,834,339,495,1348,718,630,1201,620,581,1101,548,553,986,514,472,1012,511,501,1489,696,793,1465,801,664,1229,631,598,1233,643,590,1091,579,512,916,472,444,638,320,318,528,258,270,306,132,174,212,92,120,146,56,90,104,41,63,66,18,48,31.3,31.3,31.3
050,51,685,Virginia,Manassas Park city,5,15404,7859,7545,1262,661,601,2201,1131,1070,850,409,441,1391,736,655,11504,5860,5644,11091,5658,5433,7495,3837,3658,5473,2793,2680,3285,1747,1538,942,382,560,1262,661,601,1263,650,613,1157,582,575,993,508,485,1029,536,493,1455,704,751,1494,803,691,1307,670,637,1217,616,601,1116,617,499,936,503,433,697,354,343,536,273,263,369,157,212,230,99,131,161,63,98,104,43,61,78,20,58,31.7,31.8,31.7
050,51,685,Virginia,Manassas Park city,6,15903,8222,7681,1280,772,508,2279,1173,1106,828,412,416,1362,694,668,11920,6063,5857,11516,5865,5651,7578,3881,3697,5595,2886,2709,3507,1858,1649,1052,427,625,1280,772,508,1337,695,642,1149,589,560,987,496,491,996,499,497,1457,731,726,1541,798,743,1328,693,635,1269,664,605,1192,644,548,990,531,459,768,393,375,557,290,267,416,185,231,253,103,150,172,62,110,111,49,62,100,28,72,32.3,32.1,32.6
050,51,685,Virginia,Manassas Park city,7,15926,8206,7720,1255,754,501,2314,1173,1141,896,461,435,1308,676,632,11895,6032,5863,11461,5818,5643,7423,3799,3624,5459,2785,2674,3629,1910,1719,1065,447,618,1255,754,501,1329,672,657,1225,624,601,983,497,486,981,517,464,1364,691,673,1504,772,732,1329,659,670,1262,663,599,1199,662,537,1024,526,498,835,430,405,571,292,279,439,204,235,230,97,133,179,69,110,118,48,70,99,29,70,32.7,32.4,33.1
050,51,685,Virginia,Manassas Park city,8,16145,8289,7856,1221,694,527,2290,1152,1138,915,474,441,1391,724,667,12155,6198,5957,11719,5969,5750,7466,3854,3612,5405,2782,2623,3785,1962,1823,1138,501,637,1221,694,527,1291,656,635,1244,622,622,1023,526,497,1038,546,492,1299,679,620,1437,709,728,1412,726,686,1257,668,589,1229,644,585,1076,563,513,895,459,436,585,296,289,442,215,227,269,113,156,188,84,104,131,50,81,108,39,69,33.3,33.2,33.5
050,51,685,Virginia,Manassas Park city,9,16420,8477,7943,1242,682,560,2254,1139,1115,948,511,437,1480,787,693,12436,6400,6036,11976,6145,5831,7531,3925,3606,5344,2757,2587,3946,2059,1887,1206,542,664,1242,682,560,1243,632,611,1252,637,615,1095,571,524,1092,597,495,1247,648,599,1468,739,729,1413,734,679,1216,636,580,1273,670,603,1135,602,533,928,480,448,610,307,303,465,235,230,294,124,170,190,90,100,141,49,92,116,44,72,33.6,33.3,33.8
050,51,685,Virginia,Manassas Park city,10,17209,8854,8355,1344,700,644,2266,1167,1099,987,508,479,1505,796,709,13100,6739,6361,12612,6479,6133,7822,4094,3728,5580,2905,2675,4223,2198,2025,1304,580,724,1344,700,644,1219,629,590,1297,653,644,1109,577,532,1133,612,521,1386,719,667,1507,764,743,1452,769,683,1235,653,582,1357,714,643,1175,613,562,997,520,477,694,351,343,463,237,226,348,151,197,213,88,125,153,56,97,127,48,79,33.8,33.6,34.0
050,51,685,Virginia,Manassas Park city,11,18038,9260,8778,1360,660,700,2362,1257,1105,977,487,490,1616,857,759,13832,7123,6709,13339,6856,6483,8233,4301,3932,5877,3058,2819,4424,2304,2120,1422,637,785,1360,660,700,1256,673,583,1343,685,658,1142,605,537,1214,638,576,1480,752,728,1502,779,723,1588,824,764,1307,703,604,1388,748,640,1251,648,603,1050,537,513,735,371,364,487,246,241,385,173,212,231,95,136,166,57,109,153,66,87,33.9,33.9,34.0
050,51,685,Virginia,Manassas Park city,12,18071,9272,8799,1336,654,682,2274,1203,1071,970,479,491,1644,886,758,13977,7177,6800,13491,6936,6555,8099,4206,3893,5735,2973,2762,4584,2384,2200,1528,693,835,1336,654,682,1181,633,548,1343,702,641,1155,588,567,1209,645,564,1465,761,704,1500,768,732,1487,766,721,1283,678,605,1406,762,644,1302,673,629,1077,546,531,799,403,396,528,267,261,419,196,223,243,99,144,177,67,110,161,64,97,34.5,34.2,34.7
050,51,685,Virginia,Manassas Park city,13,18001,9229,8772,1244,606,638,2217,1177,1040,957,476,481,1642,876,766,14054,7191,6863,13583,6970,6613,8039,4175,3864,5680,2952,2728,4698,2439,2259,1563,703,860,1244,606,638,1152,624,528,1305,682,623,1153,580,573,1206,643,563,1481,772,709,1468,757,711,1423,716,707,1308,707,601,1388,753,635,1322,679,643,1134,572,562,854,435,419,535,274,261,426,194,232,262,104,158,175,68,107,165,63,102,35.0,34.7,35.3
050,51,685,Virginia,Manassas Park city,14,18004,9235,8769,1215,589,626,2201,1171,1030,954,474,480,1635,871,764,14099,7214,6885,13634,7001,6633,8014,4165,3849,5664,2948,2716,4754,2471,2283,1581,711,870,1215,589,626,1149,623,526,1291,676,615,1148,575,573,1202,642,560,1481,772,709,1457,754,703,1407,706,701,1319,716,603,1391,755,636,1332,685,647,1157,585,572,874,446,428,540,279,261,429,194,235,269,106,163,178,70,108,165,62,103,35.2,34.9,35.5
050,51,690,Virginia,Martinsville city,1,13821,6293,7528,850,432,418,1434,754,680,671,317,354,1097,497,600,11196,4940,6256,10866,4790,6076,4748,2182,2566,3134,1451,1683,3986,1846,2140,2649,996,1653,850,432,418,769,409,360,819,428,391,845,364,481,769,367,402,705,327,378,755,359,396,737,320,417,937,445,492,1055,501,554,1102,514,588,946,432,514,883,399,484,683,304,379,592,257,335,475,176,299,445,144,301,454,115,339,43.6,41.5,45.3
050,51,690,Virginia,Martinsville city,2,13840,6303,7537,854,435,419,1435,754,681,672,318,354,1102,499,603,11209,4946,6263,10879,4796,6083,4757,2188,2569,3137,1454,1683,3990,1848,2142,2650,995,1655,854,435,419,769,409,360,820,428,392,846,365,481,774,369,405,707,329,378,754,358,396,738,321,417,938,446,492,1056,502,554,1102,514,588,947,433,514,885,399,486,683,303,380,592,257,335,475,176,299,445,144,301,455,115,340,43.6,41.5,45.2
050,51,690,Virginia,Martinsville city,3,13786,6272,7514,850,428,422,1433,757,676,660,314,346,1087,487,600,11176,4926,6250,10843,4773,6070,4696,2157,2539,3097,1433,1664,3994,1850,2144,2665,1003,1662,850,428,422,771,412,359,810,422,388,824,361,463,775,363,412,704,325,379,751,357,394,724,315,409,918,436,482,1051,498,553,1107,519,588,953,434,519,883,399,484,691,307,384,596,261,335,478,175,303,445,144,301,455,116,339,43.8,41.8,45.4
050,51,690,Virginia,Martinsville city,4,13622,6191,7431,880,443,437,1436,751,685,635,306,329,1057,478,579,11015,4852,6163,10671,4691,5980,4583,2115,2468,3036,1400,1636,3933,1815,2118,2645,998,1647,880,443,437,793,416,377,788,404,384,764,356,408,783,359,424,715,308,407,756,369,387,702,310,392,863,413,450,1036,484,552,1082,520,562,947,422,525,868,389,479,685,303,382,610,266,344,478,181,297,407,128,279,465,120,345,43.7,41.7,45.4
050,51,690,Virginia,Martinsville city,5,13518,6131,7387,927,477,450,1406,716,690,622,306,316,1089,496,593,10883,4788,6095,10563,4632,5931,4520,2096,2424,2962,1373,1589,3883,1777,2106,2629,986,1643,927,477,450,781,384,397,778,411,367,740,355,385,818,368,450,735,338,397,712,330,382,685,318,367,830,387,443,1011,462,549,1055,517,538,971,410,561,846,388,458,723,325,398,590,248,342,495,193,302,385,114,271,436,106,330,43.5,41.3,45.6
050,51,690,Virginia,Martinsville city,6,13443,6124,7319,906,475,431,1450,720,730,604,315,289,1034,481,553,10767,4761,6006,10483,4614,5869,4482,2097,2385,3005,1386,1619,3831,1753,2078,2613,994,1619,906,475,431,809,382,427,802,423,379,742,372,370,735,339,396,764,343,421,713,331,382,692,342,350,836,370,466,976,460,516,1036,495,541,992,427,565,827,371,456,743,339,404,599,240,359,483,197,286,370,117,253,418,101,317,43.4,40.8,45.5
050,51,690,Virginia,Martinsville city,7,13343,6103,7240,905,468,437,1466,725,741,643,324,319,1002,468,534,10631,4740,5891,10329,4586,5743,4424,2109,2315,2958,1406,1552,3736,1703,2033,2633,1009,1624,905,468,437,864,411,453,781,403,378,726,368,358,740,335,405,777,374,403,705,327,378,671,325,346,805,380,425,899,412,487,1006,476,530,980,438,542,851,377,474,770,352,418,606,243,363,484,200,284,356,115,241,417,99,318,43.4,40.6,45.5
050,51,690,Virginia,Martinsville city,8,13289,6079,7210,934,493,441,1528,752,776,636,328,308,985,471,514,10521,4679,5842,10191,4506,5685,4353,2041,2312,2876,1316,1560,3738,1723,2015,2592,996,1596,934,493,441,896,442,454,776,384,392,738,382,356,739,343,396,778,349,429,657,304,353,711,338,373,730,325,405,898,427,471,994,456,538,991,463,528,855,377,478,774,338,436,595,253,342,490,209,281,333,110,223,400,86,314,43.1,40.1,45.1
050,51,690,Virginia,Martinsville city,9,13027,5998,7029,918,482,436,1566,789,777,619,326,293,967,467,500,10237,4561,5676,9924,4401,5523,4277,2023,2254,2852,1321,1531,3637,1665,1972,2468,948,1520,918,482,436,903,459,444,824,421,403,718,371,347,707,331,376,784,363,421,680,309,371,710,343,367,678,306,372,840,399,441,961,435,526,978,459,519,858,372,486,763,333,430,580,245,335,465,196,269,333,116,217,327,58,269,42.1,38.8,44.7
050,51,690,Virginia,Martinsville city,10,12827,5916,6911,877,435,442,1608,812,796,619,333,286,970,493,477,10031,4488,5543,9723,4336,5387,4280,2052,2228,2846,1318,1528,3548,1614,1934,2359,911,1448,877,435,442,912,475,437,851,429,422,736,387,349,698,347,351,775,350,425,717,331,386,698,330,368,656,307,349,807,378,429,942,424,518,926,446,480,873,366,507,741,333,408,587,252,335,427,163,264,327,113,214,277,50,227,41.2,38.3,44.2
050,51,690,Virginia,Martinsville city,11,12576,5828,6748,816,409,407,1629,846,783,616,317,299,987,508,479,9814,4409,5405,9515,4256,5259,4250,2067,2183,2806,1316,1490,3463,1564,1899,2259,868,1391,816,409,407,883,482,401,905,438,467,720,380,340,724,371,353,759,345,414,719,347,372,679,307,372,649,317,332,762,346,416,908,413,495,912,428,484,881,377,504,707,315,392,596,264,332,415,148,267,314,113,201,227,28,199,40.6,37.6,43.7
050,51,690,Virginia,Martinsville city,12,12443,5799,6644,828,417,411,1604,829,775,658,337,321,973,502,471,9673,4393,5280,9353,4216,5137,4297,2113,2184,2841,1358,1483,3311,1489,1822,2228,867,1361,828,417,411,868,457,411,911,456,455,739,377,362,717,378,339,776,368,408,723,351,372,666,303,363,676,336,340,727,327,400,825,374,451,890,414,476,869,374,495,716,313,403,617,282,335,397,136,261,296,113,183,202,23,179,40.0,36.6,42.7
050,51,690,Virginia,Martinsville city,13,12368,5769,6599,826,420,406,1613,829,784,659,344,315,936,495,441,9598,4352,5246,9270,4176,5094,4299,2113,2186,2866,1360,1506,3250,1457,1793,2218,864,1354,826,420,406,882,457,425,893,458,435,747,387,360,686,366,320,799,374,425,728,347,381,646,297,349,693,342,351,679,296,383,808,382,426,875,391,484,888,388,500,708,313,395,621,269,352,392,145,247,289,111,178,208,26,182,39.8,36.2,42.7
050,51,690,Virginia,Martinsville city,14,12355,5771,6584,822,420,402,1615,831,784,656,346,310,924,492,432,9589,4348,5241,9262,4174,5088,4313,2119,2194,2890,1368,1522,3231,1446,1785,2217,868,1349,822,420,402,887,458,429,885,460,425,744,389,355,679,362,317,809,377,432,731,346,385,642,297,345,708,348,360,663,286,377,806,387,419,871,384,487,891,389,502,707,315,392,624,267,357,391,149,242,286,110,176,209,27,182,39.8,36.1,42.7
050,51,700,Virginia,Newport News city,1,180719,87263,93456,13430,6957,6473,20951,10599,10352,9532,4867,4665,24296,12289,12007,141741,67328,74413,136806,64840,71966,81774,40429,41345,50187,24487,25700,43104,20378,22726,19219,7686,11533,13430,6957,6473,11912,6069,5843,11280,5744,5536,13855,6954,6901,17732,8988,8744,15939,7873,8066,12276,6123,6153,10855,5203,5652,11117,5288,5829,12865,6201,6664,12410,5874,6536,9747,4625,5122,8082,3678,4404,5880,2636,3244,4459,1901,2558,3588,1439,2149,2683,947,1736,2609,763,1846,32.3,30.7,34.1
050,51,700,Virginia,Newport News city,2,180956,87344,93612,13444,6961,6483,20974,10607,10367,9537,4870,4667,24299,12284,12015,141937,67395,74542,137001,64906,72095,81863,40459,41404,50271,24520,25751,43165,20397,22768,19266,7705,11561,13444,6961,6483,11929,6075,5854,11289,5747,5542,13861,6956,6905,17731,8983,8748,15965,7881,8084,12296,6129,6167,10874,5212,5662,11136,5298,5838,12887,6215,6672,12427,5877,6550,9756,4624,5132,8095,3681,4414,5898,2645,3253,4468,1905,2563,3604,1442,2162,2689,952,1737,2607,761,1846,32.3,30.8,34.1
050,51,700,Virginia,Newport News city,3,180905,87371,93534,13387,6916,6471,20921,10594,10327,9444,4823,4621,24145,12235,11910,142045,67503,74542,137153,65038,72115,81739,40464,41275,50375,24587,25788,43304,20467,22837,19329,7749,11580,13387,6916,6471,11884,6066,5818,11262,5709,5553,13764,6959,6805,17600,8918,8682,16027,7926,8101,12471,6215,6256,10807,5182,5625,11070,5264,5806,12816,6172,6644,12434,5904,6530,9874,4671,5203,8180,3720,4460,5936,2652,3284,4476,1925,2551,3597,1436,2161,2693,971,1722,2627,765,1862,32.4,30.8,34.1
050,51,700,Virginia,Newport News city,4,180139,87061,93078,13313,6860,6453,20809,10560,10249,9001,4585,4416,23760,12130,11630,141677,67415,74262,137016,65056,71960,80861,40145,40716,50268,24497,25771,43449,20571,22878,19539,7858,11681,13313,6860,6453,11890,6112,5778,11087,5515,5572,13252,6877,6375,17341,8771,8570,16125,7925,8200,12967,6430,6537,10326,4979,5347,10850,5163,5687,12293,5878,6415,12457,5970,6487,10274,4895,5379,8425,3828,4597,6086,2708,3378,4470,1967,2503,3579,1406,2173,2673,996,1677,2731,781,1950,32.5,31.0,34.2
050,51,700,Virginia,Newport News city,5,180148,87117,93031,13362,6893,6469,20834,10636,10198,8635,4381,4254,23186,11812,11374,141750,67535,74215,137317,65207,72110,80307,39957,40350,50536,24770,25766,43352,20440,22912,20243,8185,12058,13362,6893,6469,11908,6126,5782,10976,5516,5460,12764,6543,6221,17007,8644,8363,16030,7889,8141,13382,6662,6720,10394,5045,5349,10730,5174,5556,11764,5585,6179,12520,5959,6561,10726,5107,5619,8342,3789,4553,6514,2930,3584,4632,2018,2614,3607,1430,2177,2701,1010,1691,2789,797,1992,32.8,31.4,34.5
050,51,700,Virginia,Newport News city,6,181388,87819,93569,13416,6871,6545,20800,10547,10253,8486,4299,4187,23511,12110,11401,142926,68282,74644,138686,66102,72584,81047,40521,40526,51231,25209,26022,43147,20325,22822,20797,8458,12339,13416,6871,6545,12021,6141,5880,10960,5503,5457,12540,6378,6162,17276,8934,8342,16295,8061,8234,13876,6939,6937,10639,5202,5437,10421,5007,5414,11159,5298,5861,12388,5882,6506,11159,5302,5857,8441,3843,4598,6704,3041,3663,4881,2106,2775,3640,1455,2185,2810,1063,1747,2762,793,1969,32.8,31.4,34.4
050,51,700,Virginia,Newport News city,7,181661,87961,93700,13307,6834,6473,20623,10468,10155,8534,4262,4272,23006,11883,11123,143338,68423,74915,139197,66397,72800,81291,40617,40674,51952,25589,26363,42948,20199,22749,21291,8726,12565,13307,6834,6473,12016,6114,5902,10808,5471,5337,12446,6322,6124,16893,8706,8187,16600,8229,8371,14210,7090,7120,10908,5352,5556,10234,4918,5316,10484,4958,5526,12261,5812,6449,11453,5439,6014,8750,3990,4760,6907,3135,3772,5079,2217,2862,3723,1499,2224,2790,1061,1729,2792,814,1978,33.0,31.6,34.5
050,51,700,Virginia,Newport News city,8,181121,87745,93376,13169,6802,6367,20368,10358,10010,8595,4314,4281,22455,11569,10886,143157,68349,74808,138989,66271,72718,80986,40565,40421,52114,25775,26339,42676,20064,22612,21744,8863,12881,13169,6802,6367,11857,6055,5802,10689,5396,5293,12456,6277,6179,16416,8513,7903,16702,8368,8334,14221,7063,7158,11288,5540,5748,9903,4804,5099,10106,4744,5362,12007,5713,6294,11574,5451,6123,8989,4156,4833,7222,3214,4008,5205,2264,2941,3722,1502,2220,2752,1027,1725,2843,856,1987,33.1,31.7,34.7
050,51,700,Virginia,Newport News city,9,180472,87363,93109,13147,6800,6347,20405,10446,9959,8497,4268,4229,21693,11170,10523,142710,68020,74690,138423,65849,72574,80162,40125,40037,52034,25726,26308,42465,19890,22575,22231,9063,13168,13147,6800,6347,11859,6061,5798,10608,5424,5184,12274,6106,6168,15854,8293,7561,16599,8296,8303,14326,7109,7217,11709,5799,5910,9400,4522,4878,9962,4657,5305,11535,5420,6115,11577,5477,6100,9391,4336,5055,7474,3286,4188,5350,2318,3032,3775,1568,2207,2762,1013,1749,2870,878,1992,33.4,31.8,35.0
050,51,700,Virginia,Newport News city,10,179738,87094,92644,13083,6797,6286,20282,10377,9905,8313,4205,4108,21596,11204,10392,142323,67846,74477,138060,65715,72345,79709,40093,39616,51820,25723,26097,42028,19557,22471,22616,9231,13385,13083,6797,6286,11702,5949,5753,10600,5467,5133,12292,6204,6088,15597,8166,7431,16396,8366,8030,14149,6945,7204,11840,5879,5961,9435,4533,4902,9759,4517,5242,10915,5095,5820,11611,5445,6166,9743,4500,5243,7399,3234,4165,5639,2475,3164,3898,1587,2311,2832,1043,1789,2848,892,1956,33.5,31.8,35.3
050,51,700,Virginia,Newport News city,11,178904,86409,92495,13009,6730,6279,20253,10303,9950,8192,4147,4045,21124,10902,10222,141599,67323,74276,137450,65229,72221,79381,39804,39577,52050,25754,26296,41161,19109,22052,23115,9464,13651,13009,6730,6279,11643,5893,5750,10595,5409,5186,12289,6252,6037,15042,7798,7244,16278,8241,8037,14233,6998,7235,11943,5934,6009,9596,4581,5015,9473,4381,5092,10236,4791,5445,11481,5333,6148,9971,4604,5367,7469,3259,4210,5836,2574,3262,4052,1630,2422,2885,1086,1799,2873,915,1958,33.7,32.0,35.4
050,51,700,Virginia,Newport News city,12,179736,86774,92962,13131,6733,6398,20392,10463,9929,8073,4132,3941,20970,10762,10208,142153,67514,74639,138140,65446,72694,79775,39946,39829,52774,26077,26697,40618,18878,21740,23778,9729,14049,13131,6733,6398,11626,5950,5676,10808,5538,5270,12197,6206,5991,14804,7663,7141,16219,8240,7979,14590,7178,7412,12261,5992,6269,9704,4667,5037,9359,4330,5029,9642,4463,5179,11344,5324,6020,10273,4761,5512,7784,3376,4408,5984,2609,3375,4272,1741,2531,2882,1082,1800,2856,921,1935,33.7,32.0,35.5
050,51,700,Virginia,Newport News city,13,179309,86535,92774,12910,6618,6292,20367,10375,9992,8174,4233,3941,20808,10730,10078,141864,67373,74491,137858,65309,72549,79731,39970,39761,52869,26120,26749,39949,18563,21386,24232,9896,14336,12910,6618,6292,11732,5986,5746,10755,5502,5253,12066,6155,5911,14796,7695,7101,15875,8101,7774,14746,7241,7505,12249,6004,6245,9999,4774,5225,9052,4228,4824,9398,4347,5051,11107,5174,5933,10392,4814,5578,7907,3446,4461,6203,2674,3529,4369,1793,2576,2856,1058,1798,2897,925,1972,33.8,32.1,35.6
050,51,700,Virginia,Newport News city,14,179062,86397,92665,12850,6587,6263,20335,10332,10003,8220,4274,3946,20740,10707,10033,141664,67270,74394,137657,65204,72453,79697,39963,39734,52886,26125,26761,39711,18449,21262,24320,9923,14397,12850,6587,6263,11754,5987,5767,10730,5488,5242,12020,6139,5881,14791,7699,7092,15735,8041,7694,14799,7259,7540,12253,6015,6238,10099,4810,5289,8953,4197,4756,9331,4314,5017,11020,5118,5902,10407,4820,5587,7945,3465,4480,6251,2683,3568,4390,1807,2583,2843,1048,1795,2891,920,1971,33.9,32.1,35.7
050,51,710,Virginia,Norfolk city,1,242803,125797,117006,16494,8433,8061,23942,12052,11890,10176,5092,5084,48111,28602,19509,197512,102901,94611,192191,100220,91971,125124,69940,55184,69268,37476,31792,52016,24940,27076,22796,9202,13594,16494,8433,8061,14047,7085,6962,12326,6197,6129,18487,9582,8905,37369,22882,14487,24107,13529,10578,17379,9327,8052,14384,7788,6596,13398,6832,6566,14806,7293,7513,15031,7165,7866,12503,5929,6574,9676,4553,5123,6643,2960,3683,4823,2076,2747,4178,1620,2558,3640,1344,2296,3512,1202,2310,29.7,28.0,31.9
050,51,710,Virginia,Norfolk city,2,242840,125811,117029,16498,8433,8065,23948,12055,11893,10179,5093,5086,48117,28608,19509,197538,102911,94627,192215,100230,91985,125143,69948,55195,69279,37478,31801,52022,24942,27080,22797,9202,13595,16498,8433,8065,14049,7086,6963,12331,6200,6131,18491,9583,8908,37373,22887,14486,24113,13531,10582,17382,9327,8055,14385,7788,6597,13399,6832,6567,14808,7293,7515,15035,7168,7867,12503,5928,6575,9676,4553,5123,6644,2960,3684,4823,2076,2747,4178,1620,2558,3640,1344,2296,3512,1202,2310,29.7,28.0,31.9
050,51,710,Virginia,Norfolk city,3,243019,125971,117048,16431,8411,8020,23998,12098,11900,10064,5020,5044,47851,28416,19435,197784,103076,94708,192526,100442,92084,125202,70031,55171,69667,37786,31881,52180,25019,27161,22828,9221,13607,16431,8411,8020,14052,7101,6951,12326,6188,6138,18345,9530,8815,37190,22715,14475,24199,13621,10578,17588,9463,8125,14434,7827,6607,13446,6875,6571,14715,7263,7452,15060,7170,7890,12653,5997,6656,9752,4589,5163,6696,2981,3715,4852,2092,2760,4150,1618,2532,3607,1324,2283,3523,1206,2317,29.8,28.1,32.0
050,51,710,Virginia,Norfolk city,4,243701,126345,117356,16577,8459,8118,24057,12224,11833,9412,4632,4780,47581,28403,19178,198524,103427,95097,193655,101030,92625,125125,69957,55168,70376,38019,32357,52683,25240,27443,23015,9368,13647,16577,8459,8118,14047,7142,6905,12254,6179,6075,17214,8999,8215,37535,22939,14596,24718,13770,10948,18177,9771,8406,14171,7669,6502,13310,6809,6501,14112,6998,7114,15045,7130,7915,13226,6270,6956,10300,4842,5458,6946,3109,3837,4963,2152,2811,4041,1613,2428,3473,1252,2221,3592,1242,2350,29.9,28.2,32.1
050,51,710,Virginia,Norfolk city,5,246247,128173,118074,17073,8621,8452,24191,12313,11878,9067,4468,4599,47462,28562,18900,200533,105045,95488,195916,102771,93145,126508,71235,55273,72257,39334,32923,52568,25223,27345,23629,9652,13977,17073,8621,8452,14234,7261,6973,12235,6181,6054,16530,8600,7930,37721,23301,14420,25627,14386,11241,18869,10281,8588,14491,7839,6652,13270,6828,6442,13633,6758,6875,14876,7098,7778,13534,6404,7130,10525,4963,5562,7531,3351,4180,5133,2223,2910,3953,1594,2359,3377,1224,2153,3635,1260,2375,29.9,28.3,32.1
050,51,710,Virginia,Norfolk city,6,245598,127740,117858,16764,8485,8279,24190,12333,11857,8885,4445,4440,46076,27753,18323,200172,104652,95520,195759,102477,93282,125644,70635,55009,72933,39575,33358,52522,25175,27347,24228,9974,14254,16764,8485,8279,14260,7303,6957,12180,6168,6012,15917,8324,7593,36794,22736,14058,26051,14531,11520,19405,10553,8852,14579,7890,6689,12898,6601,6297,13026,6429,6597,14735,7066,7669,13956,6602,7354,10805,5078,5727,7943,3560,4383,5377,2335,3042,3975,1615,2360,3283,1204,2079,3650,1260,2390,30.2,28.5,32.4
050,51,710,Virginia,Norfolk city,7,246756,128769,117987,16834,8450,8384,23922,12257,11665,8866,4452,4414,46220,28143,18077,201473,105753,95720,197134,103610,93524,126611,71602,55009,73814,40188,33626,52332,24988,27344,24768,10291,14477,16834,8450,8384,14133,7308,6825,12078,6130,5948,15733,8246,7487,37064,23168,13896,26682,14878,11804,19866,10802,9064,14772,8084,6688,12494,6424,6070,12503,6166,6337,14485,6945,7540,14140,6631,7509,11204,5246,5958,8419,3822,4597,5533,2376,3157,3997,1647,2350,3187,1163,2024,3632,1283,2349,30.2,28.5,32.5
050,51,710,Virginia,Norfolk city,8,246667,128790,117877,16666,8417,8249,23709,12097,11612,8861,4492,4369,45165,27739,17426,201790,105990,95800,197431,103784,93647,126623,71818,54805,74858,40717,34141,52070,24752,27318,25338,10576,14762,16666,8417,8249,14077,7253,6824,11893,5974,5919,15433,8188,7245,36332,22913,13419,27321,15157,12164,19838,10774,9064,15333,8389,6944,12366,6397,5969,12128,5929,6199,14078,6772,7306,14160,6617,7543,11704,5434,6270,8865,4037,4828,5756,2485,3271,4025,1676,2349,3118,1133,1985,3574,1245,2329,30.4,28.7,32.7
050,51,710,Virginia,Norfolk city,9,246042,128653,117389,16460,8350,8110,23636,12014,11622,8970,4558,4412,44015,27182,16833,201400,105980,95420,196976,103731,93245,125911,71697,54214,75220,41121,34099,51867,24618,27249,25874,10810,15064,16460,8350,8110,14047,7158,6889,11883,6020,5863,15334,8127,7207,35357,22449,12908,27660,15454,12206,19967,10948,9019,15612,8503,7109,11981,6216,5765,11963,5813,6150,13507,6496,7011,14239,6693,7546,12158,5616,6542,9216,4183,5033,6007,2615,3392,4105,1715,2390,3020,1120,1900,3526,1177,2349,30.5,28.8,32.9
050,51,710,Virginia,Norfolk city,10,244908,127871,117037,15991,8107,7884,23513,11939,11574,8863,4486,4377,43524,26739,16785,200957,105588,95369,196541,103339,93202,125373,71193,54180,75195,41069,34126,51275,24416,26859,26547,11115,15432,15991,8107,7884,13893,7088,6805,11829,5952,5877,15527,8272,7255,34651,21852,12799,27364,15376,11988,20114,11018,9096,15719,8494,7225,11998,6181,5817,11870,5805,6065,12898,6197,6701,14017,6601,7416,12490,5813,6677,9417,4271,5146,6478,2823,3655,4189,1739,2450,2990,1125,1865,3473,1157,2316,30.7,29.0,33.1
050,51,710,Virginia,Norfolk city,11,244168,127249,116919,15906,8081,7825,23198,11803,11395,8677,4400,4277,43021,26468,16553,200710,105173,95537,196387,102965,93422,124963,70783,54180,75444,41007,34437,50566,24036,26530,27356,11454,15902,15906,8081,7825,13543,6894,6649,11834,6001,5833,15520,8274,7246,33999,21502,12497,27115,15077,12038,20391,11163,9228,15896,8603,7293,12042,6164,5878,11584,5631,5953,12350,5899,6451,13876,6568,7308,12756,5938,6818,9627,4332,5295,6909,3021,3888,4413,1821,2592,2984,1147,1837,3423,1133,2290,30.9,29.1,33.3
050,51,710,Virginia,Norfolk city,12,243581,126873,116708,15809,8015,7794,22943,11635,11308,8623,4341,4282,42674,26347,16327,200482,105034,95448,196206,102882,93324,125012,70824,54188,75942,41258,34684,49405,23415,25990,28185,11862,16323,15809,8015,7794,13361,6785,6576,11809,5972,5837,15465,8179,7286,33605,21387,12218,27046,15191,11855,20570,11184,9386,16234,8722,7512,12092,6161,5931,11182,5430,5752,11793,5611,6182,13545,6363,7182,12885,6011,6874,9999,4476,5523,7277,3237,4040,4533,1874,2659,3009,1151,1858,3367,1124,2243,31.0,29.2,33.5
050,51,710,Virginia,Norfolk city,13,243089,126715,116374,15578,7952,7626,22906,11606,11300,8604,4331,4273,42458,26230,16228,200237,104948,95289,196001,102826,93175,125154,70945,54209,76301,41510,34791,48447,22918,25529,28795,12168,16627,15578,7952,7626,13362,6784,6578,11753,5948,5805,15414,8158,7256,33439,21277,12162,26769,15153,11616,20874,11319,9555,16262,8737,7525,12396,6301,6095,10975,5360,5615,11441,5418,6023,13135,6178,6957,12896,5962,6934,10154,4567,5587,7538,3355,4183,4716,1965,2751,3030,1166,1864,3357,1115,2242,31.1,29.3,33.6
050,51,710,Virginia,Norfolk city,14,242803,126603,116200,15511,7931,7580,22860,11577,11283,8609,4334,4275,42375,26180,16195,200045,104874,95171,195823,102761,93062,125183,70973,54210,76407,41590,34817,48116,22755,25361,28925,12236,16689,15511,7931,7580,13343,6775,6568,11725,5933,5792,15393,8147,7246,33383,21236,12147,26657,15134,11523,20971,11360,9611,16282,8750,7532,12497,6346,6151,10908,5341,5567,11343,5365,5978,12997,6120,6877,12868,5929,6939,10198,4592,5606,7602,3386,4216,4766,1988,2778,3032,1168,1864,3327,1102,2225,31.1,29.3,33.7
050,51,720,Virginia,Norton city,1,3958,1824,2134,243,111,132,411,209,202,210,96,114,401,197,204,3205,1456,1749,3094,1408,1686,1545,744,801,978,472,506,1135,515,620,580,224,356,243,111,132,245,121,124,210,109,101,288,126,162,279,146,133,257,126,131,233,120,113,224,94,130,264,132,132,269,118,151,314,147,167,307,138,169,245,112,133,169,70,99,143,61,82,105,39,66,86,31,55,77,23,54,40.0,37.8,41.7
050,51,720,Virginia,Norton city,2,3994,1842,2152,247,112,135,414,212,202,207,95,112,408,201,207,3236,1471,1765,3126,1423,1703,1564,753,811,991,477,514,1146,521,625,581,224,357,247,112,135,247,123,124,209,109,100,289,128,161,284,148,136,259,127,132,234,120,114,228,98,130,270,132,138,271,121,150,316,149,167,312,140,172,247,111,136,166,69,97,144,61,83,108,40,68,86,31,55,77,23,54,40.0,37.8,41.8
050,51,720,Virginia,Norton city,3,4013,1854,2159,254,117,137,417,213,204,206,95,111,406,198,208,3247,1479,1768,3136,1429,1707,1562,751,811,992,478,514,1155,529,626,583,224,359,254,117,137,242,120,122,217,113,104,280,125,155,290,148,142,256,128,128,240,122,118,226,97,129,270,131,139,275,125,150,315,148,167,313,143,170,252,113,139,169,70,99,143,60,83,108,40,68,86,32,54,77,22,55,40.0,37.8,41.8
050,51,720,Virginia,Norton city,4,4087,1906,2181,248,118,130,445,222,223,209,94,115,422,211,211,3304,1521,1783,3185,1472,1713,1603,785,818,1016,500,516,1154,530,624,593,231,362,248,118,130,242,116,126,247,126,121,272,123,149,315,162,153,265,135,130,260,136,124,226,104,122,265,125,140,280,126,154,304,146,158,296,145,151,274,113,161,178,75,103,141,60,81,111,40,71,91,38,53,72,18,54,39.2,36.6,41.2
050,51,720,Virginia,Norton city,5,4125,1936,2189,257,122,135,435,224,211,190,96,94,425,201,224,3344,1543,1801,3243,1494,1749,1643,809,834,1071,537,534,1125,509,616,622,247,375,257,122,135,245,121,124,233,128,105,259,126,133,313,146,167,322,174,148,251,130,121,241,113,128,257,120,137,267,120,147,300,151,149,298,140,158,260,98,162,200,87,113,148,63,85,107,39,68,89,39,50,78,19,59,38.6,35.7,41.3
050,51,720,Virginia,Norton city,6,4103,1947,2156,256,136,120,454,229,225,174,90,84,430,209,221,3311,1539,1772,3219,1492,1727,1603,799,804,1037,518,519,1135,512,623,617,253,364,256,136,120,247,114,133,245,133,112,245,127,118,321,154,167,309,167,142,261,125,136,231,111,120,236,115,121,271,120,151,290,150,140,299,134,165,275,108,167,182,83,99,157,68,89,114,43,71,82,35,47,82,24,58,38.7,35.8,41.3
050,51,720,Virginia,Norton city,7,4139,1973,2166,268,141,127,461,219,242,196,109,87,402,196,206,3307,1555,1752,3214,1504,1710,1597,805,792,1056,536,520,1107,507,600,649,265,384,268,141,127,246,112,134,272,143,129,229,123,106,312,146,166,314,175,139,261,128,133,246,118,128,235,115,120,255,121,134,270,129,141,287,132,155,295,125,170,195,87,108,156,62,94,125,52,73,87,36,51,86,28,58,38.5,36.0,40.9
050,51,720,Virginia,Norton city,8,4013,1904,2109,249,124,125,421,205,216,197,107,90,375,178,197,3231,1513,1718,3146,1468,1678,1543,788,755,1025,527,498,1071,494,577,675,269,406,249,124,125,228,108,120,247,121,126,221,122,99,297,139,158,295,167,128,254,128,126,251,127,124,225,105,120,251,122,129,252,121,131,286,127,159,282,124,158,221,96,125,151,56,95,126,53,73,87,38,49,90,26,64,39.4,36.6,42.1
050,51,720,Virginia,Norton city,9,3992,1885,2107,264,129,135,422,203,219,200,111,89,342,172,170,3208,1501,1707,3106,1442,1664,1540,777,763,1048,522,526,1014,474,540,702,274,428,264,129,135,238,115,123,234,116,118,222,121,101,270,134,136,301,161,140,254,125,129,250,123,127,243,113,130,231,114,117,248,120,128,283,123,160,252,117,135,238,98,140,157,62,95,131,53,78,85,33,52,91,28,63,39.3,36.4,41.5
050,51,720,Virginia,Norton city,10,3927,1818,2109,255,112,143,409,194,215,216,120,96,317,162,155,3156,1459,1697,3047,1392,1655,1504,758,746,1030,506,524,986,459,527,714,265,449,255,112,143,241,111,130,227,113,114,216,120,96,258,132,126,282,137,145,279,143,136,237,115,122,232,111,121,223,111,112,242,116,126,264,120,144,257,112,145,227,84,143,174,72,102,130,49,81,88,34,54,95,26,69,39.2,36.5,41.6
050,51,720,Virginia,Norton city,11,3956,1841,2115,257,120,137,418,204,214,190,97,93,325,174,151,3183,1469,1714,3091,1420,1671,1542,772,770,1072,523,549,982,455,527,712,268,444,257,120,137,256,121,135,207,105,102,226,122,104,244,127,117,300,151,149,293,155,138,245,116,129,234,101,133,228,111,117,234,111,123,249,121,128,271,112,159,240,90,150,153,66,87,135,49,86,93,36,57,91,27,64,38.8,35.8,41.9
050,51,720,Virginia,Norton city,12,3983,1878,2105,245,123,122,445,208,237,194,95,99,293,164,129,3207,1503,1704,3099,1452,1647,1545,782,763,1098,543,555,970,462,508,738,283,455,245,123,122,248,116,132,237,112,125,242,126,116,205,113,92,312,154,158,289,158,131,266,132,134,231,99,132,244,118,126,223,114,109,250,124,126,253,106,147,244,98,146,169,70,99,131,43,88,104,45,59,90,27,63,38.9,36.3,41.9
050,51,720,Virginia,Norton city,13,3976,1888,2088,251,123,128,445,221,224,188,93,95,287,157,130,3202,1505,1697,3092,1451,1641,1511,769,742,1073,536,537,979,465,514,753,293,460,251,123,128,244,120,124,238,118,120,229,118,111,209,115,94,312,155,157,282,154,128,253,125,128,226,102,124,241,116,125,244,126,118,232,110,122,262,113,149,232,94,138,188,78,110,133,45,88,102,43,59,98,33,65,39.5,36.7,42.6
050,51,720,Virginia,Norton city,14,3985,1891,2094,252,124,128,454,230,224,183,90,93,291,157,134,3204,1500,1704,3096,1447,1649,1510,768,742,1071,536,535,980,462,518,754,292,462,252,124,128,248,124,124,241,121,120,226,116,110,213,116,97,312,156,156,281,153,128,250,123,127,228,104,124,242,116,126,250,128,122,226,104,122,262,114,148,229,92,137,192,79,113,131,44,87,101,42,59,101,35,66,39.5,36.6,42.8
050,51,730,Virginia,Petersburg city,1,32420,15147,17273,2109,1128,981,3104,1575,1529,1494,771,723,3771,1746,2025,26516,12072,14444,25713,11673,14040,12843,6186,6657,7935,3869,4066,9153,4201,4952,4854,1857,2997,2109,1128,981,1735,897,838,1726,878,848,2020,985,1035,2888,1332,1556,2433,1186,1247,1749,858,891,1607,796,811,2146,1029,1117,2511,1206,1305,2486,1122,1364,2302,1067,1235,1854,806,1048,1483,647,836,1089,464,625,870,320,550,677,230,447,735,196,539,39.8,37.0,42.1
050,51,730,Virginia,Petersburg city,2,32441,15152,17289,2110,1129,981,3104,1575,1529,1493,770,723,3773,1747,2026,26536,12076,14460,25734,11678,14056,12847,6185,6662,7938,3868,4070,9156,4202,4954,4867,1861,3006,2110,1129,981,1736,898,838,1725,877,848,2021,985,1036,2888,1332,1556,2435,1187,1248,1749,857,892,1607,795,812,2147,1029,1118,2515,1207,1308,2484,1122,1362,2301,1066,1235,1856,807,1049,1483,647,836,1094,466,628,870,319,551,683,231,452,737,198,539,39.9,37.1,42.1
050,51,730,Virginia,Petersburg city,3,32502,15201,17301,2148,1147,1001,3112,1594,1518,1473,762,711,3709,1709,2000,26552,12089,14463,25769,11698,14071,12823,6181,6642,7990,3901,4089,9203,4228,4975,4867,1860,3007,2148,1147,1001,1749,912,837,1712,873,839,1993,980,1013,2840,1300,1540,2469,1209,1260,1801,882,919,1612,795,817,2108,1015,1093,2516,1212,1304,2497,1133,1364,2307,1063,1244,1883,820,1063,1481,642,839,1099,469,630,858,313,545,686,236,450,743,200,543,39.8,36.9,42.1
050,51,730,Virginia,Petersburg city,4,32093,14876,17217,2186,1129,1057,3011,1543,1468,1383,718,665,3610,1642,1968,26237,11858,14379,25513,11486,14027,12409,5936,6473,7732,3734,3998,9300,4264,5036,4871,1846,3025,2186,1129,1057,1678,871,807,1649,830,819,1875,961,914,2802,1241,1561,2465,1193,1272,1798,864,934,1503,732,771,1966,945,1021,2473,1183,1290,2489,1137,1352,2335,1048,1287,2003,896,1107,1478,629,849,1108,474,634,839,303,536,691,242,449,755,198,557,40.3,37.4,42.5
050,51,730,Virginia,Petersburg city,5,31995,14883,17112,2156,1113,1043,3012,1565,1447,1301,672,629,3539,1661,1878,26198,11887,14311,25526,11533,13993,12208,5869,6339,7685,3701,3984,9303,4286,5017,4999,1885,3114,2156,1113,1043,1679,888,791,1650,842,808,1749,901,848,2774,1267,1507,2492,1191,1301,1849,903,946,1466,740,726,1878,867,1011,2386,1141,1245,2435,1139,1296,2437,1070,1367,2045,936,1109,1576,653,923,1113,482,631,846,305,541,712,248,464,752,197,555,40.6,37.2,43.1
050,51,730,Virginia,Petersburg city,6,32311,14959,17352,2211,1104,1107,3004,1539,1465,1301,659,642,3495,1663,1832,26430,11972,14458,25795,11657,14138,12348,5905,6443,7896,3762,4134,9268,4283,4985,5136,1949,3187,2211,1104,1107,1759,902,857,1589,816,773,1632,829,803,2820,1314,1506,2638,1214,1424,1954,942,1012,1537,780,757,1767,826,941,2286,1065,1221,2474,1193,1281,2469,1097,1372,2039,928,1111,1622,691,931,1192,509,683,868,325,543,688,230,458,766,194,572,40.1,37.1,42.6
050,51,730,Virginia,Petersburg city,7,32242,14899,17343,2203,1114,1089,3027,1559,1468,1252,609,643,3463,1633,1830,26372,11907,14465,25760,11617,14143,12398,5927,6471,7994,3834,4160,9112,4161,4951,5191,1989,3202,2203,1114,1089,1798,925,873,1540,783,757,1560,781,779,2844,1312,1532,2808,1305,1503,1929,956,973,1558,755,803,1699,818,881,2202,1020,1182,2440,1164,1276,2404,1055,1349,2066,922,1144,1634,711,923,1261,525,736,854,337,517,663,218,445,779,198,581,39.6,36.6,42.4
050,51,730,Virginia,Petersburg city,8,31895,14644,17251,2183,1101,1082,3091,1568,1523,1264,644,620,3231,1509,1722,26010,11651,14359,25357,11331,14026,12247,5772,6475,8054,3791,4263,8884,4052,4832,5188,1979,3209,2183,1101,1082,1854,936,918,1539,804,735,1556,771,785,2637,1210,1427,2949,1343,1606,1967,935,1032,1636,804,832,1502,709,793,2063,953,1110,2390,1136,1254,2358,1020,1338,2073,943,1130,1679,727,952,1253,511,742,858,330,528,647,216,431,751,195,556,38.8,36.1,41.5
050,51,730,Virginia,Petersburg city,9,31379,14413,16966,2162,1084,1078,3011,1566,1445,1277,657,620,3077,1456,1621,25566,11419,14147,24929,11106,13823,11943,5677,6266,7935,3735,4200,8720,3924,4796,5197,1991,3206,2162,1084,1078,1799,928,871,1558,809,749,1509,778,731,2499,1164,1335,2811,1254,1557,2026,980,1046,1657,785,872,1441,716,725,1953,879,1074,2361,1108,1253,2330,1032,1298,2076,905,1171,1757,787,970,1233,491,742,852,320,532,636,211,425,719,182,537,38.8,36.2,41.9
050,51,730,Virginia,Petersburg city,10,30966,14181,16785,2088,1015,1073,3085,1595,1490,1218,649,569,2987,1450,1537,25179,11249,13930,24575,10922,13653,11826,5633,6193,7907,3690,4217,8480,3809,4671,5201,1973,3228,2088,1015,1073,1828,956,872,1543,795,748,1569,818,751,2350,1125,1225,2863,1262,1601,1988,929,1059,1685,799,886,1371,700,671,1815,797,1018,2256,1075,1181,2288,1035,1253,2121,902,1219,1733,769,964,1298,514,784,862,316,546,600,193,407,708,181,527,38.7,36.1,41.3
050,51,730,Virginia,Petersburg city,11,30573,13984,16589,2167,1101,1066,3040,1582,1458,1222,607,615,2704,1288,1416,24772,11016,13756,24144,10694,13450,11687,5500,6187,8077,3748,4329,8144,3672,4472,5219,1986,3233,2167,1101,1066,1777,939,838,1579,786,793,1467,744,723,2143,1008,1135,2937,1321,1616,2081,933,1148,1678,788,890,1381,706,675,1649,714,935,2165,1020,1145,2172,1008,1164,2158,930,1228,1727,748,979,1320,542,778,915,337,578,567,194,373,690,165,525,38.4,36.0,40.5
050,51,730,Virginia,Petersburg city,12,30593,13947,16646,2176,1084,1092,3149,1615,1534,1173,584,589,2653,1240,1413,24689,10963,13726,24095,10664,13431,11864,5534,6330,8324,3861,4463,7869,3557,4312,5249,2006,3243,2176,1084,1092,1872,985,887,1563,781,782,1439,716,723,2101,957,1144,2973,1366,1607,2260,1037,1223,1657,760,897,1434,698,736,1580,717,863,2037,952,1085,2168,1013,1155,2084,875,1209,1742,742,1000,1300,541,759,962,364,598,579,202,377,666,157,509,37.8,35.4,39.8
050,51,730,Virginia,Petersburg city,13,30465,13919,16546,2174,1109,1065,3249,1672,1577,1176,584,592,2630,1227,1403,24447,10836,13611,23866,10554,13312,11847,5503,6344,8335,3839,4496,7601,3439,4162,5300,2049,3251,2174,1109,1065,1912,990,922,1631,829,802,1457,730,727,2055,934,1121,2860,1323,1537,2312,1057,1255,1662,740,922,1501,719,782,1483,689,794,1917,890,1027,2168,1006,1162,2033,854,1179,1767,777,990,1329,556,773,952,355,597,599,208,391,653,153,500,37.5,34.9,39.5
050,51,730,Virginia,Petersburg city,14,30446,13909,16537,2182,1122,1060,3284,1690,1594,1182,585,597,2616,1216,1400,24377,10788,13589,23798,10512,13286,11845,5482,6363,8346,3828,4518,7526,3409,4117,5310,2059,3251,2182,1122,1060,1923,991,932,1660,846,814,1464,732,732,2035,922,1113,2823,1310,1513,2332,1062,1270,1665,733,932,1526,723,803,1459,684,775,1883,872,1011,2172,1007,1165,2012,846,1166,1776,787,989,1334,558,776,949,353,596,604,210,394,647,151,496,37.4,34.8,39.4
050,51,735,Virginia,Poquoson city,1,12150,5997,6153,538,266,272,1544,800,744,887,453,434,845,468,377,9656,4720,4936,9181,4478,4703,4087,2063,2024,2558,1246,1312,3887,1897,1990,1891,867,1024,538,266,272,754,382,372,993,522,471,1009,527,482,520,290,230,447,235,212,535,271,264,712,321,391,864,419,445,1176,574,602,1018,475,543,861,430,431,832,418,414,646,316,330,489,236,253,350,163,187,217,100,117,189,52,137,43.5,42.2,44.4
050,51,735,Virginia,Poquoson city,2,12159,6002,6157,538,266,272,1544,800,744,888,453,435,845,468,377,9665,4725,4940,9189,4483,4706,4091,2065,2026,2561,1248,1313,3890,1898,1992,1893,869,1024,538,266,272,754,382,372,993,522,471,1010,527,483,520,290,230,447,235,212,535,271,264,713,321,392,866,421,445,1178,575,603,1018,475,543,861,430,431,833,418,415,648,318,330,489,236,253,350,163,187,217,100,117,189,52,137,43.5,42.3,44.4
050,51,735,Virginia,Poquoson city,3,12148,6012,6136,537,265,272,1531,796,735,869,446,423,869,481,388,9675,4742,4933,9211,4505,4706,4090,2069,2021,2552,1246,1306,3888,1903,1985,1902,875,1027,537,265,272,749,378,371,982,522,460,1008,525,483,530,298,232,456,239,217,537,272,265,703,320,383,856,415,441,1175,576,599,1011,475,536,871,433,438,831,419,412,653,322,331,489,236,253,353,165,188,220,99,121,187,53,134,43.5,42.3,44.4
050,51,735,Virginia,Poquoson city,4,12043,5952,6091,494,232,262,1484,767,717,802,425,377,934,519,415,9685,4748,4937,9263,4528,4735,4064,2056,2008,2519,1216,1303,3834,1878,1956,1976,915,1061,494,232,262,730,365,365,945,506,439,988,520,468,557,320,237,481,247,234,536,273,263,677,308,369,825,388,437,1115,551,564,1007,478,529,892,434,458,820,415,405,676,341,335,502,234,268,372,177,195,224,101,123,202,62,140,43.7,42.6,44.7
050,51,735,Virginia,Poquoson city,5,12115,5967,6148,504,241,263,1455,744,711,793,426,367,1012,551,461,9764,4767,4997,9363,4556,4807,4143,2101,2042,2534,1233,1301,3731,1802,1929,2086,970,1116,504,241,263,724,354,370,927,499,428,934,497,437,675,371,304,470,253,217,569,283,286,662,296,366,833,401,432,1034,507,527,1035,491,544,899,428,471,763,376,387,749,386,363,514,237,277,387,179,208,227,101,126,209,67,142,43.6,42.4,44.7
050,51,735,Virginia,Poquoson city,6,12093,5956,6137,485,220,265,1408,727,681,814,441,373,1018,542,476,9783,4781,5002,9386,4568,4818,4154,2116,2038,2537,1250,1287,3692,1792,1900,2139,984,1155,485,220,265,726,369,357,897,475,422,906,494,412,711,372,339,480,265,215,588,283,305,659,311,348,810,391,419,975,475,500,1038,503,535,938,447,491,741,367,374,751,378,373,530,246,284,416,192,224,237,102,135,205,66,139,43.7,42.6,44.8
050,51,735,Virginia,Poquoson city,7,12005,5937,6068,482,225,257,1360,693,667,797,425,372,1013,537,476,9766,4812,4954,9366,4594,4772,4146,2119,2027,2529,1257,1272,3634,1797,1837,2190,1003,1187,482,225,257,695,342,353,858,451,407,887,481,406,730,381,349,490,287,203,604,287,317,626,295,331,809,388,421,901,448,453,1064,526,538,889,435,454,780,388,392,729,352,377,566,271,295,423,194,229,257,110,147,215,76,139,43.9,43.0,44.9
050,51,735,Virginia,Poquoson city,8,12018,5953,6065,505,247,258,1360,696,664,790,420,370,995,546,449,9774,4811,4963,9363,4590,4773,4164,2135,2029,2555,1263,1292,3596,1783,1813,2217,998,1219,505,247,258,679,349,330,857,441,416,903,484,419,706,388,318,524,284,240,587,273,314,687,342,345,757,364,393,843,417,426,1071,535,536,903,437,466,779,394,385,726,335,391,587,281,306,401,186,215,282,124,158,221,72,149,43.8,42.5,45.0
050,51,735,Virginia,Poquoson city,9,11940,5921,6019,519,265,254,1354,677,677,725,374,351,966,541,425,9729,4805,4924,9342,4605,4737,4112,2107,2005,2586,1275,1311,3519,1739,1780,2271,1050,1221,519,265,254,675,333,342,844,427,417,849,452,397,677,380,297,537,295,242,616,290,326,719,356,363,714,334,380,801,404,397,1019,512,507,891,427,464,808,396,412,715,348,367,606,299,307,406,187,219,303,134,169,241,82,159,43.8,42.6,44.9
050,51,735,Virginia,Poquoson city,10,12041,5972,6069,530,294,236,1401,686,715,698,355,343,941,512,429,9776,4821,4955,9412,4637,4775,4167,2117,2050,2696,1339,1357,3460,1709,1751,2315,1077,1238,530,294,236,711,340,371,858,435,423,816,424,392,655,354,301,560,310,250,656,309,347,757,379,378,723,341,382,795,402,393,957,487,470,905,432,473,803,388,415,676,332,344,663,329,334,425,189,236,310,135,175,241,92,149,43.4,42.2,44.4
050,51,735,Virginia,Poquoson city,11,12138,6063,6075,573,321,252,1398,687,711,719,381,338,930,504,426,9797,4852,4945,9448,4674,4774,4236,2192,2044,2783,1415,1368,3400,1668,1732,2335,1087,1248,573,321,252,705,340,365,889,455,434,807,429,378,646,348,298,590,323,267,672,338,334,797,399,398,724,355,369,782,389,393,889,443,446,927,449,478,802,387,415,653,326,327,678,332,346,445,197,248,321,145,176,238,87,151,42.7,41.0,44.3
050,51,735,Virginia,Poquoson city,12,12228,6126,6102,573,308,265,1418,707,711,757,393,364,925,511,414,9833,4903,4930,9480,4718,4762,4301,2254,2047,2822,1443,1379,3356,1664,1692,2377,1100,1277,573,308,265,733,357,376,888,443,445,823,449,374,656,362,294,595,323,272,638,332,306,842,428,414,747,360,387,795,390,405,828,417,411,954,473,481,779,384,395,687,334,353,644,306,338,468,221,247,329,146,183,249,93,156,42.4,40.9,43.8
050,51,735,Virginia,Poquoson city,13,12246,6142,6104,554,289,265,1470,743,727,755,386,369,884,478,406,9834,4921,4913,9467,4724,4743,4335,2262,2073,2876,1484,1392,3300,1641,1659,2407,1121,1286,554,289,265,777,392,385,873,437,436,832,434,398,627,344,283,576,317,259,661,347,314,846,429,417,793,391,402,782,394,388,798,389,409,947,488,459,773,370,403,680,336,344,647,298,349,495,236,259,320,153,167,265,98,167,42.2,40.9,43.6
050,51,735,Virginia,Poquoson city,14,12257,6149,6108,554,287,267,1484,755,729,754,382,372,869,467,402,9835,4925,4910,9465,4725,4740,4352,2266,2086,2902,1500,1402,3282,1636,1646,2412,1122,1290,554,287,267,787,402,385,870,436,434,835,429,406,615,337,278,569,311,258,675,355,320,849,431,418,809,403,406,780,397,383,787,381,406,942,492,450,773,366,407,678,335,343,644,293,351,505,241,264,315,153,162,270,100,170,42.2,40.9,43.6
050,51,740,Virginia,Portsmouth city,1,95535,45933,49602,7050,3564,3486,10832,5561,5271,4784,2430,2354,9949,5143,4806,75342,35614,39728,72869,34378,38491,39396,19695,19701,25777,12685,13092,24524,11532,12992,12619,5018,7601,7050,3564,3486,6331,3206,3125,5615,2918,2697,6248,3215,3033,7371,3795,3576,7719,3789,3930,6622,3254,3368,5646,2827,2819,5790,2815,2975,6635,3247,3388,6823,3202,3621,6160,2864,3296,4906,2219,2687,3530,1573,1957,2830,1160,1670,2289,940,1349,1926,706,1220,2044,639,1405,35.7,33.7,37.9
050,51,740,Virginia,Portsmouth city,2,95531,45930,49601,7049,3563,3486,10832,5561,5271,4784,2430,2354,9947,5142,4805,75339,35612,39727,72866,34376,38490,39392,19693,19699,25775,12684,13091,24523,11532,12991,12621,5018,7603,7049,3563,3486,6331,3206,3125,5615,2918,2697,6248,3215,3033,7369,3794,3575,7715,3787,3928,6622,3254,3368,5647,2827,2820,5791,2816,2975,6635,3247,3388,6822,3202,3620,6159,2864,3295,4907,2219,2688,3531,1573,1958,2830,1160,1670,2289,940,1349,1926,706,1220,2045,639,1406,35.7,33.7,37.9
050,51,740,Virginia,Portsmouth city,3,95457,45839,49618,7076,3590,3486,10882,5565,5317,4725,2409,2316,9922,5130,4792,75228,35513,39715,72774,34275,38499,39319,19625,19694,25771,12644,13127,24490,11497,12993,12591,5004,7587,7076,3590,3486,6376,3214,3162,5605,2909,2696,6144,3170,2974,7404,3811,3593,7733,3777,3956,6680,3271,3409,5621,2812,2809,5737,2784,2953,6567,3197,3370,6817,3199,3618,6144,2853,3291,4962,2248,2714,3540,1568,1972,2824,1164,1660,2287,937,1350,1894,693,1201,2046,642,1404,35.6,33.6,37.8
050,51,740,Virginia,Portsmouth city,4,95767,46073,49694,7129,3611,3518,10909,5539,5370,4544,2364,2180,10139,5295,4844,75553,35781,39772,73185,34559,38626,39592,19853,19739,26001,12780,13221,24447,11462,12985,12598,5022,7576,7129,3611,3518,6381,3203,3178,5620,2922,2698,5795,3036,2759,7796,4037,3759,7942,3924,4018,6846,3370,3476,5593,2772,2821,5620,2714,2906,6271,3030,3241,6847,3235,3612,6119,2835,3284,5210,2362,2848,3636,1606,2030,2815,1171,1644,2288,938,1350,1811,655,1156,2048,652,1396,35.3,33.3,37.5
050,51,740,Virginia,Portsmouth city,5,96516,46526,49990,7279,3717,3562,11069,5623,5446,4419,2241,2178,10151,5351,4800,75985,36059,39926,73749,34945,38804,40018,20108,19910,26537,13070,13467,24272,11401,12871,12789,5123,7666,7279,3717,3562,6465,3238,3227,5693,2939,2754,5659,2948,2711,7822,4090,3732,8104,3984,4120,7111,3487,3624,5702,2832,2870,5620,2767,2853,6013,2896,3117,6762,3215,3547,6272,2922,3350,5225,2368,2857,3942,1734,2208,2825,1184,1641,2268,933,1335,1721,631,1090,2033,641,1392,35.1,33.2,37.1
050,51,740,Virginia,Portsmouth city,6,96123,46306,49817,7189,3680,3509,11090,5590,5500,4356,2246,2110,9900,5215,4685,75623,35860,39763,73488,34790,38698,39723,19994,19729,26594,13154,13440,24025,11190,12835,12969,5231,7738,7189,3680,3509,6446,3253,3193,5771,2958,2813,5352,2788,2564,7777,4052,3725,8225,4123,4102,7319,3553,3766,5679,2830,2849,5371,2648,2723,5802,2743,3059,6652,3121,3531,6192,2887,3305,5379,2439,2940,4122,1844,2278,2898,1208,1690,2283,925,1358,1694,634,1060,1972,620,1352,35.0,33.1,37.1
050,51,740,Virginia,Portsmouth city,7,95886,46082,49804,7244,3743,3501,10898,5456,5442,4386,2275,2111,9739,5082,4657,75515,35693,39822,73358,34608,38750,39680,19973,19707,26668,13196,13472,23765,11011,12754,13186,5319,7867,7244,3743,3501,6316,3162,3154,5695,2874,2821,5293,2771,2522,7719,4006,3713,8230,4137,4093,7375,3630,3745,5830,2878,2952,5233,2551,2682,5518,2582,2936,6460,3050,3410,6251,2875,3376,5536,2504,3032,4251,1904,2347,3001,1245,1756,2275,902,1373,1686,664,1022,1973,604,1369,35.1,33.2,37.1
050,51,740,Virginia,Portsmouth city,8,96407,46341,50066,7328,3756,3572,11013,5506,5507,4345,2211,2134,9630,5139,4491,75853,35963,39890,73721,34868,38853,39988,20167,19821,27122,13353,13769,23574,10963,12611,13395,5413,7982,7328,3756,3572,6362,3169,3193,5760,2873,2887,5219,2747,2472,7647,4067,3580,8426,4186,4240,7529,3732,3797,6089,2986,3103,5078,2449,2629,5357,2521,2836,6250,2957,3293,6392,2945,3447,5575,2540,3035,4388,1942,2446,3085,1323,1762,2317,916,1401,1679,650,1029,1926,582,1344,35.0,33.1,36.9
050,51,740,Virginia,Portsmouth city,9,95287,45785,49502,7148,3632,3516,10978,5540,5438,4365,2225,2140,9014,4810,4204,74958,35530,39428,72796,34388,38408,39424,19824,19600,27142,13340,13802,23046,10700,12346,13594,5538,8056,7148,3632,3516,6362,3197,3165,5713,2894,2819,5221,2728,2493,7061,3756,3305,8457,4210,4247,7514,3677,3837,6220,3067,3153,4951,2386,2565,5204,2450,2754,5892,2766,3126,6375,2934,3441,5575,2550,3025,4618,2041,2577,3125,1341,1784,2319,911,1408,1714,678,1036,1818,567,1251,35.1,33.3,37.0
050,51,740,Virginia,Portsmouth city,10,94964,45640,49324,7039,3569,3470,10876,5442,5434,4381,2157,2224,8768,4766,4002,74821,35526,39295,72668,34472,38196,39270,19842,19428,27282,13488,13794,22859,10587,12272,13759,5631,8128,7039,3569,3470,6370,3155,3215,5667,2856,2811,5155,2659,2496,6833,3695,3138,8365,4246,4119,7599,3698,3901,6357,3107,3250,4961,2437,2524,5120,2419,2701,5675,2666,3009,6348,2919,3429,5716,2583,3133,4608,2039,2569,3371,1456,1915,2318,918,1400,1705,660,1045,1757,558,1199,35.3,33.5,37.2
050,51,740,Virginia,Portsmouth city,11,94879,45564,49315,7023,3574,3449,10774,5406,5368,4370,2192,2178,8538,4646,3892,74818,35414,39404,72712,34392,38320,39519,19902,19617,27709,13649,14060,22445,10348,12097,14020,5749,8271,7023,3574,3449,6280,3160,3120,5592,2831,2761,5211,2689,2522,6599,3564,3035,8456,4301,4155,7571,3711,3860,6601,3167,3434,5081,2470,2611,4973,2380,2593,5501,2541,2960,6236,2850,3386,5735,2577,3158,4715,2085,2630,3516,1526,1990,2342,917,1425,1704,644,1060,1743,577,1166,35.5,33.5,37.4
050,51,740,Virginia,Portsmouth city,12,94582,45396,49186,6874,3535,3339,10663,5411,5252,4313,2159,2154,8548,4570,3978,74893,35341,39552,72732,34291,38441,39571,19813,19758,27772,13626,14146,22143,10233,11910,14269,5862,8407,6874,3535,3339,6226,3197,3029,5499,2756,2743,5198,2650,2548,6601,3537,3064,8345,4232,4113,7609,3721,3888,6535,3140,3395,5283,2533,2750,4898,2362,2536,5279,2436,2843,6131,2803,3328,5835,2632,3203,4796,2098,2698,3618,1591,2027,2429,954,1475,1696,633,1063,1730,586,1144,35.7,33.6,37.7
050,51,740,Virginia,Portsmouth city,13,94993,45547,49446,6865,3541,3324,10733,5463,5270,4385,2205,2180,8602,4570,4032,75221,35432,39789,73010,34338,38672,39890,19941,19949,27991,13719,14272,21933,10095,11838,14484,5954,8530,6865,3541,3324,6217,3198,3019,5604,2818,2786,5224,2672,2552,6675,3550,3125,8259,4167,4092,7741,3798,3943,6549,3157,3392,5442,2597,2845,4798,2290,2508,5200,2365,2835,6031,2796,3235,5904,2644,3260,4867,2128,2739,3725,1610,2115,2456,998,1458,1708,641,1067,1728,577,1151,35.7,33.6,37.7
050,51,740,Virginia,Portsmouth city,14,95094,45584,49510,6865,3541,3324,10750,5477,5273,4420,2228,2192,8615,4573,4042,75293,35450,39843,73059,34338,38721,40003,19995,20008,28066,13752,14314,21857,10041,11816,14521,5972,8549,6865,3541,3324,6207,3195,3012,5641,2840,2801,5240,2685,2555,6697,3558,3139,8220,4142,4078,7790,3828,3962,6561,3166,3395,5495,2616,2879,4767,2268,2499,5185,2345,2840,5996,2790,3206,5909,2638,3271,4890,2138,2752,3745,1608,2137,2463,1014,1449,1709,643,1066,1714,569,1145,35.7,33.6,37.7
050,51,750,Virginia,Radford city,1,16408,7779,8629,598,300,298,1100,572,528,447,242,205,7661,3506,4155,14491,6784,7707,14263,6665,7598,10868,5168,5700,2866,1479,1387,2354,1138,1216,1382,542,840,598,300,298,620,329,291,586,302,284,2586,1095,1491,5416,2594,2822,937,500,437,665,340,325,645,337,308,619,302,317,620,297,323,637,313,324,607,287,320,490,241,249,414,178,236,298,143,155,239,89,150,238,81,157,193,51,142,22.4,22.7,22.2
050,51,750,Virginia,Radford city,2,16395,7771,8624,596,298,298,1096,569,527,446,241,205,7661,3506,4155,14485,6782,7703,14257,6663,7594,10862,5166,5696,2860,1477,1383,2354,1138,1216,1382,542,840,596,298,298,619,328,291,582,299,283,2586,1095,1491,5416,2594,2822,937,500,437,663,339,324,642,337,305,618,301,317,620,297,323,637,313,324,607,287,320,490,241,249,414,178,236,298,143,155,239,89,150,238,81,157,193,51,142,22.4,22.7,22.2
050,51,750,Virginia,Radford city,3,16432,7761,8671,592,290,302,1105,575,530,449,239,210,7642,3478,4164,14517,6776,7741,14286,6657,7629,10867,5150,5717,2883,1490,1393,2367,1140,1227,1394,549,845,592,290,302,621,330,291,591,302,289,2529,1075,1454,5455,2585,2870,950,513,437,662,334,328,640,332,308,631,311,320,623,299,324,638,314,324,609,286,323,497,241,256,413,179,234,305,146,159,240,89,151,238,82,156,198,53,145,22.5,22.8,22.3
050,51,750,Virginia,Radford city,4,16817,7955,8862,581,291,290,1074,577,497,465,252,213,7804,3519,4285,14930,6964,7966,14697,6835,7862,11170,5275,5895,3017,1561,1456,2457,1195,1262,1419,560,859,581,291,290,580,320,260,610,314,296,2668,1135,1533,5485,2579,2906,1018,559,459,659,325,334,639,315,324,701,362,339,621,303,318,649,328,321,656,311,345,531,253,278,406,177,229,337,162,175,233,85,148,227,78,149,216,58,158,22.8,23.0,22.6
050,51,750,Virginia,Radford city,5,16720,7947,8773,591,287,304,1040,552,488,449,247,202,7520,3402,4118,14861,6988,7873,14640,6861,7779,10978,5214,5764,3130,1634,1496,2542,1234,1308,1448,591,857,591,287,304,572,315,257,589,306,283,2669,1125,1544,5179,2455,2724,1118,616,502,668,333,335,618,299,319,726,386,340,609,297,312,674,334,340,698,342,356,561,261,300,422,191,231,361,166,195,238,97,141,201,75,126,226,62,164,23.2,23.4,22.9
050,51,750,Virginia,Radford city,6,17124,8123,9001,601,287,314,1122,585,537,463,240,223,7338,3330,4008,15163,7126,8037,14938,7011,7927,11114,5269,5845,3433,1761,1672,2689,1304,1385,1478,616,862,601,287,314,623,327,296,619,320,299,2712,1140,1572,4969,2368,2601,1249,662,587,731,359,372,679,340,339,774,400,374,649,319,330,699,348,351,732,356,376,609,281,328,421,213,208,367,154,213,264,109,155,201,88,113,225,52,173,23.5,23.7,23.1
050,51,750,Virginia,Radford city,7,17395,8233,9162,644,327,317,1126,559,567,495,247,248,7185,3260,3925,15379,7224,8155,15130,7100,8030,11161,5293,5868,3613,1852,1761,2844,1366,1478,1488,622,866,644,327,317,622,308,314,636,317,319,2771,1159,1612,4777,2282,2495,1344,716,628,776,392,384,755,357,398,738,387,351,707,352,355,726,349,377,721,346,375,690,319,371,421,207,214,370,153,217,269,123,146,190,75,115,238,64,174,23.7,24.0,23.3
050,51,750,Virginia,Radford city,8,17301,8222,9079,642,335,307,1067,551,516,512,258,254,6953,3122,3831,15327,7201,8126,15080,7078,8002,11004,5197,5807,3677,1890,1787,2982,1453,1529,1468,613,855,642,335,307,562,271,291,643,353,290,2735,1136,1599,4592,2171,2421,1390,740,650,797,418,379,753,354,399,737,378,359,742,383,359,777,382,395,740,369,371,723,319,404,447,215,232,356,149,207,264,124,140,175,63,112,226,62,164,23.9,24.2,23.5
050,51,750,Virginia,Radford city,9,17321,8218,9103,612,318,294,1110,558,552,494,254,240,6795,3025,3770,15351,7208,8143,15105,7088,8017,10815,5086,5729,3639,1869,1770,3172,1568,1604,1499,626,873,612,318,294,604,285,319,619,335,284,2655,1104,1551,4521,2113,2408,1315,719,596,840,440,400,751,344,407,733,366,367,828,446,382,788,376,412,766,386,380,790,360,430,494,235,259,359,147,212,262,119,143,171,62,109,213,63,150,24.2,24.8,23.7
050,51,750,Virginia,Radford city,10,17470,8301,9169,582,315,267,1085,553,532,515,262,253,6742,3000,3742,15552,7298,8254,15288,7171,8117,10837,5064,5773,3718,1875,1843,3278,1645,1633,1550,651,899,582,315,267,595,288,307,628,338,290,2599,1083,1516,4520,2106,2414,1314,713,601,895,449,446,776,367,409,733,346,387,865,472,393,820,395,425,786,392,394,807,386,421,528,233,295,364,168,196,278,123,155,180,67,113,200,60,140,24.6,25.1,24.1
050,51,750,Virginia,Radford city,11,18013,8431,9582,563,302,261,1089,539,550,510,253,257,7207,3136,4071,16103,7467,8636,15851,7337,8514,11347,5215,6132,3754,1883,1871,3290,1619,1671,1600,699,901,563,302,261,617,300,317,596,296,300,2946,1210,1736,4647,2122,2525,1283,696,587,920,456,464,790,357,433,761,374,387,859,437,422,821,407,414,791,387,404,819,388,431,580,266,314,338,172,166,305,129,176,182,67,115,195,65,130,24.1,24.9,23.6
050,51,750,Virginia,Radford city,12,18107,8517,9590,556,293,263,1108,551,557,512,254,258,7120,3140,3980,16181,7544,8637,15931,7419,8512,11346,5240,6106,3854,1922,1932,3279,1620,1659,1678,737,941,556,293,263,604,300,304,644,327,317,2941,1205,1736,4551,2113,2438,1343,736,607,935,460,475,781,366,415,795,360,435,847,437,410,798,402,396,846,407,439,788,374,414,654,303,351,352,175,177,302,123,179,188,77,111,182,59,123,24.4,25.1,23.9
050,51,750,Virginia,Radford city,13,18214,8563,9651,574,307,267,1121,560,561,524,265,259,7109,3140,3969,16256,7557,8699,15995,7431,8564,11377,5254,6123,3877,1919,1958,3247,1606,1641,1762,766,996,574,307,267,624,315,309,630,315,315,2939,1221,1718,4561,2114,2447,1291,684,607,978,499,479,787,370,417,821,366,455,811,417,394,811,414,397,843,397,446,782,378,404,689,309,380,388,185,203,305,126,179,191,86,105,189,60,129,24.5,25.1,24.0
050,51,750,Virginia,Radford city,14,18255,8584,9671,576,309,267,1126,562,564,529,270,259,7101,3139,3962,16289,7569,8720,16024,7443,8581,11400,5265,6135,3901,1925,1976,3237,1606,1631,1785,773,1012,576,309,267,631,320,311,626,311,315,2938,1225,1713,4561,2115,2446,1276,668,608,998,514,484,792,373,419,835,370,465,797,410,387,819,422,397,843,396,447,778,378,400,706,314,392,394,186,208,304,126,178,192,88,104,189,59,130,24.5,25.1,24.0
050,51,760,Virginia,Richmond city,1,204214,97331,106883,12798,6429,6369,17727,8995,8732,7484,3703,3781,36896,17180,19716,170150,80140,90010,166205,78204,88001,101442,49380,52062,58771,29366,29405,47919,22909,25010,22619,8749,13870,12798,6429,6369,10266,5196,5070,9170,4668,4502,15782,7227,8555,26889,12787,14102,20483,10063,10420,14743,7421,7322,11942,6106,5836,11603,5776,5827,12645,6053,6592,13111,6264,6847,12285,5889,6396,9878,4703,5175,6578,2856,3722,4822,2031,2791,3968,1548,2420,3412,1155,2257,3839,1159,2680,32.0,31.3,32.7
050,51,760,Virginia,Richmond city,2,204440,97433,107007,12818,6442,6376,17753,9012,8741,7497,3707,3790,36924,17196,19728,170322,80209,90113,166372,78272,88100,101536,49419,52117,58827,29387,29440,47964,22922,25042,22657,8767,13890,12818,6442,6376,10282,5205,5077,9183,4678,4505,15795,7232,8563,26914,12800,14114,20508,10072,10436,14758,7428,7330,11953,6110,5843,11608,5777,5831,12654,6057,6597,13123,6267,6856,12299,5893,6406,9888,4705,5183,6584,2858,3726,4824,2033,2791,3978,1551,2427,3429,1163,2266,3842,1162,2680,32.0,31.3,32.7
050,51,760,Virginia,Richmond city,3,204375,97456,106919,12761,6431,6330,17767,9007,8760,7458,3716,3742,36020,16770,19250,170322,80239,90083,166389,78302,88087,101100,49223,51877,59349,29621,29728,48357,23104,25253,22663,8807,13856,12761,6431,6330,10280,5198,5082,9214,4693,4521,15312,7064,8248,26439,12538,13901,20753,10187,10566,14983,7520,7463,11969,6108,5861,11644,5806,5838,12649,6079,6570,13208,6305,6903,12409,5933,6476,10091,4787,5304,6624,2892,3732,4851,2043,2808,3952,1553,2399,3393,1154,2239,3843,1165,2678,32.2,31.5,33.0
050,51,760,Virginia,Richmond city,4,206487,98489,107998,13040,6588,6452,17972,9081,8891,7379,3711,3668,33545,15618,17927,171957,81032,90925,168096,79109,88987,100984,49174,51810,61868,30763,31105,49925,23805,26120,22758,8923,13835,13040,6588,6452,10457,5247,5210,9323,4752,4571,14001,6577,7424,25115,11834,13281,22038,10777,11261,15927,7940,7987,11933,6062,5871,11970,5984,5986,12574,6085,6489,13495,6423,7072,12862,6136,6726,10994,5161,5833,6782,2988,3794,4928,2071,2857,3903,1545,2358,3262,1114,2148,3883,1205,2678,32.6,31.9,33.4
050,51,760,Virginia,Richmond city,5,210922,100372,110550,13263,6790,6473,18497,9311,9186,7214,3615,3599,31955,14830,17125,175573,82477,93096,171948,80656,91292,102494,49646,52848,65123,32100,33023,51248,24352,26896,23622,9374,14248,13263,6790,6473,10947,5515,5432,9348,4695,4653,13721,6507,7214,23650,11039,12611,23604,11384,12220,17068,8480,8588,12303,6210,6093,12148,6026,6122,12709,6163,6546,13711,6471,7240,13299,6288,7011,11529,5430,6099,7502,3308,4194,5092,2167,2925,3906,1547,2359,3180,1085,2095,3942,1267,2675,32.9,32.3,33.7
050,51,760,Virginia,Richmond city,6,214020,101666,112354,13256,6803,6453,18849,9434,9415,7095,3565,3530,30631,14122,16509,178364,83649,94715,174820,81864,92956,103401,49990,53411,67512,33214,34298,52256,24719,27537,24421,9809,14612,13256,6803,6453,11293,5628,5665,9393,4717,4676,13623,6444,7179,22266,10332,11934,24583,11844,12739,18274,9082,9192,12500,6235,6265,12155,6053,6102,12563,6075,6488,13903,6553,7350,13724,6438,7286,12066,5653,6413,8096,3598,4498,5311,2251,3060,3905,1571,2334,3184,1122,2062,3925,1267,2658,33.2,32.6,33.9
050,51,760,Virginia,Richmond city,7,217238,103262,113976,13224,6857,6367,19024,9504,9520,7265,3649,3616,29790,13757,16033,181285,85032,96253,177725,83252,94473,104809,50696,54113,69654,34263,35391,52933,24964,27969,25348,10268,15080,13224,6857,6367,11302,5643,5659,9622,4834,4788,13745,6459,7286,21410,9974,11436,25709,12390,13319,19084,9497,9587,12915,6448,6467,11946,5928,6018,12463,6042,6421,13960,6610,7350,13951,6516,7435,12559,5796,6763,8871,4013,4858,5503,2308,3195,3948,1554,2394,3071,1128,1943,3955,1265,2690,33.4,32.7,34.1
050,51,760,Virginia,Richmond city,8,221084,104832,116252,13347,6886,6461,19231,9581,9650,7365,3707,3658,29082,13405,15677,184809,86478,98331,181141,84658,96483,106628,51443,55185,72023,35279,36744,53574,25153,28421,26462,10821,15641,13347,6886,6461,11400,5680,5720,9673,4849,4824,13915,6523,7392,20690,9641,11049,26717,12749,13968,19874,9833,10041,13627,6868,6759,11805,5829,5976,12431,6037,6394,13775,6443,7332,14217,6592,7625,13151,6081,7070,9671,4407,5264,5692,2389,3303,4037,1616,2421,3063,1155,1908,3999,1254,2745,33.6,32.9,34.2
050,51,760,Virginia,Richmond city,9,225669,106978,118691,13473,6830,6643,19430,9738,9692,7453,3701,3752,29182,13502,15680,189057,88548,100509,185313,86709,98604,109091,52617,56474,74307,36335,37972,54019,25442,28577,27805,11430,16375,13473,6830,6643,11417,5725,5692,9864,4934,4930,14359,6668,7691,20425,9614,10811,27723,13236,14487,20764,10207,10557,14430,7280,7150,11390,5612,5778,12510,6134,6376,13633,6437,7196,14467,6712,7755,13409,6159,7250,10530,4752,5778,6031,2562,3469,4132,1653,2479,3068,1159,1909,4044,1304,2740,33.6,33.0,34.2
050,51,760,Virginia,Richmond city,10,227620,108015,119605,13240,6686,6554,19604,9938,9666,7387,3682,3705,27889,12925,14964,191128,89574,101554,187389,87709,99680,110035,53158,56877,76599,37470,39129,53808,25224,28584,29093,12090,17003,13240,6686,6554,11472,5824,5648,9972,5033,4939,13757,6425,7332,19679,9263,10416,28027,13273,14754,21847,10744,11103,15148,7628,7520,11577,5825,5752,12163,5944,6219,13441,6374,7067,14576,6704,7872,13628,6202,7426,10922,4947,5975,6681,2874,3807,4316,1771,2545,3094,1167,1927,4080,1331,2749,33.9,33.3,34.5
050,51,760,Virginia,Richmond city,11,229621,108816,120805,13273,6721,6552,19406,9824,9582,7262,3614,3648,27551,12624,14927,193296,90450,102846,189680,88657,101023,111062,53532,57530,78124,38232,39892,53633,25107,28526,30372,12694,17678,13273,6721,6552,11297,5749,5548,9984,5013,4971,13471,6289,7182,19467,9011,10456,27827,13296,14531,22697,11096,11601,15973,8040,7933,11627,5800,5827,11974,5834,6140,13117,6191,6926,14552,6741,7811,13990,6341,7649,11335,5097,6238,7256,3185,4071,4571,1861,2710,3099,1188,1911,4111,1363,2748,34.2,33.6,34.8
050,51,760,Virginia,Richmond city,12,231027,109570,121457,13182,6741,6441,19219,9726,9493,7267,3628,3639,26995,12439,14556,194936,91241,103695,191359,89475,101884,112381,54207,58174,79984,39098,40886,52771,24689,28082,31609,13249,18360,13182,6741,6441,11067,5629,5438,10017,5055,4962,13472,6315,7157,18925,8794,10131,27807,13222,14585,23561,11517,12044,16549,8316,8233,12067,6043,6024,11703,5728,5975,12652,5963,6689,14399,6641,7758,14017,6357,7660,11678,5256,6422,7861,3477,4384,4797,1943,2854,3168,1185,1983,4105,1388,2717,34.4,33.8,35.0
050,51,760,Virginia,Richmond city,13,232056,109912,122144,13185,6801,6384,19028,9618,9410,7201,3579,3622,26806,12201,14605,196193,91643,104550,192642,89914,102728,113121,54423,58698,80958,39575,41383,52298,24409,27889,32580,13729,18851,13185,6801,6384,10964,5587,5377,9908,4963,4945,13369,6223,7146,18794,8625,10169,27465,13081,14384,24041,11685,12356,17059,8596,8463,12393,6213,6180,11505,5579,5926,12503,5951,6552,14126,6476,7650,14164,6403,7761,11952,5376,6576,8346,3724,4622,4925,1988,2937,3220,1226,1994,4137,1415,2722,34.6,34.0,35.2
050,51,760,Virginia,Richmond city,14,232226,109948,122278,13199,6824,6375,18935,9570,9365,7191,3570,3621,26725,12115,14610,196444,91702,104742,192901,89984,102917,113328,54479,58849,81253,39721,41532,52114,24303,27811,32809,13845,18964,13199,6824,6375,10909,5564,5345,9867,4933,4934,13335,6194,7141,18740,8564,10176,27313,13017,14296,24200,11739,12461,17243,8700,8543,12497,6265,6232,11440,5530,5910,12471,5953,6518,14026,6419,7607,14177,6401,7776,12031,5408,6623,8481,3790,4691,4948,1994,2954,3233,1241,1992,4116,1412,2704,34.7,34.1,35.2
050,51,770,Virginia,Roanoke city,1,97032,46390,50642,6948,3551,3397,9891,5100,4791,4287,2236,2051,8613,4040,4573,78193,36688,41505,75906,35503,40403,39072,19263,19809,27140,13503,13637,26317,12611,13706,13836,5349,8487,6948,3551,3397,5688,2939,2749,5171,2677,2494,5509,2768,2741,6423,2992,3431,7549,3713,3836,6885,3446,3439,6361,3184,3177,6345,3160,3185,6888,3422,3466,7105,3443,3662,6704,3142,3562,5620,2604,3016,3817,1714,2103,2817,1193,1624,2441,914,1527,2298,811,1487,2463,717,1746,38.5,36.9,40.1
050,51,770,Virginia,Roanoke city,2,96910,46344,50566,6944,3551,3393,9881,5098,4783,4282,2232,2050,8609,4042,4567,78088,36646,41442,75803,35463,40340,39023,19244,19779,27099,13485,13614,26285,12598,13687,13810,5338,8472,6944,3551,3393,5680,2936,2744,5168,2677,2491,5504,2765,2739,6420,2994,3426,7540,3708,3832,6877,3441,3436,6349,3179,3170,6333,3157,3176,6876,3415,3461,7093,3437,3656,6705,3146,3559,5611,2600,3011,3807,1709,2098,2808,1187,1621,2442,914,1528,2295,811,1484,2458,717,1741,38.5,36.8,40.1
050,51,770,Virginia,Roanoke city,3,96722,46252,50470,6915,3528,3387,9874,5097,4777,4235,2202,2033,8552,4030,4522,77960,36594,41366,75698,35425,40273,38830,19162,19668,27007,13437,13570,26339,12618,13721,13800,5340,8460,6915,3528,3387,5669,2930,2739,5169,2674,2495,5416,2740,2676,6407,2985,3422,7493,3677,3816,6896,3442,3454,6276,3156,3120,6342,3162,3180,6871,3410,3461,7070,3427,3643,6724,3162,3562,5674,2619,3055,3835,1723,2112,2815,1197,1618,2423,904,1519,2265,794,1471,2462,722,1740,38.6,36.9,40.2
050,51,770,Virginia,Roanoke city,4,96791,46326,50465,7004,3598,3406,9985,5143,4842,4063,2094,1969,8416,4049,4367,77863,36600,41263,75739,35491,40248,38533,19096,19437,27031,13434,13597,26592,12710,13882,13700,5298,8402,7004,3598,3406,5736,2986,2750,5226,2638,2588,5077,2647,2430,6425,3015,3410,7548,3676,3872,7083,3535,3548,5995,3013,2982,6405,3210,3195,6758,3338,3420,7015,3415,3600,6797,3228,3569,6022,2729,3293,3907,1756,2151,2822,1213,1609,2375,877,1498,2138,741,1397,2458,711,1747,38.7,36.8,40.4
050,51,770,Virginia,Roanoke city,5,98034,46988,51046,7083,3594,3489,10304,5345,4959,4089,2071,2018,8409,4083,4326,78618,37046,41572,76558,35978,40580,38854,19195,19659,27395,13551,13844,26661,12810,13851,14093,5534,8559,7083,3594,3489,5976,3124,2852,5367,2731,2636,5027,2593,2434,6432,3051,3381,7682,3703,3979,7228,3607,3621,6012,3002,3010,6473,3239,3234,6688,3335,3353,7028,3428,3600,6923,3341,3582,6022,2706,3316,4335,1971,2364,2871,1231,1640,2337,872,1465,2066,726,1340,2484,734,1750,38.5,36.7,40.2
050,51,770,Virginia,Roanoke city,6,98884,47341,51543,7112,3599,3513,10586,5484,5102,4060,2036,2024,8453,4119,4334,79127,37240,41887,77126,36222,40904,39053,19189,19864,27570,13552,14018,26759,12896,13863,14344,5655,8689,7112,3599,3513,6257,3239,3018,5359,2763,2596,4929,2520,2409,6554,3117,3437,7782,3738,4044,7318,3643,3675,6103,3036,3067,6367,3135,3232,6618,3344,3274,6980,3396,3584,6957,3340,3617,6204,2816,3388,4620,2095,2525,3029,1282,1747,2264,865,1399,1968,692,1276,2463,721,1742,38.3,36.6,40.0
050,51,770,Virginia,Roanoke city,7,99475,47711,51764,6967,3569,3398,10816,5565,5251,4120,2076,2044,8276,4086,4190,79585,37489,42096,77572,36501,41071,39214,19289,19925,27905,13701,14204,26706,12877,13829,14685,5837,8848,6967,3569,3398,6402,3301,3101,5501,2838,2663,4792,2431,2361,6517,3157,3360,8028,3845,4183,7331,3676,3655,6246,3072,3174,6300,3108,3192,6483,3287,3196,6925,3346,3579,6927,3330,3597,6371,2914,3457,4930,2197,2733,3174,1376,1798,2296,902,1394,1848,648,1200,2437,714,1723,38.2,36.6,40.0
050,51,770,Virginia,Roanoke city,8,99741,47876,51865,6950,3461,3489,10869,5624,5245,4221,2134,2087,7999,3977,4022,79736,37653,42083,77701,36657,41044,39039,19315,19724,27904,13756,14148,26652,12882,13770,15146,6042,9104,6950,3461,3489,6412,3274,3138,5542,2902,2640,4878,2495,2383,6257,3064,3193,8070,3893,4177,7184,3618,3566,6581,3274,3307,6069,2971,3098,6420,3263,3157,6883,3330,3553,6956,3365,3591,6393,2924,3469,5253,2311,2942,3302,1444,1858,2342,941,1401,1830,638,1192,2419,708,1711,38.4,36.7,40.1
050,51,770,Virginia,Roanoke city,9,99383,47559,51824,6877,3443,3434,10882,5612,5270,4201,2145,2056,7734,3789,3945,79494,37424,42070,77423,36359,41064,38582,18965,19617,27681,13553,14128,26410,12799,13611,15598,6218,9380,6877,3443,3434,6436,3294,3142,5480,2840,2640,4940,2523,2417,5961,2889,3072,8167,3942,4225,7118,3567,3551,6598,3256,3342,5798,2788,3010,6352,3207,3145,6722,3301,3421,6906,3301,3605,6430,2990,3440,5599,2398,3201,3434,1539,1895,2349,965,1384,1811,628,1183,2405,688,1717,38.5,36.9,40.2
050,51,770,Virginia,Roanoke city,10,98989,47198,51791,6627,3353,3274,11018,5629,5389,4281,2211,2070,7495,3708,3787,79236,37130,42106,77063,36005,41058,38305,18718,19587,27576,13346,14230,26054,12604,13450,15938,6347,9591,6627,3353,3274,6362,3239,3123,5703,2937,2766,5022,2582,2440,5707,2790,2917,8152,3852,4300,7245,3588,3657,6457,3167,3290,5722,2739,2983,6247,3068,3179,6508,3234,3274,6875,3265,3610,6424,3037,3387,5570,2363,3207,3847,1715,2132,2413,982,1431,1748,601,1147,2360,686,1674,38.6,37.0,40.2
050,51,770,Virginia,Roanoke city,11,98964,47257,51707,6517,3247,3270,11034,5640,5394,4270,2177,2093,7364,3655,3709,79302,37279,42023,77143,36193,40950,38376,18847,19529,27821,13576,14245,25644,12422,13222,16314,6540,9774,6517,3247,3270,6233,3161,3072,5880,3040,2840,5020,2622,2398,5535,2649,2886,8234,3930,4304,7276,3629,3647,6508,3210,3298,5803,2807,2996,6171,2996,3175,6311,3209,3102,6746,3200,3546,6416,3017,3399,5647,2420,3227,4076,1809,2267,2582,1035,1547,1709,598,1111,2300,678,1622,38.7,37.1,40.2
050,51,770,Virginia,Roanoke city,12,99216,47113,52103,6501,3200,3301,11144,5611,5533,4377,2229,2148,7415,3658,3757,79361,37169,42192,77194,36073,41121,38606,18883,19723,27923,13560,14363,25150,12103,13047,16706,6752,9954,6501,3200,3301,6258,3148,3110,5995,3027,2968,5203,2704,2499,5480,2619,2861,8067,3917,4150,7493,3641,3852,6493,3240,3253,5870,2762,3108,6060,2943,3117,6101,3078,3023,6603,3125,3478,6386,2957,3429,5710,2510,3200,4379,1912,2467,2686,1090,1596,1758,620,1138,2173,620,1553,38.6,37.0,40.1
050,51,770,Virginia,Roanoke city,13,99138,47061,52077,6460,3221,3239,11142,5597,5545,4388,2243,2145,7424,3702,3722,79329,37113,42216,77148,36000,41148,38653,18869,19784,27975,13505,14470,24756,11910,12846,16993,6883,10110,6460,3221,3239,6299,3158,3141,5977,3020,2957,5172,2682,2490,5506,2682,2824,8027,3860,4167,7486,3639,3847,6452,3189,3263,6010,2817,3193,5944,2881,3063,6014,2999,3015,6435,3064,3371,6363,2966,3397,5731,2536,3195,4576,1974,2602,2762,1129,1633,1772,642,1130,2152,602,1550,38.6,36.9,40.2
050,51,770,Virginia,Roanoke city,14,99058,47023,52035,6444,3226,3218,11130,5587,5543,4392,2244,2148,7416,3712,3704,79277,37082,42195,77092,35966,41126,38654,18849,19805,27989,13479,14510,24636,11855,12781,17051,6920,10131,6444,3226,3218,6304,3154,3150,5969,3019,2950,5156,2670,2486,5509,2700,2809,7997,3829,4168,7485,3641,3844,6447,3176,3271,6060,2833,3227,5905,2863,3042,6003,2981,3022,6381,3050,3331,6347,2961,3386,5735,2548,3187,4629,1989,2640,2778,1140,1638,1777,651,1126,2132,592,1540,38.6,36.9,40.2
050,51,775,Virginia,Salem city,1,24802,11767,13035,1196,634,562,2487,1253,1234,1251,652,599,3377,1587,1790,20508,9561,10947,19868,9228,10640,9764,4748,5016,5438,2668,2770,6813,3233,3580,4240,1740,2500,1196,634,562,1340,657,683,1449,755,694,2119,1045,1074,2207,1035,1172,1356,694,662,1159,561,598,1401,671,730,1522,742,780,1701,827,874,1899,911,988,1679,792,887,1534,703,831,1201,563,638,936,424,512,866,354,512,625,222,403,612,177,435,40.5,38.8,42.1
050,51,775,Virginia,Salem city,2,24834,11785,13049,1197,637,560,2490,1256,1234,1251,652,599,3379,1587,1792,20536,9573,10963,19896,9240,10656,9765,4747,5018,5437,2667,2770,6835,3243,3592,4245,1743,2502,1197,637,560,1342,659,683,1450,756,694,2119,1045,1074,2209,1035,1174,1353,693,660,1159,560,599,1402,671,731,1523,743,780,1706,830,876,1904,913,991,1684,794,890,1541,706,835,1201,563,638,936,424,512,868,355,513,627,223,404,613,178,435,40.6,38.9,42.2
050,51,775,Virginia,Salem city,3,24897,11804,13093,1181,620,561,2503,1260,1243,1257,659,598,3379,1584,1795,20597,9601,10996,19956,9265,10691,9761,4742,5019,5429,2660,2769,6882,3264,3618,4266,1757,2509,1181,620,561,1341,662,679,1466,759,707,2108,1038,1070,2224,1044,1180,1339,683,656,1183,576,607,1389,660,729,1518,741,777,1701,820,881,1921,924,997,1709,809,900,1551,711,840,1207,565,642,940,424,516,864,360,504,634,229,405,621,179,442,40.7,39.1,42.2
050,51,775,Virginia,Salem city,4,25030,11921,13109,1175,620,555,2468,1270,1198,1246,668,578,3479,1624,1855,20780,9703,11077,20141,9363,10778,9817,4784,5033,5408,2662,2746,6944,3297,3647,4310,1780,2530,1175,620,555,1328,684,644,1456,756,700,2085,1028,1057,2324,1094,1230,1328,680,648,1215,610,605,1324,633,691,1541,739,802,1661,789,872,1893,918,975,1789,855,934,1601,735,866,1217,564,653,949,409,540,860,372,488,647,242,405,637,193,444,40.9,39.0,42.5
050,51,775,Virginia,Salem city,5,25190,12008,13182,1203,615,588,2462,1246,1216,1233,670,563,3379,1607,1772,20901,9804,11097,20292,9477,10815,9863,4843,5020,5560,2737,2823,6950,3315,3635,4403,1818,2585,1203,615,588,1310,669,641,1461,748,713,2026,1021,1005,2277,1085,1192,1433,714,719,1292,657,635,1259,605,654,1576,761,815,1641,802,839,1827,879,948,1841,875,966,1641,759,882,1299,601,698,979,413,566,844,371,473,652,254,398,629,179,450,41.1,39.2,42.7
050,51,775,Virginia,Salem city,6,25330,12037,13293,1186,615,571,2448,1246,1202,1242,676,566,3443,1612,1831,21096,9851,11245,20454,9500,10954,10011,4875,5136,5621,2745,2876,6908,3285,3623,4482,1858,2624,1186,615,571,1278,656,622,1465,748,717,2110,1060,1050,2280,1070,1210,1501,761,740,1342,660,682,1211,570,641,1567,754,813,1614,773,841,1768,846,922,1872,893,979,1654,773,881,1351,619,732,1022,436,586,806,344,462,659,277,382,644,182,462,41.0,39.1,42.6
050,51,775,Virginia,Salem city,7,25441,12090,13351,1196,609,587,2404,1210,1194,1244,654,590,3431,1618,1813,21236,9968,11268,20597,9617,10980,10058,4938,5120,5691,2818,2873,6899,3276,3623,4576,1905,2671,1196,609,587,1271,643,628,1441,719,722,2151,1072,1079,2216,1048,1168,1579,820,759,1353,677,676,1241,592,649,1518,729,789,1612,769,843,1752,835,917,1875,901,974,1660,771,889,1418,649,769,1042,455,587,794,333,461,679,283,396,643,185,458,41.1,38.8,42.7
050,51,775,Virginia,Salem city,8,25378,12081,13297,1223,629,594,2418,1236,1182,1191,596,595,3265,1542,1723,21138,9926,11212,20546,9620,10926,9887,4846,5041,5725,2847,2878,6897,3277,3620,4659,1954,2705,1223,629,594,1285,667,618,1427,708,719,2103,1028,1075,2059,971,1088,1619,824,795,1386,710,676,1294,647,647,1426,666,760,1617,773,844,1717,827,890,1852,884,968,1711,793,918,1492,684,808,1053,467,586,795,337,458,674,272,402,645,194,451,41.2,38.8,43.1
050,51,775,Virginia,Salem city,9,25268,12042,13226,1186,603,583,2409,1243,1166,1204,595,609,3200,1516,1684,21073,9899,11174,20469,9601,10868,9826,4828,4998,5726,2874,2852,6847,3248,3599,4696,1963,2733,1186,603,583,1243,650,593,1470,750,720,2092,995,1097,2008,959,1049,1600,821,779,1382,696,686,1359,688,671,1385,669,716,1616,777,839,1667,787,880,1794,876,918,1770,808,962,1525,689,836,1075,479,596,810,328,482,640,275,365,646,192,454,41.1,38.8,43.2
050,51,775,Virginia,Salem city,10,25362,12087,13275,1182,602,580,2431,1257,1174,1254,593,661,3200,1532,1668,21113,9921,11192,20495,9635,10860,9884,4881,5003,5746,2902,2844,6793,3218,3575,4756,1983,2773,1182,602,580,1323,674,649,1424,729,695,2107,980,1127,2031,999,1032,1618,852,766,1372,693,679,1421,728,693,1335,629,706,1651,812,839,1635,770,865,1721,818,903,1786,818,968,1522,675,847,1149,523,626,830,327,503,607,265,342,648,193,455,40.8,38.4,42.9
050,51,775,Virginia,Salem city,11,25271,12006,13265,1129,580,549,2406,1254,1152,1257,611,646,3243,1543,1700,21116,9858,11258,20479,9561,10918,9875,4818,5057,5668,2822,2846,6710,3178,3532,4858,2018,2840,1129,580,549,1320,678,642,1379,734,645,2141,982,1159,2066,1014,1052,1533,758,775,1412,730,682,1467,742,725,1256,592,664,1644,800,844,1613,765,848,1697,808,889,1756,805,951,1530,675,855,1214,535,679,877,364,513,585,240,345,652,204,448,40.8,38.6,43.1
050,51,775,Virginia,Salem city,12,25209,12010,13199,1090,545,545,2377,1254,1123,1227,623,604,3223,1504,1719,21167,9901,11266,20515,9588,10927,9890,4834,5056,5721,2856,2865,6669,3201,3468,4902,2027,2875,1090,545,545,1294,670,624,1364,733,631,2139,995,1144,2030,983,1047,1492,750,742,1422,728,694,1500,742,758,1307,636,671,1572,760,812,1586,775,811,1711,827,884,1800,839,961,1497,649,848,1274,560,714,895,379,516,609,243,366,627,196,431,41.0,39.1,43.1
050,51,775,Virginia,Salem city,13,25306,12047,13259,1111,558,553,2385,1244,1141,1235,627,608,3290,1532,1758,21207,9921,11286,20575,9618,10957,9938,4857,5081,5710,2858,2852,6592,3144,3448,4983,2084,2899,1111,558,553,1299,662,637,1383,742,641,2148,1001,1147,2080,998,1082,1429,739,690,1446,709,737,1507,757,750,1328,653,675,1510,717,793,1590,777,813,1700,816,884,1792,834,958,1513,671,842,1308,569,739,918,393,525,607,252,355,637,199,438,40.9,39.1,42.9
050,51,775,Virginia,Salem city,14,25340,12065,13275,1117,562,555,2387,1238,1149,1241,630,611,3310,1539,1771,21221,9934,11287,20595,9635,10960,9962,4873,5089,5714,2868,2846,6573,3132,3441,4998,2096,2902,1117,562,555,1300,660,640,1390,742,648,2155,1005,1150,2093,1000,1093,1407,735,672,1453,703,750,1517,770,747,1337,660,677,1492,704,788,1598,782,816,1696,816,880,1787,830,957,1514,675,839,1319,571,748,923,396,527,605,255,350,637,199,438,40.8,39.1,42.7
050,51,790,Virginia,Staunton city,1,23746,10747,12999,1348,716,632,2209,1097,1112,1058,511,547,2291,797,1494,19711,8686,11025,19131,8423,10708,8859,3973,4886,5729,2775,2954,6421,3007,3414,4690,1844,2846,1348,716,632,1238,625,613,1190,582,608,1569,641,928,1561,557,1004,1567,750,817,1460,712,748,1314,640,674,1388,673,715,1611,780,831,1648,779,869,1632,744,888,1530,704,826,1279,564,715,1041,442,599,892,357,535,765,283,482,713,198,515,42.2,41.1,43.4
050,51,790,Virginia,Staunton city,2,23745,10747,12998,1348,716,632,2209,1097,1112,1058,511,547,2291,797,1494,19710,8686,11024,19130,8423,10707,8859,3973,4886,5729,2775,2954,6420,3007,3413,4690,1844,2846,1348,716,632,1238,625,613,1190,582,608,1569,641,928,1561,557,1004,1567,750,817,1460,712,748,1314,640,674,1388,673,715,1610,780,830,1648,779,869,1633,745,888,1529,703,826,1279,564,715,1041,442,599,892,357,535,765,283,482,713,198,515,42.2,41.1,43.4
050,51,790,Virginia,Staunton city,3,23738,10757,12981,1354,718,636,2211,1105,1106,1047,503,544,2301,801,1500,19704,8695,11009,19126,8431,10695,8862,3975,4887,5733,2779,2954,6433,3022,3411,4659,1829,2830,1354,718,636,1237,627,610,1193,586,607,1551,630,921,1578,566,1012,1561,743,818,1478,721,757,1304,637,667,1390,678,712,1608,788,820,1649,780,869,1630,735,895,1546,719,827,1273,560,713,1039,445,594,882,349,533,757,278,479,708,197,511,42.2,41.0,43.3
050,51,790,Virginia,Staunton city,4,24023,10742,13281,1357,739,618,2220,1123,1097,1005,462,543,2604,801,1803,20018,8671,11347,19441,8418,11023,9129,3918,5211,5737,2758,2979,6429,3025,3404,4671,1834,2837,1357,739,618,1260,640,620,1177,586,591,1626,582,1044,1766,578,1188,1548,722,826,1511,736,775,1266,604,662,1412,696,716,1515,753,762,1672,781,891,1623,715,908,1619,776,843,1283,564,719,1025,437,588,872,342,530,756,281,475,735,210,525,41.7,41.2,42.3
050,51,790,Virginia,Staunton city,5,23808,10766,13042,1337,715,622,2182,1145,1037,964,447,517,2364,808,1556,19856,8705,11151,19325,8459,10866,8930,3954,4976,5826,2806,3020,6387,2968,3419,4748,1877,2871,1337,715,622,1251,678,573,1155,574,581,1433,542,891,1671,606,1065,1544,707,837,1533,745,788,1332,648,684,1417,706,711,1485,722,763,1668,779,889,1649,727,922,1585,740,845,1386,617,769,1031,443,588,873,353,520,722,259,463,736,205,531,42.4,41.3,43.5
050,51,790,Virginia,Staunton city,6,24100,10791,13309,1267,681,586,2224,1153,1071,941,419,522,2589,811,1778,20171,8741,11430,19668,8538,11130,9164,3926,5238,5845,2800,3045,6422,2980,3442,4812,1947,2865,1267,681,586,1282,666,616,1153,591,562,1502,510,992,1817,616,1201,1530,682,848,1602,776,826,1346,672,674,1367,670,697,1461,705,756,1659,777,882,1677,756,921,1625,742,883,1429,654,775,1086,477,609,859,358,501,688,240,448,750,218,532,42.2,41.7,42.6
050,51,790,Virginia,Staunton city,7,24287,10881,13406,1296,683,613,2219,1146,1073,983,449,534,2525,780,1745,20319,8823,11496,19789,8603,11186,9221,3947,5274,5961,2847,3114,6363,2970,3393,4940,2006,2934,1296,683,613,1290,653,637,1177,622,555,1469,503,966,1791,597,1194,1569,689,880,1617,805,812,1410,684,726,1365,669,696,1430,679,751,1628,800,828,1651,727,924,1654,764,890,1514,693,821,1157,500,657,839,349,490,677,238,439,753,226,527,42.0,41.7,42.3
050,51,790,Virginia,Staunton city,8,24192,10988,13204,1374,703,671,2189,1140,1049,986,477,509,2247,759,1488,20170,8905,11265,19643,8668,10975,9045,3999,5046,6013,2867,3146,6421,2990,3431,4962,2052,2910,1374,703,671,1231,649,582,1159,595,564,1381,531,850,1651,601,1050,1587,701,886,1585,780,805,1479,742,737,1362,644,718,1479,697,782,1603,796,807,1685,752,933,1654,745,909,1531,727,804,1193,503,690,844,361,483,653,229,424,741,232,509,42.4,41.5,43.1
050,51,790,Virginia,Staunton city,9,24218,11043,13175,1424,729,695,2180,1144,1036,931,438,493,2128,749,1379,20193,8960,11233,19683,8732,10951,8998,4008,4990,6158,2931,3227,6393,2951,3442,5004,2101,2903,1424,729,695,1198,623,575,1201,631,570,1259,496,763,1581,581,1000,1625,736,889,1653,805,848,1508,730,778,1372,660,712,1480,705,775,1571,783,788,1705,768,937,1637,695,942,1600,767,833,1185,507,678,842,363,479,649,237,412,728,227,501,42.4,41.3,43.4
050,51,790,Virginia,Staunton city,10,24395,11169,13226,1372,701,671,2238,1201,1037,988,482,506,1991,694,1297,20325,9027,11298,19797,8785,11012,9117,4089,5028,6376,3039,3337,6313,2918,3395,5117,2134,2983,1372,701,671,1247,659,588,1229,668,561,1285,523,762,1456,527,929,1733,813,920,1667,795,872,1557,747,810,1419,684,735,1446,698,748,1521,740,781,1688,762,926,1658,718,940,1583,736,847,1321,588,733,845,359,486,652,237,415,716,214,502,42.2,41.1,43.5
050,51,790,Virginia,Staunton city,11,24583,11292,13291,1413,719,694,2242,1182,1060,969,488,481,1917,722,1195,20444,9125,11319,19959,8903,11056,9157,4188,4969,6516,3113,3403,6333,2901,3432,5193,2167,3026,1413,719,694,1235,634,601,1252,683,569,1264,548,716,1377,527,850,1800,830,970,1639,779,860,1661,804,857,1416,700,716,1445,676,769,1547,743,804,1673,770,903,1668,712,956,1610,742,868,1332,594,738,907,379,528,634,240,394,710,212,498,42.2,40.8,43.6
050,51,790,Virginia,Staunton city,12,24916,11461,13455,1449,732,717,2281,1188,1093,1026,528,498,1957,740,1217,20693,9272,11421,20160,9013,11147,9342,4290,5052,6601,3155,3446,6320,2915,3405,5282,2203,3079,1449,732,717,1268,650,618,1255,671,584,1328,581,747,1413,554,859,1779,810,969,1675,808,867,1661,828,833,1486,709,777,1453,705,748,1521,719,802,1685,783,902,1661,708,953,1623,751,872,1381,604,777,966,400,566,618,230,388,694,218,476,42.1,40.7,43.3
050,51,790,Virginia,Staunton city,13,25120,11609,13511,1469,745,724,2282,1177,1105,1052,566,486,1966,746,1220,20866,9411,11455,20317,9121,11196,9487,4394,5093,6727,3224,3503,6255,2914,3341,5369,2237,3132,1469,745,724,1300,647,653,1240,672,568,1317,606,711,1443,564,879,1808,831,977,1713,828,885,1671,830,841,1535,735,800,1422,690,732,1515,731,784,1664,779,885,1654,714,940,1638,728,910,1410,637,773,1006,416,590,616,239,377,699,217,482,41.8,40.5,43.1
050,51,790,Virginia,Staunton city,14,25190,11664,13526,1473,749,724,2285,1175,1110,1059,579,480,1968,748,1220,20925,9459,11466,20373,9161,11212,9547,4437,5110,6783,3256,3527,6240,2921,3319,5382,2236,3146,1473,749,724,1312,645,667,1236,676,560,1312,613,699,1452,568,884,1817,837,980,1732,839,893,1681,835,846,1553,745,808,1408,687,721,1522,737,785,1660,781,879,1650,716,934,1644,721,923,1411,642,769,1014,417,597,617,242,375,696,214,482,41.7,40.4,43.1
050,51,800,Virginia,Suffolk city,1,84585,40588,43997,5961,2998,2963,11102,5620,5482,5074,2580,2494,6644,3347,3297,65043,30705,34338,62448,29390,33058,33207,15927,17280,22733,10645,12088,23344,11265,12079,9727,4133,5594,5961,2998,2963,6217,3156,3061,6129,3109,3020,5912,3018,2894,4562,2264,2298,4859,2268,2591,5278,2429,2849,6167,2972,3195,6429,2976,3453,7208,3453,3755,6468,3144,3324,5222,2542,2680,4446,2126,2320,3300,1515,1785,2361,1056,1305,1655,716,939,1223,463,760,1188,383,805,37.9,36.9,38.8
050,51,800,Virginia,Suffolk city,2,84606,40594,44012,5962,2997,2965,11104,5621,5483,5075,2581,2494,6645,3348,3297,65060,30711,34349,62465,29395,33070,33219,15933,17286,22743,10649,12094,23343,11262,12081,9734,4136,5598,5962,2997,2965,6217,3156,3061,6131,3110,3021,5914,3019,2895,4562,2265,2297,4862,2269,2593,5281,2429,2852,6171,2976,3195,6429,2975,3454,7211,3455,3756,6465,3141,3324,5220,2541,2679,4447,2125,2322,3302,1516,1786,2365,1058,1307,1655,716,939,1224,463,761,1188,383,805,37.9,36.9,38.8
050,51,800,Virginia,Suffolk city,3,84859,40723,44136,5947,2976,2971,11154,5661,5493,5046,2562,2484,6738,3385,3353,65278,30824,34454,62712,29524,33188,33310,15982,17328,22764,10668,12096,23443,11315,12128,9767,4156,5611,5947,2976,2971,6250,3174,3076,6142,3120,3022,5907,3009,2898,4639,2305,2334,4913,2302,2611,5317,2457,2860,6102,2934,3168,6432,2975,3457,7206,3459,3747,6486,3159,3327,5290,2563,2727,4461,2134,2327,3321,1527,1794,2369,1058,1311,1657,721,936,1227,471,756,1193,379,814,37.9,36.9,38.7
050,51,800,Virginia,Suffolk city,4,84808,40722,44086,5740,2899,2841,11182,5695,5487,4938,2513,2425,6937,3490,3447,65412,30880,34532,62948,29615,33333,32985,15855,17130,22346,10466,11880,23652,11415,12237,10013,4244,5769,5740,2899,2841,6284,3183,3101,6134,3126,3008,5803,2970,2833,4836,2419,2417,4886,2350,2536,5406,2460,2946,5642,2680,2962,6412,2976,3436,7055,3381,3674,6536,3200,3336,5478,2621,2857,4583,2213,2370,3435,1580,1855,2431,1064,1367,1689,742,947,1238,476,762,1220,382,838,38.1,37.0,39.1
050,51,800,Virginia,Suffolk city,5,85320,41053,44267,5636,2849,2787,11234,5685,5549,4849,2513,2336,7123,3618,3505,66036,31264,34772,63601,30006,33595,33079,16008,17071,22297,10502,11795,23679,11399,12280,10502,4487,6015,5636,2849,2787,6275,3142,3133,6149,3168,2981,5712,2953,2759,5070,2553,2517,5108,2461,2647,5453,2539,2914,5495,2588,2907,6241,2914,3327,6834,3225,3609,6586,3240,3346,5730,2751,2979,4529,2183,2346,3708,1737,1971,2537,1118,1419,1734,759,975,1273,479,794,1250,394,856,38.1,36.9,39.2
050,51,800,Virginia,Suffolk city,6,85832,41427,44405,5615,2856,2759,11066,5602,5464,4916,2554,2362,7122,3665,3457,66674,31679,34995,64235,30415,33820,33339,16296,17043,22557,10733,11824,23718,11375,12343,10838,4642,6196,5615,2856,2759,6140,3118,3022,6182,3140,3042,5632,2936,2696,5150,2627,2523,5311,2574,2737,5692,2679,3013,5387,2552,2835,6167,2928,3239,6498,3019,3479,6768,3293,3475,5833,2814,3019,4619,2249,2370,3810,1784,2026,2725,1200,1525,1790,788,1002,1257,480,777,1256,390,866,38.0,36.6,39.2
050,51,800,Virginia,Suffolk city,7,86976,41997,44979,5771,2976,2795,11009,5533,5476,4914,2538,2376,7194,3664,3530,67684,32189,35495,65282,30950,34332,33734,16516,17218,22889,10960,11929,23895,11468,12427,11304,4858,6446,5771,2976,2795,6108,3080,3028,6164,3099,3065,5570,2905,2665,5275,2651,2624,5491,2738,2753,5830,2730,3100,5503,2561,2942,6065,2931,3134,6222,2895,3327,6890,3332,3558,6010,2910,3100,4773,2331,2442,3992,1852,2140,2866,1278,1588,1912,829,1083,1254,496,758,1280,403,877,37.9,36.5,39.2
050,51,800,Virginia,Suffolk city,8,88190,42690,45500,5903,3040,2863,10987,5525,5462,4894,2552,2342,7299,3766,3533,68820,32831,35989,66406,31573,34833,34168,16885,17283,23193,11194,11999,24152,11509,12643,11762,5104,6658,5903,3040,2863,6062,3071,2991,6143,3081,3062,5631,2980,2651,5344,2711,2633,5701,2831,2870,6012,2892,3120,5640,2645,2995,5840,2826,3014,6132,2807,3325,6955,3357,3598,6139,2981,3158,4926,2364,2562,4173,1989,2184,2984,1333,1651,2026,864,1162,1274,503,771,1305,415,890,37.8,36.3,39.2
050,51,800,Virginia,Suffolk city,9,89360,43173,46187,5913,3031,2882,11216,5645,5571,4926,2527,2399,7138,3642,3496,69806,33263,36543,67305,31970,35335,34304,16874,17430,23457,11338,12119,24514,11674,12840,12196,5316,6880,5913,3031,2882,6174,3148,3026,6259,3130,3129,5631,2923,2708,5216,2613,2603,5805,2883,2922,6152,2993,3159,5910,2762,3148,5590,2700,2890,6209,2862,3347,6835,3289,3546,6258,3086,3172,5212,2437,2775,4327,2077,2250,3092,1401,1691,2092,885,1207,1329,543,786,1356,410,946,37.9,36.5,39.2
050,51,800,Virginia,Suffolk city,10,90228,43677,46551,5936,3087,2849,11132,5670,5462,4855,2468,2387,7143,3654,3489,70757,33712,37045,68305,32452,35853,34534,17007,17527,23788,11489,12299,24728,11802,12926,12646,5507,7139,5936,3087,2849,6150,3132,3018,6234,3142,3092,5541,2879,2662,5205,2639,2566,5981,2956,3025,6263,3065,3198,6088,2881,3207,5456,2587,2869,6172,2889,3283,6656,3121,3535,6456,3187,3269,5444,2605,2839,4269,2015,2254,3401,1564,1837,2205,936,1269,1362,559,803,1409,433,976,38.1,36.6,39.4
050,51,800,Virginia,Suffolk city,11,91135,44106,47029,6050,3119,2931,11054,5702,5352,4828,2397,2431,7133,3666,3467,71577,34072,37505,69203,32888,36315,34742,17054,17688,23999,11590,12409,24886,11845,13041,13185,5787,7398,6050,3119,2931,6064,3144,2920,6208,3157,3051,5602,2843,2759,5141,2621,2520,5984,2886,3098,6357,3108,3249,6323,3054,3269,5335,2542,2793,6148,2885,3263,6402,2985,3417,6721,3276,3445,5615,2699,2916,4398,2099,2299,3530,1626,1904,2408,1022,1386,1436,596,840,1413,444,969,38.3,36.9,39.6
050,51,800,Virginia,Suffolk city,12,92277,44767,47510,5986,3061,2925,11119,5743,5376,4878,2481,2397,7152,3698,3454,72676,34693,37983,70294,33482,36812,35232,17384,17848,24449,11853,12596,24992,11924,13068,13701,6007,7694,5986,3061,2925,6167,3185,2982,6199,3206,2993,5644,2883,2761,5139,2648,2491,6066,2933,3133,6489,3203,3286,6415,3129,3286,5479,2588,2891,6144,2952,3192,6198,2871,3327,6817,3307,3510,5833,2794,3039,4498,2140,2358,3702,1675,2027,2514,1090,1424,1529,618,911,1458,484,974,38.5,37.1,39.8
050,51,800,Virginia,Suffolk city,13,93537,45336,48201,5977,3057,2920,11285,5791,5494,4921,2511,2410,7242,3743,3499,73793,35200,38593,71354,33977,37377,35917,17729,18188,24993,12129,12864,24927,11875,13052,14192,6230,7962,5977,3057,2920,6284,3229,3055,6240,3216,3024,5645,2869,2776,5279,2731,2548,6103,2974,3129,6724,3287,3437,6516,3199,3317,5650,2669,2981,5946,2869,3077,6151,2814,3337,6885,3335,3550,5945,2857,3088,4632,2172,2460,3830,1769,2061,2618,1138,1480,1603,646,957,1509,505,1004,38.5,37.1,39.8
050,51,800,Virginia,Suffolk city,14,93913,45499,48414,5980,3054,2926,11322,5799,5523,4939,2522,2417,7262,3754,3508,74132,35354,38778,71672,34124,37548,36141,17840,18301,25175,12218,12957,24913,11865,13048,14322,6287,8035,5980,3054,2926,6314,3240,3074,6243,3213,3030,5645,2864,2781,5321,2758,2563,6111,2984,3127,6801,3313,3488,6559,3225,3334,5704,2696,3008,5888,2848,3040,6150,2802,3348,6908,3347,3561,5967,2868,3099,4675,2182,2493,3862,1793,2069,2640,1147,1493,1629,657,972,1516,508,1008,38.5,37.2,39.8
050,51,810,Virginia,Virginia Beach city,1,437994,214441,223553,29225,14929,14296,51518,26290,25228,24506,12536,11970,46955,24847,22108,345243,167151,178092,332745,160686,172059,192505,97593,94912,126984,63232,63752,112371,53051,59320,46435,19556,26879,29225,14929,14296,28421,14526,13895,29037,14786,14251,30380,15774,14606,35141,18587,16554,36863,18763,18100,30665,15469,15196,29108,14332,14776,30348,14668,15680,33627,16091,17536,31241,15017,16224,25781,11938,13843,21722,10005,11717,15113,6856,8257,10803,4820,5983,8544,3523,5021,6345,2545,3800,5630,1812,3818,34.9,33.1,36.7
050,51,810,Virginia,Virginia Beach city,2,437885,214398,223487,29213,14925,14288,51497,26277,25220,24496,12533,11963,46946,24840,22106,345172,167127,178045,332679,160663,172016,192457,97579,94878,126952,63226,63726,112351,53042,59309,46430,19555,26875,29213,14925,14288,28409,14517,13892,29025,14780,14245,30371,15772,14599,35134,18581,16553,36850,18761,18089,30659,15469,15190,29101,14329,14772,30342,14667,15675,33617,16086,17531,31236,15015,16221,25779,11939,13840,21719,10002,11717,15112,6856,8256,10802,4820,5982,8542,3522,5020,6344,2545,3799,5630,1812,3818,34.9,33.1,36.7
050,51,810,Virginia,Virginia Beach city,3,438864,214995,223869,29181,14898,14283,51516,26288,25228,24316,12418,11898,47033,24904,22129,346274,167786,178488,333851,161391,172460,192812,97891,94921,127332,63556,63776,112728,53235,59493,46758,19696,27062,29181,14898,14283,28394,14503,13891,28991,14772,14219,30273,15735,14538,35207,18600,16607,37130,18920,18210,30993,15677,15316,28918,14316,14602,30291,14643,15648,33454,16009,17445,31383,15109,16274,25979,12028,13951,21912,10089,11823,15256,6918,8338,10881,4863,6018,8553,3521,5032,6379,2558,3821,5689,1836,3853,34.9,33.1,36.7
050,51,810,Virginia,Virginia Beach city,4,442654,216950,225704,29631,15201,14430,51513,26296,25217,23634,12002,11632,47163,24925,22238,349950,169565,180385,337876,163451,174425,193881,98425,95456,128804,64414,64390,113743,53754,59989,48166,20358,27808,29631,15201,14430,28523,14504,14019,28710,14708,14002,29312,15233,14079,35765,18778,16987,38098,19479,18619,32475,16396,16079,28113,14039,14074,30118,14500,15618,32420,15483,16937,31910,15441,16469,26664,12393,14271,22749,10437,12312,15771,7164,8607,11311,5071,6240,8615,3564,5051,6542,2622,3920,5927,1937,3990,34.8,33.1,36.7
050,51,810,Virginia,Virginia Beach city,5,445189,218501,226688,29582,15329,14253,51152,26109,25043,23157,11707,11450,46577,24460,22117,353067,171281,181786,341298,165356,175942,194411,98894,95517,130413,65635,64778,113563,53709,59854,50745,21552,29193,29582,15329,14253,28493,14497,13996,28395,14520,13875,28497,14701,13796,35501,18558,16943,38605,19888,18717,33600,17024,16576,28362,14233,14129,29846,14490,15356,31326,14945,16381,32137,15547,16590,27488,12862,14626,22612,10355,12257,17278,7868,9410,11865,5287,6578,8778,3666,5112,6634,2693,3941,6190,2038,4152,35.0,33.4,36.8
050,51,810,Virginia,Virginia Beach city,6,447922,220194,227728,29360,15231,14129,51122,26101,25021,22731,11535,11196,46604,24600,22004,356092,173077,183015,344709,167327,177382,195265,99709,95556,131600,66480,65120,113468,53626,59842,53037,22621,30416,29360,15231,14129,28635,14580,14055,28157,14427,13730,27979,14368,13611,35686,18861,16825,38969,20280,18689,34452,17361,17091,28745,14468,14277,29434,14371,15063,30406,14525,15881,32077,15441,16636,28023,13134,14889,22962,10526,12436,18169,8287,9882,12803,5696,7107,8971,3805,5166,6671,2695,3976,6423,2138,4285,35.1,33.5,36.9
050,51,810,Virginia,Virginia Beach city,7,449139,220742,228397,29362,15253,14109,50599,25781,24818,22568,11511,11057,45665,24220,21445,357778,173821,183957,346610,168197,178413,194852,99630,95222,132364,66888,65476,113370,53497,59873,55211,23592,31619,29362,15253,14109,28258,14433,13825,28086,14337,13749,27467,14188,13279,35021,18554,16467,39241,20346,18895,35340,17770,17570,29199,14758,14441,28584,14014,14570,29337,13986,15351,32070,15324,16746,28549,13469,15080,23414,10718,12696,19076,8702,10374,13439,5964,7475,9237,3953,5284,6807,2715,4092,6652,2258,4394,35.3,33.7,37.1
050,51,810,Virginia,Virginia Beach city,8,450635,221643,228992,29298,15017,14281,50121,25561,24560,22473,11536,10937,45173,24088,21085,359959,175221,184738,348743,169529,179214,194917,100042,94875,132852,67288,65564,113438,53650,59788,57280,24503,32777,29298,15017,14281,27966,14301,13665,27736,14130,13606,27283,14262,13021,34782,18492,16290,39376,20438,18938,35706,17990,17716,30030,15142,14888,27740,13718,14022,28832,13779,15053,31477,14986,16491,29125,13849,15276,24004,11036,12968,19983,9090,10893,13937,6154,7783,9577,4132,5445,6804,2700,4104,6979,2427,4552,35.5,33.9,37.2
050,51,810,Virginia,Virginia Beach city,9,451510,222032,229478,29287,14953,14334,50084,25504,24580,22142,11399,10743,44128,23736,20392,361192,175956,185236,349997,170176,179821,193886,99811,94075,133006,67431,65575,113339,53499,59840,59524,25510,34014,29287,14953,14334,27679,14195,13484,27795,14064,13731,27030,14158,12872,33850,18222,15628,39072,20146,18926,36024,18324,17700,31028,15641,15387,26882,13320,13562,28493,13550,14943,30491,14446,16045,29654,14082,15572,24701,11421,13280,20875,9429,11446,14514,6460,8054,9940,4284,5656,6981,2771,4210,7214,2566,4648,35.7,34.1,37.5
050,51,810,Virginia,Virginia Beach city,10,450417,221322,229095,28565,14540,14025,49851,25538,24313,21761,11184,10577,42897,23083,19814,361355,175807,185548,350240,170060,180180,192581,99102,93479,133231,67533,65698,112357,52971,59386,61755,26473,35282,28565,14540,14025,27590,14223,13367,27569,14013,13556,26616,13931,12685,32734,17638,15096,38642,19935,18707,36154,18424,17730,31614,15822,15792,26821,13352,13469,27873,13277,14596,29271,13812,15459,29798,14152,15646,25415,11730,13685,20764,9350,11414,15959,7120,8839,10506,4515,5991,7137,2863,4274,7389,2625,4764,36.1,34.4,37.8
050,51,810,Virginia,Virginia Beach city,11,450488,221447,229041,28282,14555,13727,49616,25511,24105,21710,11054,10656,41900,22619,19281,361723,175906,185817,350880,170327,180553,191724,98663,93061,133674,67776,65898,111196,52416,58780,64110,27516,36594,28282,14555,13727,27507,14216,13291,27669,14081,13588,26388,13824,12564,31662,17063,14599,38212,19714,18498,36035,18395,17640,32499,16288,16211,26928,13379,13549,27150,12928,14222,28406,13457,14949,29766,14072,15694,25874,11959,13915,21105,9508,11597,16735,7480,9255,11329,4864,6465,7357,3002,4355,7584,2662,4922,36.4,34.7,38.2
050,51,810,Virginia,Virginia Beach city,12,450766,221240,229526,28044,14398,13646,49577,25571,24006,21606,10909,10697,40944,22056,18888,362135,175736,186399,351539,170362,181177,191312,98213,93099,134291,68039,66252,109996,51806,58190,66308,28461,37847,28044,14398,13646,27798,14392,13406,27308,13970,13338,26345,13694,12651,30676,16480,14196,37732,19539,18193,36065,18340,17725,33157,16568,16589,27337,13592,13745,26567,12738,13829,27252,12821,14431,29865,14073,15792,26312,12174,14138,21513,9695,11818,17520,7823,9697,11868,5055,6813,7583,3156,4427,7824,2732,5092,36.7,34.9,38.5
050,51,810,Virginia,Virginia Beach city,13,451340,221276,230064,27648,14158,13490,49767,25637,24130,21644,10943,10701,40396,21741,18655,362957,175903,187054,352281,170538,181743,191322,98046,93276,134782,68173,66609,109128,51461,57667,67975,29163,38812,27648,14158,13490,27949,14491,13458,27318,13957,13361,26219,13567,12652,30321,16306,14015,37137,19210,17927,36381,18524,17857,33301,16607,16694,27963,13832,14131,25941,12492,13449,26953,12693,14260,29535,13822,15713,26699,12454,14245,22008,9931,12077,18046,8006,10040,12176,5173,7003,7780,3263,4517,7965,2790,5175,36.9,35.1,38.6
050,51,810,Virginia,Virginia Beach city,14,451231,221143,230088,27508,14068,13440,49766,25628,24138,21674,10964,10710,40155,21606,18549,362982,175844,187138,352283,170483,181800,191266,97963,93303,134938,68216,66722,108843,51344,57499,68347,29317,39030,27508,14068,13440,27958,14501,13457,27309,13950,13359,26152,13513,12639,30176,16234,13942,36895,19084,17811,36484,18577,17907,33387,16647,16740,28172,13908,14264,25736,12414,13322,26902,12668,14234,29417,13743,15674,26788,12519,14269,22158,10005,12153,18166,8039,10127,12231,5191,7040,7837,3294,4543,7955,2788,5167,36.9,35.2,38.7
050,51,820,Virginia,Waynesboro city,1,21006,10006,11000,1535,830,705,2413,1246,1167,948,495,453,1740,848,892,16616,7695,8921,16110,7435,8675,7886,3852,4034,5416,2625,2791,5387,2493,2894,3567,1469,2098,1535,830,705,1423,756,667,1208,606,602,1232,650,582,1238,577,661,1571,753,818,1388,664,724,1239,605,634,1218,603,615,1460,682,778,1468,675,793,1226,568,658,1233,568,665,993,448,545,816,346,470,674,288,386,555,226,329,529,161,368,38.8,36.5,40.8
050,51,820,Virginia,Waynesboro city,2,20994,9998,10996,1536,831,705,2411,1245,1166,944,493,451,1740,848,892,16607,7689,8918,16103,7429,8674,7886,3851,4035,5418,2624,2794,5379,2490,2889,3566,1467,2099,1536,831,705,1422,756,666,1205,603,602,1230,650,580,1238,577,661,1576,755,821,1388,663,725,1237,604,633,1217,602,615,1457,681,776,1468,675,793,1223,567,656,1231,567,664,994,448,546,815,346,469,672,286,386,556,226,330,529,161,368,38.8,36.5,40.8
050,51,820,Virginia,Waynesboro city,3,20989,9982,11007,1522,825,697,2410,1244,1166,944,492,452,1735,843,892,16615,7682,8933,16113,7421,8692,7895,3843,4052,5436,2622,2814,5383,2493,2890,3559,1463,2096,1522,825,697,1420,752,668,1210,606,604,1210,639,571,1249,582,667,1572,750,822,1401,662,739,1237,613,624,1226,597,629,1444,676,768,1470,674,796,1231,570,661,1238,573,665,989,441,548,818,349,469,666,283,383,553,227,326,533,163,370,38.8,36.5,40.8
050,51,820,Virginia,Waynesboro city,4,21099,10031,11068,1511,798,713,2497,1310,1187,945,484,461,1711,841,870,16627,7696,8931,16146,7439,8707,7844,3803,4041,5433,2594,2839,5432,2540,2892,3570,1464,2106,1511,798,713,1458,774,684,1284,652,632,1130,601,529,1281,608,673,1512,718,794,1462,662,800,1194,619,575,1265,595,670,1412,665,747,1479,691,788,1268,592,676,1273,592,681,976,422,554,851,370,481,659,272,387,539,223,316,545,177,368,38.9,36.5,40.9
050,51,820,Virginia,Waynesboro city,5,21065,9976,11089,1484,778,706,2462,1279,1183,940,462,478,1715,855,860,16623,7694,8929,16179,7457,8722,7789,3795,3994,5388,2588,2800,5409,2515,2894,3667,1499,2168,1484,778,706,1443,753,690,1273,636,637,1105,578,527,1296,629,667,1456,699,757,1472,672,800,1197,627,570,1263,590,673,1357,621,736,1498,700,798,1317,625,692,1237,569,668,1066,467,599,880,374,506,647,264,383,527,203,324,547,191,356,39.1,36.7,41.4
050,51,820,Virginia,Waynesboro city,6,21164,10025,11139,1421,742,679,2517,1338,1179,1004,481,523,1680,832,848,16700,7697,9003,16222,7464,8758,7824,3776,4048,5410,2598,2812,5362,2490,2872,3770,1544,2226,1421,742,679,1470,790,680,1317,683,634,1114,553,561,1300,625,675,1445,705,740,1488,684,804,1220,613,607,1257,596,661,1301,610,691,1449,685,764,1404,647,757,1208,548,660,1089,474,615,930,393,537,662,266,396,518,200,318,571,211,360,39.1,36.9,41.7
050,51,820,Virginia,Waynesboro city,7,21303,10136,11167,1441,755,686,2494,1308,1186,984,486,498,1674,834,840,16874,7815,9059,16384,7587,8797,7916,3832,4084,5489,2644,2845,5375,2504,2871,3846,1605,2241,1441,755,686,1436,768,668,1289,672,617,1119,543,576,1308,645,663,1458,695,763,1518,737,781,1268,606,662,1245,606,639,1232,587,645,1490,705,785,1450,686,764,1203,526,677,1128,513,615,959,417,542,675,271,404,525,210,315,559,194,365,39.2,37.2,41.5
050,51,820,Virginia,Waynesboro city,8,21543,10239,11304,1451,746,705,2531,1324,1207,1004,508,496,1684,847,837,17071,7906,9165,16557,7661,8896,8069,3919,4150,5633,2691,2942,5343,2510,2833,3897,1613,2284,1451,746,705,1464,766,698,1319,685,634,1146,578,568,1290,650,640,1481,697,784,1576,774,802,1331,607,724,1245,613,632,1222,582,640,1452,696,756,1459,687,772,1210,545,665,1189,529,660,937,401,536,718,290,428,516,202,314,537,191,346,38.9,36.8,40.8
050,51,820,Virginia,Waynesboro city,9,21759,10387,11372,1426,731,695,2572,1374,1198,1001,513,488,1641,795,846,17266,8040,9226,16760,7769,8991,8201,3990,4211,5802,2800,3002,5390,2544,2846,3927,1630,2297,1426,731,695,1495,800,695,1320,692,628,1163,585,578,1236,605,631,1579,758,821,1589,801,788,1372,620,752,1262,621,641,1250,601,649,1397,666,731,1498,706,792,1245,571,674,1209,549,660,924,384,540,756,318,438,510,203,307,528,176,352,38.8,36.7,40.7
050,51,820,Virginia,Waynesboro city,10,22196,10636,11560,1479,767,712,2634,1385,1249,1026,534,492,1710,822,888,17575,8233,9342,17057,7950,9107,8413,4114,4299,5944,2891,3053,5456,2590,2866,3947,1647,2300,1479,767,712,1491,790,701,1410,728,682,1193,611,582,1276,612,664,1598,766,832,1618,824,794,1447,660,787,1281,641,640,1274,628,646,1367,644,723,1493,708,785,1322,610,712,1159,528,631,997,413,584,760,320,440,489,206,283,542,180,362,38.4,36.4,40.2
050,51,820,Virginia,Waynesboro city,11,22390,10674,11716,1494,746,748,2658,1380,1278,1031,509,522,1670,801,869,17718,8290,9428,17207,8039,9168,8481,4126,4355,6056,2951,3105,5487,2617,2870,3994,1670,2324,1494,746,748,1479,759,720,1455,756,699,1173,606,567,1252,569,683,1653,806,847,1547,775,772,1562,738,824,1294,632,662,1267,616,651,1330,650,680,1508,712,796,1382,639,743,1146,504,642,1007,431,576,786,334,452,510,211,299,545,190,355,38.6,36.9,40.0
050,51,820,Virginia,Waynesboro city,12,22416,10702,11714,1449,705,744,2648,1388,1260,1083,538,545,1662,780,882,17735,8320,9415,17236,8071,9165,8531,4139,4392,6087,2976,3111,5456,2630,2826,4031,1685,2346,1449,705,744,1442,763,679,1507,780,727,1206,608,598,1238,555,683,1597,789,808,1533,777,756,1580,758,822,1377,652,725,1269,627,642,1262,627,635,1514,722,792,1411,654,757,1168,502,666,1029,442,587,776,333,443,535,218,317,523,190,333,38.8,37.2,40.2
050,51,820,Virginia,Waynesboro city,13,22621,10787,11834,1489,724,765,2609,1375,1234,1112,545,567,1670,776,894,17939,8404,9535,17411,8143,9268,8639,4195,4444,6152,3014,3138,5483,2619,2864,4106,1734,2372,1489,724,765,1398,735,663,1506,780,726,1237,618,619,1250,563,687,1633,815,818,1515,765,750,1601,785,816,1403,649,754,1282,640,642,1257,602,655,1523,725,798,1421,652,769,1205,532,673,1065,466,599,773,323,450,547,223,324,516,190,326,38.9,37.3,40.4
050,51,820,Virginia,Waynesboro city,14,22741,10854,11887,1508,733,775,2598,1373,1225,1129,551,578,1678,778,900,18045,8463,9582,17506,8197,9309,8705,4239,4466,6195,3047,3148,5506,2621,2885,4127,1751,2376,1508,733,775,1386,729,657,1509,781,728,1250,623,627,1260,569,691,1648,826,822,1512,763,749,1621,804,817,1414,654,760,1293,647,646,1267,598,669,1521,723,798,1425,653,772,1218,540,678,1075,475,600,770,321,449,553,226,327,511,189,322,38.9,37.4,40.4
050,51,830,Virginia,Williamsburg city,1,14068,6625,7443,433,215,218,664,337,327,307,158,149,5983,2743,3240,12831,5998,6833,12664,5915,6749,8770,4160,4610,2546,1290,1256,2256,1048,1208,1879,834,1045,433,215,218,366,187,179,364,181,183,2337,1046,1291,3887,1824,2063,1024,530,494,600,300,300,449,228,221,473,232,241,500,242,258,553,247,306,549,270,279,654,289,365,597,289,308,474,211,263,378,183,195,225,93,132,205,58,147,23.8,24.0,23.6
050,51,830,Virginia,Williamsburg city,2,13679,6431,7248,428,212,216,653,328,325,300,156,144,5916,2722,3194,12461,5817,6644,12298,5735,6563,8463,4006,4457,2311,1158,1153,2202,1026,1176,1869,829,1040,428,212,216,356,178,178,361,180,181,2332,1045,1287,3820,1803,2017,899,462,437,555,273,282,410,205,205,447,218,229,482,233,249,532,240,292,539,267,272,649,286,363,592,285,307,473,211,262,375,182,193,225,93,132,204,58,146,23.4,23.6,23.1
050,51,830,Virginia,Williamsburg city,3,13706,6437,7269,433,208,225,662,336,326,298,154,144,5868,2699,3169,12474,5821,6653,12313,5739,6574,8438,3988,4450,2337,1166,1171,2224,1039,1185,1884,835,1049,433,208,225,363,183,180,364,184,180,2314,1038,1276,3787,1784,2003,908,467,441,564,275,289,412,204,208,453,220,233,479,234,245,545,243,302,544,272,272,656,290,366,595,281,314,473,213,260,380,186,194,228,95,133,208,60,148,23.6,23.8,23.3
050,51,830,Virginia,Williamsburg city,4,14095,6572,7523,505,251,254,700,350,350,310,149,161,5756,2605,3151,12750,5902,6848,12580,5822,6758,8604,4004,4600,2604,1283,1321,2307,1088,1219,1913,846,1067,505,251,254,388,194,194,378,189,189,2319,1035,1284,3681,1686,1995,1011,522,489,647,314,333,450,216,234,496,231,265,490,248,242,572,257,315,572,285,287,673,298,375,600,274,326,471,215,256,392,191,201,243,105,138,207,61,146,24.3,24.6,23.9
050,51,830,Virginia,Williamsburg city,5,14519,6719,7800,488,241,247,814,402,412,348,155,193,5649,2519,3130,13051,6003,7048,12869,5921,6948,8699,4016,4683,2792,1381,1411,2433,1133,1300,1995,888,1107,488,241,247,442,221,221,462,220,242,2367,1048,1319,3540,1587,1953,1069,554,515,705,332,373,494,230,264,524,265,259,517,249,268,628,291,337,635,302,333,653,291,362,647,304,343,495,228,267,409,194,215,242,108,134,202,54,148,24.9,25.3,24.5
050,51,830,Virginia,Williamsburg city,6,14615,6779,7836,504,255,249,843,426,417,348,151,197,5532,2449,3083,13091,6021,7070,12920,5947,6973,8691,4016,4675,2904,1459,1445,2453,1132,1321,2031,907,1124,504,255,249,472,241,231,464,228,236,2349,1045,1304,3438,1512,1926,1122,599,523,735,355,380,555,257,298,492,248,244,522,242,280,636,285,351,643,314,329,652,291,361,658,309,349,506,230,276,419,194,225,242,115,127,206,59,147,25.3,25.8,24.8
050,51,830,Virginia,Williamsburg city,7,14586,6776,7810,504,249,255,779,404,375,356,155,201,5490,2427,3063,13130,6042,7088,12947,5968,6979,8669,4006,4663,2905,1463,1442,2475,1140,1335,2077,938,1139,504,249,255,446,229,217,415,214,201,2425,1072,1353,3339,1471,1868,1139,611,528,745,376,369,516,228,288,505,248,257,533,240,293,632,283,349,662,314,348,648,303,345,663,304,359,530,244,286,434,199,235,252,127,125,198,64,134,25.6,26.1,25.1
050,51,830,Virginia,Williamsburg city,8,14815,6803,8012,505,269,236,780,390,390,382,174,208,5541,2422,3119,13352,6049,7303,13148,5970,7178,8717,3955,4762,2883,1408,1475,2555,1166,1389,2169,974,1195,505,269,236,482,250,232,387,189,198,2474,1083,1391,3360,1464,1896,1094,537,557,729,369,360,576,270,306,484,232,252,557,246,311,661,304,357,693,318,375,644,298,346,681,315,366,561,252,309,424,195,229,277,137,140,226,75,151,25.8,26.2,25.4
050,51,830,Virginia,Williamsburg city,9,14894,6829,8065,554,270,284,787,395,392,365,178,187,5426,2361,3065,13390,6080,7310,13188,5986,7202,8600,3903,4697,2889,1399,1490,2565,1192,1373,2308,1034,1274,554,270,284,481,247,234,386,183,203,2440,1079,1361,3271,1425,1846,1026,517,509,792,378,414,580,280,300,491,224,267,534,242,292,623,299,324,726,328,398,682,323,359,723,325,398,583,265,318,443,205,238,312,152,160,247,87,160,26.2,26.8,25.8
050,51,830,Virginia,Williamsburg city,10,14990,6869,8121,598,294,304,780,408,372,345,161,184,5424,2358,3066,13448,6095,7353,13267,6006,7261,8528,3839,4689,2842,1358,1484,2614,1221,1393,2387,1069,1318,598,294,304,447,227,220,416,219,197,2424,1076,1348,3262,1405,1857,987,472,515,790,373,417,602,295,307,463,218,245,539,256,283,586,263,323,751,356,395,738,346,392,701,310,391,611,284,327,461,210,251,340,158,182,274,107,167,26.7,27.2,26.1
050,51,830,Virginia,Williamsburg city,11,15009,6920,8089,570,274,296,833,426,407,366,181,185,5241,2305,2936,13432,6130,7302,13240,6039,7201,8402,3817,4585,2875,1374,1501,2611,1235,1376,2513,1125,1388,570,274,296,479,244,235,434,225,209,2381,1058,1323,3146,1385,1761,971,467,504,792,389,403,627,289,338,485,229,256,509,263,246,601,258,343,745,359,386,756,355,401,741,333,408,646,303,343,473,217,256,363,167,196,290,105,185,27.5,28.1,27.0
050,51,830,Virginia,Williamsburg city,12,15019,6920,8099,515,248,267,864,423,441,333,168,165,5218,2298,2920,13490,6163,7327,13307,6081,7226,8327,3804,4523,2850,1377,1473,2606,1227,1379,2633,1179,1454,515,248,267,510,247,263,428,215,213,2358,1063,1295,3119,1364,1755,897,431,466,821,416,405,624,299,325,508,231,277,489,266,223,582,248,334,753,364,389,782,349,433,758,349,409,696,327,369,505,227,278,366,164,202,308,112,196,28.1,28.7,27.8
050,51,830,Virginia,Williamsburg city,13,15185,6977,8208,536,260,276,872,434,438,339,167,172,5212,2275,2937,13622,6204,7418,13438,6116,7322,8369,3822,4547,2901,1421,1480,2619,1213,1406,2706,1207,1499,536,260,276,512,259,253,443,216,227,2347,1049,1298,3121,1352,1769,882,433,449,844,413,431,638,319,319,537,256,281,480,246,234,594,254,340,750,355,395,795,358,437,765,351,414,723,337,386,535,242,293,367,166,201,316,111,205,28.4,28.9,28.0
050,51,830,Virginia,Williamsburg city,14,15259,7003,8256,540,261,279,873,435,438,346,172,174,5209,2267,2942,13684,6227,7457,13500,6135,7365,8394,3836,4558,2927,1439,1488,2632,1214,1418,2732,1215,1517,540,261,279,515,262,253,446,215,231,2347,1051,1296,3120,1346,1774,879,435,444,852,411,441,648,329,319,548,264,284,480,239,241,604,261,343,745,352,393,803,362,441,768,351,417,734,341,393,545,246,299,368,167,201,317,110,207,28.6,29.1,28.1
050,51,840,Virginia,Winchester city,1,26203,12898,13305,1775,957,818,2845,1467,1378,1201,620,581,3368,1672,1696,20960,10160,10800,20382,9854,10528,11245,5686,5559,6987,3539,3448,6351,3149,3202,3676,1494,2182,1775,957,818,1675,855,820,1481,757,724,1944,983,961,2314,1164,1150,2144,1075,1069,1743,880,863,1502,787,715,1598,797,801,1779,875,904,1728,873,855,1539,751,788,1305,650,655,980,438,542,786,351,435,719,297,422,644,243,401,547,165,382,35.1,33.6,36.9
050,51,840,Virginia,Winchester city,2,26223,12908,13315,1779,960,819,2849,1469,1380,1202,620,582,3368,1672,1696,20971,10165,10806,20393,9859,10534,11250,5688,5562,6992,3541,3451,6355,3151,3204,3678,1495,2183,1779,960,819,1677,856,821,1484,758,726,1944,983,961,2314,1164,1150,2145,1075,1070,1743,880,863,1504,788,716,1600,798,802,1779,875,904,1730,874,856,1539,751,788,1307,651,656,980,438,542,788,352,436,719,297,422,644,243,401,547,165,382,35.1,33.6,36.9
050,51,840,Virginia,Winchester city,3,26150,12866,13284,1769,949,820,2860,1471,1389,1195,612,583,3320,1647,1673,20913,10145,10768,20326,9834,10492,11164,5640,5524,6946,3520,3426,6400,3173,3227,3660,1494,2166,1769,949,820,1669,849,820,1488,761,727,1935,976,959,2283,1144,1139,2107,1061,1046,1748,882,866,1506,784,722,1585,793,792,1797,881,916,1738,886,852,1551,757,794,1314,649,665,984,445,539,788,350,438,708,296,412,634,238,396,546,165,381,35.3,33.8,36.9
050,51,840,Virginia,Winchester city,4,26663,13143,13520,1880,969,911,2980,1537,1443,1171,592,579,3245,1596,1649,21223,10356,10867,20632,10045,10587,11226,5664,5562,7086,3615,3471,6636,3293,3343,3665,1541,2124,1880,969,911,1710,887,823,1546,789,757,1873,943,930,2267,1106,1161,2178,1117,1061,1808,918,890,1531,792,739,1569,788,781,1860,912,948,1734,892,842,1612,797,815,1430,692,738,1041,504,537,771,338,433,686,286,400,629,240,389,538,173,365,35.2,34.1,36.5
050,51,840,Virginia,Winchester city,5,27012,13330,13682,1848,953,895,3092,1602,1490,1203,614,589,3173,1556,1617,21496,10469,11027,20869,10161,10708,11277,5670,5607,7207,3665,3542,6721,3335,3386,3768,1605,2163,1848,953,895,1758,942,816,1640,825,815,1840,919,921,2230,1086,1144,2158,1121,1037,1909,969,940,1546,800,746,1594,775,819,1819,914,905,1767,901,866,1700,838,862,1435,682,753,1139,556,583,798,348,450,679,284,395,591,223,368,561,194,367,35.4,34.1,36.8
050,51,840,Virginia,Winchester city,6,27328,13440,13888,1858,962,896,3184,1640,1544,1249,636,613,3036,1485,1551,21633,10495,11138,21037,10202,10835,11224,5652,5572,7279,3700,3579,6867,3375,3492,3855,1642,2213,1858,962,896,1861,981,880,1663,828,835,1807,906,901,2138,1046,1092,2107,1067,1040,1911,970,941,1648,865,783,1613,798,815,1772,879,893,1811,916,895,1768,860,908,1516,720,796,1184,564,620,833,366,467,706,301,405,581,230,351,551,181,370,35.8,34.8,37.0
050,51,840,Virginia,Winchester city,7,27398,13501,13897,1836,975,861,3120,1602,1518,1272,652,620,3057,1484,1573,21763,10581,11182,21170,10272,10898,11280,5684,5596,7280,3723,3557,6909,3358,3551,3924,1707,2217,1836,975,861,1729,907,822,1720,870,850,1888,938,950,2112,1023,1089,2147,1092,1055,1817,950,867,1686,858,828,1630,823,807,1697,823,874,1903,955,948,1700,814,886,1609,766,843,1251,609,642,876,382,494,701,307,394,542,215,327,554,194,360,36.2,35.0,37.5
050,51,840,Virginia,Winchester city,8,27500,13532,13968,1874,979,895,3121,1643,1478,1319,675,644,2902,1418,1484,21835,10572,11263,21186,10235,10951,11189,5642,5547,7309,3712,3597,6913,3363,3550,4062,1742,2320,1874,979,895,1752,920,832,1710,886,824,1859,942,917,2021,988,1033,2116,1033,1083,1850,982,868,1742,881,861,1601,816,785,1684,786,898,1898,959,939,1703,833,870,1628,785,843,1334,627,707,943,409,534,669,280,389,541,223,318,575,203,372,36.5,35.2,37.9
050,51,840,Virginia,Winchester city,9,27789,13651,14138,1854,973,881,3153,1653,1500,1336,678,658,2998,1488,1510,22103,10684,11419,21446,10347,11099,11288,5655,5633,7300,3669,3631,6959,3400,3559,4189,1790,2399,1854,973,881,1763,911,852,1736,922,814,1925,970,955,2063,1016,1047,2105,1011,1094,1848,964,884,1774,890,884,1573,804,769,1666,803,863,1896,932,964,1741,860,881,1656,805,851,1394,641,753,1001,458,543,659,264,395,548,226,322,587,201,386,36.7,35.3,38.1
050,51,840,Virginia,Winchester city,10,28148,13852,14296,1841,968,873,3265,1695,1570,1356,703,653,3054,1521,1533,22376,10833,11543,21686,10486,11200,11468,5783,5685,7392,3745,3647,6920,3355,3565,4320,1865,2455,1841,968,873,1806,923,883,1793,958,835,2033,1019,1014,2043,1019,1024,2148,1049,1099,1867,976,891,1806,920,886,1571,800,771,1671,776,895,1839,896,943,1747,878,869,1663,805,858,1439,652,787,1089,508,581,702,287,415,530,218,312,560,200,360,36.6,35.1,38.0
050,51,840,Virginia,Winchester city,11,27889,13665,14224,1782,901,881,3157,1646,1511,1329,679,650,2998,1500,1498,22271,10755,11516,21621,10439,11182,11300,5718,5582,7318,3715,3603,6844,3262,3582,4461,1962,2499,1782,901,881,1738,884,854,1764,938,826,2063,1041,1022,1919,962,957,2127,1053,1074,1835,932,903,1791,946,845,1565,784,781,1657,748,909,1735,844,891,1754,878,876,1698,792,906,1473,688,785,1160,547,613,723,291,432,551,228,323,554,208,346,37.1,35.6,38.6
050,51,840,Virginia,Winchester city,12,28036,13782,14254,1759,899,860,3154,1646,1508,1379,730,649,3064,1528,1536,22403,10859,11544,21744,10507,11237,11434,5793,5641,7383,3746,3637,6704,3221,3483,4593,2012,2581,1759,899,860,1761,926,835,1785,931,854,2069,1047,1022,1982,1000,982,2194,1093,1101,1844,938,906,1755,917,838,1590,798,792,1593,741,852,1697,826,871,1767,875,892,1647,779,868,1483,687,796,1222,565,657,786,327,459,549,229,320,553,204,349,36.8,35.4,38.4
050,51,840,Virginia,Winchester city,13,27781,13658,14123,1757,893,864,3054,1592,1462,1368,731,637,3025,1514,1511,22255,10791,11464,21602,10442,11160,11312,5745,5567,7281,3691,3590,6628,3194,3434,4668,2043,2625,1757,893,864,1688,878,810,1728,905,823,2096,1055,1041,1935,999,936,2133,1078,1055,1853,938,915,1689,874,815,1606,801,805,1564,750,814,1661,786,875,1764,878,886,1639,780,859,1476,685,791,1250,574,676,854,352,502,523,216,307,565,216,349,37.1,35.5,38.8
050,51,840,Virginia,Winchester city,14,27700,13627,14073,1765,897,868,3023,1577,1446,1364,731,633,3002,1504,1498,22199,10770,11429,21548,10422,11126,11265,5726,5539,7253,3676,3577,6610,3192,3418,4683,2050,2633,1765,897,868,1665,862,803,1712,900,812,2094,1052,1042,1918,998,920,2108,1071,1037,1858,940,918,1672,862,810,1615,803,812,1552,752,800,1656,776,880,1761,879,882,1641,785,856,1474,684,790,1259,577,682,874,360,514,512,211,301,564,218,346,37.2,35.5,38.9
