"","HouseholdID","PersonalNumber","PID","Month","Year","TimeID","Weight","State","TimeLost","EMP","HRSWorked","Kid1","Kid2","Kid3","Kid4","Kid5","Kid6","KidsUnder5","age1","age_group1","age2","age_group2","age3","age_group3","age4","age_group4","age5","age_group5","age6","age_group6","Education","ParentAge","Race","ChildCare","Income","NonMetro","Female","SingleFamily","WelfareorSS","WorkFromHome"
"1",3827406872420,201,"3827406872420201'",1,2020,"12020",7462.6660571,51,0,100,66,1,0,0,0,0,0,"1",5,"Preschool",-1,"No Child",-1,"No Child",-1,"No Child",-1,"No Child",-1,"No Child","No High School Diploma",27,"White",0,4518,0,1,1,0,0
"2",3827406872420,201,"3827406872420201'",2,2020,"22020",7396.5715458,51,0,100,66,1,0,0,0,0,0,"1",5,"Preschool",-1,"No Child",-1,"No Child",-1,"No Child",-1,"No Child",-1,"No Child","No High School Diploma",27,"White",0,4518,0,1,1,0,0
"3",3827406872420,201,"3827406872420201'",3,2020,"32020",7574.9996211,51,0,100,66,1,0,0,0,0,0,"1",5,"Preschool",-1,"No Child",-1,"No Child",-1,"No Child",-1,"No Child",-1,"No Child","No High School Diploma",27,"White",0,4518,0,1,1,0,0
"4",3827406872420,201,"3827406872420201'",4,2020,"42020",7575.0363083,51,0,100,66,1,0,0,0,0,0,"1",5,"Preschool",-1,"No Child",-1,"No Child",-1,"No Child",-1,"No Child",-1,"No Child","No High School Diploma",27,"White",0,4518,0,1,1,0,0
"5",3827406872420,201,"3827406872420201'",5,2020,"52020",7474.4789077,51,0,100,66,1,0,0,0,0,0,"1",5,"Preschool",-1,"No Child",-1,"No Child",-1,"No Child",-1,"No Child",-1,"No Child","No High School Diploma",27,"White",0,4518,0,1,1,0,0
"6",3827406872420,201,"3827406872420201'",6,2020,"62020",7645.4482396,51,0,100,66,1,0,0,0,0,0,"1",5,"Preschool",-1,"No Child",-1,"No Child",-1,"No Child",-1,"No Child",-1,"No Child","No High School Diploma",27,"White",0,4518,0,1,1,0,0
"7",3827406872420,201,"3827406872420201'",7,2020,"72020",7721.2493099,51,0,100,66,1,0,0,0,0,0,"1",5,"Preschool",-1,"No Child",-1,"No Child",-1,"No Child",-1,"No Child",-1,"No Child","No High School Diploma",27,"White",0,4518,0,1,1,0,0
"8",3827406872420,201,"3827406872420201'",8,2020,"82020",7682.0055965,51,0,100,66,1,0,0,0,0,0,"1",5,"Preschool",-1,"No Child",-1,"No Child",-1,"No Child",-1,"No Child",-1,"No Child","No High School Diploma",27,"White",0,4518,0,1,1,0,0
"9",3827406872420,201,"3827406872420201'",9,2020,"92020",7624.0426877,51,0,100,66,1,0,0,0,0,0,"1",5,"Preschool",-1,"No Child",-1,"No Child",-1,"No Child",-1,"No Child",-1,"No Child","No High School Diploma",27,"White",0,4518,0,1,1,0,0
"10",3827406872420,201,"3827406872420201'",10,2020,"102020",7797.0452178,51,0,100,66,1,0,0,0,0,0,"1",5,"Preschool",-1,"No Child",-1,"No Child",-1,"No Child",-1,"No Child",-1,"No Child","No High School Diploma",27,"White",0,4518,0,1,1,0,0
"11",3827406872420,201,"3827406872420201'",11,2020,"112020",7853.89804,51,0,100,66,1,0,0,0,0,0,"1",5,"Preschool",-1,"No Child",-1,"No Child",-1,"No Child",-1,"No Child",-1,"No Child","No High School Diploma",27,"White",0,4518,0,1,1,0,0
"12",3827406872420,201,"3827406872420201'",12,2020,"122020",7890.1154988,51,0,100,66,1,0,0,0,0,0,"1",5,"Preschool",-1,"No Child",-1,"No Child",-1,"No Child",-1,"No Child",-1,"No Child","No High School Diploma",27,"White",0,4518,0,1,1,0,0
"13",3827440856123,102,"3827440856123102'",1,2023,"12023",3574.2472472,51,0,0,0,1,0,0,0,0,0,"1",4,"Preschool",-1,"No Child",-1,"No Child",-1,"No Child",-1,"No Child",-1,"No Child","High School or Some College",39,"White",NA,13029,0,0,0,0,0
"14",3827440856123,102,"3827440856123102'",2,2023,"22023",3618.6725369,51,0,0,0,1,0,0,0,0,0,"1",4,"Preschool",-1,"No Child",-1,"No Child",-1,"No Child",-1,"No Child",-1,"No Child","High School or Some College",39,"White",NA,13029,0,0,0,0,0
"15",3827440856123,102,"3827440856123102'",3,2023,"32023",3674.2813678,51,0,0,0,1,0,0,0,0,0,"1",4,"Preschool",-1,"No Child",-1,"No Child",-1,"No Child",-1,"No Child",-1,"No Child","High School or Some College",39,"White",NA,13029,0,0,0,0,0
"16",3827440856123,102,"3827440856123102'",4,2023,"42023",3624.4918512,51,0,0,0,1,0,0,0,0,0,"1",4,"Preschool",-1,"No Child",-1,"No Child",-1,"No Child",-1,"No Child",-1,"No Child","High School or Some College",39,"White",NA,13029,0,0,0,0,0
"17",3827440856123,102,"3827440856123102'",5,2023,"52023",3638.2354261,51,0,0,0,1,0,0,0,0,0,"1",4,"Preschool",-1,"No Child",-1,"No Child",-1,"No Child",-1,"No Child",-1,"No Child","High School or Some College",39,"White",NA,13029,0,0,0,0,0
"18",3827440856123,102,"3827440856123102'",6,2023,"62023",3643.2340701,51,0,0,0,1,0,0,0,0,0,"1",4,"Preschool",-1,"No Child",-1,"No Child",-1,"No Child",-1,"No Child",-1,"No Child","High School or Some College",39,"White",NA,13029,0,0,0,0,0
"19",3827440856123,102,"3827440856123102'",7,2023,"72023",3696.6102933,51,0,0,0,1,0,0,0,0,0,"1",4,"Preschool",-1,"No Child",-1,"No Child",-1,"No Child",-1,"No Child",-1,"No Child","High School or Some College",39,"White",NA,13029,0,0,0,0,0
"20",3827440856123,102,"3827440856123102'",8,2023,"82023",3684.206237,51,0,0,0,1,0,0,0,0,0,"1",4,"Preschool",-1,"No Child",-1,"No Child",-1,"No Child",-1,"No Child",-1,"No Child","High School or Some College",39,"White",NA,13029,0,0,0,0,0
"21",3827440856123,102,"3827440856123102'",9,2023,"92023",3604.0884019,51,0,0,0,1,0,0,0,0,0,"1",4,"Preschool",-1,"No Child",-1,"No Child",-1,"No Child",-1,"No Child",-1,"No Child","High School or Some College",39,"White",NA,13029,0,0,0,0,0
"22",3827440856123,102,"3827440856123102'",10,2023,"102023",3646.8716807,51,0,0,0,1,0,0,0,0,0,"1",4,"Preschool",-1,"No Child",-1,"No Child",-1,"No Child",-1,"No Child",-1,"No Child","High School or Some College",39,"White",NA,13029,0,0,0,0,0
"23",3827440856123,102,"3827440856123102'",11,2023,"112023",3635.8506564,51,0,0,0,1,0,0,0,0,0,"1",4,"Preschool",-1,"No Child",-1,"No Child",-1,"No Child",-1,"No Child",-1,"No Child","High School or Some College",39,"White",NA,13029,0,0,0,0,0
"24",3827440856123,102,"3827440856123102'",12,2023,"122023",3649.3290154,51,0,0,0,1,0,0,0,0,0,"1",4,"Preschool",-1,"No Child",-1,"No Child",-1,"No Child",-1,"No Child",-1,"No Child","High School or Some College",39,"White",NA,13029,0,0,0,0,0
"25",3827481655520,102,"3827481655520102'",1,2020,"12020",13070.406494,51,0,100,40,0,0,1,1,1,1,"3",9,"School Age",9,"School Age",4,"Preschool",4,"Preschool",2,"Toddler",2,"Toddler","High School or Some College",39,"Black",0,4453,0,1,1,0,1
"26",3827481655520,102,"3827481655520102'",2,2020,"22020",12255.334008,51,0,100,40,0,0,1,1,1,1,"3",9,"School Age",9,"School Age",4,"Preschool",4,"Preschool",2,"Toddler",2,"Toddler","High School or Some College",39,"Black",0,4453,0,1,1,0,1
"27",3827481655520,102,"3827481655520102'",3,2020,"32020",12507.846602,51,0,100,40,0,0,1,1,1,1,"3",9,"School Age",9,"School Age",4,"Preschool",4,"Preschool",2,"Toddler",2,"Toddler","High School or Some College",39,"Black",0,4453,0,1,1,0,1
"28",3827481655520,102,"3827481655520102'",4,2020,"42020",13249.877466,51,0,100,40,0,0,1,1,1,1,"3",9,"School Age",9,"School Age",4,"Preschool",4,"Preschool",2,"Toddler",2,"Toddler","High School or Some College",39,"Black",0,4453,0,1,1,0,1
"29",3827481655520,102,"3827481655520102'",5,2020,"52020",12432.042528,51,0,100,40,0,0,1,1,1,1,"3",9,"School Age",9,"School Age",4,"Preschool",4,"Preschool",2,"Toddler",2,"Toddler","High School or Some College",39,"Black",0,4453,0,1,1,0,1
"30",3827481655520,102,"3827481655520102'",6,2020,"62020",12456.148204,51,0,100,40,0,0,1,1,1,1,"3",9,"School Age",9,"School Age",4,"Preschool",4,"Preschool",2,"Toddler",2,"Toddler","High School or Some College",39,"Black",0,4453,0,1,1,0,1
"31",3827481655520,102,"3827481655520102'",7,2020,"72020",12733.68998,51,0,100,40,0,0,1,1,1,1,"3",9,"School Age",9,"School Age",4,"Preschool",4,"Preschool",2,"Toddler",2,"Toddler","High School or Some College",39,"Black",0,4453,0,1,1,0,1
"32",3827481655520,102,"3827481655520102'",8,2020,"82020",12792.976479,51,0,100,40,0,0,1,1,1,1,"3",9,"School Age",9,"School Age",4,"Preschool",4,"Preschool",2,"Toddler",2,"Toddler","High School or Some College",39,"Black",0,4453,0,1,1,0,1
"33",3827481655520,102,"3827481655520102'",9,2020,"92020",12850.25362,51,0,100,40,0,0,1,1,1,1,"3",9,"School Age",9,"School Age",4,"Preschool",4,"Preschool",2,"Toddler",2,"Toddler","High School or Some College",39,"Black",0,4453,0,1,1,0,1
"34",3827481655520,102,"3827481655520102'",10,2020,"102020",12062.133102,51,0,100,30,0,0,1,1,1,1,"3",9,"School Age",9,"School Age",4,"Preschool",4,"Preschool",2,"Toddler",2,"Toddler","High School or Some College",39,"Black",0,3454,0,1,1,0,1
"35",3827481655520,102,"3827481655520102'",11,2020,"112020",13102.007691,51,0,100,24,0,0,1,1,1,1,"3",9,"School Age",9,"School Age",4,"Preschool",4,"Preschool",2,"Toddler",2,"Toddler","High School or Some College",39,"Black",0,2889,0,1,1,0,1
"36",3827481655520,102,"3827481655520102'",12,2020,"122020",13022.046138,51,0,100,40,0,0,1,1,1,1,"3",9,"School Age",9,"School Age",4,"Preschool",4,"Preschool",2,"Toddler",2,"Toddler","High School or Some College",39,"Black",0,4141,0,1,1,0,1
"37",3828559777722,101,"3828559777722101'",1,2022,"12022",8544.8401789,51,0,100,50,1,1,0,0,0,0,"2",4,"Preschool",0,"Infant",-1,"No Child",-1,"No Child",-1,"No Child",-1,"No Child","Graduate or Professional Degree",37,"White",NA,15407,0,1,0,0,1
"38",3828559777722,101,"3828559777722101'",2,2022,"22022",8580.2109011,51,0,100,50,1,1,0,0,0,0,"2",4,"Preschool",0,"Infant",-1,"No Child",-1,"No Child",-1,"No Child",-1,"No Child","Graduate or Professional Degree",37,"White",NA,15407,0,1,0,0,1
"39",3828559777722,101,"3828559777722101'",3,2022,"32022",8652.116485,51,0,100,50,1,1,0,0,0,0,"2",4,"Preschool",0,"Infant",-1,"No Child",-1,"No Child",-1,"No Child",-1,"No Child","Graduate or Professional Degree",37,"White",NA,15407,0,1,0,0,1
"40",3828559777722,101,"3828559777722101'",4,2022,"42022",8546.7971272,51,0,100,50,1,1,0,0,0,0,"2",4,"Preschool",0,"Infant",-1,"No Child",-1,"No Child",-1,"No Child",-1,"No Child","Graduate or Professional Degree",37,"White",NA,15407,0,1,0,0,1
"41",3828559777722,101,"3828559777722101'",5,2022,"52022",8433.2088542,51,0,100,50,1,1,0,0,0,0,"2",4,"Preschool",0,"Infant",-1,"No Child",-1,"No Child",-1,"No Child",-1,"No Child","Graduate or Professional Degree",37,"White",NA,15407,0,1,0,0,1
"42",3828559777722,101,"3828559777722101'",6,2022,"62022",8380.737975,51,0,100,50,1,1,0,0,0,0,"2",4,"Preschool",0,"Infant",-1,"No Child",-1,"No Child",-1,"No Child",-1,"No Child","Graduate or Professional Degree",37,"White",NA,15407,0,1,0,0,1
"43",3828559777722,101,"3828559777722101'",7,2022,"72022",8466.0237481,51,0,100,50,1,1,0,0,0,0,"2",4,"Preschool",0,"Infant",-1,"No Child",-1,"No Child",-1,"No Child",-1,"No Child","Graduate or Professional Degree",37,"White",NA,22285,0,1,0,0,1
"44",3828559777722,101,"3828559777722101'",8,2022,"82022",8507.6653941,51,0,100,50,1,1,0,0,0,0,"2",4,"Preschool",0,"Infant",-1,"No Child",-1,"No Child",-1,"No Child",-1,"No Child","Graduate or Professional Degree",37,"White",NA,20621,0,1,0,0,1
"45",3828559777722,101,"3828559777722101'",9,2022,"92022",8401.0151763,51,0,100,50,1,1,0,0,0,0,"2",4,"Preschool",0,"Infant",-1,"No Child",-1,"No Child",-1,"No Child",-1,"No Child","Graduate or Professional Degree",37,"White",NA,20621,0,1,0,0,1
"46",3828559777722,101,"3828559777722101'",10,2022,"102022",8448.5928605,51,0,100,50,1,1,0,0,0,0,"2",4,"Preschool",0,"Infant",-1,"No Child",-1,"No Child",-1,"No Child",-1,"No Child","Graduate or Professional Degree",37,"White",NA,20621,0,1,0,0,1
"47",3828559777722,101,"3828559777722101'",11,2022,"112022",8432.1960866,51,0,100,50,1,1,0,0,0,0,"2",4,"Preschool",0,"Infant",-1,"No Child",-1,"No Child",-1,"No Child",-1,"No Child","Graduate or Professional Degree",37,"White",NA,20621,0,1,0,0,1
"48",3828559777722,101,"3828559777722101'",12,2022,"122022",8344.9640896,51,0,100,50,1,1,0,0,0,0,"2",4,"Preschool",0,"Infant",-1,"No Child",-1,"No Child",-1,"No Child",-1,"No Child","Graduate or Professional Degree",37,"White",NA,21149,0,1,0,0,1
"49",3828559777722,102,"3828559777722102'",1,2022,"12022",8544.8401789,51,0,100,40,1,1,0,0,0,0,"2",4,"Preschool",0,"Infant",-1,"No Child",-1,"No Child",-1,"No Child",-1,"No Child","Graduate or Professional Degree",39,"White",NA,15407,0,0,0,0,1
"50",3828559777722,102,"3828559777722102'",2,2022,"22022",8580.2109011,51,0,100,40,1,1,0,0,0,0,"2",4,"Preschool",0,"Infant",-1,"No Child",-1,"No Child",-1,"No Child",-1,"No Child","Graduate or Professional Degree",39,"White",NA,15407,0,0,0,0,1
"51",3828559777722,102,"3828559777722102'",3,2022,"32022",8652.116485,51,0,100,40,1,1,0,0,0,0,"2",4,"Preschool",0,"Infant",-1,"No Child",-1,"No Child",-1,"No Child",-1,"No Child","Graduate or Professional Degree",39,"White",NA,15407,0,0,0,0,1
"52",3828559777722,102,"3828559777722102'",4,2022,"42022",8546.7971272,51,0,100,40,1,1,0,0,0,0,"2",4,"Preschool",0,"Infant",-1,"No Child",-1,"No Child",-1,"No Child",-1,"No Child","Graduate or Professional Degree",39,"White",NA,15407,0,0,0,0,1
"53",3828559777722,102,"3828559777722102'",5,2022,"52022",8433.2088542,51,0,100,40,1,1,0,0,0,0,"2",4,"Preschool",0,"Infant",-1,"No Child",-1,"No Child",-1,"No Child",-1,"No Child","Graduate or Professional Degree",39,"White",NA,15407,0,0,0,0,1
"54",3828559777722,102,"3828559777722102'",6,2022,"62022",8380.737975,51,0,100,40,1,1,0,0,0,0,"2",4,"Preschool",0,"Infant",-1,"No Child",-1,"No Child",-1,"No Child",-1,"No Child","Graduate or Professional Degree",39,"White",NA,15407,0,0,0,0,1
"55",3828559777722,102,"3828559777722102'",7,2022,"72022",8466.0237481,51,0,100,50,1,1,0,0,0,0,"2",4,"Preschool",0,"Infant",-1,"No Child",-1,"No Child",-1,"No Child",-1,"No Child","Graduate or Professional Degree",39,"White",NA,22285,0,0,0,0,1
"56",3828559777722,102,"3828559777722102'",8,2022,"82022",8507.6653941,51,0,100,50,1,1,0,0,0,0,"2",4,"Preschool",0,"Infant",-1,"No Child",-1,"No Child",-1,"No Child",-1,"No Child","Graduate or Professional Degree",39,"White",NA,20621,0,0,0,0,1
"57",3828559777722,102,"3828559777722102'",9,2022,"92022",8401.0151763,51,0,100,50,1,1,0,0,0,0,"2",4,"Preschool",0,"Infant",-1,"No Child",-1,"No Child",-1,"No Child",-1,"No Child","Graduate or Professional Degree",39,"White",NA,20621,0,0,0,0,1
"58",3828559777722,102,"3828559777722102'",10,2022,"102022",8448.5928605,51,0,100,50,1,1,0,0,0,0,"2",4,"Preschool",0,"Infant",-1,"No Child",-1,"No Child",-1,"No Child",-1,"No Child","Graduate or Professional Degree",39,"White",NA,20621,0,0,0,0,1
"59",3828559777722,102,"3828559777722102'",11,2022,"112022",8432.1960866,51,0,100,50,1,1,0,0,0,0,"2",4,"Preschool",0,"Infant",-1,"No Child",-1,"No Child",-1,"No Child",-1,"No Child","Graduate or Professional Degree",39,"White",NA,20621,0,0,0,0,1
"60",3828559777722,102,"3828559777722102'",12,2022,"122022",8344.9640896,51,0,100,50,1,1,0,0,0,0,"2",4,"Preschool",0,"Infant",-1,"No Child",-1,"No Child",-1,"No Child",-1,"No Child","Graduate or Professional Degree",39,"White",NA,21149,0,0,0,0,1
"61",3828577118023,101,"3828577118023101'",1,2023,"12023",3290.6288732,51,0,0,0,1,0,0,0,0,0,"1",2,"Toddler",-1,"No Child",-1,"No Child",-1,"No Child",-1,"No Child",-1,"No Child","High School or Some College",28,"White",NA,6685,0,1,0,0,0
"62",3828577118023,101,"3828577118023101'",2,2023,"22023",3270.8534604,51,0,0,0,1,0,0,0,0,0,"1",2,"Toddler",-1,"No Child",-1,"No Child",-1,"No Child",-1,"No Child",-1,"No Child","High School or Some College",28,"White",NA,6685,0,1,0,0,0
"63",3828577118023,101,"3828577118023101'",3,2023,"32023",3297.9954512,51,0,0,0,1,0,0,0,0,0,"1",2,"Toddler",-1,"No Child",-1,"No Child",-1,"No Child",-1,"No Child",-1,"No Child","High School or Some College",28,"White",NA,6685,0,1,0,0,0
"64",3828577118023,101,"3828577118023101'",4,2023,"42023",3349.5571541,51,0,0,0,1,0,0,0,0,0,"1",2,"Toddler",-1,"No Child",-1,"No Child",-1,"No Child",-1,"No Child",-1,"No Child","High School or Some College",28,"White",NA,6685,0,1,0,0,0
"65",3828577118023,101,"3828577118023101'",5,2023,"52023",3346.2726557,51,0,0,0,1,0,0,0,0,0,"1",2,"Toddler",-1,"No Child",-1,"No Child",-1,"No Child",-1,"No Child",-1,"No Child","High School or Some College",28,"White",NA,6685,0,1,0,0,0
"66",3828577118023,101,"3828577118023101'",6,2023,"62023",3404.4205698,51,0,0,0,1,0,0,0,0,0,"1",2,"Toddler",-1,"No Child",-1,"No Child",-1,"No Child",-1,"No Child",-1,"No Child","High School or Some College",28,"White",NA,6685,0,1,0,0,0
"67",3828577118023,101,"3828577118023101'",7,2023,"72023",3465.3142329,51,0,0,0,1,0,0,0,0,0,"1",2,"Toddler",-1,"No Child",-1,"No Child",-1,"No Child",-1,"No Child",-1,"No Child","High School or Some College",28,"White",NA,6685,0,1,0,0,0
"68",3828577118023,101,"3828577118023101'",8,2023,"82023",3467.7783392,51,0,0,0,1,0,0,0,0,0,"1",2,"Toddler",-1,"No Child",-1,"No Child",-1,"No Child",-1,"No Child",-1,"No Child","High School or Some College",28,"White",NA,6685,0,1,0,0,0
"69",3828577118023,101,"3828577118023101'",9,2023,"92023",3528.4357415,51,0,0,0,1,0,0,0,0,0,"1",2,"Toddler",-1,"No Child",-1,"No Child",-1,"No Child",-1,"No Child",-1,"No Child","High School or Some College",28,"White",NA,6685,0,1,0,0,0
"70",3828577118023,101,"3828577118023101'",10,2023,"102023",3540.35506,51,0,0,0,1,0,0,0,0,0,"1",2,"Toddler",-1,"No Child",-1,"No Child",-1,"No Child",-1,"No Child",-1,"No Child","High School or Some College",28,"White",NA,6685,0,1,0,0,0
"71",3828577118023,101,"3828577118023101'",11,2023,"112023",3485.3944847,51,0,0,0,1,0,0,0,0,0,"1",2,"Toddler",-1,"No Child",-1,"No Child",-1,"No Child",-1,"No Child",-1,"No Child","High School or Some College",28,"White",NA,6685,0,1,0,0,0
"72",3828577118023,101,"3828577118023101'",12,2023,"122023",3469.2052128,51,0,0,0,1,0,0,0,0,0,"1",2,"Toddler",-1,"No Child",-1,"No Child",-1,"No Child",-1,"No Child",-1,"No Child","High School or Some College",28,"White",NA,6685,0,1,0,0,0
"73",3828577118023,102,"3828577118023102'",1,2023,"12023",3290.6288732,51,0,100,37,1,0,0,0,0,0,"1",2,"Toddler",-1,"No Child",-1,"No Child",-1,"No Child",-1,"No Child",-1,"No Child","High School or Some College",28,"White",NA,6685,0,0,0,0,0
"74",3828577118023,102,"3828577118023102'",2,2023,"22023",3270.8534604,51,0,100,37,1,0,0,0,0,0,"1",2,"Toddler",-1,"No Child",-1,"No Child",-1,"No Child",-1,"No Child",-1,"No Child","High School or Some College",28,"White",NA,6685,0,0,0,0,0
"75",3828577118023,102,"3828577118023102'",3,2023,"32023",3297.9954512,51,0,100,37,1,0,0,0,0,0,"1",2,"Toddler",-1,"No Child",-1,"No Child",-1,"No Child",-1,"No Child",-1,"No Child","High School or Some College",28,"White",NA,6685,0,0,0,0,0
"76",3828577118023,102,"3828577118023102'",4,2023,"42023",3349.5571541,51,0,100,37,1,0,0,0,0,0,"1",2,"Toddler",-1,"No Child",-1,"No Child",-1,"No Child",-1,"No Child",-1,"No Child","High School or Some College",28,"White",NA,6685,0,0,0,0,0
"77",3828577118023,102,"3828577118023102'",5,2023,"52023",3346.2726557,51,0,100,37,1,0,0,0,0,0,"1",2,"Toddler",-1,"No Child",-1,"No Child",-1,"No Child",-1,"No Child",-1,"No Child","High School or Some College",28,"White",NA,6685,0,0,0,0,0
"78",3828577118023,102,"3828577118023102'",6,2023,"62023",3404.4205698,51,0,100,37,1,0,0,0,0,0,"1",2,"Toddler",-1,"No Child",-1,"No Child",-1,"No Child",-1,"No Child",-1,"No Child","High School or Some College",28,"White",NA,6685,0,0,0,0,0
"79",3828577118023,102,"3828577118023102'",7,2023,"72023",3465.3142329,51,0,100,37,1,0,0,0,0,0,"1",2,"Toddler",-1,"No Child",-1,"No Child",-1,"No Child",-1,"No Child",-1,"No Child","High School or Some College",28,"White",NA,6685,0,0,0,0,0
"80",3828577118023,102,"3828577118023102'",8,2023,"82023",3467.7783392,51,0,100,37,1,0,0,0,0,0,"1",2,"Toddler",-1,"No Child",-1,"No Child",-1,"No Child",-1,"No Child",-1,"No Child","High School or Some College",28,"White",NA,6685,0,0,0,0,0
"81",3828577118023,102,"3828577118023102'",9,2023,"92023",3528.4357415,51,0,100,37,1,0,0,0,0,0,"1",2,"Toddler",-1,"No Child",-1,"No Child",-1,"No Child",-1,"No Child",-1,"No Child","High School or Some College",28,"White",NA,6685,0,0,0,0,0
"82",3828577118023,102,"3828577118023102'",10,2023,"102023",3540.35506,51,0,100,37,1,0,0,0,0,0,"1",2,"Toddler",-1,"No Child",-1,"No Child",-1,"No Child",-1,"No Child",-1,"No Child","High School or Some College",28,"White",NA,6685,0,0,0,0,0
"83",3828577118023,102,"3828577118023102'",11,2023,"112023",3485.3944847,51,0,100,37,1,0,0,0,0,0,"1",2,"Toddler",-1,"No Child",-1,"No Child",-1,"No Child",-1,"No Child",-1,"No Child","High School or Some College",28,"White",NA,6685,0,0,0,0,0
"84",3828577118023,102,"3828577118023102'",12,2023,"122023",3469.2052128,51,0,100,37,1,0,0,0,0,0,"1",2,"Toddler",-1,"No Child",-1,"No Child",-1,"No Child",-1,"No Child",-1,"No Child","High School or Some College",28,"White",NA,6685,0,0,0,0,0
"85",3828584981422,101,"3828584981422101'",1,2022,"12022",17050.850843,51,0,100,40,0,1,0,0,0,0,"1",6,"School Age",4,"Preschool",-1,"No Child",-1,"No Child",-1,"No Child",-1,"No Child","High School or Some College",51,"White",NA,47915,0,0,1,0,0
"86",3828584981422,101,"3828584981422101'",2,2022,"22022",17074.682038,51,0,100,40,0,1,0,0,0,0,"1",6,"School Age",4,"Preschool",-1,"No Child",-1,"No Child",-1,"No Child",-1,"No Child","High School or Some College",51,"White",NA,47915,0,0,1,0,0
"87",3828584981422,101,"3828584981422101'",3,2022,"32022",16906.528583,51,0,100,40,0,1,0,0,0,0,"1",6,"School Age",4,"Preschool",-1,"No Child",-1,"No Child",-1,"No Child",-1,"No Child","High School or Some College",51,"White",NA,47915,0,0,1,0,0
"88",3828584981422,101,"3828584981422101'",4,2022,"42022",16873.326571,51,0,100,40,0,1,0,0,0,0,"1",6,"School Age",4,"Preschool",-1,"No Child",-1,"No Child",-1,"No Child",-1,"No Child","High School or Some College",51,"White",NA,47915,0,0,1,0,0
"89",3828584981422,101,"3828584981422101'",5,2022,"52022",17497.685081,51,0,100,40,0,1,0,0,0,0,"1",6,"School Age",4,"Preschool",-1,"No Child",-1,"No Child",-1,"No Child",-1,"No Child","High School or Some College",51,"White",NA,47915,0,0,1,0,0
"90",3828584981422,101,"3828584981422101'",6,2022,"62022",17706.030567,51,0,100,40,0,1,0,0,0,0,"1",6,"School Age",4,"Preschool",-1,"No Child",-1,"No Child",-1,"No Child",-1,"No Child","High School or Some College",51,"White",NA,47915,0,0,1,0,0
"91",3828584981422,101,"3828584981422101'",7,2022,"72022",17673.560564,51,0,100,40,0,1,0,0,0,0,"1",6,"School Age",4,"Preschool",-1,"No Child",-1,"No Child",-1,"No Child",-1,"No Child","High School or Some College",51,"White",NA,47915,0,0,1,0,0
"92",3828584981422,101,"3828584981422101'",8,2022,"82022",17851.491981,51,0,100,40,0,1,0,0,0,0,"1",6,"School Age",4,"Preschool",-1,"No Child",-1,"No Child",-1,"No Child",-1,"No Child","High School or Some College",51,"White",NA,47915,0,0,1,0,0
"93",3828584981422,101,"3828584981422101'",9,2022,"92022",17211.340015,51,0,100,40,0,1,0,0,0,0,"1",6,"School Age",4,"Preschool",-1,"No Child",-1,"No Child",-1,"No Child",-1,"No Child","High School or Some College",51,"White",NA,47915,0,0,1,0,0
"94",3828584981422,101,"3828584981422101'",10,2022,"102022",16720.600419,51,0,100,40,0,1,0,0,0,0,"1",6,"School Age",4,"Preschool",-1,"No Child",-1,"No Child",-1,"No Child",-1,"No Child","High School or Some College",51,"White",NA,47915,0,0,1,0,0
"95",3828584981422,101,"3828584981422101'",11,2022,"112022",17074.37374,51,0,100,40,0,1,0,0,0,0,"1",6,"School Age",4,"Preschool",-1,"No Child",-1,"No Child",-1,"No Child",-1,"No Child","High School or Some College",51,"White",NA,47915,0,0,1,0,0
"96",3828584981422,101,"3828584981422101'",12,2022,"122022",17632.148287,51,0,100,40,0,1,0,0,0,0,"1",6,"School Age",4,"Preschool",-1,"No Child",-1,"No Child",-1,"No Child",-1,"No Child","High School or Some College",51,"White",NA,47915,0,0,1,0,0
"97",3828584981422,105,"3828584981422105'",1,2022,"12022",13393.587445,51,0,0,0,0,0,1,0,0,0,"1",30,"Past Subsidy",6,"School Age",4,"Preschool",-1,"No Child",-1,"No Child",-1,"No Child","High School or Some College",45,"White",NA,47915,0,1,1,0,0
"98",3828584981422,105,"3828584981422105'",2,2022,"22022",13712.762531,51,0,0,0,0,0,1,0,0,0,"1",30,"Past Subsidy",6,"School Age",4,"Preschool",-1,"No Child",-1,"No Child",-1,"No Child","High School or Some College",45,"White",NA,47915,0,1,1,0,0
"99",3828584981422,105,"3828584981422105'",3,2022,"32022",13997.109314,51,0,0,0,0,0,1,0,0,0,"1",30,"Past Subsidy",6,"School Age",4,"Preschool",-1,"No Child",-1,"No Child",-1,"No Child","High School or Some College",45,"White",NA,47915,0,1,1,0,0
"100",3828584981422,105,"3828584981422105'",4,2022,"42022",14113.268265,51,0,0,0,0,0,1,0,0,0,"1",30,"Past Subsidy",6,"School Age",4,"Preschool",-1,"No Child",-1,"No Child",-1,"No Child","High School or Some College",45,"White",NA,47915,0,1,1,0,0
"101",3828584981422,105,"3828584981422105'",5,2022,"52022",13052.743334,51,0,0,0,0,0,1,0,0,0,"1",30,"Past Subsidy",6,"School Age",4,"Preschool",-1,"No Child",-1,"No Child",-1,"No Child","High School or Some College",45,"White",NA,47915,0,1,1,0,0
"102",3828584981422,105,"3828584981422105'",6,2022,"62022",12980.992112,51,0,0,0,0,0,1,0,0,0,"1",30,"Past Subsidy",6,"School Age",4,"Preschool",-1,"No Child",-1,"No Child",-1,"No Child","High School or Some College",45,"White",NA,47915,0,1,1,0,0
"103",3828584981422,105,"3828584981422105'",7,2022,"72022",13350.841843,51,0,0,0,0,0,1,0,0,0,"1",30,"Past Subsidy",6,"School Age",4,"Preschool",-1,"No Child",-1,"No Child",-1,"No Child","High School or Some College",45,"White",NA,47915,0,1,1,0,0
"104",3828584981422,105,"3828584981422105'",8,2022,"82022",13254.91477,51,0,0,0,0,0,1,0,0,0,"1",30,"Past Subsidy",6,"School Age",4,"Preschool",-1,"No Child",-1,"No Child",-1,"No Child","High School or Some College",45,"White",NA,47915,0,1,1,0,0
"105",3828584981422,105,"3828584981422105'",9,2022,"92022",13372.221968,51,0,0,0,0,0,1,0,0,0,"1",30,"Past Subsidy",6,"School Age",4,"Preschool",-1,"No Child",-1,"No Child",-1,"No Child","High School or Some College",45,"White",NA,47915,0,1,1,0,0
"106",3828584981422,105,"3828584981422105'",10,2022,"102022",13582.318455,51,0,0,0,0,0,1,0,0,0,"1",30,"Past Subsidy",6,"School Age",4,"Preschool",-1,"No Child",-1,"No Child",-1,"No Child","High School or Some College",45,"White",NA,47915,0,1,1,0,0
"107",3828584981422,105,"3828584981422105'",11,2022,"112022",13290.185258,51,0,0,0,0,0,1,0,0,0,"1",30,"Past Subsidy",6,"School Age",4,"Preschool",-1,"No Child",-1,"No Child",-1,"No Child","High School or Some College",45,"White",NA,47915,0,1,1,0,0
"108",3828584981422,105,"3828584981422105'",12,2022,"122022",13366.83597,51,0,0,0,0,0,1,0,0,0,"1",30,"Past Subsidy",6,"School Age",4,"Preschool",-1,"No Child",-1,"No Child",-1,"No Child","High School or Some College",45,"White",NA,47915,0,1,1,0,0
"109",3841803707122,101,"3841803707122101'",1,2022,"12022",8894.257506,51,0,0,0,1,1,0,0,0,0,"2",3,"Toddler",1,"Infant",-1,"No Child",-1,"No Child",-1,"No Child",-1,"No Child","Bachelor’s Degree",35,"White",NA,8917,0,1,0,0,0
"110",3841803707122,101,"3841803707122101'",2,2022,"22022",9096.6371612,51,0,0,0,1,1,0,0,0,0,"2",3,"Toddler",1,"Infant",-1,"No Child",-1,"No Child",-1,"No Child",-1,"No Child","Bachelor’s Degree",35,"White",NA,8917,0,1,0,0,0
"111",3841803707122,101,"3841803707122101'",3,2022,"32022",9139.9690119,51,0,0,0,1,1,0,0,0,0,"2",3,"Toddler",1,"Infant",-1,"No Child",-1,"No Child",-1,"No Child",-1,"No Child","Bachelor’s Degree",35,"White",NA,8917,0,1,0,0,0
"112",3841803707122,101,"3841803707122101'",4,2022,"42022",8965.5620591,51,0,0,0,1,1,0,0,0,0,"2",3,"Toddler",1,"Infant",-1,"No Child",-1,"No Child",-1,"No Child",-1,"No Child","Bachelor’s Degree",35,"White",NA,8917,0,1,0,0,0
"113",3841803707122,101,"3841803707122101'",5,2022,"52022",8890.2130945,51,0,0,0,1,1,0,0,0,0,"2",3,"Toddler",1,"Infant",-1,"No Child",-1,"No Child",-1,"No Child",-1,"No Child","Bachelor’s Degree",35,"White",NA,8917,0,1,0,0,0
"114",3841803707122,101,"3841803707122101'",6,2022,"62022",8964.8492804,51,0,0,0,1,1,0,0,0,0,"2",3,"Toddler",1,"Infant",-1,"No Child",-1,"No Child",-1,"No Child",-1,"No Child","Bachelor’s Degree",35,"White",NA,8917,0,1,0,0,0
"115",3841803707122,101,"3841803707122101'",7,2022,"72022",8822.8355652,51,0,0,0,1,1,0,0,0,0,"2",3,"Toddler",1,"Infant",-1,"No Child",-1,"No Child",-1,"No Child",-1,"No Child","Bachelor’s Degree",35,"White",NA,8917,0,1,0,0,0
"116",3841803707122,101,"3841803707122101'",8,2022,"82022",8870.9460738,51,0,0,0,1,1,0,0,0,0,"2",3,"Toddler",1,"Infant",-1,"No Child",-1,"No Child",-1,"No Child",-1,"No Child","Bachelor’s Degree",35,"White",NA,8917,0,1,0,0,0
"117",3841803707122,101,"3841803707122101'",9,2022,"92022",8819.9486413,51,0,0,0,1,1,0,0,0,0,"2",3,"Toddler",1,"Infant",-1,"No Child",-1,"No Child",-1,"No Child",-1,"No Child","Bachelor’s Degree",35,"White",NA,8917,0,1,0,0,0
"118",3841803707122,101,"3841803707122101'",10,2022,"102022",8519.6967918,51,0,0,0,1,1,0,0,0,0,"2",3,"Toddler",1,"Infant",-1,"No Child",-1,"No Child",-1,"No Child",-1,"No Child","Bachelor’s Degree",35,"White",NA,8917,0,1,0,0,0
"119",3841803707122,101,"3841803707122101'",11,2022,"112022",8464.9362983,51,0,0,0,1,1,0,0,0,0,"2",3,"Toddler",1,"Infant",-1,"No Child",-1,"No Child",-1,"No Child",-1,"No Child","Bachelor’s Degree",35,"White",NA,8917,0,1,0,0,0
"120",3841803707122,101,"3841803707122101'",12,2022,"122022",8396.5036934,51,0,0,0,1,1,0,0,0,0,"2",3,"Toddler",1,"Infant",-1,"No Child",-1,"No Child",-1,"No Child",-1,"No Child","Bachelor’s Degree",35,"White",NA,8917,0,1,0,0,0
"121",3841803707122,102,"3841803707122102'",1,2022,"12022",8894.257506,51,0,100,40,1,1,0,0,0,0,"2",3,"Toddler",1,"Infant",-1,"No Child",-1,"No Child",-1,"No Child",-1,"No Child","High School or Some College",40,"White",NA,8917,0,0,0,0,0
"122",3841803707122,102,"3841803707122102'",2,2022,"22022",9096.6371612,51,0,100,40,1,1,0,0,0,0,"2",3,"Toddler",1,"Infant",-1,"No Child",-1,"No Child",-1,"No Child",-1,"No Child","High School or Some College",40,"White",NA,8917,0,0,0,0,0
"123",3841803707122,102,"3841803707122102'",3,2022,"32022",9139.9690119,51,0,100,40,1,1,0,0,0,0,"2",3,"Toddler",1,"Infant",-1,"No Child",-1,"No Child",-1,"No Child",-1,"No Child","High School or Some College",40,"White",NA,8917,0,0,0,0,0
"124",3841803707122,102,"3841803707122102'",4,2022,"42022",8965.5620591,51,0,100,40,1,1,0,0,0,0,"2",3,"Toddler",1,"Infant",-1,"No Child",-1,"No Child",-1,"No Child",-1,"No Child","High School or Some College",40,"White",NA,8917,0,0,0,0,0
"125",3841803707122,102,"3841803707122102'",5,2022,"52022",8890.2130945,51,0,100,40,1,1,0,0,0,0,"2",3,"Toddler",1,"Infant",-1,"No Child",-1,"No Child",-1,"No Child",-1,"No Child","High School or Some College",40,"White",NA,8917,0,0,0,0,0
"126",3841803707122,102,"3841803707122102'",6,2022,"62022",8964.8492804,51,0,100,40,1,1,0,0,0,0,"2",3,"Toddler",1,"Infant",-1,"No Child",-1,"No Child",-1,"No Child",-1,"No Child","High School or Some College",40,"White",NA,8917,0,0,0,0,0
"127",3841803707122,102,"3841803707122102'",7,2022,"72022",8822.8355652,51,0,100,40,1,1,0,0,0,0,"2",3,"Toddler",1,"Infant",-1,"No Child",-1,"No Child",-1,"No Child",-1,"No Child","High School or Some College",40,"White",NA,8917,0,0,0,0,0
"128",3841803707122,102,"3841803707122102'",8,2022,"82022",8870.9460738,51,0,100,40,1,1,0,0,0,0,"2",3,"Toddler",1,"Infant",-1,"No Child",-1,"No Child",-1,"No Child",-1,"No Child","High School or Some College",40,"White",NA,8917,0,0,0,0,0
"129",3841803707122,102,"3841803707122102'",9,2022,"92022",8819.9486413,51,0,100,40,1,1,0,0,0,0,"2",3,"Toddler",1,"Infant",-1,"No Child",-1,"No Child",-1,"No Child",-1,"No Child","High School or Some College",40,"White",NA,8917,0,0,0,0,0
"130",3841803707122,102,"3841803707122102'",10,2022,"102022",8519.6967918,51,0,100,40,1,1,0,0,0,0,"2",3,"Toddler",1,"Infant",-1,"No Child",-1,"No Child",-1,"No Child",-1,"No Child","High School or Some College",40,"White",NA,8917,0,0,0,0,0
"131",3841803707122,102,"3841803707122102'",11,2022,"112022",8464.9362983,51,0,100,40,1,1,0,0,0,0,"2",3,"Toddler",1,"Infant",-1,"No Child",-1,"No Child",-1,"No Child",-1,"No Child","High School or Some College",40,"White",NA,8917,0,0,0,0,0
"132",3841803707122,102,"3841803707122102'",12,2022,"122022",8396.5036934,51,0,100,40,1,1,0,0,0,0,"2",3,"Toddler",1,"Infant",-1,"No Child",-1,"No Child",-1,"No Child",-1,"No Child","High School or Some College",40,"White",NA,8917,0,0,0,0,0
"133",3841803762122,101,"3841803762122101'",1,2022,"12022",13024.189966,51,0,100,40,1,1,0,0,0,0,"2",1,"Infant",0,"Infant",-1,"No Child",-1,"No Child",-1,"No Child",-1,"No Child","High School or Some College",35,"White",NA,20251,0,1,0,0,0
"134",3841803762122,101,"3841803762122101'",2,2022,"22022",13208.533481,51,0,100,40,1,1,0,0,0,0,"2",1,"Infant",0,"Infant",-1,"No Child",-1,"No Child",-1,"No Child",-1,"No Child","High School or Some College",35,"White",NA,20251,0,1,0,0,0
"135",3841803762122,101,"3841803762122101'",3,2022,"32022",13361.078113,51,0,100,40,1,1,0,0,0,0,"2",1,"Infant",0,"Infant",-1,"No Child",-1,"No Child",-1,"No Child",-1,"No Child","High School or Some College",35,"White",NA,20251,0,1,0,0,0
"136",3841803762122,101,"3841803762122101'",4,2022,"42022",13340.682246,51,0,100,40,1,1,0,0,0,0,"2",1,"Infant",0,"Infant",-1,"No Child",-1,"No Child",-1,"No Child",-1,"No Child","High School or Some College",35,"White",NA,20251,0,1,0,0,0
"137",3841803762122,101,"3841803762122101'",5,2022,"52022",13262.561658,51,0,100,40,1,1,0,0,0,0,"2",1,"Infant",0,"Infant",-1,"No Child",-1,"No Child",-1,"No Child",-1,"No Child","High School or Some College",35,"White",NA,20251,0,1,0,0,0
"138",3841803762122,101,"3841803762122101'",6,2022,"62022",13241.964909,51,0,100,40,1,1,0,0,0,0,"2",1,"Infant",0,"Infant",-1,"No Child",-1,"No Child",-1,"No Child",-1,"No Child","High School or Some College",35,"White",NA,20251,0,1,0,0,0
"139",3841803762122,101,"3841803762122101'",7,2022,"72022",12990.558269,51,0,100,40,1,1,0,0,0,0,"2",1,"Infant",0,"Infant",-1,"No Child",-1,"No Child",-1,"No Child",-1,"No Child","High School or Some College",35,"White",NA,20251,0,1,0,0,0
"140",3841803762122,101,"3841803762122101'",8,2022,"82022",13081.717023,51,0,100,40,1,1,0,0,0,0,"2",1,"Infant",0,"Infant",-1,"No Child",-1,"No Child",-1,"No Child",-1,"No Child","High School or Some College",35,"White",NA,20251,0,1,0,0,0
"141",3841803762122,101,"3841803762122101'",9,2022,"92022",12838.294099,51,0,100,0,1,1,0,0,0,0,"2",1,"Infant",0,"Infant",-1,"No Child",-1,"No Child",-1,"No Child",-1,"No Child","High School or Some College",35,"White",NA,17123,0,1,0,0,0
"142",3841803762122,101,"3841803762122101'",10,2022,"102022",13048.554979,51,0,100,0,1,1,0,0,0,0,"2",1,"Infant",0,"Infant",-1,"No Child",-1,"No Child",-1,"No Child",-1,"No Child","High School or Some College",35,"White",NA,16775,0,1,0,0,0
"143",3841803762122,101,"3841803762122101'",11,2022,"112022",13232.684359,51,0,100,0,1,1,0,0,0,0,"2",1,"Infant",0,"Infant",-1,"No Child",-1,"No Child",-1,"No Child",-1,"No Child","High School or Some College",35,"White",NA,16775,0,1,0,0,0
"144",3841803762122,101,"3841803762122101'",12,2022,"122022",13198.245865,51,0,100,0,1,1,0,0,0,0,"2",1,"Infant",0,"Infant",-1,"No Child",-1,"No Child",-1,"No Child",-1,"No Child","High School or Some College",35,"White",NA,16775,0,1,0,0,0
"145",3841803762122,102,"3841803762122102'",1,2022,"12022",13024.189966,51,0,100,40,1,0,0,0,0,0,"1",0,"Infant",-1,"No Child",-1,"No Child",-1,"No Child",-1,"No Child",-1,"No Child","High School or Some College",34,"White",NA,20251,0,0,0,0,0
"146",3841803762122,102,"3841803762122102'",2,2022,"22022",13208.533481,51,0,100,40,1,0,0,0,0,0,"1",0,"Infant",-1,"No Child",-1,"No Child",-1,"No Child",-1,"No Child",-1,"No Child","High School or Some College",34,"White",NA,20251,0,0,0,0,0
"147",3841803762122,102,"3841803762122102'",3,2022,"32022",13361.078113,51,0,100,40,1,0,0,0,0,0,"1",0,"Infant",-1,"No Child",-1,"No Child",-1,"No Child",-1,"No Child",-1,"No Child","High School or Some College",34,"White",NA,20251,0,0,0,0,0
"148",3841803762122,102,"3841803762122102'",4,2022,"42022",13340.682246,51,0,100,40,1,0,0,0,0,0,"1",0,"Infant",-1,"No Child",-1,"No Child",-1,"No Child",-1,"No Child",-1,"No Child","High School or Some College",34,"White",NA,20251,0,0,0,0,0
"149",3841803762122,102,"3841803762122102'",5,2022,"52022",13262.561658,51,0,100,40,1,0,0,0,0,0,"1",0,"Infant",-1,"No Child",-1,"No Child",-1,"No Child",-1,"No Child",-1,"No Child","High School or Some College",34,"White",NA,20251,0,0,0,0,0
"150",3841803762122,102,"3841803762122102'",6,2022,"62022",13241.964909,51,0,100,40,1,0,0,0,0,0,"1",0,"Infant",-1,"No Child",-1,"No Child",-1,"No Child",-1,"No Child",-1,"No Child","High School or Some College",34,"White",NA,20251,0,0,0,0,0
"151",3841803762122,102,"3841803762122102'",7,2022,"72022",12990.558269,51,0,100,40,1,0,0,0,0,0,"1",0,"Infant",-1,"No Child",-1,"No Child",-1,"No Child",-1,"No Child",-1,"No Child","High School or Some College",34,"White",NA,20251,0,0,0,0,0
"152",3841803762122,102,"3841803762122102'",8,2022,"82022",13081.717023,51,0,100,40,1,0,0,0,0,0,"1",0,"Infant",-1,"No Child",-1,"No Child",-1,"No Child",-1,"No Child",-1,"No Child","High School or Some College",34,"White",NA,20251,0,0,0,0,0
"153",3841803762122,102,"3841803762122102'",9,2022,"92022",12838.294099,51,0,100,40,1,0,0,0,0,0,"1",0,"Infant",-1,"No Child",-1,"No Child",-1,"No Child",-1,"No Child",-1,"No Child","High School or Some College",34,"White",NA,17123,0,0,0,0,0
"154",3841803762122,102,"3841803762122102'",10,2022,"102022",13048.554979,51,0,100,40,1,0,0,0,0,0,"1",0,"Infant",-1,"No Child",-1,"No Child",-1,"No Child",-1,"No Child",-1,"No Child","High School or Some College",34,"White",NA,16775,0,0,0,0,0
"155",3841803762122,102,"3841803762122102'",11,2022,"112022",13232.684359,51,0,100,40,1,0,0,0,0,0,"1",0,"Infant",-1,"No Child",-1,"No Child",-1,"No Child",-1,"No Child",-1,"No Child","High School or Some College",34,"White",NA,16775,0,0,0,0,0
"156",3841803762122,102,"3841803762122102'",12,2022,"122022",13198.245865,51,0,100,40,1,0,0,0,0,0,"1",0,"Infant",-1,"No Child",-1,"No Child",-1,"No Child",-1,"No Child",-1,"No Child","High School or Some College",34,"White",NA,16775,0,0,0,0,0
"157",3841804947321,101,"3841804947321101'",1,2021,"12021",13177.291789,51,0,0,0,0,1,0,0,0,0,"1",27,"Past Subsidy",3,"Toddler",-1,"No Child",-1,"No Child",-1,"No Child",-1,"No Child","High School or Some College",48,"White",0,6251,0,1,0,0,0
"158",3841804947321,101,"3841804947321101'",2,2021,"22021",13124.426079,51,0,0,0,0,1,0,0,0,0,"1",27,"Past Subsidy",3,"Toddler",-1,"No Child",-1,"No Child",-1,"No Child",-1,"No Child","High School or Some College",48,"White",0,6251,0,1,0,0,0
"159",3841804947321,101,"3841804947321101'",3,2021,"32021",12776.010436,51,0,0,0,0,1,0,0,0,0,"1",27,"Past Subsidy",3,"Toddler",-1,"No Child",-1,"No Child",-1,"No Child",-1,"No Child","High School or Some College",48,"White",0,6251,0,1,0,0,0
"160",3841804947321,101,"3841804947321101'",4,2021,"42021",12884.660697,51,0,0,0,0,1,0,0,0,0,"1",27,"Past Subsidy",3,"Toddler",-1,"No Child",-1,"No Child",-1,"No Child",-1,"No Child","High School or Some College",48,"White",0,6251,0,1,0,0,0
"161",3841804947321,101,"3841804947321101'",5,2021,"52021",13028.017176,51,0,0,0,0,1,0,0,0,0,"1",27,"Past Subsidy",3,"Toddler",-1,"No Child",-1,"No Child",-1,"No Child",-1,"No Child","High School or Some College",48,"White",0,6251,0,1,0,0,0
"162",3841804947321,101,"3841804947321101'",6,2021,"62021",13123.978286,51,0,0,0,0,1,0,0,0,0,"1",27,"Past Subsidy",3,"Toddler",-1,"No Child",-1,"No Child",-1,"No Child",-1,"No Child","High School or Some College",48,"White",0,6251,0,1,0,0,0
"163",3841804947321,101,"3841804947321101'",7,2021,"72021",13334.463095,51,0,0,0,0,1,0,0,0,0,"1",27,"Past Subsidy",3,"Toddler",-1,"No Child",-1,"No Child",-1,"No Child",-1,"No Child","High School or Some College",48,"White",0,6251,0,1,0,0,0
"164",3841804947321,101,"3841804947321101'",8,2021,"82021",13314.736049,51,0,0,0,0,1,0,0,0,0,"1",27,"Past Subsidy",3,"Toddler",-1,"No Child",-1,"No Child",-1,"No Child",-1,"No Child","High School or Some College",48,"White",0,6251,0,1,0,0,0
"165",3841804947321,101,"3841804947321101'",9,2021,"92021",13019.45734,51,0,0,0,0,1,0,0,0,0,"1",27,"Past Subsidy",3,"Toddler",-1,"No Child",-1,"No Child",-1,"No Child",-1,"No Child","High School or Some College",48,"White",0,6251,0,1,0,0,0
"166",3841804947321,101,"3841804947321101'",10,2021,"102021",12881.46189,51,0,0,0,0,1,0,0,0,0,"1",27,"Past Subsidy",3,"Toddler",-1,"No Child",-1,"No Child",-1,"No Child",-1,"No Child","High School or Some College",48,"White",0,4142,0,1,0,0,0
"167",3841804947321,101,"3841804947321101'",11,2021,"112021",12955.858829,51,0,0,0,0,1,0,0,0,0,"1",27,"Past Subsidy",3,"Toddler",-1,"No Child",-1,"No Child",-1,"No Child",-1,"No Child","High School or Some College",48,"White",0,4296,0,1,0,0,0
"168",3841804947321,101,"3841804947321101'",12,2021,"122021",13157.93044,51,0,0,0,0,1,0,0,0,0,"1",27,"Past Subsidy",3,"Toddler",-1,"No Child",-1,"No Child",-1,"No Child",-1,"No Child","High School or Some College",48,"White",0,4343,0,1,0,0,0
"169",3841804947321,103,"3841804947321103'",1,2021,"12021",13177.291789,51,0,100,50,1,0,0,0,0,0,"1",3,"Toddler",-1,"No Child",-1,"No Child",-1,"No Child",-1,"No Child",-1,"No Child","High School or Some College",50,"White",NA,6251,0,0,0,0,0
"170",3841804947321,103,"3841804947321103'",2,2021,"22021",13124.426079,51,0,100,50,1,0,0,0,0,0,"1",3,"Toddler",-1,"No Child",-1,"No Child",-1,"No Child",-1,"No Child",-1,"No Child","High School or Some College",50,"White",NA,6251,0,0,0,0,0
"171",3841804947321,103,"3841804947321103'",3,2021,"32021",12776.010436,51,0,100,50,1,0,0,0,0,0,"1",3,"Toddler",-1,"No Child",-1,"No Child",-1,"No Child",-1,"No Child",-1,"No Child","High School or Some College",50,"White",NA,6251,0,0,0,0,0
"172",3841804947321,103,"3841804947321103'",4,2021,"42021",12884.660697,51,0,100,50,1,0,0,0,0,0,"1",3,"Toddler",-1,"No Child",-1,"No Child",-1,"No Child",-1,"No Child",-1,"No Child","High School or Some College",50,"White",NA,6251,0,0,0,0,0
"173",3841804947321,103,"3841804947321103'",5,2021,"52021",13028.017176,51,0,100,50,1,0,0,0,0,0,"1",3,"Toddler",-1,"No Child",-1,"No Child",-1,"No Child",-1,"No Child",-1,"No Child","High School or Some College",50,"White",NA,6251,0,0,0,0,0
"174",3841804947321,103,"3841804947321103'",6,2021,"62021",13123.978286,51,0,100,50,1,0,0,0,0,0,"1",3,"Toddler",-1,"No Child",-1,"No Child",-1,"No Child",-1,"No Child",-1,"No Child","High School or Some College",50,"White",NA,6251,0,0,0,0,0
"175",3841804947321,103,"3841804947321103'",7,2021,"72021",13334.463095,51,0,100,50,1,0,0,0,0,0,"1",3,"Toddler",-1,"No Child",-1,"No Child",-1,"No Child",-1,"No Child",-1,"No Child","High School or Some College",50,"White",NA,6251,0,0,0,0,0
"176",3841804947321,103,"3841804947321103'",8,2021,"82021",13314.736049,51,0,100,50,1,0,0,0,0,0,"1",3,"Toddler",-1,"No Child",-1,"No Child",-1,"No Child",-1,"No Child",-1,"No Child","High School or Some College",50,"White",NA,6251,0,0,0,0,0
"177",3841804947321,103,"3841804947321103'",9,2021,"92021",13019.45734,51,0,100,50,1,0,0,0,0,0,"1",3,"Toddler",-1,"No Child",-1,"No Child",-1,"No Child",-1,"No Child",-1,"No Child","High School or Some College",50,"White",NA,6251,0,0,0,0,0
"178",3841804947321,103,"3841804947321103'",10,2021,"102021",12881.46189,51,0,100,25,1,0,0,0,0,0,"1",3,"Toddler",-1,"No Child",-1,"No Child",-1,"No Child",-1,"No Child",-1,"No Child","High School or Some College",50,"White",NA,4142,0,0,0,0,0
"179",3841804947321,103,"3841804947321103'",11,2021,"112021",12955.858829,51,0,100,40,1,0,0,0,0,0,"1",3,"Toddler",-1,"No Child",-1,"No Child",-1,"No Child",-1,"No Child",-1,"No Child","High School or Some College",50,"White",NA,4296,0,0,0,0,0
"180",3841804947321,103,"3841804947321103'",12,2021,"122021",13157.93044,51,0,100,40,1,0,0,0,0,0,"1",3,"Toddler",-1,"No Child",-1,"No Child",-1,"No Child",-1,"No Child",-1,"No Child","High School or Some College",50,"White",NA,4343,0,0,0,0,0
"181",3841804969120,101,"3841804969120101'",1,2020,"12020",14059.84801,51,0,100,0,0,0,0,1,1,0,"2",17,"Past Subsidy",17,"Past Subsidy",14,"Past Subsidy",3,"Toddler",2,"Toddler",-1,"No Child","Bachelor’s Degree",46,"White",0,4472,0,1,1,0,0
"182",3841804969120,101,"3841804969120101'",2,2020,"22020",13572.127016,51,0,100,0,0,0,0,1,1,0,"2",17,"Past Subsidy",17,"Past Subsidy",14,"Past Subsidy",3,"Toddler",2,"Toddler",-1,"No Child","Bachelor’s Degree",46,"White",0,4472,0,1,1,0,0
"183",3841804969120,101,"3841804969120101'",3,2020,"32020",13809.830586,51,0,100,0,0,0,0,1,1,0,"2",17,"Past Subsidy",17,"Past Subsidy",14,"Past Subsidy",3,"Toddler",2,"Toddler",-1,"No Child","Bachelor’s Degree",46,"White",0,4472,0,1,1,0,0
"184",3841804969120,101,"3841804969120101'",4,2020,"42020",14143.680605,51,0,100,0,0,0,0,1,1,0,"2",17,"Past Subsidy",17,"Past Subsidy",14,"Past Subsidy",3,"Toddler",2,"Toddler",-1,"No Child","Bachelor’s Degree",46,"White",0,4472,0,1,1,0,0
"185",3841804969120,101,"3841804969120101'",5,2020,"52020",14081.165212,51,0,100,0,0,0,0,1,1,0,"2",17,"Past Subsidy",17,"Past Subsidy",14,"Past Subsidy",3,"Toddler",2,"Toddler",-1,"No Child","Bachelor’s Degree",46,"White",0,4496,0,1,1,0,0
"186",3841804969120,101,"3841804969120101'",6,2020,"62020",14198.823746,51,0,100,0,0,0,0,1,1,0,"2",17,"Past Subsidy",17,"Past Subsidy",14,"Past Subsidy",3,"Toddler",2,"Toddler",-1,"No Child","Bachelor’s Degree",46,"White",0,4723,0,1,1,0,0
"187",3841804969120,101,"3841804969120101'",7,2020,"72020",14687.116438,51,0,100,35,0,0,0,1,1,0,"2",17,"Past Subsidy",17,"Past Subsidy",14,"Past Subsidy",3,"Toddler",2,"Toddler",-1,"No Child","Bachelor’s Degree",46,"White",0,8065,0,1,1,0,0
"188",3841804969120,101,"3841804969120101'",8,2020,"82020",14564.019515,51,0,100,35,0,0,0,1,1,0,"2",17,"Past Subsidy",17,"Past Subsidy",14,"Past Subsidy",3,"Toddler",2,"Toddler",-1,"No Child","Bachelor’s Degree",46,"White",0,8065,0,1,1,0,0
"189",3841804969120,101,"3841804969120101'",9,2020,"92020",14561.719249,51,0,100,35,0,0,0,1,1,0,"2",17,"Past Subsidy",17,"Past Subsidy",14,"Past Subsidy",3,"Toddler",2,"Toddler",-1,"No Child","Bachelor’s Degree",46,"White",0,8742,0,1,1,0,0
"190",3841804969120,101,"3841804969120101'",10,2020,"102020",14555.824797,51,0,100,35,0,0,0,1,1,0,"2",17,"Past Subsidy",17,"Past Subsidy",14,"Past Subsidy",3,"Toddler",2,"Toddler",-1,"No Child","Bachelor’s Degree",46,"White",0,8742,0,1,1,0,0
"191",3841804969120,101,"3841804969120101'",11,2020,"112020",14365.803069,51,0,100,35,0,0,0,1,1,0,"2",17,"Past Subsidy",17,"Past Subsidy",14,"Past Subsidy",3,"Toddler",2,"Toddler",-1,"No Child","Bachelor’s Degree",46,"White",0,8742,0,1,1,0,0
"192",3841804969120,101,"3841804969120101'",12,2020,"122020",14393.441803,51,0,100,35,0,0,0,1,1,0,"2",17,"Past Subsidy",17,"Past Subsidy",14,"Past Subsidy",3,"Toddler",2,"Toddler",-1,"No Child","Bachelor’s Degree",46,"White",0,8742,0,1,1,0,0
"193",3841813669923,101,"3841813669923101'",1,2023,"12023",5394.8452494,51,0,0,0,0,1,0,0,0,0,"1",6,"School Age",4,"Preschool",-1,"No Child",-1,"No Child",-1,"No Child",-1,"No Child","Bachelor’s Degree",37,"Asian",NA,46,0,1,0,0,0
"194",3841813669923,101,"3841813669923101'",2,2023,"22023",5372.1972309,51,0,0,0,0,1,0,0,0,0,"1",6,"School Age",4,"Preschool",-1,"No Child",-1,"No Child",-1,"No Child",-1,"No Child","Bachelor’s Degree",37,"Asian",NA,46,0,1,0,0,0
"195",3841813669923,101,"3841813669923101'",3,2023,"32023",5382.2818758,51,0,0,0,0,1,0,0,0,0,"1",6,"School Age",4,"Preschool",-1,"No Child",-1,"No Child",-1,"No Child",-1,"No Child","Bachelor’s Degree",37,"Asian",NA,46,0,1,0,0,0
"196",3841813669923,101,"3841813669923101'",4,2023,"42023",5318.6457162,51,0,0,0,0,1,0,0,0,0,"1",6,"School Age",4,"Preschool",-1,"No Child",-1,"No Child",-1,"No Child",-1,"No Child","Bachelor’s Degree",37,"Asian",NA,46,0,1,0,0,0
"197",3841813669923,101,"3841813669923101'",5,2023,"52023",5295.4530592,51,0,0,0,0,1,0,0,0,0,"1",6,"School Age",4,"Preschool",-1,"No Child",-1,"No Child",-1,"No Child",-1,"No Child","Bachelor’s Degree",37,"Asian",NA,46,0,1,0,0,0
"198",3841813669923,101,"3841813669923101'",6,2023,"62023",5297.6484013,51,0,0,0,0,1,0,0,0,0,"1",6,"School Age",4,"Preschool",-1,"No Child",-1,"No Child",-1,"No Child",-1,"No Child","Bachelor’s Degree",37,"Asian",NA,46,0,1,0,0,0
"199",3841813669923,101,"3841813669923101'",7,2023,"72023",5197.6781493,51,0,0,0,0,1,0,0,0,0,"1",6,"School Age",4,"Preschool",-1,"No Child",-1,"No Child",-1,"No Child",-1,"No Child","Bachelor’s Degree",37,"Asian",NA,46,0,1,0,0,0
"200",3841813669923,101,"3841813669923101'",8,2023,"82023",5296.9437458,51,0,0,0,0,1,0,0,0,0,"1",6,"School Age",4,"Preschool",-1,"No Child",-1,"No Child",-1,"No Child",-1,"No Child","Bachelor’s Degree",37,"Asian",NA,46,0,1,0,0,0
"201",3841813669923,101,"3841813669923101'",9,2023,"92023",5324.8407191,51,0,0,0,0,1,0,0,0,0,"1",6,"School Age",4,"Preschool",-1,"No Child",-1,"No Child",-1,"No Child",-1,"No Child","Bachelor’s Degree",37,"Asian",NA,46,0,1,0,0,0
"202",3841813669923,101,"3841813669923101'",10,2023,"102023",5410.3176849,51,0,0,0,0,1,0,0,0,0,"1",6,"School Age",4,"Preschool",-1,"No Child",-1,"No Child",-1,"No Child",-1,"No Child","Bachelor’s Degree",37,"Asian",NA,46,0,1,0,0,0
"203",3841813669923,101,"3841813669923101'",11,2023,"112023",5370.5679661,51,0,0,0,0,1,0,0,0,0,"1",6,"School Age",4,"Preschool",-1,"No Child",-1,"No Child",-1,"No Child",-1,"No Child","Bachelor’s Degree",37,"Asian",NA,46,0,1,0,0,0
"204",3841813669923,101,"3841813669923101'",12,2023,"122023",5306.5608921,51,0,0,0,0,1,0,0,0,0,"1",6,"School Age",4,"Preschool",-1,"No Child",-1,"No Child",-1,"No Child",-1,"No Child","Bachelor’s Degree",37,"Asian",NA,46,0,1,0,0,0
"205",3841813669923,102,"3841813669923102'",1,2023,"12023",5394.8452494,51,0,0,0,0,1,0,0,0,0,"1",6,"School Age",4,"Preschool",-1,"No Child",-1,"No Child",-1,"No Child",-1,"No Child","Graduate or Professional Degree",42,"White",NA,46,0,0,0,0,0
"206",3841813669923,102,"3841813669923102'",2,2023,"22023",5372.1972309,51,0,0,0,0,1,0,0,0,0,"1",6,"School Age",4,"Preschool",-1,"No Child",-1,"No Child",-1,"No Child",-1,"No Child","Graduate or Professional Degree",42,"White",NA,46,0,0,0,0,0
"207",3841813669923,102,"3841813669923102'",3,2023,"32023",5382.2818758,51,0,0,0,0,1,0,0,0,0,"1",6,"School Age",4,"Preschool",-1,"No Child",-1,"No Child",-1,"No Child",-1,"No Child","Graduate or Professional Degree",42,"White",NA,46,0,0,0,0,0
"208",3841813669923,102,"3841813669923102'",4,2023,"42023",5318.6457162,51,0,0,0,0,1,0,0,0,0,"1",6,"School Age",4,"Preschool",-1,"No Child",-1,"No Child",-1,"No Child",-1,"No Child","Graduate or Professional Degree",42,"White",NA,46,0,0,0,0,0
"209",3841813669923,102,"3841813669923102'",5,2023,"52023",5295.4530592,51,0,0,0,0,1,0,0,0,0,"1",6,"School Age",4,"Preschool",-1,"No Child",-1,"No Child",-1,"No Child",-1,"No Child","Graduate or Professional Degree",42,"White",NA,46,0,0,0,0,0
"210",3841813669923,102,"3841813669923102'",6,2023,"62023",5297.6484013,51,0,0,0,0,1,0,0,0,0,"1",6,"School Age",4,"Preschool",-1,"No Child",-1,"No Child",-1,"No Child",-1,"No Child","Graduate or Professional Degree",42,"White",NA,46,0,0,0,0,0
"211",3841813669923,102,"3841813669923102'",7,2023,"72023",5197.6781493,51,0,0,0,0,1,0,0,0,0,"1",6,"School Age",4,"Preschool",-1,"No Child",-1,"No Child",-1,"No Child",-1,"No Child","Graduate or Professional Degree",42,"White",NA,46,0,0,0,0,0
"212",3841813669923,102,"3841813669923102'",8,2023,"82023",5296.9437458,51,0,0,0,0,1,0,0,0,0,"1",6,"School Age",4,"Preschool",-1,"No Child",-1,"No Child",-1,"No Child",-1,"No Child","Graduate or Professional Degree",42,"White",NA,46,0,0,0,0,0
"213",3841813669923,102,"3841813669923102'",9,2023,"92023",5324.8407191,51,0,0,0,0,1,0,0,0,0,"1",6,"School Age",4,"Preschool",-1,"No Child",-1,"No Child",-1,"No Child",-1,"No Child","Graduate or Professional Degree",42,"White",NA,46,0,0,0,0,0
"214",3841813669923,102,"3841813669923102'",10,2023,"102023",5410.3176849,51,0,0,0,0,1,0,0,0,0,"1",6,"School Age",4,"Preschool",-1,"No Child",-1,"No Child",-1,"No Child",-1,"No Child","Graduate or Professional Degree",42,"White",NA,46,0,0,0,0,0
"215",3841813669923,102,"3841813669923102'",11,2023,"112023",5370.5679661,51,0,0,0,0,1,0,0,0,0,"1",6,"School Age",4,"Preschool",-1,"No Child",-1,"No Child",-1,"No Child",-1,"No Child","Graduate or Professional Degree",42,"White",NA,46,0,0,0,0,0
"216",3841813669923,102,"3841813669923102'",12,2023,"122023",5306.5608921,51,0,0,0,0,1,0,0,0,0,"1",6,"School Age",4,"Preschool",-1,"No Child",-1,"No Child",-1,"No Child",-1,"No Child","Graduate or Professional Degree",42,"White",NA,46,0,0,0,0,0
"217",3841819969923,101,"3841819969923101'",1,2023,"12023",5694.9704576,51,0,100,48,1,1,0,0,0,0,"2",4,"Preschool",1,"Infant",-1,"No Child",-1,"No Child",-1,"No Child",-1,"No Child","Graduate or Professional Degree",41,"White",NA,5432,1,0,0,0,0
"218",3841819969923,101,"3841819969923101'",2,2023,"22023",5891.4249425,51,0,100,48,1,1,0,0,0,0,"2",4,"Preschool",1,"Infant",-1,"No Child",-1,"No Child",-1,"No Child",-1,"No Child","Graduate or Professional Degree",41,"White",NA,5432,1,0,0,0,0
"219",3841819969923,101,"3841819969923101'",3,2023,"32023",5851.982431,51,0,100,48,1,1,0,0,0,0,"2",4,"Preschool",1,"Infant",-1,"No Child",-1,"No Child",-1,"No Child",-1,"No Child","Graduate or Professional Degree",41,"White",NA,5432,1,0,0,0,0
"220",3841819969923,101,"3841819969923101'",4,2023,"42023",5712.572816,51,0,100,48,1,1,0,0,0,0,"2",4,"Preschool",1,"Infant",-1,"No Child",-1,"No Child",-1,"No Child",-1,"No Child","Graduate or Professional Degree",41,"White",NA,5432,1,0,0,0,0
"221",3841819969923,101,"3841819969923101'",5,2023,"52023",5935.5093314,51,0,100,48,1,1,0,0,0,0,"2",4,"Preschool",1,"Infant",-1,"No Child",-1,"No Child",-1,"No Child",-1,"No Child","Graduate or Professional Degree",41,"White",NA,5432,1,0,0,0,0
"222",3841819969923,101,"3841819969923101'",6,2023,"62023",5985.339833,51,0,100,86.4,1,1,0,0,0,0,"2",4,"Preschool",1,"Infant",-1,"No Child",-1,"No Child",-1,"No Child",-1,"No Child","Graduate or Professional Degree",41,"White",NA,38818,1,0,0,0,0
"223",3841819969923,101,"3841819969923101'",7,2023,"72023",5890.5250381,51,0,100,96,1,1,0,0,0,0,"2",4,"Preschool",1,"Infant",-1,"No Child",-1,"No Child",-1,"No Child",-1,"No Child","Graduate or Professional Degree",41,"White",NA,42712,1,0,0,0,0
"224",3841819969923,101,"3841819969923101'",8,2023,"82023",5922.6457949,51,0,100,48,1,1,0,0,0,0,"2",4,"Preschool",1,"Infant",-1,"No Child",-1,"No Child",-1,"No Child",-1,"No Child","Graduate or Professional Degree",41,"White",NA,9192,1,0,0,0,0
"225",3841819969923,101,"3841819969923101'",9,2023,"92023",5888.5975968,51,0,100,48,1,1,0,0,0,0,"2",4,"Preschool",1,"Infant",-1,"No Child",-1,"No Child",-1,"No Child",-1,"No Child","Graduate or Professional Degree",41,"White",NA,9192,1,0,0,0,0
"226",3841819969923,101,"3841819969923101'",10,2023,"102023",5984.0847942,51,0,100,48,1,1,0,0,0,0,"2",4,"Preschool",1,"Infant",-1,"No Child",-1,"No Child",-1,"No Child",-1,"No Child","Graduate or Professional Degree",41,"White",NA,9192,1,0,0,0,0
"227",3841819969923,101,"3841819969923101'",11,2023,"112023",5945.4589057,51,0,100,48,1,1,0,0,0,0,"2",4,"Preschool",1,"Infant",-1,"No Child",-1,"No Child",-1,"No Child",-1,"No Child","Graduate or Professional Degree",41,"White",NA,9192,1,0,0,0,0
"228",3841819969923,101,"3841819969923101'",12,2023,"122023",5929.7973955,51,0,100,48,1,1,0,0,0,0,"2",4,"Preschool",1,"Infant",-1,"No Child",-1,"No Child",-1,"No Child",-1,"No Child","Graduate or Professional Degree",41,"White",NA,9192,1,0,0,0,0
"229",3841819969923,102,"3841819969923102'",1,2023,"12023",6186.0361232,51,24,100,40,1,0,0,0,0,0,"1",1,"Infant",-1,"No Child",-1,"No Child",-1,"No Child",-1,"No Child",-1,"No Child","Bachelor’s Degree",32,"White",NA,7178,1,1,0,0,0
"230",3841819969923,102,"3841819969923102'",2,2023,"22023",6256.7129577,51,24,100,40,1,0,0,0,0,0,"1",1,"Infant",-1,"No Child",-1,"No Child",-1,"No Child",-1,"No Child",-1,"No Child","Bachelor’s Degree",32,"White",NA,7418,1,1,0,0,0
"231",3841819969923,102,"3841819969923102'",3,2023,"32023",6275.8355124,51,24,100,40,1,0,0,0,0,0,"1",1,"Infant",-1,"No Child",-1,"No Child",-1,"No Child",-1,"No Child",-1,"No Child","Bachelor’s Degree",32,"White",NA,7470,1,1,0,0,0
"232",3841819969923,102,"3841819969923102'",4,2023,"42023",6262.5457379,51,24,100,40,1,0,0,0,0,0,"1",1,"Infant",-1,"No Child",-1,"No Child",-1,"No Child",-1,"No Child",-1,"No Child","Bachelor’s Degree",32,"White",NA,7470,1,1,0,0,0
"233",3841819969923,102,"3841819969923102'",5,2023,"52023",5935.5093314,51,24,100,0,1,0,0,0,0,0,"1",1,"Infant",-1,"No Child",-1,"No Child",-1,"No Child",-1,"No Child",-1,"No Child","Bachelor’s Degree",32,"White",NA,5432,1,1,0,0,0
"234",3841819969923,102,"3841819969923102'",6,2023,"62023",5985.339833,51,24,100,0,1,0,0,0,0,0,"1",1,"Infant",-1,"No Child",-1,"No Child",-1,"No Child",-1,"No Child",-1,"No Child","Bachelor’s Degree",32,"White",NA,38818,1,1,0,0,0
"235",3841819969923,102,"3841819969923102'",7,2023,"72023",5890.5250381,51,24,100,0,1,0,0,0,0,0,"1",1,"Infant",-1,"No Child",-1,"No Child",-1,"No Child",-1,"No Child",-1,"No Child","Bachelor’s Degree",32,"White",NA,42712,1,1,0,0,0
"236",3841819969923,102,"3841819969923102'",8,2023,"82023",5922.6457949,51,24,100,40,1,0,0,0,0,0,"1",1,"Infant",-1,"No Child",-1,"No Child",-1,"No Child",-1,"No Child",-1,"No Child","Bachelor’s Degree",32,"White",NA,9192,1,1,0,0,0
"237",3841819969923,102,"3841819969923102'",9,2023,"92023",5888.5975968,51,24,100,40,1,0,0,0,0,0,"1",1,"Infant",-1,"No Child",-1,"No Child",-1,"No Child",-1,"No Child",-1,"No Child","Bachelor’s Degree",32,"White",NA,9192,1,1,0,0,0
"238",3841819969923,102,"3841819969923102'",10,2023,"102023",5984.0847942,51,24,100,40,1,0,0,0,0,0,"1",1,"Infant",-1,"No Child",-1,"No Child",-1,"No Child",-1,"No Child",-1,"No Child","Bachelor’s Degree",32,"White",NA,9192,1,1,0,0,0
"239",3841819969923,102,"3841819969923102'",11,2023,"112023",5945.4589057,51,24,100,40,1,0,0,0,0,0,"1",1,"Infant",-1,"No Child",-1,"No Child",-1,"No Child",-1,"No Child",-1,"No Child","Bachelor’s Degree",32,"White",NA,9192,1,1,0,0,0
"240",3841819969923,102,"3841819969923102'",12,2023,"122023",5929.7973955,51,24,100,40,1,0,0,0,0,0,"1",1,"Infant",-1,"No Child",-1,"No Child",-1,"No Child",-1,"No Child",-1,"No Child","Bachelor’s Degree",32,"White",NA,9192,1,1,0,0,0
"241",3841832053823,101,"3841832053823101'",1,2023,"12023",9714.8152169,51,0,0,0,1,0,0,0,0,0,"1",3,"Toddler",-1,"No Child",-1,"No Child",-1,"No Child",-1,"No Child",-1,"No Child","High School or Some College",32,"Black",NA,0,1,0,0,0,0
"242",3841832053823,101,"3841832053823101'",2,2023,"22023",9806.7606948,51,0,0,0,1,0,0,0,0,0,"1",3,"Toddler",-1,"No Child",-1,"No Child",-1,"No Child",-1,"No Child",-1,"No Child","High School or Some College",32,"Black",NA,0,1,0,0,0,0
"243",3841832053823,101,"3841832053823101'",3,2023,"32023",9917.3773115,51,0,0,0,1,0,0,0,0,0,"1",3,"Toddler",-1,"No Child",-1,"No Child",-1,"No Child",-1,"No Child",-1,"No Child","High School or Some College",32,"Black",NA,0,1,0,0,0,0
"244",3841832053823,101,"3841832053823101'",4,2023,"42023",9858.4168413,51,0,0,0,1,0,0,0,0,0,"1",3,"Toddler",-1,"No Child",-1,"No Child",-1,"No Child",-1,"No Child",-1,"No Child","High School or Some College",32,"Black",NA,0,1,0,0,0,0
"245",3841832053823,101,"3841832053823101'",5,2023,"52023",9930.6712309,51,0,0,0,1,0,0,0,0,0,"1",3,"Toddler",-1,"No Child",-1,"No Child",-1,"No Child",-1,"No Child",-1,"No Child","High School or Some College",32,"Black",NA,0,1,0,0,0,0
"246",3841832053823,101,"3841832053823101'",6,2023,"62023",9511.7314743,51,0,0,0,1,0,0,0,0,0,"1",3,"Toddler",-1,"No Child",-1,"No Child",-1,"No Child",-1,"No Child",-1,"No Child","High School or Some College",32,"Black",NA,0,1,0,0,0,0
"247",3841832053823,101,"3841832053823101'",7,2023,"72023",9701.574732,51,0,0,0,1,0,0,0,0,0,"1",3,"Toddler",-1,"No Child",-1,"No Child",-1,"No Child",-1,"No Child",-1,"No Child","High School or Some College",32,"Black",NA,0,1,0,0,0,0
"248",3841832053823,101,"3841832053823101'",8,2023,"82023",9548.9851016,51,0,0,0,1,0,0,0,0,0,"1",3,"Toddler",-1,"No Child",-1,"No Child",-1,"No Child",-1,"No Child",-1,"No Child","High School or Some College",32,"Black",NA,0,1,0,0,0,0
"249",3841832053823,101,"3841832053823101'",9,2023,"92023",9456.0018185,51,0,0,0,1,0,0,0,0,0,"1",3,"Toddler",-1,"No Child",-1,"No Child",-1,"No Child",-1,"No Child",-1,"No Child","High School or Some College",32,"Black",NA,0,1,0,0,0,0
"250",3841832053823,101,"3841832053823101'",10,2023,"102023",9532.3718524,51,0,0,0,1,0,0,0,0,0,"1",3,"Toddler",-1,"No Child",-1,"No Child",-1,"No Child",-1,"No Child",-1,"No Child","High School or Some College",32,"Black",NA,0,1,0,0,0,0
"251",3841832053823,101,"3841832053823101'",11,2023,"112023",9348.9597844,51,0,0,0,1,0,0,0,0,0,"1",3,"Toddler",-1,"No Child",-1,"No Child",-1,"No Child",-1,"No Child",-1,"No Child","High School or Some College",32,"Black",NA,0,1,0,0,0,0
"252",3841832053823,101,"3841832053823101'",12,2023,"122023",9462.9428575,51,0,0,0,1,0,0,0,0,0,"1",3,"Toddler",-1,"No Child",-1,"No Child",-1,"No Child",-1,"No Child",-1,"No Child","High School or Some College",32,"Black",NA,0,1,0,0,0,0
"253",3841832053823,102,"3841832053823102'",1,2023,"12023",9714.8152169,51,0,0,0,1,0,0,0,0,0,"1",3,"Toddler",-1,"No Child",-1,"No Child",-1,"No Child",-1,"No Child",-1,"No Child","High School or Some College",27,"White",0,0,1,1,0,0,0
"254",3841832053823,102,"3841832053823102'",2,2023,"22023",9806.7606948,51,0,0,0,1,0,0,0,0,0,"1",3,"Toddler",-1,"No Child",-1,"No Child",-1,"No Child",-1,"No Child",-1,"No Child","High School or Some College",27,"White",0,0,1,1,0,0,0
"255",3841832053823,102,"3841832053823102'",3,2023,"32023",9917.3773115,51,0,0,0,1,0,0,0,0,0,"1",3,"Toddler",-1,"No Child",-1,"No Child",-1,"No Child",-1,"No Child",-1,"No Child","High School or Some College",27,"White",0,0,1,1,0,0,0
"256",3841832053823,102,"3841832053823102'",4,2023,"42023",9858.4168413,51,0,0,0,1,0,0,0,0,0,"1",3,"Toddler",-1,"No Child",-1,"No Child",-1,"No Child",-1,"No Child",-1,"No Child","High School or Some College",27,"White",0,0,1,1,0,0,0
"257",3841832053823,102,"3841832053823102'",5,2023,"52023",9930.6712309,51,0,0,0,1,0,0,0,0,0,"1",3,"Toddler",-1,"No Child",-1,"No Child",-1,"No Child",-1,"No Child",-1,"No Child","High School or Some College",27,"White",0,0,1,1,0,0,0
"258",3841832053823,102,"3841832053823102'",6,2023,"62023",9511.7314743,51,0,0,0,1,0,0,0,0,0,"1",3,"Toddler",-1,"No Child",-1,"No Child",-1,"No Child",-1,"No Child",-1,"No Child","High School or Some College",27,"White",0,0,1,1,0,0,0
"259",3841832053823,102,"3841832053823102'",7,2023,"72023",9701.574732,51,0,0,0,1,0,0,0,0,0,"1",3,"Toddler",-1,"No Child",-1,"No Child",-1,"No Child",-1,"No Child",-1,"No Child","High School or Some College",27,"White",0,0,1,1,0,0,0
"260",3841832053823,102,"3841832053823102'",8,2023,"82023",9548.9851016,51,0,0,0,1,0,0,0,0,0,"1",3,"Toddler",-1,"No Child",-1,"No Child",-1,"No Child",-1,"No Child",-1,"No Child","High School or Some College",27,"White",0,0,1,1,0,0,0
"261",3841832053823,102,"3841832053823102'",9,2023,"92023",9456.0018185,51,0,0,0,1,0,0,0,0,0,"1",3,"Toddler",-1,"No Child",-1,"No Child",-1,"No Child",-1,"No Child",-1,"No Child","High School or Some College",27,"White",0,0,1,1,0,0,0
"262",3841832053823,102,"3841832053823102'",10,2023,"102023",9532.3718524,51,0,0,0,1,0,0,0,0,0,"1",3,"Toddler",-1,"No Child",-1,"No Child",-1,"No Child",-1,"No Child",-1,"No Child","High School or Some College",27,"White",0,0,1,1,0,0,0
"263",3841832053823,102,"3841832053823102'",11,2023,"112023",9348.9597844,51,0,0,0,1,0,0,0,0,0,"1",3,"Toddler",-1,"No Child",-1,"No Child",-1,"No Child",-1,"No Child",-1,"No Child","High School or Some College",27,"White",0,0,1,1,0,0,0
"264",3841832053823,102,"3841832053823102'",12,2023,"122023",9462.9428575,51,0,0,0,1,0,0,0,0,0,"1",3,"Toddler",-1,"No Child",-1,"No Child",-1,"No Child",-1,"No Child",-1,"No Child","High School or Some College",27,"White",0,0,1,1,0,0,0
"265",3841835907123,101,"3841835907123101'",1,2023,"12023",5899.9191143,51,0,100,40,1,0,0,0,0,0,"1",1,"Infant",-1,"No Child",-1,"No Child",-1,"No Child",-1,"No Child",-1,"No Child","Bachelor’s Degree",38,"Asian",NA,11565,0,1,0,0,1
"266",3841835907123,101,"3841835907123101'",2,2023,"22023",5921.461281,51,0,100,40,1,0,0,0,0,0,"1",1,"Infant",-1,"No Child",-1,"No Child",-1,"No Child",-1,"No Child",-1,"No Child","Bachelor’s Degree",38,"Asian",NA,11565,0,1,0,0,1
"267",3841835907123,101,"3841835907123101'",3,2023,"32023",5960.0061197,51,0,100,40,1,0,0,0,0,0,"1",1,"Infant",-1,"No Child",-1,"No Child",-1,"No Child",-1,"No Child",-1,"No Child","Bachelor’s Degree",38,"Asian",NA,11616,0,1,0,0,1
"268",3841835907123,101,"3841835907123101'",4,2023,"42023",5837.9976943,51,0,100,40,1,0,0,0,0,0,"1",1,"Infant",-1,"No Child",-1,"No Child",-1,"No Child",-1,"No Child",-1,"No Child","Bachelor’s Degree",38,"Asian",NA,11882,0,1,0,0,1
"269",3841835907123,101,"3841835907123101'",5,2023,"52023",5781.2540147,51,0,100,40,1,0,0,0,0,0,"1",1,"Infant",-1,"No Child",-1,"No Child",-1,"No Child",-1,"No Child",-1,"No Child","Bachelor’s Degree",38,"Asian",NA,10871,0,1,0,0,1
"270",3841835907123,101,"3841835907123101'",6,2023,"62023",5737.1216018,51,0,100,0,1,0,0,0,0,0,"1",1,"Infant",-1,"No Child",-1,"No Child",-1,"No Child",-1,"No Child",-1,"No Child","Bachelor’s Degree",38,"Asian",NA,1437,0,1,0,0,1
"271",3841835907123,101,"3841835907123101'",7,2023,"72023",5674.0698283,51,0,100,40,1,0,0,0,0,0,"1",1,"Infant",-1,"No Child",-1,"No Child",-1,"No Child",-1,"No Child",-1,"No Child","Bachelor’s Degree",38,"Asian",NA,11208,0,1,0,0,1
"272",3841835907123,101,"3841835907123101'",8,2023,"82023",5686.4144834,51,0,100,40,1,0,0,0,0,0,"1",1,"Infant",-1,"No Child",-1,"No Child",-1,"No Child",-1,"No Child",-1,"No Child","Bachelor’s Degree",38,"Asian",NA,11882,0,1,0,0,1
"273",3841835907123,101,"3841835907123101'",9,2023,"92023",5688.2958735,51,0,100,0,1,0,0,0,0,0,"1",1,"Infant",-1,"No Child",-1,"No Child",-1,"No Child",-1,"No Child",-1,"No Child","Bachelor’s Degree",38,"Asian",NA,1437,0,1,0,0,0
"274",3841835907123,101,"3841835907123101'",10,2023,"102023",5856.8647777,51,0,100,0,1,0,0,0,0,0,"1",1,"Infant",-1,"No Child",-1,"No Child",-1,"No Child",-1,"No Child",-1,"No Child","Bachelor’s Degree",38,"Asian",NA,1437,0,1,0,0,0
"275",3841835907123,101,"3841835907123101'",11,2023,"112023",5891.2879625,51,0,100,0,1,0,0,0,0,0,"1",1,"Infant",-1,"No Child",-1,"No Child",-1,"No Child",-1,"No Child",-1,"No Child","Bachelor’s Degree",38,"Asian",NA,1437,0,1,0,0,0
"276",3841835907123,101,"3841835907123101'",12,2023,"122023",5844.3422477,51,0,100,0,1,0,0,0,0,0,"1",1,"Infant",-1,"No Child",-1,"No Child",-1,"No Child",-1,"No Child",-1,"No Child","Bachelor’s Degree",38,"Asian",NA,1437,0,1,0,0,0
"277",3841835907123,102,"3841835907123102'",1,2023,"12023",5899.9191143,51,0,100,40,1,0,0,0,0,0,"1",1,"Infant",-1,"No Child",-1,"No Child",-1,"No Child",-1,"No Child",-1,"No Child","Graduate or Professional Degree",36,"Asian",NA,11565,0,0,0,0,0
"278",3841835907123,102,"3841835907123102'",2,2023,"22023",5921.461281,51,0,100,40,1,0,0,0,0,0,"1",1,"Infant",-1,"No Child",-1,"No Child",-1,"No Child",-1,"No Child",-1,"No Child","Graduate or Professional Degree",36,"Asian",NA,11565,0,0,0,0,0
"279",3841835907123,102,"3841835907123102'",3,2023,"32023",5960.0061197,51,0,100,40,1,0,0,0,0,0,"1",1,"Infant",-1,"No Child",-1,"No Child",-1,"No Child",-1,"No Child",-1,"No Child","Graduate or Professional Degree",36,"Asian",NA,11616,0,0,0,0,0
"280",3841835907123,102,"3841835907123102'",4,2023,"42023",5837.9976943,51,0,100,40,1,0,0,0,0,0,"1",1,"Infant",-1,"No Child",-1,"No Child",-1,"No Child",-1,"No Child",-1,"No Child","Graduate or Professional Degree",36,"Asian",NA,11882,0,0,0,0,0
"281",3841835907123,102,"3841835907123102'",5,2023,"52023",5781.2540147,51,0,100,40,1,0,0,0,0,0,"1",1,"Infant",-1,"No Child",-1,"No Child",-1,"No Child",-1,"No Child",-1,"No Child","Graduate or Professional Degree",36,"Asian",NA,10871,0,0,0,0,0
"282",3841835907123,102,"3841835907123102'",6,2023,"62023",5737.1216018,51,0,100,40,1,0,0,0,0,0,"1",1,"Infant",-1,"No Child",-1,"No Child",-1,"No Child",-1,"No Child",-1,"No Child","Graduate or Professional Degree",36,"Asian",NA,1437,0,0,0,0,0
"283",3841835907123,102,"3841835907123102'",7,2023,"72023",5674.0698283,51,0,100,40,1,0,0,0,0,0,"1",1,"Infant",-1,"No Child",-1,"No Child",-1,"No Child",-1,"No Child",-1,"No Child","Graduate or Professional Degree",36,"Asian",NA,11208,0,0,0,0,0
"284",3841835907123,102,"3841835907123102'",8,2023,"82023",5686.4144834,51,0,100,40,1,0,0,0,0,0,"1",1,"Infant",-1,"No Child",-1,"No Child",-1,"No Child",-1,"No Child",-1,"No Child","Graduate or Professional Degree",36,"Asian",NA,11882,0,0,0,0,0
"285",3841835907123,102,"3841835907123102'",9,2023,"92023",5688.2958735,51,0,100,40,1,0,0,0,0,0,"1",1,"Infant",-1,"No Child",-1,"No Child",-1,"No Child",-1,"No Child",-1,"No Child","Graduate or Professional Degree",36,"Asian",NA,1437,0,0,0,0,0
"286",3841835907123,102,"3841835907123102'",10,2023,"102023",5856.8647777,51,0,100,16,1,0,0,0,0,0,"1",1,"Infant",-1,"No Child",-1,"No Child",-1,"No Child",-1,"No Child",-1,"No Child","Graduate or Professional Degree",36,"Asian",NA,1437,0,0,0,0,0
"287",3841835907123,102,"3841835907123102'",11,2023,"112023",5891.2879625,51,0,100,8,1,0,0,0,0,0,"1",1,"Infant",-1,"No Child",-1,"No Child",-1,"No Child",-1,"No Child",-1,"No Child","Graduate or Professional Degree",36,"Asian",NA,1437,0,0,0,0,0
"288",3841835907123,102,"3841835907123102'",12,2023,"122023",5844.3422477,51,0,100,8,1,0,0,0,0,0,"1",1,"Infant",-1,"No Child",-1,"No Child",-1,"No Child",-1,"No Child",-1,"No Child","Graduate or Professional Degree",36,"Asian",NA,1437,0,0,0,0,0
"289",3841847294823,101,"3841847294823101'",1,2023,"12023",7660.627139,51,0,100,40,1,0,0,0,0,0,"1",1,"Infant",-1,"No Child",-1,"No Child",-1,"No Child",-1,"No Child",-1,"No Child","High School or Some College",34,"Black",NA,2021,1,0,1,0,0
"290",3841847294823,101,"3841847294823101'",2,2023,"22023",7820.9865311,51,0,100,40,1,0,0,0,0,0,"1",1,"Infant",-1,"No Child",-1,"No Child",-1,"No Child",-1,"No Child",-1,"No Child","High School or Some College",34,"Black",NA,2021,1,0,1,0,0
"291",3841847294823,101,"3841847294823101'",3,2023,"32023",7851.479591,51,0,100,40,1,0,0,0,0,0,"1",1,"Infant",-1,"No Child",-1,"No Child",-1,"No Child",-1,"No Child",-1,"No Child","High School or Some College",34,"Black",NA,2021,1,0,1,0,0
"292",3841847294823,101,"3841847294823101'",4,2023,"42023",7764.5118763,51,0,100,40,1,0,0,0,0,0,"1",1,"Infant",-1,"No Child",-1,"No Child",-1,"No Child",-1,"No Child",-1,"No Child","High School or Some College",34,"Black",NA,2021,1,0,1,0,0
"293",3841847294823,101,"3841847294823101'",5,2023,"52023",7925.5567064,51,0,100,40,1,0,0,0,0,0,"1",1,"Infant",-1,"No Child",-1,"No Child",-1,"No Child",-1,"No Child",-1,"No Child","High School or Some College",34,"Black",NA,2021,1,0,1,0,0
"294",3841847294823,101,"3841847294823101'",6,2023,"62023",7339.8133554,51,0,100,40,1,0,0,0,0,0,"1",1,"Infant",-1,"No Child",-1,"No Child",-1,"No Child",-1,"No Child",-1,"No Child","High School or Some College",34,"Black",NA,2021,1,0,1,0,0
"295",3841847294823,101,"3841847294823101'",7,2023,"72023",7518.4091623,51,0,100,40,1,0,0,0,0,0,"1",1,"Infant",-1,"No Child",-1,"No Child",-1,"No Child",-1,"No Child",-1,"No Child","High School or Some College",34,"Black",NA,2021,1,0,1,0,0
"296",3841847294823,101,"3841847294823101'",8,2023,"82023",7366.6825565,51,0,100,40,1,0,0,0,0,0,"1",1,"Infant",-1,"No Child",-1,"No Child",-1,"No Child",-1,"No Child",-1,"No Child","High School or Some College",34,"Black",NA,2021,1,0,1,0,0
"297",3841847294823,101,"3841847294823101'",9,2023,"92023",7283.3692132,51,0,100,40,1,0,0,0,0,0,"1",1,"Infant",-1,"No Child",-1,"No Child",-1,"No Child",-1,"No Child",-1,"No Child","High School or Some College",34,"Black",NA,2021,1,0,1,0,0
"298",3841847294823,101,"3841847294823101'",10,2023,"102023",7290.4284853,51,0,100,40,1,0,0,0,0,0,"1",1,"Infant",-1,"No Child",-1,"No Child",-1,"No Child",-1,"No Child",-1,"No Child","High School or Some College",34,"Black",NA,2021,1,0,1,0,0
"299",3841847294823,101,"3841847294823101'",11,2023,"112023",7046.9429922,51,0,100,40,1,0,0,0,0,0,"1",1,"Infant",-1,"No Child",-1,"No Child",-1,"No Child",-1,"No Child",-1,"No Child","High School or Some College",34,"Black",NA,2021,1,0,1,0,0
"300",3841847294823,101,"3841847294823101'",12,2023,"122023",7156.4768588,51,0,100,40,1,0,0,0,0,0,"1",1,"Infant",-1,"No Child",-1,"No Child",-1,"No Child",-1,"No Child",-1,"No Child","High School or Some College",34,"Black",NA,2278,1,0,1,0,0
"301",3841847294823,102,"3841847294823102'",1,2023,"12023",3372.7742212,51,0,0,0,1,0,0,0,0,0,"1",1,"Infant",-1,"No Child",-1,"No Child",-1,"No Child",-1,"No Child",-1,"No Child","High School or Some College",33,"White",0,2021,1,1,1,0,0
"302",3841847294823,102,"3841847294823102'",2,2023,"22023",3411.3089146,51,0,0,0,1,0,0,0,0,0,"1",1,"Infant",-1,"No Child",-1,"No Child",-1,"No Child",-1,"No Child",-1,"No Child","High School or Some College",33,"White",0,2021,1,1,1,0,0
"303",3841847294823,102,"3841847294823102'",3,2023,"32023",3421.7349868,51,0,0,0,1,0,0,0,0,0,"1",1,"Infant",-1,"No Child",-1,"No Child",-1,"No Child",-1,"No Child",-1,"No Child","High School or Some College",33,"White",0,2021,1,1,1,0,0
"304",3841847294823,102,"3841847294823102'",4,2023,"42023",3414.4890853,51,0,0,0,1,0,0,0,0,0,"1",1,"Infant",-1,"No Child",-1,"No Child",-1,"No Child",-1,"No Child",-1,"No Child","High School or Some College",33,"White",0,2021,1,1,1,0,0
"305",3841847294823,102,"3841847294823102'",5,2023,"52023",3313.9937084,51,0,0,0,1,0,0,0,0,0,"1",1,"Infant",-1,"No Child",-1,"No Child",-1,"No Child",-1,"No Child",-1,"No Child","High School or Some College",33,"White",0,2021,1,1,1,0,0
"306",3841847294823,102,"3841847294823102'",6,2023,"62023",3407.4370469,51,0,0,0,1,0,0,0,0,0,"1",1,"Infant",-1,"No Child",-1,"No Child",-1,"No Child",-1,"No Child",-1,"No Child","High School or Some College",33,"White",0,2021,1,1,1,0,0
"307",3841847294823,102,"3841847294823102'",7,2023,"72023",3387.3319325,51,0,0,0,1,0,0,0,0,0,"1",1,"Infant",-1,"No Child",-1,"No Child",-1,"No Child",-1,"No Child",-1,"No Child","High School or Some College",33,"White",0,2021,1,1,1,0,0
"308",3841847294823,102,"3841847294823102'",8,2023,"82023",3342.4702709,51,0,0,0,1,0,0,0,0,0,"1",1,"Infant",-1,"No Child",-1,"No Child",-1,"No Child",-1,"No Child",-1,"No Child","High School or Some College",33,"White",0,2021,1,1,1,0,0
"309",3841847294823,102,"3841847294823102'",9,2023,"92023",3293.9136236,51,0,0,0,1,0,0,0,0,0,"1",1,"Infant",-1,"No Child",-1,"No Child",-1,"No Child",-1,"No Child",-1,"No Child","High School or Some College",33,"White",0,2021,1,1,1,0,0
"310",3841847294823,102,"3841847294823102'",10,2023,"102023",3388.3082423,51,0,0,0,1,0,0,0,0,0,"1",1,"Infant",-1,"No Child",-1,"No Child",-1,"No Child",-1,"No Child",-1,"No Child","High School or Some College",33,"White",0,2021,1,1,1,0,0
"311",3841847294823,102,"3841847294823102'",11,2023,"112023",3415.6772366,51,0,0,0,1,0,0,0,0,0,"1",1,"Infant",-1,"No Child",-1,"No Child",-1,"No Child",-1,"No Child",-1,"No Child","High School or Some College",33,"White",0,2021,1,1,1,0,0
"312",3841847294823,102,"3841847294823102'",12,2023,"122023",3444.3922756,51,0,0,0,1,0,0,0,0,0,"1",1,"Infant",-1,"No Child",-1,"No Child",-1,"No Child",-1,"No Child",-1,"No Child","High School or Some College",33,"White",0,2278,1,1,1,0,0
"313",3841859794821,101,"3841859794821101'",1,2021,"12021",8567.2955385,51,0,100,38,0,1,0,0,0,0,"1",7,"School Age",5,"Preschool",-1,"No Child",-1,"No Child",-1,"No Child",-1,"No Child","Bachelor’s Degree",38,"White",NA,4733,0,0,0,0,0
"314",3841859794821,101,"3841859794821101'",2,2021,"22021",8673.7807813,51,0,100,38,0,1,0,0,0,0,"1",7,"School Age",5,"Preschool",-1,"No Child",-1,"No Child",-1,"No Child",-1,"No Child","Bachelor’s Degree",38,"White",NA,4733,0,0,0,0,0
"315",3841859794821,101,"3841859794821101'",3,2021,"32021",8807.0724246,51,0,100,38,0,1,0,0,0,0,"1",7,"School Age",5,"Preschool",-1,"No Child",-1,"No Child",-1,"No Child",-1,"No Child","Bachelor’s Degree",38,"White",NA,4733,0,0,0,0,0
"316",3841859794821,101,"3841859794821101'",4,2021,"42021",8687.7293926,51,0,100,38,0,1,0,0,0,0,"1",7,"School Age",5,"Preschool",-1,"No Child",-1,"No Child",-1,"No Child",-1,"No Child","Bachelor’s Degree",38,"White",NA,4733,0,0,0,0,0
"317",3841859794821,101,"3841859794821101'",5,2021,"52021",8720.6720684,51,0,100,38,0,1,0,0,0,0,"1",7,"School Age",5,"Preschool",-1,"No Child",-1,"No Child",-1,"No Child",-1,"No Child","Bachelor’s Degree",38,"White",NA,4733,0,0,0,0,0
"318",3841859794821,101,"3841859794821101'",6,2021,"62021",8732.6535731,51,0,100,38,0,1,0,0,0,0,"1",7,"School Age",5,"Preschool",-1,"No Child",-1,"No Child",-1,"No Child",-1,"No Child","Bachelor’s Degree",38,"White",NA,4733,0,0,0,0,0
"319",3841859794821,101,"3841859794821101'",7,2021,"72021",8860.5937651,51,0,100,38,0,1,0,0,0,0,"1",7,"School Age",5,"Preschool",-1,"No Child",-1,"No Child",-1,"No Child",-1,"No Child","Bachelor’s Degree",38,"White",NA,4733,0,0,0,0,0
"320",3841859794821,101,"3841859794821101'",8,2021,"82021",8830.8618498,51,0,100,38,0,1,0,0,0,0,"1",7,"School Age",5,"Preschool",-1,"No Child",-1,"No Child",-1,"No Child",-1,"No Child","Bachelor’s Degree",38,"White",NA,4733,0,0,0,0,0
"321",3841859794821,101,"3841859794821101'",9,2021,"92021",8638.8233244,51,0,100,38,0,1,0,0,0,0,"1",7,"School Age",5,"Preschool",-1,"No Child",-1,"No Child",-1,"No Child",-1,"No Child","Bachelor’s Degree",38,"White",NA,4733,0,0,0,0,0
"322",3841859794821,101,"3841859794821101'",10,2021,"102021",8738.056325,51,0,100,38,0,1,0,0,0,0,"1",7,"School Age",5,"Preschool",-1,"No Child",-1,"No Child",-1,"No Child",-1,"No Child","Bachelor’s Degree",38,"White",NA,4733,0,0,0,0,0
"323",3841859794821,101,"3841859794821101'",11,2021,"112021",8709.0861967,51,0,100,38,0,1,0,0,0,0,"1",7,"School Age",5,"Preschool",-1,"No Child",-1,"No Child",-1,"No Child",-1,"No Child","Bachelor’s Degree",38,"White",NA,6558,0,0,0,0,0
"324",3841859794821,101,"3841859794821101'",12,2021,"122021",8723.9633814,51,0,100,38,0,1,0,0,0,0,"1",7,"School Age",5,"Preschool",-1,"No Child",-1,"No Child",-1,"No Child",-1,"No Child","Bachelor’s Degree",38,"White",NA,6558,0,0,0,0,0
"325",3841859794821,102,"3841859794821102'",1,2021,"12021",8567.2955385,51,0,100,0,0,1,0,0,0,0,"1",7,"School Age",5,"Preschool",-1,"No Child",-1,"No Child",-1,"No Child",-1,"No Child","High School or Some College",29,"White",NA,4733,0,1,0,0,0
"326",3841859794821,102,"3841859794821102'",2,2021,"22021",8673.7807813,51,0,100,0,0,1,0,0,0,0,"1",7,"School Age",5,"Preschool",-1,"No Child",-1,"No Child",-1,"No Child",-1,"No Child","High School or Some College",29,"White",NA,4733,0,1,0,0,0
"327",3841859794821,102,"3841859794821102'",3,2021,"32021",8807.0724246,51,0,100,0,0,1,0,0,0,0,"1",7,"School Age",5,"Preschool",-1,"No Child",-1,"No Child",-1,"No Child",-1,"No Child","High School or Some College",29,"White",NA,4733,0,1,0,0,0
"328",3841859794821,102,"3841859794821102'",4,2021,"42021",8687.7293926,51,0,100,0,0,1,0,0,0,0,"1",7,"School Age",5,"Preschool",-1,"No Child",-1,"No Child",-1,"No Child",-1,"No Child","High School or Some College",29,"White",NA,4733,0,1,0,0,0
"329",3841859794821,102,"3841859794821102'",5,2021,"52021",8720.6720684,51,0,100,0,0,1,0,0,0,0,"1",7,"School Age",5,"Preschool",-1,"No Child",-1,"No Child",-1,"No Child",-1,"No Child","High School or Some College",29,"White",NA,4733,0,1,0,0,0
"330",3841859794821,102,"3841859794821102'",6,2021,"62021",8732.6535731,51,0,100,0,0,1,0,0,0,0,"1",7,"School Age",5,"Preschool",-1,"No Child",-1,"No Child",-1,"No Child",-1,"No Child","High School or Some College",29,"White",NA,4733,0,1,0,0,0
"331",3841859794821,102,"3841859794821102'",7,2021,"72021",8860.5937651,51,0,100,0,0,1,0,0,0,0,"1",7,"School Age",5,"Preschool",-1,"No Child",-1,"No Child",-1,"No Child",-1,"No Child","High School or Some College",29,"White",NA,4733,0,1,0,0,0
"332",3841859794821,102,"3841859794821102'",8,2021,"82021",8830.8618498,51,0,100,0,0,1,0,0,0,0,"1",7,"School Age",5,"Preschool",-1,"No Child",-1,"No Child",-1,"No Child",-1,"No Child","High School or Some College",29,"White",NA,4733,0,1,0,0,0
"333",3841859794821,102,"3841859794821102'",9,2021,"92021",8638.8233244,51,0,100,0,0,1,0,0,0,0,"1",7,"School Age",5,"Preschool",-1,"No Child",-1,"No Child",-1,"No Child",-1,"No Child","High School or Some College",29,"White",NA,4733,0,1,0,0,0
"334",3841859794821,102,"3841859794821102'",10,2021,"102021",8738.056325,51,0,100,0,0,1,0,0,0,0,"1",7,"School Age",5,"Preschool",-1,"No Child",-1,"No Child",-1,"No Child",-1,"No Child","High School or Some College",29,"White",NA,4733,0,1,0,0,0
"335",3841859794821,102,"3841859794821102'",11,2021,"112021",8709.0861967,51,0,100,25,0,1,0,0,0,0,"1",7,"School Age",5,"Preschool",-1,"No Child",-1,"No Child",-1,"No Child",-1,"No Child","High School or Some College",29,"White",NA,6558,0,1,0,0,0
"336",3841859794821,102,"3841859794821102'",12,2021,"122021",8723.9633814,51,0,100,25,0,1,0,0,0,0,"1",7,"School Age",5,"Preschool",-1,"No Child",-1,"No Child",-1,"No Child",-1,"No Child","High School or Some College",29,"White",NA,6558,0,1,0,0,0
"337",3841862518022,101,"3841862518022101'",1,2022,"12022",19010.91487,51,0,100,0,1,0,0,0,0,0,"1",0,"Infant",-1,"No Child",-1,"No Child",-1,"No Child",-1,"No Child",-1,"No Child","High School or Some College",33,"White",0,9986,0,1,0,0,0
"338",3841862518022,101,"3841862518022101'",2,2022,"22022",19284.971209,51,0,100,0,1,0,0,0,0,0,"1",0,"Infant",-1,"No Child",-1,"No Child",-1,"No Child",-1,"No Child",-1,"No Child","High School or Some College",33,"White",0,9986,0,1,0,0,0
"339",3841862518022,101,"3841862518022101'",3,2022,"32022",19517.958039,51,0,100,0,1,0,0,0,0,0,"1",0,"Infant",-1,"No Child",-1,"No Child",-1,"No Child",-1,"No Child",-1,"No Child","High School or Some College",33,"White",0,9986,0,1,0,0,0
"340",3841862518022,101,"3841862518022101'",4,2022,"42022",19348.821899,51,0,100,35,1,0,0,0,0,0,"1",0,"Infant",-1,"No Child",-1,"No Child",-1,"No Child",-1,"No Child",-1,"No Child","High School or Some College",33,"White",0,15497,0,1,0,0,0
"341",3841862518022,101,"3841862518022101'",5,2022,"52022",19322.444622,51,0,100,35,1,0,0,0,0,0,"1",0,"Infant",-1,"No Child",-1,"No Child",-1,"No Child",-1,"No Child",-1,"No Child","High School or Some College",33,"White",0,15891,0,1,0,0,0
"342",3841862518022,101,"3841862518022101'",6,2022,"62022",19305.818332,51,0,100,35,1,0,0,0,0,0,"1",0,"Infant",-1,"No Child",-1,"No Child",-1,"No Child",-1,"No Child",-1,"No Child","High School or Some College",33,"White",0,15891,0,1,0,0,0
"343",3841862518022,101,"3841862518022101'",7,2022,"72022",18999.188918,51,0,100,35,1,0,0,0,0,0,"1",0,"Infant",-1,"No Child",-1,"No Child",-1,"No Child",-1,"No Child",-1,"No Child","High School or Some College",33,"White",0,6980,0,1,0,0,0
"344",3841862518022,101,"3841862518022101'",8,2022,"82022",19061.750538,51,0,100,35,1,0,0,0,0,0,"1",0,"Infant",-1,"No Child",-1,"No Child",-1,"No Child",-1,"No Child",-1,"No Child","High School or Some College",33,"White",0,7577,0,1,0,0,0
"345",3841862518022,101,"3841862518022101'",9,2022,"92022",18723.453776,51,0,100,35,1,0,0,0,0,0,"1",0,"Infant",-1,"No Child",-1,"No Child",-1,"No Child",-1,"No Child",-1,"No Child","High School or Some College",33,"White",0,7576,0,1,0,0,0
"346",3841862518022,101,"3841862518022101'",10,2022,"102022",19097.322957,51,0,100,35,1,0,0,0,0,0,"1",0,"Infant",-1,"No Child",-1,"No Child",-1,"No Child",-1,"No Child",-1,"No Child","High School or Some College",33,"White",0,8223,0,1,0,0,0
"347",3841862518022,101,"3841862518022101'",11,2022,"112022",19371.27598,51,0,100,35,1,0,0,0,0,0,"1",0,"Infant",-1,"No Child",-1,"No Child",-1,"No Child",-1,"No Child",-1,"No Child","High School or Some College",33,"White",0,17603,0,1,0,0,0
"348",3841862518022,101,"3841862518022101'",12,2022,"122022",19477.401242,51,0,100,35,1,0,0,0,0,0,"1",0,"Infant",-1,"No Child",-1,"No Child",-1,"No Child",-1,"No Child",-1,"No Child","High School or Some College",33,"White",0,17603,0,1,0,0,0
"349",3841862518022,102,"3841862518022102'",1,2022,"12022",19010.91487,51,0,100,50,1,0,0,0,0,0,"1",0,"Infant",-1,"No Child",-1,"No Child",-1,"No Child",-1,"No Child",-1,"No Child","Bachelor’s Degree",33,"White",NA,9986,0,0,0,0,0
"350",3841862518022,102,"3841862518022102'",2,2022,"22022",19284.971209,51,0,100,50,1,0,0,0,0,0,"1",0,"Infant",-1,"No Child",-1,"No Child",-1,"No Child",-1,"No Child",-1,"No Child","Bachelor’s Degree",33,"White",NA,9986,0,0,0,0,0
"351",3841862518022,102,"3841862518022102'",3,2022,"32022",19517.958039,51,0,100,50,1,0,0,0,0,0,"1",0,"Infant",-1,"No Child",-1,"No Child",-1,"No Child",-1,"No Child",-1,"No Child","Bachelor’s Degree",33,"White",NA,9986,0,0,0,0,0
"352",3841862518022,102,"3841862518022102'",4,2022,"42022",19348.821899,51,0,100,50,1,0,0,0,0,0,"1",0,"Infant",-1,"No Child",-1,"No Child",-1,"No Child",-1,"No Child",-1,"No Child","Bachelor’s Degree",33,"White",NA,15497,0,0,0,0,0
"353",3841862518022,102,"3841862518022102'",5,2022,"52022",19322.444622,51,0,100,50,1,0,0,0,0,0,"1",0,"Infant",-1,"No Child",-1,"No Child",-1,"No Child",-1,"No Child",-1,"No Child","Bachelor’s Degree",33,"White",NA,15891,0,0,0,0,0
"354",3841862518022,102,"3841862518022102'",6,2022,"62022",19305.818332,51,0,100,50,1,0,0,0,0,0,"1",0,"Infant",-1,"No Child",-1,"No Child",-1,"No Child",-1,"No Child",-1,"No Child","Bachelor’s Degree",33,"White",NA,15891,0,0,0,0,0
"355",3841862518022,102,"3841862518022102'",7,2022,"72022",18999.188918,51,0,100,0,1,0,0,0,0,0,"1",0,"Infant",-1,"No Child",-1,"No Child",-1,"No Child",-1,"No Child",-1,"No Child","Bachelor’s Degree",33,"White",NA,6980,0,0,0,0,0
"356",3841862518022,102,"3841862518022102'",8,2022,"82022",19061.750538,51,0,100,1,1,0,0,0,0,0,"1",0,"Infant",-1,"No Child",-1,"No Child",-1,"No Child",-1,"No Child",-1,"No Child","Bachelor’s Degree",33,"White",NA,7577,0,0,0,0,0
"357",3841862518022,102,"3841862518022102'",9,2022,"92022",18723.453776,51,0,100,1,1,0,0,0,0,0,"1",0,"Infant",-1,"No Child",-1,"No Child",-1,"No Child",-1,"No Child",-1,"No Child","Bachelor’s Degree",33,"White",NA,7576,0,0,0,0,0
"358",3841862518022,102,"3841862518022102'",10,2022,"102022",19097.322957,51,0,100,1,1,0,0,0,0,0,"1",0,"Infant",-1,"No Child",-1,"No Child",-1,"No Child",-1,"No Child",-1,"No Child","Bachelor’s Degree",33,"White",NA,8223,0,0,0,0,0
"359",3841862518022,102,"3841862518022102'",11,2022,"112022",19371.27598,51,0,100,41,1,0,0,0,0,0,"1",0,"Infant",-1,"No Child",-1,"No Child",-1,"No Child",-1,"No Child",-1,"No Child","Bachelor’s Degree",33,"White",NA,17603,0,0,0,0,0
"360",3841862518022,102,"3841862518022102'",12,2022,"122022",19477.401242,51,0,100,41,1,0,0,0,0,0,"1",0,"Infant",-1,"No Child",-1,"No Child",-1,"No Child",-1,"No Child",-1,"No Child","Bachelor’s Degree",33,"White",NA,17603,0,0,0,0,0
"361",3841868951920,101,"3841868951920101'",1,2020,"12020",46662.262072,51,0,100,40,1,0,0,0,0,0,"1",4,"Preschool",-1,"No Child",-1,"No Child",-1,"No Child",-1,"No Child",-1,"No Child","Bachelor’s Degree",37,"Black",NA,6313,0,1,1,0,0
"362",3841868951920,101,"3841868951920101'",2,2020,"22020",43683.122301,51,0,100,40,1,0,0,0,0,0,"1",4,"Preschool",-1,"No Child",-1,"No Child",-1,"No Child",-1,"No Child",-1,"No Child","Bachelor’s Degree",37,"Black",NA,6313,0,1,1,0,0
"363",3841868951920,101,"3841868951920101'",3,2020,"32020",44051.448397,51,0,100,80,1,0,0,0,0,0,"1",4,"Preschool",-1,"No Child",-1,"No Child",-1,"No Child",-1,"No Child",-1,"No Child","Bachelor’s Degree",37,"Black",NA,27313,0,1,1,0,0
"364",3841868951920,101,"3841868951920101'",4,2020,"42020",47003.718169,51,0,100,80,1,0,0,0,0,0,"1",4,"Preschool",-1,"No Child",-1,"No Child",-1,"No Child",-1,"No Child",-1,"No Child","Bachelor’s Degree",37,"Black",NA,12204,0,1,1,0,0
"365",3841868951920,101,"3841868951920101'",5,2020,"52020",54103.674054,51,0,100,80,1,0,0,0,0,0,"1",4,"Preschool",-1,"No Child",-1,"No Child",-1,"No Child",-1,"No Child",-1,"No Child","Bachelor’s Degree",37,"Black",NA,12204,1,1,1,0,0
"366",3841868951920,101,"3841868951920101'",6,2020,"62020",54208.58084,51,0,100,80,1,0,0,0,0,0,"1",4,"Preschool",-1,"No Child",-1,"No Child",-1,"No Child",-1,"No Child",-1,"No Child","Bachelor’s Degree",37,"Black",NA,12204,1,1,1,0,0
"367",3841868951920,101,"3841868951920101'",7,2020,"72020",55416.429811,51,0,100,80,1,0,0,0,0,0,"1",4,"Preschool",-1,"No Child",-1,"No Child",-1,"No Child",-1,"No Child",-1,"No Child","Bachelor’s Degree",37,"Black",NA,12204,1,1,1,0,0
"368",3841868951920,101,"3841868951920101'",8,2020,"82020",55674.441914,51,0,100,80,1,0,0,0,0,0,"1",4,"Preschool",-1,"No Child",-1,"No Child",-1,"No Child",-1,"No Child",-1,"No Child","Bachelor’s Degree",37,"Black",NA,12301,1,1,1,0,0
"369",3841868951920,101,"3841868951920101'",9,2020,"92020",55923.70938,51,0,100,80,1,0,0,0,0,0,"1",4,"Preschool",-1,"No Child",-1,"No Child",-1,"No Child",-1,"No Child",-1,"No Child","Bachelor’s Degree",37,"Black",NA,12956,1,1,1,0,0
"370",3841868951920,101,"3841868951920101'",10,2020,"102020",52493.84534,51,0,100,80,1,0,0,0,0,0,"1",4,"Preschool",-1,"No Child",-1,"No Child",-1,"No Child",-1,"No Child",-1,"No Child","Bachelor’s Degree",37,"Black",NA,12956,1,1,1,0,0
"371",3841868951920,101,"3841868951920101'",11,2020,"112020",57019.331454,51,0,100,80,1,0,0,0,0,0,"1",4,"Preschool",-1,"No Child",-1,"No Child",-1,"No Child",-1,"No Child",-1,"No Child","Bachelor’s Degree",37,"Black",NA,12956,1,1,1,0,0
"372",3841868951920,101,"3841868951920101'",12,2020,"122020",56671.342474,51,0,100,80,1,0,0,0,0,0,"1",4,"Preschool",-1,"No Child",-1,"No Child",-1,"No Child",-1,"No Child",-1,"No Child","Bachelor’s Degree",37,"Black",NA,12956,1,1,1,0,0
"373",3841868978123,102,"3841868978123102'",1,2023,"12023",3446.2993006,51,0,100,25,1,1,0,0,0,0,"2",3,"Toddler",1,"Infant",-1,"No Child",-1,"No Child",-1,"No Child",-1,"No Child","High School or Some College",22,"White",NA,6376,0,0,1,0,0
"374",3841868978123,102,"3841868978123102'",2,2023,"22023",3458.5685764,51,0,100,50,1,1,0,0,0,0,"2",3,"Toddler",1,"Infant",-1,"No Child",-1,"No Child",-1,"No Child",-1,"No Child","High School or Some College",22,"White",NA,11287,0,0,1,0,0
"375",3841868978123,102,"3841868978123102'",3,2023,"32023",3440.3715731,51,0,100,50,1,1,0,0,0,0,"2",3,"Toddler",1,"Infant",-1,"No Child",-1,"No Child",-1,"No Child",-1,"No Child","High School or Some College",22,"White",NA,11287,0,0,1,0,0
"376",3841868978123,102,"3841868978123102'",4,2023,"42023",3418.2870973,51,0,100,50,1,1,0,0,0,0,"2",3,"Toddler",1,"Infant",-1,"No Child",-1,"No Child",-1,"No Child",-1,"No Child","High School or Some College",22,"White",NA,11287,0,0,1,0,0
"377",3841868978123,102,"3841868978123102'",5,2023,"52023",3480.5328678,51,0,100,0,1,1,0,0,0,0,"2",3,"Toddler",1,"Infant",-1,"No Child",-1,"No Child",-1,"No Child",-1,"No Child","High School or Some College",22,"White",NA,1645,0,0,1,0,0
"378",3841868978123,102,"3841868978123102'",6,2023,"62023",3522.3857009,51,0,100,0,1,1,0,0,0,0,"2",3,"Toddler",1,"Infant",-1,"No Child",-1,"No Child",-1,"No Child",-1,"No Child","High School or Some College",22,"White",NA,4490,0,0,1,0,0
"379",3841868978123,102,"3841868978123102'",7,2023,"72023",3537.2847744,51,0,100,0,1,1,0,0,0,0,"2",3,"Toddler",1,"Infant",-1,"No Child",-1,"No Child",-1,"No Child",-1,"No Child","High School or Some College",22,"White",NA,3982,0,0,1,0,0
"380",3841868978123,102,"3841868978123102'",8,2023,"82023",3606.8959198,51,0,100,10,1,1,0,0,0,0,"2",3,"Toddler",1,"Infant",-1,"No Child",-1,"No Child",-1,"No Child",-1,"No Child","High School or Some College",22,"White",NA,4920,1,0,1,0,0
"381",3841868978123,102,"3841868978123102'",9,2023,"92023",3575.4470206,51,0,100,50,1,1,0,0,0,0,"2",3,"Toddler",1,"Infant",-1,"No Child",-1,"No Child",-1,"No Child",-1,"No Child","High School or Some College",22,"White",NA,11287,1,0,1,0,0
"382",3841868978123,102,"3841868978123102'",10,2023,"102023",3781.6754492,51,0,100,50,1,1,0,0,0,0,"2",3,"Toddler",1,"Infant",-1,"No Child",-1,"No Child",-1,"No Child",-1,"No Child","High School or Some College",22,"White",NA,10923,1,0,1,0,0
"383",3841868978123,102,"3841868978123102'",11,2023,"112023",3597.8987372,51,0,100,50,1,1,0,0,0,0,"2",3,"Toddler",1,"Infant",-1,"No Child",-1,"No Child",-1,"No Child",-1,"No Child","High School or Some College",22,"White",NA,5657,1,0,1,0,0
"384",3841868978123,102,"3841868978123102'",12,2023,"122023",3677.6392731,51,0,100,50,1,1,0,0,0,0,"2",3,"Toddler",1,"Infant",-1,"No Child",-1,"No Child",-1,"No Child",-1,"No Child","High School or Some College",22,"White",NA,5657,1,0,1,0,0
"385",3841872625823,101,"3841872625823101'",1,2023,"12023",6889.3902299,51,0,100,40,0,0,0,1,0,0,"1",18,"Past Subsidy",10,"School Age",7,"School Age",3,"Toddler",-1,"No Child",-1,"No Child","Bachelor’s Degree",33,"Asian",0,4621,1,0,1,0,0
"386",3841872625823,101,"3841872625823101'",2,2023,"22023",6980.4327262,51,0,100,40,0,0,0,1,0,0,"1",18,"Past Subsidy",10,"School Age",7,"School Age",3,"Toddler",-1,"No Child",-1,"No Child","Bachelor’s Degree",33,"Asian",0,4621,1,0,1,0,0
"387",3841872625823,101,"3841872625823101'",3,2023,"32023",7028.3209193,51,0,100,40,0,0,0,1,0,0,"1",18,"Past Subsidy",10,"School Age",7,"School Age",3,"Toddler",-1,"No Child",-1,"No Child","Bachelor’s Degree",33,"Asian",0,4621,1,0,1,0,0
"388",3841872625823,101,"3841872625823101'",4,2023,"42023",6902.5118547,51,0,100,40,0,0,0,1,0,0,"1",18,"Past Subsidy",10,"School Age",7,"School Age",3,"Toddler",-1,"No Child",-1,"No Child","Bachelor’s Degree",33,"Asian",0,4621,1,0,1,0,0
"389",3841872625823,101,"3841872625823101'",5,2023,"52023",6950.436874,51,0,100,40,0,0,0,1,0,0,"1",18,"Past Subsidy",10,"School Age",7,"School Age",3,"Toddler",-1,"No Child",-1,"No Child","Bachelor’s Degree",33,"Asian",0,4621,1,0,1,0,0
"390",3841872625823,101,"3841872625823101'",6,2023,"62023",6899.0843953,51,0,100,40,0,0,0,1,0,0,"1",18,"Past Subsidy",10,"School Age",7,"School Age",3,"Toddler",-1,"No Child",-1,"No Child","Bachelor’s Degree",33,"Asian",0,4663,1,0,1,0,0
"391",3841872625823,101,"3841872625823101'",7,2023,"72023",6691.1491556,51,0,100,40,0,0,0,1,0,0,"1",18,"Past Subsidy",10,"School Age",7,"School Age",3,"Toddler",-1,"No Child",-1,"No Child","Bachelor’s Degree",33,"Asian",0,4872,1,0,1,0,0
"392",3841872625823,101,"3841872625823101'",8,2023,"82023",6941.8782059,51,0,100,40,0,0,0,1,0,0,"1",18,"Past Subsidy",10,"School Age",7,"School Age",3,"Toddler",-1,"No Child",-1,"No Child","Bachelor’s Degree",33,"Asian",0,4872,1,0,1,0,0
"393",3841872625823,101,"3841872625823101'",9,2023,"92023",6785.5156711,51,0,100,40,0,0,0,1,0,0,"1",18,"Past Subsidy",10,"School Age",7,"School Age",3,"Toddler",-1,"No Child",-1,"No Child","Bachelor’s Degree",33,"Asian",0,4872,1,0,1,0,0
"394",3841872625823,101,"3841872625823101'",10,2023,"102023",6876.5436756,51,0,100,40,0,0,0,1,0,0,"1",18,"Past Subsidy",10,"School Age",7,"School Age",3,"Toddler",-1,"No Child",-1,"No Child","Bachelor’s Degree",33,"Asian",0,4872,1,0,1,0,0
"395",3841872625823,101,"3841872625823101'",11,2023,"112023",6836.5560747,51,0,100,40,0,0,0,1,0,0,"1",18,"Past Subsidy",10,"School Age",7,"School Age",3,"Toddler",-1,"No Child",-1,"No Child","Bachelor’s Degree",33,"Asian",0,4872,1,0,1,0,0
"396",3841872625823,101,"3841872625823101'",12,2023,"122023",6798.6507334,51,0,100,40,0,0,0,1,0,0,"1",18,"Past Subsidy",10,"School Age",7,"School Age",3,"Toddler",-1,"No Child",-1,"No Child","Bachelor’s Degree",33,"Asian",0,4872,1,0,1,0,0
"397",3841884783222,101,"3841884783222101'",1,2022,"12022",7613.3148571,51,0,100,40,1,0,0,0,0,0,"1",0,"Infant",-1,"No Child",-1,"No Child",-1,"No Child",-1,"No Child",-1,"No Child","Bachelor’s Degree",41,"White",NA,32428,0,0,0,0,1
"398",3841884783222,101,"3841884783222101'",2,2022,"22022",7556.0668861,51,0,100,40,1,0,0,0,0,0,"1",0,"Infant",-1,"No Child",-1,"No Child",-1,"No Child",-1,"No Child",-1,"No Child","Bachelor’s Degree",41,"White",NA,32428,0,0,0,0,1
"399",3841884783222,101,"3841884783222101'",3,2022,"32022",7556.0330771,51,0,100,40,1,0,0,0,0,0,"1",0,"Infant",-1,"No Child",-1,"No Child",-1,"No Child",-1,"No Child",-1,"No Child","Bachelor’s Degree",41,"White",NA,32428,0,0,0,0,1
"400",3841884783222,101,"3841884783222101'",4,2022,"42022",7419.9214364,51,0,100,40,1,0,0,0,0,0,"1",0,"Infant",-1,"No Child",-1,"No Child",-1,"No Child",-1,"No Child",-1,"No Child","Bachelor’s Degree",41,"White",NA,32428,0,0,0,0,1
"401",3841884783222,101,"3841884783222101'",5,2022,"52022",7326.8888521,51,0,100,40,1,0,0,0,0,0,"1",0,"Infant",-1,"No Child",-1,"No Child",-1,"No Child",-1,"No Child",-1,"No Child","Bachelor’s Degree",41,"White",NA,32428,0,0,0,0,1
"402",3841884783222,101,"3841884783222101'",6,2022,"62022",7326.098331,51,0,100,40,1,0,0,0,0,0,"1",0,"Infant",-1,"No Child",-1,"No Child",-1,"No Child",-1,"No Child",-1,"No Child","Bachelor’s Degree",41,"White",NA,32428,0,0,0,0,1
"403",3841884783222,101,"3841884783222101'",7,2022,"72022",7262.8775519,51,0,100,40,1,0,0,0,0,0,"1",0,"Infant",-1,"No Child",-1,"No Child",-1,"No Child",-1,"No Child",-1,"No Child","Bachelor’s Degree",41,"White",NA,32428,0,0,0,0,1
"404",3841884783222,101,"3841884783222101'",8,2022,"82022",7361.5512991,51,0,100,40,1,0,0,0,0,0,"1",0,"Infant",-1,"No Child",-1,"No Child",-1,"No Child",-1,"No Child",-1,"No Child","Bachelor’s Degree",41,"White",NA,32428,0,0,0,0,1
"405",3841884783222,101,"3841884783222101'",9,2022,"92022",7416.3140736,51,0,100,40,1,0,0,0,0,0,"1",0,"Infant",-1,"No Child",-1,"No Child",-1,"No Child",-1,"No Child",-1,"No Child","Bachelor’s Degree",41,"White",NA,22401,0,0,0,0,1
"406",3841884783222,101,"3841884783222101'",10,2022,"102022",7498.6799363,51,0,100,40,1,0,0,0,0,0,"1",0,"Infant",-1,"No Child",-1,"No Child",-1,"No Child",-1,"No Child",-1,"No Child","Bachelor’s Degree",41,"White",NA,17387,0,0,0,0,1
"407",3841884783222,101,"3841884783222101'",11,2022,"112022",7450.4820457,51,0,100,40,1,0,0,0,0,0,"1",0,"Infant",-1,"No Child",-1,"No Child",-1,"No Child",-1,"No Child",-1,"No Child","Bachelor’s Degree",41,"White",NA,22902,0,0,0,0,1
"408",3841884783222,101,"3841884783222101'",12,2022,"122022",7390.2505358,51,0,100,40,1,0,0,0,0,0,"1",0,"Infant",-1,"No Child",-1,"No Child",-1,"No Child",-1,"No Child",-1,"No Child","Bachelor’s Degree",41,"White",NA,32428,0,0,0,0,1
"409",3841884783222,102,"3841884783222102'",1,2022,"12022",7613.3148571,51,0,100,66,1,0,0,0,0,0,"1",0,"Infant",-1,"No Child",-1,"No Child",-1,"No Child",-1,"No Child",-1,"No Child","Graduate or Professional Degree",38,"White",NA,32428,0,1,0,0,0
"410",3841884783222,102,"3841884783222102'",2,2022,"22022",7556.0668861,51,0,100,66,1,0,0,0,0,0,"1",0,"Infant",-1,"No Child",-1,"No Child",-1,"No Child",-1,"No Child",-1,"No Child","Graduate or Professional Degree",38,"White",NA,32428,0,1,0,0,0
"411",3841884783222,102,"3841884783222102'",3,2022,"32022",7556.0330771,51,0,100,66,1,0,0,0,0,0,"1",0,"Infant",-1,"No Child",-1,"No Child",-1,"No Child",-1,"No Child",-1,"No Child","Graduate or Professional Degree",38,"White",NA,32428,0,1,0,0,0
"412",3841884783222,102,"3841884783222102'",4,2022,"42022",7419.9214364,51,0,100,66,1,0,0,0,0,0,"1",0,"Infant",-1,"No Child",-1,"No Child",-1,"No Child",-1,"No Child",-1,"No Child","Graduate or Professional Degree",38,"White",NA,32428,0,1,0,0,0
"413",3841884783222,102,"3841884783222102'",5,2022,"52022",7326.8888521,51,0,100,66,1,0,0,0,0,0,"1",0,"Infant",-1,"No Child",-1,"No Child",-1,"No Child",-1,"No Child",-1,"No Child","Graduate or Professional Degree",38,"White",NA,32428,0,1,0,0,0
"414",3841884783222,102,"3841884783222102'",6,2022,"62022",7326.098331,51,0,100,66,1,0,0,0,0,0,"1",0,"Infant",-1,"No Child",-1,"No Child",-1,"No Child",-1,"No Child",-1,"No Child","Graduate or Professional Degree",38,"White",NA,32428,0,1,0,0,0
"415",3841884783222,102,"3841884783222102'",7,2022,"72022",7262.8775519,51,0,100,66,1,0,0,0,0,0,"1",0,"Infant",-1,"No Child",-1,"No Child",-1,"No Child",-1,"No Child",-1,"No Child","Graduate or Professional Degree",38,"White",NA,32428,0,1,0,0,0
"416",3841884783222,102,"3841884783222102'",8,2022,"82022",7361.5512991,51,0,100,66,1,0,0,0,0,0,"1",0,"Infant",-1,"No Child",-1,"No Child",-1,"No Child",-1,"No Child",-1,"No Child","Graduate or Professional Degree",38,"White",NA,32428,0,1,0,0,0
"417",3841884783222,102,"3841884783222102'",9,2022,"92022",7416.3140736,51,0,100,16.5,1,0,0,0,0,0,"1",0,"Infant",-1,"No Child",-1,"No Child",-1,"No Child",-1,"No Child",-1,"No Child","Graduate or Professional Degree",38,"White",NA,22401,0,1,0,0,0
"418",3841884783222,102,"3841884783222102'",10,2022,"102022",7498.6799363,51,0,100,0,1,0,0,0,0,0,"1",0,"Infant",-1,"No Child",-1,"No Child",-1,"No Child",-1,"No Child",-1,"No Child","Graduate or Professional Degree",38,"White",NA,17387,0,1,0,0,0
"419",3841884783222,102,"3841884783222102'",11,2022,"112022",7450.4820457,51,0,100,26.4,1,0,0,0,0,0,"1",0,"Infant",-1,"No Child",-1,"No Child",-1,"No Child",-1,"No Child",-1,"No Child","Graduate or Professional Degree",38,"White",NA,22902,0,1,0,0,0
"420",3841884783222,102,"3841884783222102'",12,2022,"122022",7390.2505358,51,0,100,66,1,0,0,0,0,0,"1",0,"Infant",-1,"No Child",-1,"No Child",-1,"No Child",-1,"No Child",-1,"No Child","Graduate or Professional Degree",38,"White",NA,32428,0,1,0,0,0
"421",3855517287623,101,"3855517287623101'",1,2023,"12023",3705.2251259,51,0,0,0,1,0,0,0,0,0,"1",2,"Toddler",-1,"No Child",-1,"No Child",-1,"No Child",-1,"No Child",-1,"No Child","High School or Some College",25,"Residual",NA,0,1,0,0,0,0
"422",3855517287623,101,"3855517287623101'",2,2023,"22023",3710.6989036,51,0,0,0,1,0,0,0,0,0,"1",2,"Toddler",-1,"No Child",-1,"No Child",-1,"No Child",-1,"No Child",-1,"No Child","High School or Some College",25,"Residual",NA,0,1,0,0,0,0
"423",3855517287623,101,"3855517287623101'",3,2023,"32023",3761.4804796,51,0,0,0,1,0,0,0,0,0,"1",2,"Toddler",-1,"No Child",-1,"No Child",-1,"No Child",-1,"No Child",-1,"No Child","High School or Some College",25,"Residual",NA,0,1,0,0,0,0
"424",3855517287623,101,"3855517287623101'",4,2023,"42023",3717.0331947,51,0,0,0,1,0,0,0,0,0,"1",2,"Toddler",-1,"No Child",-1,"No Child",-1,"No Child",-1,"No Child",-1,"No Child","High School or Some College",25,"Residual",NA,0,1,0,0,0,0
"425",3855517287623,101,"3855517287623101'",5,2023,"52023",3855.2613587,51,0,0,0,1,0,0,0,0,0,"1",2,"Toddler",-1,"No Child",-1,"No Child",-1,"No Child",-1,"No Child",-1,"No Child","High School or Some College",25,"Residual",NA,0,1,0,0,0,0
"426",3855517287623,101,"3855517287623101'",6,2023,"62023",3837.2973815,51,0,0,0,1,0,0,0,0,0,"1",2,"Toddler",-1,"No Child",-1,"No Child",-1,"No Child",-1,"No Child",-1,"No Child","High School or Some College",25,"Residual",NA,0,1,0,0,0,0
"427",3855517287623,101,"3855517287623101'",7,2023,"72023",3775.2816198,51,0,0,0,1,0,0,0,0,0,"1",2,"Toddler",-1,"No Child",-1,"No Child",-1,"No Child",-1,"No Child",-1,"No Child","High School or Some College",25,"Residual",NA,0,1,0,0,0,0
"428",3855517287623,101,"3855517287623101'",8,2023,"82023",3824.1002008,51,0,0,0,1,0,0,0,0,0,"1",2,"Toddler",-1,"No Child",-1,"No Child",-1,"No Child",-1,"No Child",-1,"No Child","High School or Some College",25,"Residual",NA,1910,1,0,0,0,0
"429",3855517287623,101,"3855517287623101'",9,2023,"92023",3806.6191569,51,0,0,0,1,0,0,0,0,0,"1",2,"Toddler",-1,"No Child",-1,"No Child",-1,"No Child",-1,"No Child",-1,"No Child","High School or Some College",25,"Residual",NA,1910,1,0,0,0,0
"430",3855517287623,101,"3855517287623101'",10,2023,"102023",3847.736887,51,0,0,0,1,0,0,0,0,0,"1",2,"Toddler",-1,"No Child",-1,"No Child",-1,"No Child",-1,"No Child",-1,"No Child","High School or Some College",25,"Residual",NA,1910,1,0,0,0,0
"431",3855517287623,101,"3855517287623101'",11,2023,"112023",3879.0422893,51,0,0,0,1,0,0,0,0,0,"1",2,"Toddler",-1,"No Child",-1,"No Child",-1,"No Child",-1,"No Child",-1,"No Child","High School or Some College",25,"Residual",NA,1910,1,0,0,0,0
"432",3855517287623,101,"3855517287623101'",12,2023,"122023",3919.5392227,51,0,0,0,1,0,0,0,0,0,"1",2,"Toddler",-1,"No Child",-1,"No Child",-1,"No Child",-1,"No Child",-1,"No Child","High School or Some College",25,"Residual",NA,0,1,0,0,0,0
"433",3855517287623,102,"3855517287623102'",1,2023,"12023",3705.2251259,51,0,100,0,1,0,0,0,0,0,"1",2,"Toddler",-1,"No Child",-1,"No Child",-1,"No Child",-1,"No Child",-1,"No Child","Bachelor’s Degree",23,"White",0,0,1,1,0,0,0
"434",3855517287623,102,"3855517287623102'",2,2023,"22023",3710.6989036,51,0,100,0,1,0,0,0,0,0,"1",2,"Toddler",-1,"No Child",-1,"No Child",-1,"No Child",-1,"No Child",-1,"No Child","Bachelor’s Degree",23,"White",0,0,1,1,0,0,0
"435",3855517287623,102,"3855517287623102'",3,2023,"32023",3761.4804796,51,0,100,0,1,0,0,0,0,0,"1",2,"Toddler",-1,"No Child",-1,"No Child",-1,"No Child",-1,"No Child",-1,"No Child","Bachelor’s Degree",23,"White",0,0,1,1,0,0,0
"436",3855517287623,102,"3855517287623102'",4,2023,"42023",3717.0331947,51,0,100,0,1,0,0,0,0,0,"1",2,"Toddler",-1,"No Child",-1,"No Child",-1,"No Child",-1,"No Child",-1,"No Child","Bachelor’s Degree",23,"White",0,0,1,1,0,0,0
"437",3855517287623,102,"3855517287623102'",5,2023,"52023",3855.2613587,51,0,100,0,1,0,0,0,0,0,"1",2,"Toddler",-1,"No Child",-1,"No Child",-1,"No Child",-1,"No Child",-1,"No Child","Bachelor’s Degree",23,"White",0,0,1,1,0,0,0
"438",3855517287623,102,"3855517287623102'",6,2023,"62023",3837.2973815,51,0,100,0,1,0,0,0,0,0,"1",2,"Toddler",-1,"No Child",-1,"No Child",-1,"No Child",-1,"No Child",-1,"No Child","Bachelor’s Degree",23,"White",0,0,1,1,0,0,0
"439",3855517287623,102,"3855517287623102'",7,2023,"72023",3775.2816198,51,0,100,0,1,0,0,0,0,0,"1",2,"Toddler",-1,"No Child",-1,"No Child",-1,"No Child",-1,"No Child",-1,"No Child","Bachelor’s Degree",23,"White",0,0,1,1,0,0,0
"440",3855517287623,102,"3855517287623102'",8,2023,"82023",3824.1002008,51,0,100,30,1,0,0,0,0,0,"1",2,"Toddler",-1,"No Child",-1,"No Child",-1,"No Child",-1,"No Child",-1,"No Child","Bachelor’s Degree",23,"White",0,1910,1,1,0,0,0
"441",3855517287623,102,"3855517287623102'",9,2023,"92023",3806.6191569,51,0,100,30,1,0,0,0,0,0,"1",2,"Toddler",-1,"No Child",-1,"No Child",-1,"No Child",-1,"No Child",-1,"No Child","Bachelor’s Degree",23,"White",0,1910,1,1,0,0,0
"442",3855517287623,102,"3855517287623102'",10,2023,"102023",3847.736887,51,0,100,30,1,0,0,0,0,0,"1",2,"Toddler",-1,"No Child",-1,"No Child",-1,"No Child",-1,"No Child",-1,"No Child","Bachelor’s Degree",23,"White",0,1910,1,1,0,0,0
"443",3855517287623,102,"3855517287623102'",11,2023,"112023",3879.0422893,51,0,100,24,1,0,0,0,0,0,"1",2,"Toddler",-1,"No Child",-1,"No Child",-1,"No Child",-1,"No Child",-1,"No Child","Bachelor’s Degree",23,"White",0,1910,1,1,0,0,0
"444",3855517287623,102,"3855517287623102'",12,2023,"122023",3919.5392227,51,0,100,0,1,0,0,0,0,0,"1",2,"Toddler",-1,"No Child",-1,"No Child",-1,"No Child",-1,"No Child",-1,"No Child","Bachelor’s Degree",23,"White",0,0,1,1,0,0,0
"445",3855540627823,101,"3855540627823101'",1,2023,"12023",6825.9399147,51,0,100,40,1,1,0,0,0,0,"2",4,"Preschool",2,"Toddler",-1,"No Child",-1,"No Child",-1,"No Child",-1,"No Child","Bachelor’s Degree",36,"White",NA,3283,0,0,0,0,0
"446",3855540627823,101,"3855540627823101'",2,2023,"22023",6865.8913279,51,0,100,40,1,1,0,0,0,0,"2",4,"Preschool",2,"Toddler",-1,"No Child",-1,"No Child",-1,"No Child",-1,"No Child","Bachelor’s Degree",36,"White",NA,3283,0,0,0,0,0
"447",3855540627823,101,"3855540627823101'",3,2023,"32023",6921.5237021,51,0,100,40,1,1,0,0,0,0,"2",4,"Preschool",2,"Toddler",-1,"No Child",-1,"No Child",-1,"No Child",-1,"No Child","Bachelor’s Degree",36,"White",NA,3377,0,0,0,0,0
"448",3855540627823,101,"3855540627823101'",4,2023,"42023",6784.5298245,51,0,100,40,1,1,0,0,0,0,"2",4,"Preschool",2,"Toddler",-1,"No Child",-1,"No Child",-1,"No Child",-1,"No Child","Bachelor’s Degree",36,"White",NA,3868,0,0,0,0,0
"449",3855540627823,101,"3855540627823101'",5,2023,"52023",6724.7072513,51,0,100,40,1,1,0,0,0,0,"2",4,"Preschool",2,"Toddler",-1,"No Child",-1,"No Child",-1,"No Child",-1,"No Child","Bachelor’s Degree",36,"White",NA,3868,0,0,0,0,0
"450",3855540627823,101,"3855540627823101'",6,2023,"62023",6695.0301542,51,0,100,40,1,1,0,0,0,0,"2",4,"Preschool",2,"Toddler",-1,"No Child",-1,"No Child",-1,"No Child",-1,"No Child","Bachelor’s Degree",36,"White",NA,3868,0,0,0,0,0
"451",3855540627823,101,"3855540627823101'",7,2023,"72023",6792.9420121,51,0,100,40,1,1,0,0,0,0,"2",4,"Preschool",2,"Toddler",-1,"No Child",-1,"No Child",-1,"No Child",-1,"No Child","Bachelor’s Degree",36,"White",NA,3868,0,0,0,0,0
"452",3855540627823,101,"3855540627823101'",8,2023,"82023",6793.0865435,51,0,100,40,1,1,0,0,0,0,"2",4,"Preschool",2,"Toddler",-1,"No Child",-1,"No Child",-1,"No Child",-1,"No Child","Bachelor’s Degree",36,"White",NA,3868,0,0,0,0,0
"453",3855540627823,101,"3855540627823101'",9,2023,"92023",6704.8000919,51,0,100,40,1,1,0,0,0,0,"2",4,"Preschool",2,"Toddler",-1,"No Child",-1,"No Child",-1,"No Child",-1,"No Child","Bachelor’s Degree",36,"White",NA,3868,0,0,0,0,0
"454",3855540627823,101,"3855540627823101'",10,2023,"102023",6766.9875175,51,0,100,40,1,1,0,0,0,0,"2",4,"Preschool",2,"Toddler",-1,"No Child",-1,"No Child",-1,"No Child",-1,"No Child","Bachelor’s Degree",36,"White",NA,3868,0,0,0,0,0
"455",3855540627823,101,"3855540627823101'",11,2023,"112023",6747.4756001,51,0,100,40,1,1,0,0,0,0,"2",4,"Preschool",2,"Toddler",-1,"No Child",-1,"No Child",-1,"No Child",-1,"No Child","Bachelor’s Degree",36,"White",NA,3868,0,0,0,0,0
"456",3855540627823,101,"3855540627823101'",12,2023,"122023",6736.8508998,51,0,100,40,1,1,0,0,0,0,"2",4,"Preschool",2,"Toddler",-1,"No Child",-1,"No Child",-1,"No Child",-1,"No Child","Bachelor’s Degree",36,"White",NA,17468,0,0,0,0,0
"457",3855540627823,102,"3855540627823102'",1,2023,"12023",6825.9399147,51,0,100,45,0,1,1,0,0,0,"2",14,"Past Subsidy",4,"Preschool",2,"Toddler",-1,"No Child",-1,"No Child",-1,"No Child","Graduate or Professional Degree",39,"White",0,3283,0,1,0,0,1
"458",3855540627823,102,"3855540627823102'",2,2023,"22023",6865.8913279,51,0,100,45,0,1,1,0,0,0,"2",14,"Past Subsidy",4,"Preschool",2,"Toddler",-1,"No Child",-1,"No Child",-1,"No Child","Graduate or Professional Degree",39,"White",0,3283,0,1,0,0,1
"459",3855540627823,102,"3855540627823102'",3,2023,"32023",6921.5237021,51,0,100,45,0,1,1,0,0,0,"2",14,"Past Subsidy",4,"Preschool",2,"Toddler",-1,"No Child",-1,"No Child",-1,"No Child","Graduate or Professional Degree",39,"White",0,3377,0,1,0,0,1
"460",3855540627823,102,"3855540627823102'",4,2023,"42023",6784.5298245,51,0,100,45,0,1,1,0,0,0,"2",14,"Past Subsidy",4,"Preschool",2,"Toddler",-1,"No Child",-1,"No Child",-1,"No Child","Graduate or Professional Degree",39,"White",0,3868,0,1,0,0,1
"461",3855540627823,102,"3855540627823102'",5,2023,"52023",6724.7072513,51,0,100,45,0,1,1,0,0,0,"2",14,"Past Subsidy",4,"Preschool",2,"Toddler",-1,"No Child",-1,"No Child",-1,"No Child","Graduate or Professional Degree",39,"White",0,3868,0,1,0,0,1
"462",3855540627823,102,"3855540627823102'",6,2023,"62023",6695.0301542,51,0,100,45,0,1,1,0,0,0,"2",14,"Past Subsidy",4,"Preschool",2,"Toddler",-1,"No Child",-1,"No Child",-1,"No Child","Graduate or Professional Degree",39,"White",0,3868,0,1,0,0,1
"463",3855540627823,102,"3855540627823102'",7,2023,"72023",6792.9420121,51,0,100,45,0,1,1,0,0,0,"2",14,"Past Subsidy",4,"Preschool",2,"Toddler",-1,"No Child",-1,"No Child",-1,"No Child","Graduate or Professional Degree",39,"White",0,3868,0,1,0,0,1
"464",3855540627823,102,"3855540627823102'",8,2023,"82023",6793.0865435,51,0,100,45,0,1,1,0,0,0,"2",14,"Past Subsidy",4,"Preschool",2,"Toddler",-1,"No Child",-1,"No Child",-1,"No Child","Graduate or Professional Degree",39,"White",0,3868,0,1,0,0,1
"465",3855540627823,102,"3855540627823102'",9,2023,"92023",6704.8000919,51,0,100,45,0,1,1,0,0,0,"2",14,"Past Subsidy",4,"Preschool",2,"Toddler",-1,"No Child",-1,"No Child",-1,"No Child","Graduate or Professional Degree",39,"White",0,3868,0,1,0,0,1
"466",3855540627823,102,"3855540627823102'",10,2023,"102023",6766.9875175,51,0,100,60.75,0,1,1,0,0,0,"2",14,"Past Subsidy",4,"Preschool",2,"Toddler",-1,"No Child",-1,"No Child",-1,"No Child","Graduate or Professional Degree",39,"White",0,3868,0,1,0,0,1
"467",3855540627823,102,"3855540627823102'",11,2023,"112023",6747.4756001,51,0,100,66,0,1,1,0,0,0,"2",14,"Past Subsidy",4,"Preschool",2,"Toddler",-1,"No Child",-1,"No Child",-1,"No Child","Graduate or Professional Degree",39,"White",0,3868,0,1,0,0,1
"468",3855540627823,102,"3855540627823102'",12,2023,"122023",6736.8508998,51,0,100,66,0,1,1,0,0,0,"2",14,"Past Subsidy",4,"Preschool",2,"Toddler",-1,"No Child",-1,"No Child",-1,"No Child","Graduate or Professional Degree",39,"White",0,17468,0,1,0,0,1
"469",3861004972420,101,"3861004972420101'",1,2020,"12020",9096.8095036,51,0,100,40,0,1,0,0,0,0,"1",13,"School Age",2,"Toddler",-1,"No Child",-1,"No Child",-1,"No Child",-1,"No Child","High School or Some College",41,"White",0,6786,0,1,0,0,0
"470",3861004972420,101,"3861004972420101'",2,2020,"22020",9205.5270968,51,0,100,40,0,1,0,0,0,0,"1",13,"School Age",2,"Toddler",-1,"No Child",-1,"No Child",-1,"No Child",-1,"No Child","High School or Some College",41,"White",0,6786,0,1,0,0,0
"471",3861004972420,101,"3861004972420101'",3,2020,"32020",9329.3709604,51,0,100,40,0,1,0,0,0,0,"1",13,"School Age",2,"Toddler",-1,"No Child",-1,"No Child",-1,"No Child",-1,"No Child","High School or Some College",41,"White",0,6786,0,1,0,0,0
"472",3861004972420,101,"3861004972420101'",4,2020,"42020",9177.5900412,51,0,100,40,0,1,0,0,0,0,"1",13,"School Age",2,"Toddler",-1,"No Child",-1,"No Child",-1,"No Child",-1,"No Child","High School or Some College",41,"White",0,6786,0,1,0,0,0
"473",3861004972420,101,"3861004972420101'",5,2020,"52020",9198.9724492,51,0,100,40,0,1,0,0,0,0,"1",13,"School Age",2,"Toddler",-1,"No Child",-1,"No Child",-1,"No Child",-1,"No Child","High School or Some College",41,"White",0,6786,0,1,0,0,0
"474",3861004972420,101,"3861004972420101'",6,2020,"62020",9095.8729691,51,0,100,40,0,1,0,0,0,0,"1",13,"School Age",2,"Toddler",-1,"No Child",-1,"No Child",-1,"No Child",-1,"No Child","High School or Some College",41,"White",0,6836,0,1,0,0,0
"475",3861004972420,101,"3861004972420101'",7,2020,"72020",9117.8885155,51,0,100,40,0,1,0,0,0,0,"1",13,"School Age",2,"Toddler",-1,"No Child",-1,"No Child",-1,"No Child",-1,"No Child","High School or Some College",41,"White",0,7087,0,1,0,0,0
"476",3861004972420,101,"3861004972420101'",8,2020,"82020",9058.173093,51,0,100,40,0,1,0,0,0,0,"1",13,"School Age",2,"Toddler",-1,"No Child",-1,"No Child",-1,"No Child",-1,"No Child","High School or Some College",41,"White",0,7087,0,1,0,0,0
"477",3861004972420,101,"3861004972420101'",9,2020,"92020",8798.7767858,51,0,100,40,0,1,0,0,0,0,"1",13,"School Age",2,"Toddler",-1,"No Child",-1,"No Child",-1,"No Child",-1,"No Child","High School or Some College",41,"White",0,7087,0,1,0,0,0
"478",3861004972420,101,"3861004972420101'",10,2020,"102020",8869.5760107,51,0,100,40,0,1,0,0,0,0,"1",13,"School Age",2,"Toddler",-1,"No Child",-1,"No Child",-1,"No Child",-1,"No Child","High School or Some College",41,"White",0,7087,0,1,0,0,0
"479",3861004972420,101,"3861004972420101'",11,2020,"112020",8810.9136867,51,0,100,40,0,1,0,0,0,0,"1",13,"School Age",2,"Toddler",-1,"No Child",-1,"No Child",-1,"No Child",-1,"No Child","High School or Some College",41,"White",0,7087,0,1,0,0,0
"480",3861004972420,101,"3861004972420101'",12,2020,"122020",8860.862431,51,0,100,40,0,1,0,0,0,0,"1",13,"School Age",2,"Toddler",-1,"No Child",-1,"No Child",-1,"No Child",-1,"No Child","High School or Some College",41,"White",0,6687,0,1,0,0,0
"481",3861004972420,102,"3861004972420102'",1,2020,"12020",9096.8095036,51,0,0,0,1,0,0,0,0,0,"1",2,"Toddler",-1,"No Child",-1,"No Child",-1,"No Child",-1,"No Child",-1,"No Child","High School or Some College",39,"White",NA,6786,0,0,0,0,0
"482",3861004972420,102,"3861004972420102'",2,2020,"22020",9205.5270968,51,0,0,0,1,0,0,0,0,0,"1",2,"Toddler",-1,"No Child",-1,"No Child",-1,"No Child",-1,"No Child",-1,"No Child","High School or Some College",39,"White",NA,6786,0,0,0,0,0
"483",3861004972420,102,"3861004972420102'",3,2020,"32020",9329.3709604,51,0,0,0,1,0,0,0,0,0,"1",2,"Toddler",-1,"No Child",-1,"No Child",-1,"No Child",-1,"No Child",-1,"No Child","High School or Some College",39,"White",NA,6786,0,0,0,0,0
"484",3861004972420,102,"3861004972420102'",4,2020,"42020",9177.5900412,51,0,0,0,1,0,0,0,0,0,"1",2,"Toddler",-1,"No Child",-1,"No Child",-1,"No Child",-1,"No Child",-1,"No Child","High School or Some College",39,"White",NA,6786,0,0,0,0,0
"485",3861004972420,102,"3861004972420102'",5,2020,"52020",9198.9724492,51,0,0,0,1,0,0,0,0,0,"1",2,"Toddler",-1,"No Child",-1,"No Child",-1,"No Child",-1,"No Child",-1,"No Child","High School or Some College",39,"White",NA,6786,0,0,0,0,0
"486",3861004972420,102,"3861004972420102'",6,2020,"62020",9095.8729691,51,0,0,0,1,0,0,0,0,0,"1",2,"Toddler",-1,"No Child",-1,"No Child",-1,"No Child",-1,"No Child",-1,"No Child","High School or Some College",39,"White",NA,6836,0,0,0,0,0
"487",3861004972420,102,"3861004972420102'",7,2020,"72020",9117.8885155,51,0,0,0,1,0,0,0,0,0,"1",2,"Toddler",-1,"No Child",-1,"No Child",-1,"No Child",-1,"No Child",-1,"No Child","High School or Some College",39,"White",NA,7087,0,0,0,0,0
"488",3861004972420,102,"3861004972420102'",8,2020,"82020",9058.173093,51,0,0,0,1,0,0,0,0,0,"1",2,"Toddler",-1,"No Child",-1,"No Child",-1,"No Child",-1,"No Child",-1,"No Child","High School or Some College",39,"White",NA,7087,0,0,0,0,0
"489",3861004972420,102,"3861004972420102'",9,2020,"92020",8798.7767858,51,0,0,0,1,0,0,0,0,0,"1",2,"Toddler",-1,"No Child",-1,"No Child",-1,"No Child",-1,"No Child",-1,"No Child","High School or Some College",39,"White",NA,7087,0,0,0,0,0
"490",3861004972420,102,"3861004972420102'",10,2020,"102020",8869.5760107,51,0,0,0,1,0,0,0,0,0,"1",2,"Toddler",-1,"No Child",-1,"No Child",-1,"No Child",-1,"No Child",-1,"No Child","High School or Some College",39,"White",NA,7087,0,0,0,0,0
"491",3861004972420,102,"3861004972420102'",11,2020,"112020",8810.9136867,51,0,0,0,1,0,0,0,0,0,"1",2,"Toddler",-1,"No Child",-1,"No Child",-1,"No Child",-1,"No Child",-1,"No Child","High School or Some College",39,"White",NA,7087,0,0,0,0,0
"492",3861004972420,102,"3861004972420102'",12,2020,"122020",8860.862431,51,0,0,0,1,0,0,0,0,0,"1",2,"Toddler",-1,"No Child",-1,"No Child",-1,"No Child",-1,"No Child",-1,"No Child","High School or Some College",39,"White",NA,6687,0,0,0,0,0
"493",3861027433820,101,"3861027433820101'",1,2020,"12020",8364.9616677,51,0,100,66,0,0,1,0,0,0,"1",9,"School Age",6,"School Age",0,"Infant",-1,"No Child",-1,"No Child",-1,"No Child","High School or Some College",36,"White",NA,3001,0,0,0,0,0
"494",3861027433820,101,"3861027433820101'",2,2020,"22020",8567.6331299,51,0,100,66,0,0,1,0,0,0,"1",9,"School Age",6,"School Age",0,"Infant",-1,"No Child",-1,"No Child",-1,"No Child","High School or Some College",36,"White",NA,3001,0,0,0,0,0
"495",3861027433820,101,"3861027433820101'",3,2020,"32020",8749.652183,51,0,100,66,0,0,1,0,0,0,"1",9,"School Age",6,"School Age",0,"Infant",-1,"No Child",-1,"No Child",-1,"No Child","High School or Some College",36,"White",NA,3001,0,0,0,0,0
"496",3861027433820,101,"3861027433820101'",4,2020,"42020",8709.6025899,51,0,100,66,0,0,1,0,0,0,"1",9,"School Age",6,"School Age",0,"Infant",-1,"No Child",-1,"No Child",-1,"No Child","High School or Some College",36,"White",NA,3001,0,0,0,0,0
"497",3861027433820,101,"3861027433820101'",5,2020,"52020",8754.5918827,51,0,100,66,0,0,1,0,0,0,"1",9,"School Age",6,"School Age",0,"Infant",-1,"No Child",-1,"No Child",-1,"No Child","High School or Some College",36,"White",NA,3001,0,0,0,0,0
"498",3861027433820,101,"3861027433820101'",6,2020,"62020",8588.4285262,51,0,100,66,0,0,1,0,0,0,"1",9,"School Age",6,"School Age",0,"Infant",-1,"No Child",-1,"No Child",-1,"No Child","High School or Some College",36,"White",NA,3001,0,0,0,0,0
"499",3861027433820,101,"3861027433820101'",7,2020,"72020",8525.5557628,51,0,100,66,0,0,1,0,0,0,"1",9,"School Age",6,"School Age",0,"Infant",-1,"No Child",-1,"No Child",-1,"No Child","High School or Some College",36,"White",NA,3001,0,0,0,0,0
"500",3861027433820,101,"3861027433820101'",8,2020,"82020",8531.514465,51,0,100,66,0,0,1,0,0,0,"1",9,"School Age",6,"School Age",0,"Infant",-1,"No Child",-1,"No Child",-1,"No Child","High School or Some College",36,"White",NA,3001,0,0,0,0,0
"501",3861027433820,101,"3861027433820101'",9,2020,"92020",8280.7767626,51,0,100,66,0,0,1,0,0,0,"1",9,"School Age",6,"School Age",0,"Infant",-1,"No Child",-1,"No Child",-1,"No Child","High School or Some College",36,"White",NA,3001,0,0,0,0,0
"502",3861027433820,101,"3861027433820101'",10,2020,"102020",8328.9406602,51,0,100,66,0,0,1,0,0,0,"1",9,"School Age",6,"School Age",0,"Infant",-1,"No Child",-1,"No Child",-1,"No Child","High School or Some College",36,"White",NA,3001,0,0,0,0,0
"503",3861027433820,101,"3861027433820101'",11,2020,"112020",8268.6437032,51,0,100,66,0,0,1,0,0,0,"1",9,"School Age",6,"School Age",0,"Infant",-1,"No Child",-1,"No Child",-1,"No Child","High School or Some College",36,"White",NA,3001,0,0,0,0,0
"504",3861027433820,101,"3861027433820101'",12,2020,"122020",8250.8401441,51,0,100,66,0,0,1,0,0,0,"1",9,"School Age",6,"School Age",0,"Infant",-1,"No Child",-1,"No Child",-1,"No Child","High School or Some College",36,"White",NA,3001,0,0,0,0,0
"505",3861027433820,102,"3861027433820102'",1,2020,"12020",8364.9616677,51,0,0,0,0,0,1,0,0,0,"1",9,"School Age",6,"School Age",0,"Infant",-1,"No Child",-1,"No Child",-1,"No Child","No High School Diploma",44,"White",NA,3001,0,1,0,0,0
"506",3861027433820,102,"3861027433820102'",2,2020,"22020",8567.6331299,51,0,0,0,0,0,1,0,0,0,"1",9,"School Age",6,"School Age",0,"Infant",-1,"No Child",-1,"No Child",-1,"No Child","No High School Diploma",44,"White",NA,3001,0,1,0,0,0
"507",3861027433820,102,"3861027433820102'",3,2020,"32020",8749.652183,51,0,0,0,0,0,1,0,0,0,"1",9,"School Age",6,"School Age",0,"Infant",-1,"No Child",-1,"No Child",-1,"No Child","No High School Diploma",44,"White",NA,3001,0,1,0,0,0
"508",3861027433820,102,"3861027433820102'",4,2020,"42020",8709.6025899,51,0,0,0,0,0,1,0,0,0,"1",9,"School Age",6,"School Age",0,"Infant",-1,"No Child",-1,"No Child",-1,"No Child","No High School Diploma",44,"White",NA,3001,0,1,0,0,0
"509",3861027433820,102,"3861027433820102'",5,2020,"52020",8754.5918827,51,0,0,0,0,0,1,0,0,0,"1",9,"School Age",6,"School Age",0,"Infant",-1,"No Child",-1,"No Child",-1,"No Child","No High School Diploma",44,"White",NA,3001,0,1,0,0,0
"510",3861027433820,102,"3861027433820102'",6,2020,"62020",8588.4285262,51,0,0,0,0,0,1,0,0,0,"1",9,"School Age",6,"School Age",0,"Infant",-1,"No Child",-1,"No Child",-1,"No Child","No High School Diploma",44,"White",NA,3001,0,1,0,0,0
"511",3861027433820,102,"3861027433820102'",7,2020,"72020",8525.5557628,51,0,0,0,0,0,1,0,0,0,"1",9,"School Age",6,"School Age",0,"Infant",-1,"No Child",-1,"No Child",-1,"No Child","No High School Diploma",44,"White",NA,3001,0,1,0,0,0
"512",3861027433820,102,"3861027433820102'",8,2020,"82020",8531.514465,51,0,0,0,0,0,1,0,0,0,"1",9,"School Age",6,"School Age",0,"Infant",-1,"No Child",-1,"No Child",-1,"No Child","No High School Diploma",44,"White",NA,3001,0,1,0,0,0
"513",3861027433820,102,"3861027433820102'",9,2020,"92020",8280.7767626,51,0,0,0,0,0,1,0,0,0,"1",9,"School Age",6,"School Age",0,"Infant",-1,"No Child",-1,"No Child",-1,"No Child","No High School Diploma",44,"White",NA,3001,0,1,0,0,0
"514",3861027433820,102,"3861027433820102'",10,2020,"102020",8328.9406602,51,0,0,0,0,0,1,0,0,0,"1",9,"School Age",6,"School Age",0,"Infant",-1,"No Child",-1,"No Child",-1,"No Child","No High School Diploma",44,"White",NA,3001,0,1,0,0,0
"515",3861027433820,102,"3861027433820102'",11,2020,"112020",8268.6437032,51,0,0,0,0,0,1,0,0,0,"1",9,"School Age",6,"School Age",0,"Infant",-1,"No Child",-1,"No Child",-1,"No Child","No High School Diploma",44,"White",NA,3001,0,1,0,0,0
"516",3861027433820,102,"3861027433820102'",12,2020,"122020",8250.8401441,51,0,0,0,0,0,1,0,0,0,"1",9,"School Age",6,"School Age",0,"Infant",-1,"No Child",-1,"No Child",-1,"No Child","No High School Diploma",44,"White",NA,3001,0,1,0,0,0
"517",3862541527822,101,"3862541527822101'",1,2022,"12022",19082.718258,51,0,0,0,1,0,0,0,0,0,"1",4,"Preschool",-1,"No Child",-1,"No Child",-1,"No Child",-1,"No Child",-1,"No Child","No High School Diploma",25,"Black",NA,5168,0,0,1,0,0
"518",3862541527822,101,"3862541527822101'",2,2022,"22022",19135.771263,51,0,0,0,1,0,0,0,0,0,"1",4,"Preschool",-1,"No Child",-1,"No Child",-1,"No Child",-1,"No Child",-1,"No Child","No High School Diploma",25,"Black",NA,5168,0,0,1,0,0
"519",3862541527822,101,"3862541527822101'",3,2022,"32022",24687.669086,51,0,0,0,1,0,0,0,0,0,"1",4,"Preschool",-1,"No Child",-1,"No Child",-1,"No Child",-1,"No Child",-1,"No Child","No High School Diploma",25,"Black",NA,5168,0,0,1,0,0
"520",3862541527822,101,"3862541527822101'",4,2022,"42022",23258.379173,51,0,0,0,1,0,0,0,0,0,"1",4,"Preschool",-1,"No Child",-1,"No Child",-1,"No Child",-1,"No Child",-1,"No Child","No High School Diploma",25,"Black",NA,3668,0,0,1,0,0
"521",3862541527822,101,"3862541527822101'",5,2022,"52022",22872.247749,51,0,0,0,1,0,0,0,0,0,"1",4,"Preschool",-1,"No Child",-1,"No Child",-1,"No Child",-1,"No Child",-1,"No Child","No High School Diploma",25,"Black",NA,3668,0,0,1,0,0
"522",3862541527822,101,"3862541527822101'",6,2022,"62022",22272.953659,51,0,0,0,1,0,0,0,0,0,"1",4,"Preschool",-1,"No Child",-1,"No Child",-1,"No Child",-1,"No Child",-1,"No Child","No High School Diploma",25,"Black",NA,3668,0,0,1,0,0
"523",3862541527822,101,"3862541527822101'",7,2022,"72022",21872.752091,51,0,0,0,1,0,0,0,0,0,"1",4,"Preschool",-1,"No Child",-1,"No Child",-1,"No Child",-1,"No Child",-1,"No Child","No High School Diploma",25,"Black",NA,3668,0,0,1,0,0
"524",3862541527822,101,"3862541527822101'",8,2022,"82022",22389.195249,51,0,0,0,1,0,0,0,0,0,"1",4,"Preschool",-1,"No Child",-1,"No Child",-1,"No Child",-1,"No Child",-1,"No Child","No High School Diploma",25,"Black",NA,3668,0,0,1,0,0
"525",3862541527822,101,"3862541527822101'",9,2022,"92022",21732.516717,51,0,0,0,1,0,0,0,0,0,"1",4,"Preschool",-1,"No Child",-1,"No Child",-1,"No Child",-1,"No Child",-1,"No Child","No High School Diploma",25,"Black",NA,3668,0,0,1,0,0
"526",3862541527822,101,"3862541527822101'",10,2022,"102022",22127.67227,51,0,0,0,1,0,0,0,0,0,"1",4,"Preschool",-1,"No Child",-1,"No Child",-1,"No Child",-1,"No Child",-1,"No Child","No High School Diploma",25,"Black",NA,3668,0,0,1,0,0
"527",3862541527822,101,"3862541527822101'",11,2022,"112022",23312.498025,51,0,0,0,1,0,0,0,0,0,"1",4,"Preschool",-1,"No Child",-1,"No Child",-1,"No Child",-1,"No Child",-1,"No Child","No High School Diploma",25,"Black",NA,3668,0,0,1,0,0
"528",3862541527822,101,"3862541527822101'",12,2022,"122022",22852.149522,51,0,0,0,1,0,0,0,0,0,"1",4,"Preschool",-1,"No Child",-1,"No Child",-1,"No Child",-1,"No Child",-1,"No Child","No High School Diploma",25,"Black",NA,3668,0,0,1,0,0
"529",3862541572422,101,"3862541572422101'",1,2022,"12022",9323.0609982,51,0,100,32,1,0,0,0,0,0,"1",0,"Infant",-1,"No Child",-1,"No Child",-1,"No Child",-1,"No Child",-1,"No Child","Bachelor’s Degree",32,"White",NA,7042,0,0,0,0,0
"530",3862541572422,101,"3862541572422101'",2,2022,"22022",9402.5266995,51,0,100,32,1,0,0,0,0,0,"1",0,"Infant",-1,"No Child",-1,"No Child",-1,"No Child",-1,"No Child",-1,"No Child","Bachelor’s Degree",32,"White",NA,7042,0,0,0,0,0
"531",3862541572422,101,"3862541572422101'",3,2022,"32022",9541.5374387,51,0,100,32,1,0,0,0,0,0,"1",0,"Infant",-1,"No Child",-1,"No Child",-1,"No Child",-1,"No Child",-1,"No Child","Bachelor’s Degree",32,"White",NA,7042,0,0,0,0,0
"532",3862541572422,101,"3862541572422101'",4,2022,"42022",9424.1677621,51,0,100,32,1,0,0,0,0,0,"1",0,"Infant",-1,"No Child",-1,"No Child",-1,"No Child",-1,"No Child",-1,"No Child","Bachelor’s Degree",32,"White",NA,7042,0,0,0,0,0
"533",3862541572422,101,"3862541572422101'",5,2022,"52022",9425.120232,51,0,100,32,1,0,0,0,0,0,"1",0,"Infant",-1,"No Child",-1,"No Child",-1,"No Child",-1,"No Child",-1,"No Child","Bachelor’s Degree",32,"White",NA,6989,0,0,0,0,0
"534",3862541572422,101,"3862541572422101'",6,2022,"62022",9459.7586311,51,0,100,32,1,0,0,0,0,0,"1",0,"Infant",-1,"No Child",-1,"No Child",-1,"No Child",-1,"No Child",-1,"No Child","Bachelor’s Degree",32,"White",NA,6531,0,0,0,0,0
"535",3862541572422,101,"3862541572422101'",7,2022,"72022",9450.1600829,51,0,100,32,1,0,0,0,0,0,"1",0,"Infant",-1,"No Child",-1,"No Child",-1,"No Child",-1,"No Child",-1,"No Child","Bachelor’s Degree",32,"White",NA,6671,0,0,0,0,0
"536",3862541572422,101,"3862541572422101'",8,2022,"82022",9485.7375417,51,0,100,32,1,0,0,0,0,0,"1",0,"Infant",-1,"No Child",-1,"No Child",-1,"No Child",-1,"No Child",-1,"No Child","Bachelor’s Degree",32,"White",NA,6671,0,0,0,0,0
"537",3862541572422,101,"3862541572422101'",9,2022,"92022",9351.9544296,51,0,100,32,1,0,0,0,0,0,"1",0,"Infant",-1,"No Child",-1,"No Child",-1,"No Child",-1,"No Child",-1,"No Child","Bachelor’s Degree",32,"White",NA,6671,0,0,0,0,0
"538",3862541572422,101,"3862541572422101'",10,2022,"102022",9500.3011629,51,0,100,32,1,0,0,0,0,0,"1",0,"Infant",-1,"No Child",-1,"No Child",-1,"No Child",-1,"No Child",-1,"No Child","Bachelor’s Degree",32,"White",NA,6671,0,0,0,0,0
"539",3862541572422,101,"3862541572422101'",11,2022,"112022",9633.8984898,51,0,100,32,1,0,0,0,0,0,"1",0,"Infant",-1,"No Child",-1,"No Child",-1,"No Child",-1,"No Child",-1,"No Child","Bachelor’s Degree",32,"White",NA,6671,0,0,0,0,0
"540",3862541572422,101,"3862541572422101'",12,2022,"122022",9666.7116692,51,0,100,32,1,0,0,0,0,0,"1",0,"Infant",-1,"No Child",-1,"No Child",-1,"No Child",-1,"No Child",-1,"No Child","Bachelor’s Degree",32,"White",NA,6671,0,0,0,0,0
"541",3862541572422,102,"3862541572422102'",1,2022,"12022",9323.0609982,51,0,100,40,1,0,0,0,0,0,"1",0,"Infant",-1,"No Child",-1,"No Child",-1,"No Child",-1,"No Child",-1,"No Child","Bachelor’s Degree",29,"White",1,7042,0,1,0,0,0
"542",3862541572422,102,"3862541572422102'",2,2022,"22022",9402.5266995,51,0,100,40,1,0,0,0,0,0,"1",0,"Infant",-1,"No Child",-1,"No Child",-1,"No Child",-1,"No Child",-1,"No Child","Bachelor’s Degree",29,"White",1,7042,0,1,0,0,0
"543",3862541572422,102,"3862541572422102'",3,2022,"32022",9541.5374387,51,0,100,40,1,0,0,0,0,0,"1",0,"Infant",-1,"No Child",-1,"No Child",-1,"No Child",-1,"No Child",-1,"No Child","Bachelor’s Degree",29,"White",1,7042,0,1,0,0,0
"544",3862541572422,102,"3862541572422102'",4,2022,"42022",9424.1677621,51,0,100,40,1,0,0,0,0,0,"1",0,"Infant",-1,"No Child",-1,"No Child",-1,"No Child",-1,"No Child",-1,"No Child","Bachelor’s Degree",29,"White",1,7042,0,1,0,0,0
"545",3862541572422,102,"3862541572422102'",5,2022,"52022",9425.120232,51,0,100,40,1,0,0,0,0,0,"1",0,"Infant",-1,"No Child",-1,"No Child",-1,"No Child",-1,"No Child",-1,"No Child","Bachelor’s Degree",29,"White",1,6989,0,1,0,0,0
"546",3862541572422,102,"3862541572422102'",6,2022,"62022",9459.7586311,51,0,100,40,1,0,0,0,0,0,"1",0,"Infant",-1,"No Child",-1,"No Child",-1,"No Child",-1,"No Child",-1,"No Child","Bachelor’s Degree",29,"White",1,6531,0,1,0,0,0
"547",3862541572422,102,"3862541572422102'",7,2022,"72022",9450.1600829,51,0,100,40,1,0,0,0,0,0,"1",0,"Infant",-1,"No Child",-1,"No Child",-1,"No Child",-1,"No Child",-1,"No Child","Bachelor’s Degree",29,"White",1,6671,0,1,0,0,0
"548",3862541572422,102,"3862541572422102'",8,2022,"82022",9485.7375417,51,0,100,40,1,0,0,0,0,0,"1",0,"Infant",-1,"No Child",-1,"No Child",-1,"No Child",-1,"No Child",-1,"No Child","Bachelor’s Degree",29,"White",1,6671,0,1,0,0,0
"549",3862541572422,102,"3862541572422102'",9,2022,"92022",9351.9544296,51,0,100,40,1,0,0,0,0,0,"1",0,"Infant",-1,"No Child",-1,"No Child",-1,"No Child",-1,"No Child",-1,"No Child","Bachelor’s Degree",29,"White",1,6671,0,1,0,0,0
"550",3862541572422,102,"3862541572422102'",10,2022,"102022",9500.3011629,51,0,100,40,1,0,0,0,0,0,"1",0,"Infant",-1,"No Child",-1,"No Child",-1,"No Child",-1,"No Child",-1,"No Child","Bachelor’s Degree",29,"White",1,6671,0,1,0,0,0
"551",3862541572422,102,"3862541572422102'",11,2022,"112022",9633.8984898,51,0,100,40,1,0,0,0,0,0,"1",0,"Infant",-1,"No Child",-1,"No Child",-1,"No Child",-1,"No Child",-1,"No Child","Bachelor’s Degree",29,"White",1,6671,0,1,0,0,0
"552",3862541572422,102,"3862541572422102'",12,2022,"122022",9666.7116692,51,0,100,40,1,0,0,0,0,0,"1",0,"Infant",-1,"No Child",-1,"No Child",-1,"No Child",-1,"No Child",-1,"No Child","Bachelor’s Degree",29,"White",1,6671,0,1,0,0,0
"553",3862543827820,101,"3862543827820101'",1,2020,"12020",6444.9268987,51,0,100,35,1,1,0,0,0,0,"2",2,"Toddler",1,"Infant",-1,"No Child",-1,"No Child",-1,"No Child",-1,"No Child","Graduate or Professional Degree",30,"White",0,9451,0,1,0,0,0
"554",3862543827820,101,"3862543827820101'",2,2020,"22020",6499.8606416,51,0,100,35,1,1,0,0,0,0,"2",2,"Toddler",1,"Infant",-1,"No Child",-1,"No Child",-1,"No Child",-1,"No Child","Graduate or Professional Degree",30,"White",0,9451,0,1,0,0,0
"555",3862543827820,101,"3862543827820101'",3,2020,"32020",6595.9571975,51,0,100,70,1,1,0,0,0,0,"2",2,"Toddler",1,"Infant",-1,"No Child",-1,"No Child",-1,"No Child",-1,"No Child","Graduate or Professional Degree",30,"White",0,14465,0,1,0,0,0
"556",3862543827820,101,"3862543827820101'",4,2020,"42020",6514.820864,51,0,100,70,1,1,0,0,0,0,"2",2,"Toddler",1,"Infant",-1,"No Child",-1,"No Child",-1,"No Child",-1,"No Child","Graduate or Professional Degree",30,"White",0,14465,0,1,0,0,0
"557",3862543827820,101,"3862543827820101'",5,2020,"52020",6515.4792957,51,0,100,70,1,1,0,0,0,0,"2",2,"Toddler",1,"Infant",-1,"No Child",-1,"No Child",-1,"No Child",-1,"No Child","Graduate or Professional Degree",30,"White",0,14465,0,1,0,0,0
"558",3862543827820,101,"3862543827820101'",6,2020,"62020",6539.4244303,51,0,100,70,1,1,0,0,0,0,"2",2,"Toddler",1,"Infant",-1,"No Child",-1,"No Child",-1,"No Child",-1,"No Child","Graduate or Professional Degree",30,"White",0,14465,0,1,0,0,0
"559",3862543827820,101,"3862543827820101'",7,2020,"72020",6532.7890622,51,0,100,70,1,1,0,0,0,0,"2",2,"Toddler",1,"Infant",-1,"No Child",-1,"No Child",-1,"No Child",-1,"No Child","Graduate or Professional Degree",30,"White",0,14465,0,1,0,0,0
"560",3862543827820,101,"3862543827820101'",8,2020,"82020",6557.3833581,51,0,100,70,1,1,0,0,0,0,"2",2,"Toddler",1,"Infant",-1,"No Child",-1,"No Child",-1,"No Child",-1,"No Child","Graduate or Professional Degree",30,"White",0,14465,0,1,0,0,0
"561",3862543827820,101,"3862543827820101'",9,2020,"92020",6464.9006019,51,0,100,70,1,1,0,0,0,0,"2",2,"Toddler",1,"Infant",-1,"No Child",-1,"No Child",-1,"No Child",-1,"No Child","Graduate or Professional Degree",30,"White",0,14465,0,1,0,0,0
"562",3862543827820,101,"3862543827820101'",10,2020,"102020",6569.2582239,51,0,100,70,1,1,0,0,0,0,"2",2,"Toddler",1,"Infant",-1,"No Child",-1,"No Child",-1,"No Child",-1,"No Child","Graduate or Professional Degree",30,"White",0,14465,0,1,0,0,0
"563",3862543827820,101,"3862543827820101'",11,2020,"112020",6664.4109553,51,0,100,70,1,1,0,0,0,0,"2",2,"Toddler",1,"Infant",-1,"No Child",-1,"No Child",-1,"No Child",-1,"No Child","Graduate or Professional Degree",30,"White",0,14465,0,1,0,0,0
"564",3862543827820,101,"3862543827820101'",12,2020,"122020",6700.5322024,51,0,100,70,1,1,0,0,0,0,"2",2,"Toddler",1,"Infant",-1,"No Child",-1,"No Child",-1,"No Child",-1,"No Child","Graduate or Professional Degree",30,"White",0,14465,0,1,0,0,0
"565",3862543827820,102,"3862543827820102'",1,2020,"12020",6444.9268987,51,0,100,40,1,1,0,0,0,0,"2",2,"Toddler",1,"Infant",-1,"No Child",-1,"No Child",-1,"No Child",-1,"No Child","Bachelor’s Degree",31,"White",NA,9451,0,0,0,0,0
"566",3862543827820,102,"3862543827820102'",2,2020,"22020",6499.8606416,51,0,100,40,1,1,0,0,0,0,"2",2,"Toddler",1,"Infant",-1,"No Child",-1,"No Child",-1,"No Child",-1,"No Child","Bachelor’s Degree",31,"White",NA,9451,0,0,0,0,0
"567",3862543827820,102,"3862543827820102'",3,2020,"32020",6595.9571975,51,0,100,40,1,1,0,0,0,0,"2",2,"Toddler",1,"Infant",-1,"No Child",-1,"No Child",-1,"No Child",-1,"No Child","Bachelor’s Degree",31,"White",NA,14465,0,0,0,0,0
"568",3862543827820,102,"3862543827820102'",4,2020,"42020",6514.820864,51,0,100,40,1,1,0,0,0,0,"2",2,"Toddler",1,"Infant",-1,"No Child",-1,"No Child",-1,"No Child",-1,"No Child","Bachelor’s Degree",31,"White",NA,14465,0,0,0,0,0
"569",3862543827820,102,"3862543827820102'",5,2020,"52020",6515.4792957,51,0,100,40,1,1,0,0,0,0,"2",2,"Toddler",1,"Infant",-1,"No Child",-1,"No Child",-1,"No Child",-1,"No Child","Bachelor’s Degree",31,"White",NA,14465,0,0,0,0,0
"570",3862543827820,102,"3862543827820102'",6,2020,"62020",6539.4244303,51,0,100,40,1,1,0,0,0,0,"2",2,"Toddler",1,"Infant",-1,"No Child",-1,"No Child",-1,"No Child",-1,"No Child","Bachelor’s Degree",31,"White",NA,14465,0,0,0,0,0
"571",3862543827820,102,"3862543827820102'",7,2020,"72020",6532.7890622,51,0,100,40,1,1,0,0,0,0,"2",2,"Toddler",1,"Infant",-1,"No Child",-1,"No Child",-1,"No Child",-1,"No Child","Bachelor’s Degree",31,"White",NA,14465,0,0,0,0,0
"572",3862543827820,102,"3862543827820102'",8,2020,"82020",6557.3833581,51,0,100,40,1,1,0,0,0,0,"2",2,"Toddler",1,"Infant",-1,"No Child",-1,"No Child",-1,"No Child",-1,"No Child","Bachelor’s Degree",31,"White",NA,14465,0,0,0,0,0
"573",3862543827820,102,"3862543827820102'",9,2020,"92020",6464.9006019,51,0,100,40,1,1,0,0,0,0,"2",2,"Toddler",1,"Infant",-1,"No Child",-1,"No Child",-1,"No Child",-1,"No Child","Bachelor’s Degree",31,"White",NA,14465,0,0,0,0,0
"574",3862543827820,102,"3862543827820102'",10,2020,"102020",6569.2582239,51,0,100,40,1,1,0,0,0,0,"2",2,"Toddler",1,"Infant",-1,"No Child",-1,"No Child",-1,"No Child",-1,"No Child","Bachelor’s Degree",31,"White",NA,14465,0,0,0,0,0
"575",3862543827820,102,"3862543827820102'",11,2020,"112020",6664.4109553,51,0,100,40,1,1,0,0,0,0,"2",2,"Toddler",1,"Infant",-1,"No Child",-1,"No Child",-1,"No Child",-1,"No Child","Bachelor’s Degree",31,"White",NA,14465,0,0,0,0,0
"576",3862543827820,102,"3862543827820102'",12,2020,"122020",6700.5322024,51,0,100,40,1,1,0,0,0,0,"2",2,"Toddler",1,"Infant",-1,"No Child",-1,"No Child",-1,"No Child",-1,"No Child","Bachelor’s Degree",31,"White",NA,14465,0,0,0,0,0
"577",3862543890122,101,"3862543890122101'",1,2022,"12022",7942.9242596,51,0,100,0,1,0,0,0,0,0,"1",4,"Preschool",-1,"No Child",-1,"No Child",-1,"No Child",-1,"No Child",-1,"No Child","High School or Some College",24,"White",0,8590,0,1,0,0,0
"578",3862543890122,101,"3862543890122101'",2,2022,"22022",7967.5126675,51,0,100,0,1,0,0,0,0,0,"1",4,"Preschool",-1,"No Child",-1,"No Child",-1,"No Child",-1,"No Child",-1,"No Child","High School or Some College",24,"White",0,8590,0,1,0,0,0
"579",3862543890122,101,"3862543890122101'",3,2022,"32022",8221.0548287,51,0,100,0,1,0,0,0,0,0,"1",4,"Preschool",-1,"No Child",-1,"No Child",-1,"No Child",-1,"No Child",-1,"No Child","High School or Some College",24,"White",0,8590,0,1,0,0,0
"580",3862543890122,101,"3862543890122101'",4,2022,"42022",8073.3403119,51,0,100,0,1,0,0,0,0,0,"1",4,"Preschool",-1,"No Child",-1,"No Child",-1,"No Child",-1,"No Child",-1,"No Child","High School or Some College",24,"White",0,8590,0,1,0,0,0
"581",3862543890122,101,"3862543890122101'",5,2022,"52022",8024.036857,51,0,100,0,1,0,0,0,0,0,"1",4,"Preschool",-1,"No Child",-1,"No Child",-1,"No Child",-1,"No Child",-1,"No Child","High School or Some College",24,"White",0,8590,0,1,0,0,0
"582",3862543890122,101,"3862543890122101'",6,2022,"62022",8059.9853891,51,0,100,0,1,0,0,0,0,0,"1",4,"Preschool",-1,"No Child",-1,"No Child",-1,"No Child",-1,"No Child",-1,"No Child","High School or Some College",24,"White",0,8590,0,1,0,0,0
"583",3862543890122,101,"3862543890122101'",7,2022,"72022",8024.050721,51,0,100,0,1,0,0,0,0,0,"1",4,"Preschool",-1,"No Child",-1,"No Child",-1,"No Child",-1,"No Child",-1,"No Child","High School or Some College",24,"White",0,8590,0,1,0,0,0
"584",3862543890122,101,"3862543890122101'",8,2022,"82022",7930.3944984,51,0,100,0,1,0,0,0,0,0,"1",4,"Preschool",-1,"No Child",-1,"No Child",-1,"No Child",-1,"No Child",-1,"No Child","High School or Some College",24,"White",0,8590,0,1,0,0,0
"585",3862543890122,101,"3862543890122101'",9,2022,"92022",8008.4688933,51,0,100,0,1,0,0,0,0,0,"1",4,"Preschool",-1,"No Child",-1,"No Child",-1,"No Child",-1,"No Child",-1,"No Child","High School or Some College",24,"White",0,8590,0,1,0,0,0
"586",3862543890122,101,"3862543890122101'",10,2022,"102022",8005.2533098,51,0,100,0,1,0,0,0,0,0,"1",4,"Preschool",-1,"No Child",-1,"No Child",-1,"No Child",-1,"No Child",-1,"No Child","High School or Some College",24,"White",0,8590,0,1,0,0,0
"587",3862543890122,101,"3862543890122101'",11,2022,"112022",7979.1766668,51,0,100,10,1,0,0,0,0,0,"1",4,"Preschool",-1,"No Child",-1,"No Child",-1,"No Child",-1,"No Child",-1,"No Child","High School or Some College",24,"White",0,9187,0,1,0,0,0
"588",3862543890122,101,"3862543890122101'",12,2022,"122022",8109.9211613,51,0,100,25,1,0,0,0,0,0,"1",4,"Preschool",-1,"No Child",-1,"No Child",-1,"No Child",-1,"No Child",-1,"No Child","High School or Some College",24,"White",0,10219,0,1,0,0,0
"589",3862543890122,106,"3862543890122106'",1,2022,"12022",7602.8685004,51,0,100,40,1,0,0,0,0,0,"1",4,"Preschool",-1,"No Child",-1,"No Child",-1,"No Child",-1,"No Child",-1,"No Child","High School or Some College",34,"White",NA,8590,0,0,0,0,0
"590",3862543890122,106,"3862543890122106'",2,2022,"22022",7734.6726244,51,0,100,40,1,0,0,0,0,0,"1",4,"Preschool",-1,"No Child",-1,"No Child",-1,"No Child",-1,"No Child",-1,"No Child","High School or Some College",34,"White",NA,8590,0,0,0,0,0
"591",3862543890122,106,"3862543890122106'",3,2022,"32022",7891.1353502,51,0,100,40,1,0,0,0,0,0,"1",4,"Preschool",-1,"No Child",-1,"No Child",-1,"No Child",-1,"No Child",-1,"No Child","High School or Some College",34,"White",NA,8590,0,0,0,0,0
"592",3862543890122,106,"3862543890122106'",4,2022,"42022",7773.9941405,51,0,100,40,1,0,0,0,0,0,"1",4,"Preschool",-1,"No Child",-1,"No Child",-1,"No Child",-1,"No Child",-1,"No Child","High School or Some College",34,"White",NA,8590,0,0,0,0,0
"593",3862543890122,106,"3862543890122106'",5,2022,"52022",7968.0436057,51,0,100,40,1,0,0,0,0,0,"1",4,"Preschool",-1,"No Child",-1,"No Child",-1,"No Child",-1,"No Child",-1,"No Child","High School or Some College",34,"White",NA,8590,0,0,0,0,0
"594",3862543890122,106,"3862543890122106'",6,2022,"62022",7756.1773175,51,0,100,40,1,0,0,0,0,0,"1",4,"Preschool",-1,"No Child",-1,"No Child",-1,"No Child",-1,"No Child",-1,"No Child","High School or Some College",34,"White",NA,8590,0,0,0,0,0
"595",3862543890122,106,"3862543890122106'",7,2022,"72022",7562.2775655,51,0,100,40,1,0,0,0,0,0,"1",4,"Preschool",-1,"No Child",-1,"No Child",-1,"No Child",-1,"No Child",-1,"No Child","High School or Some College",34,"White",NA,8590,0,0,0,0,0
"596",3862543890122,106,"3862543890122106'",8,2022,"82022",7705.2133481,51,0,100,40,1,0,0,0,0,0,"1",4,"Preschool",-1,"No Child",-1,"No Child",-1,"No Child",-1,"No Child",-1,"No Child","High School or Some College",34,"White",NA,8590,0,0,0,0,0
"597",3862543890122,106,"3862543890122106'",9,2022,"92022",7543.0492801,51,0,100,40,1,0,0,0,0,0,"1",4,"Preschool",-1,"No Child",-1,"No Child",-1,"No Child",-1,"No Child",-1,"No Child","High School or Some College",34,"White",NA,8590,0,0,0,0,0
"598",3862543890122,106,"3862543890122106'",10,2022,"102022",7632.5590985,51,0,100,40,1,0,0,0,0,0,"1",4,"Preschool",-1,"No Child",-1,"No Child",-1,"No Child",-1,"No Child",-1,"No Child","High School or Some College",34,"White",NA,8590,0,0,0,0,0
"599",3862543890122,106,"3862543890122106'",11,2022,"112022",7979.1766668,51,0,100,40,1,0,0,0,0,0,"1",4,"Preschool",-1,"No Child",-1,"No Child",-1,"No Child",-1,"No Child",-1,"No Child","High School or Some College",34,"White",NA,9187,0,0,0,0,0
"600",3862543890122,106,"3862543890122106'",12,2022,"122022",8109.9211613,51,0,100,40,1,0,0,0,0,0,"1",4,"Preschool",-1,"No Child",-1,"No Child",-1,"No Child",-1,"No Child",-1,"No Child","High School or Some College",34,"White",NA,10219,0,0,0,0,0
"601",3862562572922,101,"3862562572922101'",1,2022,"12022",12527.350007,51,0,100,40,0,1,0,0,0,0,"1",8,"School Age",5,"Preschool",-1,"No Child",-1,"No Child",-1,"No Child",-1,"No Child","High School or Some College",35,"White",0,3259,0,1,1,0,0
"602",3862562572922,101,"3862562572922101'",2,2022,"22022",12665.631178,51,0,100,40,0,1,0,0,0,0,"1",8,"School Age",5,"Preschool",-1,"No Child",-1,"No Child",-1,"No Child",-1,"No Child","High School or Some College",35,"White",0,3259,0,1,1,0,0
"603",3862562572922,101,"3862562572922101'",3,2022,"32022",12708.038284,51,0,100,40,0,1,0,0,0,0,"1",8,"School Age",5,"Preschool",-1,"No Child",-1,"No Child",-1,"No Child",-1,"No Child","High School or Some College",35,"White",0,3259,0,1,1,0,0
"604",3862562572922,101,"3862562572922101'",4,2022,"42022",11379.833131,51,0,100,40,0,1,0,0,0,0,"1",8,"School Age",5,"Preschool",-1,"No Child",-1,"No Child",-1,"No Child",-1,"No Child","High School or Some College",35,"White",0,3100,0,1,1,0,0
"605",3862562572922,101,"3862562572922101'",5,2022,"52022",10877.780511,51,0,100,40,0,1,0,0,0,0,"1",8,"School Age",5,"Preschool",-1,"No Child",-1,"No Child",-1,"No Child",-1,"No Child","High School or Some College",35,"White",0,3100,0,1,1,0,0
"606",3862562572922,101,"3862562572922101'",6,2022,"62022",10956.317231,51,0,100,40,0,1,0,0,0,0,"1",8,"School Age",5,"Preschool",-1,"No Child",-1,"No Child",-1,"No Child",-1,"No Child","High School or Some College",35,"White",0,3100,0,1,1,0,0
"607",3862562572922,101,"3862562572922101'",7,2022,"72022",10978.596721,51,0,100,40,0,1,0,0,0,0,"1",8,"School Age",5,"Preschool",-1,"No Child",-1,"No Child",-1,"No Child",-1,"No Child","High School or Some College",35,"White",0,3100,0,1,1,0,0
"608",3862562572922,101,"3862562572922101'",8,2022,"82022",11097.570715,51,0,100,40,0,1,0,0,0,0,"1",8,"School Age",5,"Preschool",-1,"No Child",-1,"No Child",-1,"No Child",-1,"No Child","High School or Some College",35,"White",0,3100,0,1,1,0,0
"609",3862562572922,101,"3862562572922101'",9,2022,"92022",11205.669684,51,0,100,40,0,1,0,0,0,0,"1",8,"School Age",5,"Preschool",-1,"No Child",-1,"No Child",-1,"No Child",-1,"No Child","High School or Some College",35,"White",0,3100,0,1,1,0,0
"610",3862562572922,101,"3862562572922101'",10,2022,"102022",11329.959169,51,0,100,40,0,1,0,0,0,0,"1",8,"School Age",5,"Preschool",-1,"No Child",-1,"No Child",-1,"No Child",-1,"No Child","High School or Some College",35,"White",0,3100,0,1,1,0,0
"611",3862562572922,101,"3862562572922101'",11,2022,"112022",11437.682335,51,0,100,40,0,1,0,0,0,0,"1",8,"School Age",5,"Preschool",-1,"No Child",-1,"No Child",-1,"No Child",-1,"No Child","High School or Some College",35,"White",0,3209,0,1,1,0,0
"612",3862562572922,101,"3862562572922101'",12,2022,"122022",11229.085686,51,0,100,40,0,1,0,0,0,0,"1",8,"School Age",5,"Preschool",-1,"No Child",-1,"No Child",-1,"No Child",-1,"No Child","High School or Some College",35,"White",0,3200,0,1,1,0,0
"613",3862594556123,102,"3862594556123102'",1,2023,"12023",5687.5915291,51,0,100,40,0,0,0,1,1,0,"2",11,"School Age",10,"School Age",10,"School Age",5,"Preschool",4,"Preschool",-1,"No Child","High School or Some College",48,"Black",NA,3057,0,0,0,0,0
"614",3862594556123,102,"3862594556123102'",2,2023,"22023",5631.4094421,51,0,100,40,0,0,0,1,1,0,"2",11,"School Age",10,"School Age",10,"School Age",5,"Preschool",4,"Preschool",-1,"No Child","High School or Some College",48,"Black",NA,3057,0,0,0,0,0
"615",3862594556123,102,"3862594556123102'",3,2023,"32023",5564.3699241,51,0,100,40,0,0,0,1,1,0,"2",11,"School Age",10,"School Age",10,"School Age",5,"Preschool",4,"Preschool",-1,"No Child","High School or Some College",48,"Black",NA,4374,0,0,0,0,0
"616",3862594556123,102,"3862594556123102'",4,2023,"42023",5700.6814457,51,0,100,40,0,0,0,1,1,0,"2",11,"School Age",10,"School Age",10,"School Age",5,"Preschool",4,"Preschool",-1,"No Child","High School or Some College",48,"Black",NA,4628,0,0,0,0,0
"617",3862594556123,102,"3862594556123102'",5,2023,"52023",5519.5688088,51,0,100,40,0,0,0,1,1,0,"2",11,"School Age",10,"School Age",10,"School Age",5,"Preschool",4,"Preschool",-1,"No Child","High School or Some College",48,"Black",NA,4628,0,0,0,0,0
"618",3862594556123,102,"3862594556123102'",6,2023,"62023",5667.2803543,51,0,100,40,0,0,0,1,1,0,"2",11,"School Age",10,"School Age",10,"School Age",5,"Preschool",4,"Preschool",-1,"No Child","High School or Some College",48,"Black",NA,4628,0,0,0,0,0
"619",3862594556123,102,"3862594556123102'",7,2023,"72023",5683.6861982,51,0,100,40,0,0,0,1,1,0,"2",11,"School Age",10,"School Age",10,"School Age",5,"Preschool",4,"Preschool",-1,"No Child","High School or Some College",48,"Black",NA,4628,0,0,0,0,0
"620",3862594556123,102,"3862594556123102'",8,2023,"82023",5791.5615839,51,0,100,40,0,0,0,1,1,0,"2",11,"School Age",10,"School Age",10,"School Age",5,"Preschool",4,"Preschool",-1,"No Child","High School or Some College",48,"Black",NA,4628,0,0,0,0,0
"621",3862594556123,102,"3862594556123102'",9,2023,"92023",5663.44624,51,0,100,40,0,0,0,1,1,0,"2",11,"School Age",10,"School Age",10,"School Age",5,"Preschool",4,"Preschool",-1,"No Child","High School or Some College",48,"Black",NA,4628,0,0,0,0,0
"622",3862594556123,102,"3862594556123102'",10,2023,"102023",5593.9878659,51,0,100,40,0,0,0,1,1,0,"2",11,"School Age",10,"School Age",10,"School Age",5,"Preschool",4,"Preschool",-1,"No Child","High School or Some College",48,"Black",NA,4628,0,0,0,0,0
"623",3862594556123,102,"3862594556123102'",11,2023,"112023",5994.4000087,51,0,100,40,0,0,0,1,1,0,"2",11,"School Age",10,"School Age",10,"School Age",5,"Preschool",4,"Preschool",-1,"No Child","High School or Some College",48,"Black",NA,4418,0,0,0,0,0
"624",3862594556123,102,"3862594556123102'",12,2023,"122023",5977.063912,51,0,100,40,0,0,0,1,1,0,"2",11,"School Age",10,"School Age",10,"School Age",5,"Preschool",4,"Preschool",-1,"No Child","High School or Some College",48,"Black",NA,3057,0,0,0,0,0
"625",3886004362123,103,"3886004362123103'",1,2023,"12023",7064.3307654,51,24,100,40,0,0,1,0,0,0,"1",9,"School Age",7,"School Age",5,"Preschool",-1,"No Child",-1,"No Child",-1,"No Child","Bachelor’s Degree",35,"White",1,10672,0,1,0,0,0
"626",3886004362123,103,"3886004362123103'",2,2023,"22023",7155.2357974,51,24,100,40,0,0,1,0,0,0,"1",9,"School Age",7,"School Age",5,"Preschool",-1,"No Child",-1,"No Child",-1,"No Child","Bachelor’s Degree",35,"White",1,10672,0,1,0,0,0
"627",3886004362123,103,"3886004362123103'",3,2023,"32023",7214.2773296,51,24,100,40,0,0,1,0,0,0,"1",9,"School Age",7,"School Age",5,"Preschool",-1,"No Child",-1,"No Child",-1,"No Child","Bachelor’s Degree",35,"White",1,10728,0,1,0,0,0
"628",3886004362123,103,"3886004362123103'",4,2023,"42023",7148.4574755,51,24,100,40,0,0,1,0,0,0,"1",9,"School Age",7,"School Age",5,"Preschool",-1,"No Child",-1,"No Child",-1,"No Child","Bachelor’s Degree",35,"White",1,11015,0,1,0,0,0
"629",3886004362123,103,"3886004362123103'",5,2023,"52023",7067.6635038,51,24,100,40,0,0,1,0,0,0,"1",9,"School Age",7,"School Age",5,"Preschool",-1,"No Child",-1,"No Child",-1,"No Child","Bachelor’s Degree",35,"White",1,20433,0,1,0,0,0
"630",3886004362123,103,"3886004362123103'",6,2023,"62023",7021.0972736,51,24,100,40,0,0,1,0,0,0,"1",9,"School Age",7,"School Age",5,"Preschool",-1,"No Child",-1,"No Child",-1,"No Child","Bachelor’s Degree",35,"White",1,20433,0,1,0,0,0
"631",3886004362123,103,"3886004362123103'",7,2023,"72023",6433.0810174,51,24,100,40,0,0,1,0,0,0,"1",9,"School Age",7,"School Age",5,"Preschool",-1,"No Child",-1,"No Child",-1,"No Child","Bachelor’s Degree",35,"White",1,20433,0,1,0,0,0
"632",3886004362123,103,"3886004362123103'",8,2023,"82023",6462.5064085,51,24,100,40,0,0,1,0,0,0,"1",9,"School Age",7,"School Age",5,"Preschool",-1,"No Child",-1,"No Child",-1,"No Child","Bachelor’s Degree",35,"White",1,23233,0,1,0,0,0
"633",3886004362123,103,"3886004362123103'",9,2023,"92023",6474.7105899,51,24,100,40,0,0,1,0,0,0,"1",9,"School Age",7,"School Age",5,"Preschool",-1,"No Child",-1,"No Child",-1,"No Child","Bachelor’s Degree",35,"White",1,23233,0,1,0,0,0
"634",3886004362123,103,"3886004362123103'",10,2023,"102023",6611.8952777,51,24,100,40,0,0,1,0,0,0,"1",9,"School Age",7,"School Age",5,"Preschool",-1,"No Child",-1,"No Child",-1,"No Child","Bachelor’s Degree",35,"White",1,23233,0,1,0,0,0
"635",3886004362123,103,"3886004362123103'",11,2023,"112023",6649.718122,51,24,100,40,0,0,1,0,0,0,"1",9,"School Age",7,"School Age",5,"Preschool",-1,"No Child",-1,"No Child",-1,"No Child","Bachelor’s Degree",35,"White",1,23233,0,1,0,0,0
"636",3886004362123,103,"3886004362123103'",12,2023,"122023",6568.7411715,51,24,100,40,0,0,1,0,0,0,"1",9,"School Age",7,"School Age",5,"Preschool",-1,"No Child",-1,"No Child",-1,"No Child","Bachelor’s Degree",35,"White",1,62933,0,1,0,0,0
"637",3886008651923,101,"3886008651923101'",1,2023,"12023",15475.08815,51,0,0,0,0,1,0,0,0,0,"1",10,"School Age",5,"Preschool",-1,"No Child",-1,"No Child",-1,"No Child",-1,"No Child","No High School Diploma",35,"Black",1,841,0,1,1,1,0
"638",3886008651923,101,"3886008651923101'",2,2023,"22023",16026.14557,51,0,0,0,0,1,0,0,0,0,"1",10,"School Age",5,"Preschool",-1,"No Child",-1,"No Child",-1,"No Child",-1,"No Child","No High School Diploma",35,"Black",1,841,0,1,1,1,0
"639",3886008651923,101,"3886008651923101'",3,2023,"32023",16345.022163,51,0,0,0,0,1,0,0,0,0,"1",10,"School Age",5,"Preschool",-1,"No Child",-1,"No Child",-1,"No Child",-1,"No Child","No High School Diploma",35,"Black",1,841,0,1,1,1,0
"640",3886008651923,101,"3886008651923101'",4,2023,"42023",16371.869073,51,0,0,0,0,1,0,0,0,0,"1",10,"School Age",5,"Preschool",-1,"No Child",-1,"No Child",-1,"No Child",-1,"No Child","No High School Diploma",35,"Black",1,841,0,1,1,1,0
"641",3886008651923,101,"3886008651923101'",5,2023,"52023",14928.786842,51,0,0,0,0,1,0,0,0,0,"1",10,"School Age",5,"Preschool",-1,"No Child",-1,"No Child",-1,"No Child",-1,"No Child","No High School Diploma",35,"Black",1,841,0,1,1,1,0
"642",3886008651923,101,"3886008651923101'",6,2023,"62023",14884.771516,51,0,0,0,0,1,0,0,0,0,"1",10,"School Age",5,"Preschool",-1,"No Child",-1,"No Child",-1,"No Child",-1,"No Child","No High School Diploma",35,"Black",1,841,0,1,1,1,0
"643",3886008651923,101,"3886008651923101'",7,2023,"72023",14362.82207,51,0,0,0,0,1,0,0,0,0,"1",10,"School Age",5,"Preschool",-1,"No Child",-1,"No Child",-1,"No Child",-1,"No Child","No High School Diploma",35,"Black",1,841,0,1,1,1,0
"644",3886008651923,101,"3886008651923101'",8,2023,"82023",14157.317706,51,0,0,0,0,1,0,0,0,0,"1",10,"School Age",5,"Preschool",-1,"No Child",-1,"No Child",-1,"No Child",-1,"No Child","No High School Diploma",35,"Black",1,841,0,1,1,1,0
"645",3886008651923,101,"3886008651923101'",9,2023,"92023",14008.114787,51,0,0,0,0,1,0,0,0,0,"1",10,"School Age",5,"Preschool",-1,"No Child",-1,"No Child",-1,"No Child",-1,"No Child","No High School Diploma",35,"Black",1,841,0,1,1,1,0
"646",3886008651923,101,"3886008651923101'",10,2023,"102023",12391.35639,51,0,0,0,0,1,0,0,0,0,"1",10,"School Age",5,"Preschool",-1,"No Child",-1,"No Child",-1,"No Child",-1,"No Child","No High School Diploma",35,"Black",1,841,0,1,1,1,0
"647",3886008651923,101,"3886008651923101'",11,2023,"112023",13459.613267,51,0,0,0,0,1,0,0,0,0,"1",10,"School Age",5,"Preschool",-1,"No Child",-1,"No Child",-1,"No Child",-1,"No Child","No High School Diploma",35,"Black",1,841,0,1,1,1,0
"648",3886008651923,101,"3886008651923101'",12,2023,"122023",13377.469247,51,0,0,0,0,1,0,0,0,0,"1",10,"School Age",5,"Preschool",-1,"No Child",-1,"No Child",-1,"No Child",-1,"No Child","No High School Diploma",35,"Black",1,841,0,1,1,1,0
"649",3886012695622,101,"3886012695622101'",1,2022,"12022",9285.0456092,51,0,100,45,1,0,0,0,0,0,"1",4,"Preschool",-1,"No Child",-1,"No Child",-1,"No Child",-1,"No Child",-1,"No Child","Graduate or Professional Degree",42,"White",NA,12133,0,0,0,0,1
"650",3886012695622,101,"3886012695622101'",2,2022,"22022",9151.6975704,51,0,100,45,1,0,0,0,0,0,"1",4,"Preschool",-1,"No Child",-1,"No Child",-1,"No Child",-1,"No Child",-1,"No Child","Graduate or Professional Degree",42,"White",NA,12133,0,0,0,0,1
"651",3886012695622,101,"3886012695622101'",3,2022,"32022",9188.656745,51,0,100,45,1,0,0,0,0,0,"1",4,"Preschool",-1,"No Child",-1,"No Child",-1,"No Child",-1,"No Child",-1,"No Child","Graduate or Professional Degree",42,"White",NA,12133,0,0,0,0,1
"652",3886012695622,101,"3886012695622101'",4,2022,"42022",9193.5493378,51,0,100,45,1,0,0,0,0,0,"1",4,"Preschool",-1,"No Child",-1,"No Child",-1,"No Child",-1,"No Child",-1,"No Child","Graduate or Professional Degree",42,"White",NA,12133,0,0,0,0,1
"653",3886012695622,101,"3886012695622101'",5,2022,"52022",9235.2935567,51,0,100,45,1,0,0,0,0,0,"1",4,"Preschool",-1,"No Child",-1,"No Child",-1,"No Child",-1,"No Child",-1,"No Child","Graduate or Professional Degree",42,"White",NA,12133,0,0,0,0,1
"654",3886012695622,101,"3886012695622101'",6,2022,"62022",9221.9192523,51,0,100,45,1,0,0,0,0,0,"1",4,"Preschool",-1,"No Child",-1,"No Child",-1,"No Child",-1,"No Child",-1,"No Child","Graduate or Professional Degree",42,"White",NA,12155,0,0,0,0,1
"655",3886012695622,101,"3886012695622101'",7,2022,"72022",9266.9693536,51,0,100,45,1,0,0,0,0,0,"1",4,"Preschool",-1,"No Child",-1,"No Child",-1,"No Child",-1,"No Child",-1,"No Child","Graduate or Professional Degree",42,"White",NA,12168,0,0,0,0,1
"656",3886012695622,101,"3886012695622101'",8,2022,"82022",9337.7257538,51,0,100,45,1,0,0,0,0,0,"1",4,"Preschool",-1,"No Child",-1,"No Child",-1,"No Child",-1,"No Child",-1,"No Child","Graduate or Professional Degree",42,"White",NA,12168,0,0,0,0,1
"657",3886012695622,101,"3886012695622101'",9,2022,"92022",9351.9696906,51,0,100,45,1,0,0,0,0,0,"1",4,"Preschool",-1,"No Child",-1,"No Child",-1,"No Child",-1,"No Child",-1,"No Child","Graduate or Professional Degree",42,"White",NA,12168,0,0,0,0,1
"658",3886012695622,101,"3886012695622101'",10,2022,"102022",9365.8216756,51,0,100,45,1,0,0,0,0,0,"1",4,"Preschool",-1,"No Child",-1,"No Child",-1,"No Child",-1,"No Child",-1,"No Child","Graduate or Professional Degree",42,"White",NA,12168,0,0,0,0,1
"659",3886012695622,101,"3886012695622101'",11,2022,"112022",9205.7717346,51,0,100,45,1,0,0,0,0,0,"1",4,"Preschool",-1,"No Child",-1,"No Child",-1,"No Child",-1,"No Child",-1,"No Child","Graduate or Professional Degree",42,"White",NA,12168,0,0,0,0,1
"660",3886012695622,101,"3886012695622101'",12,2022,"122022",9152.7378092,51,0,100,45,1,0,0,0,0,0,"1",4,"Preschool",-1,"No Child",-1,"No Child",-1,"No Child",-1,"No Child",-1,"No Child","Graduate or Professional Degree",42,"White",NA,12394,0,0,0,0,1
"661",3886012695622,102,"3886012695622102'",1,2022,"12022",9285.0456092,51,0,100,16,1,0,0,0,0,0,"1",4,"Preschool",-1,"No Child",-1,"No Child",-1,"No Child",-1,"No Child",-1,"No Child","Bachelor’s Degree",46,"White",NA,12133,0,1,0,0,0
"662",3886012695622,102,"3886012695622102'",2,2022,"22022",9151.6975704,51,0,100,16,1,0,0,0,0,0,"1",4,"Preschool",-1,"No Child",-1,"No Child",-1,"No Child",-1,"No Child",-1,"No Child","Bachelor’s Degree",46,"White",NA,12133,0,1,0,0,0
"663",3886012695622,102,"3886012695622102'",3,2022,"32022",9188.656745,51,0,100,16,1,0,0,0,0,0,"1",4,"Preschool",-1,"No Child",-1,"No Child",-1,"No Child",-1,"No Child",-1,"No Child","Bachelor’s Degree",46,"White",NA,12133,0,1,0,0,0
"664",3886012695622,102,"3886012695622102'",4,2022,"42022",9193.5493378,51,0,100,16,1,0,0,0,0,0,"1",4,"Preschool",-1,"No Child",-1,"No Child",-1,"No Child",-1,"No Child",-1,"No Child","Bachelor’s Degree",46,"White",NA,12133,0,1,0,0,0
"665",3886012695622,102,"3886012695622102'",5,2022,"52022",9235.2935567,51,0,100,16,1,0,0,0,0,0,"1",4,"Preschool",-1,"No Child",-1,"No Child",-1,"No Child",-1,"No Child",-1,"No Child","Bachelor’s Degree",46,"White",NA,12133,0,1,0,0,0
"666",3886012695622,102,"3886012695622102'",6,2022,"62022",9221.9192523,51,0,100,16,1,0,0,0,0,0,"1",4,"Preschool",-1,"No Child",-1,"No Child",-1,"No Child",-1,"No Child",-1,"No Child","Bachelor’s Degree",46,"White",NA,12155,0,1,0,0,0
"667",3886012695622,102,"3886012695622102'",7,2022,"72022",9266.9693536,51,0,100,16,1,0,0,0,0,0,"1",4,"Preschool",-1,"No Child",-1,"No Child",-1,"No Child",-1,"No Child",-1,"No Child","Bachelor’s Degree",46,"White",NA,12168,0,1,0,0,0
"668",3886012695622,102,"3886012695622102'",8,2022,"82022",9337.7257538,51,0,100,16,1,0,0,0,0,0,"1",4,"Preschool",-1,"No Child",-1,"No Child",-1,"No Child",-1,"No Child",-1,"No Child","Bachelor’s Degree",46,"White",NA,12168,0,1,0,0,0
"669",3886012695622,102,"3886012695622102'",9,2022,"92022",9351.9696906,51,0,100,16,1,0,0,0,0,0,"1",4,"Preschool",-1,"No Child",-1,"No Child",-1,"No Child",-1,"No Child",-1,"No Child","Bachelor’s Degree",46,"White",NA,12168,0,1,0,0,0
"670",3886012695622,102,"3886012695622102'",10,2022,"102022",9365.8216756,51,0,100,16,1,0,0,0,0,0,"1",4,"Preschool",-1,"No Child",-1,"No Child",-1,"No Child",-1,"No Child",-1,"No Child","Bachelor’s Degree",46,"White",NA,12168,0,1,0,0,0
"671",3886012695622,102,"3886012695622102'",11,2022,"112022",9205.7717346,51,0,100,16,1,0,0,0,0,0,"1",4,"Preschool",-1,"No Child",-1,"No Child",-1,"No Child",-1,"No Child",-1,"No Child","Bachelor’s Degree",46,"White",NA,12168,0,1,0,0,0
"672",3886012695622,102,"3886012695622102'",12,2022,"122022",9152.7378092,51,0,100,16,1,0,0,0,0,0,"1",4,"Preschool",-1,"No Child",-1,"No Child",-1,"No Child",-1,"No Child",-1,"No Child","Bachelor’s Degree",46,"White",NA,12394,0,1,0,0,0
"673",3886017262622,101,"3886017262622101'",1,2022,"12022",5083.4626453,51,0,100,0,1,1,0,0,0,0,"2",4,"Preschool",3,"Toddler",-1,"No Child",-1,"No Child",-1,"No Child",-1,"No Child","High School or Some College",34,"White",NA,4957,1,0,0,0,0
"674",3886017262622,101,"3886017262622101'",2,2022,"22022",5093.0451615,51,0,100,0,1,1,0,0,0,0,"2",4,"Preschool",3,"Toddler",-1,"No Child",-1,"No Child",-1,"No Child",-1,"No Child","High School or Some College",34,"White",NA,4957,1,0,0,0,0
"675",3886017262622,101,"3886017262622101'",3,2022,"32022",5130.6358515,51,0,100,0,1,1,0,0,0,0,"2",4,"Preschool",3,"Toddler",-1,"No Child",-1,"No Child",-1,"No Child",-1,"No Child","High School or Some College",34,"White",NA,4957,1,0,0,0,0
"676",3886017262622,101,"3886017262622101'",4,2022,"42022",5035.084809,51,0,100,0,1,1,0,0,0,0,"2",4,"Preschool",3,"Toddler",-1,"No Child",-1,"No Child",-1,"No Child",-1,"No Child","High School or Some College",34,"White",NA,4957,1,0,0,0,0
"677",3886017262622,101,"3886017262622101'",5,2022,"52022",4971.2046804,51,0,100,0,1,1,0,0,0,0,"2",4,"Preschool",3,"Toddler",-1,"No Child",-1,"No Child",-1,"No Child",-1,"No Child","High School or Some College",34,"White",NA,6017,1,0,0,0,0
"678",3886017262622,101,"3886017262622101'",6,2022,"62022",4960.390334,51,0,100,0,1,1,0,0,0,0,"2",4,"Preschool",3,"Toddler",-1,"No Child",-1,"No Child",-1,"No Child",-1,"No Child","High School or Some College",34,"White",NA,6017,1,0,0,0,0
"679",3886017262622,101,"3886017262622101'",7,2022,"72022",4952.1230478,51,0,100,0,1,1,0,0,0,0,"2",4,"Preschool",3,"Toddler",-1,"No Child",-1,"No Child",-1,"No Child",-1,"No Child","High School or Some College",34,"White",NA,6017,1,0,0,0,0
"680",3886017262622,101,"3886017262622101'",8,2022,"82022",4989.2200336,51,0,100,0,1,1,0,0,0,0,"2",4,"Preschool",3,"Toddler",-1,"No Child",-1,"No Child",-1,"No Child",-1,"No Child","High School or Some College",34,"White",NA,6017,1,0,0,0,0
"681",3886017262622,101,"3886017262622101'",9,2022,"92022",4964.5355933,51,0,100,0,1,1,0,0,0,0,"2",4,"Preschool",3,"Toddler",-1,"No Child",-1,"No Child",-1,"No Child",-1,"No Child","High School or Some College",34,"White",NA,6017,1,0,0,0,0
"682",3886017262622,101,"3886017262622101'",10,2022,"102022",5032.8903148,51,0,100,0,1,1,0,0,0,0,"2",4,"Preschool",3,"Toddler",-1,"No Child",-1,"No Child",-1,"No Child",-1,"No Child","High School or Some College",34,"White",NA,6017,1,0,0,0,0
"683",3886017262622,101,"3886017262622101'",11,2022,"112022",5109.092412,51,0,100,21.6,1,1,0,0,0,0,"2",4,"Preschool",3,"Toddler",-1,"No Child",-1,"No Child",-1,"No Child",-1,"No Child","High School or Some College",34,"White",NA,7367,1,0,0,0,0
"684",3886017262622,101,"3886017262622101'",12,2022,"122022",5109.9594109,51,0,100,36,1,1,0,0,0,0,"2",4,"Preschool",3,"Toddler",-1,"No Child",-1,"No Child",-1,"No Child",-1,"No Child","High School or Some College",34,"White",NA,7367,1,0,0,0,0
"685",3886017262622,102,"3886017262622102'",1,2022,"12022",5083.4626453,51,0,100,40,0,1,1,0,0,0,"2",9,"School Age",4,"Preschool",3,"Toddler",-1,"No Child",-1,"No Child",-1,"No Child","Graduate or Professional Degree",36,"White",0,4957,1,1,0,0,0
"686",3886017262622,102,"3886017262622102'",2,2022,"22022",5093.0451615,51,0,100,40,0,1,1,0,0,0,"2",9,"School Age",4,"Preschool",3,"Toddler",-1,"No Child",-1,"No Child",-1,"No Child","Graduate or Professional Degree",36,"White",0,4957,1,1,0,0,0
"687",3886017262622,102,"3886017262622102'",3,2022,"32022",5130.6358515,51,0,100,40,0,1,1,0,0,0,"2",9,"School Age",4,"Preschool",3,"Toddler",-1,"No Child",-1,"No Child",-1,"No Child","Graduate or Professional Degree",36,"White",0,4957,1,1,0,0,0
"688",3886017262622,102,"3886017262622102'",4,2022,"42022",5035.084809,51,0,100,40,0,1,1,0,0,0,"2",9,"School Age",4,"Preschool",3,"Toddler",-1,"No Child",-1,"No Child",-1,"No Child","Graduate or Professional Degree",36,"White",0,4957,1,1,0,0,0
"689",3886017262622,102,"3886017262622102'",5,2022,"52022",4971.2046804,51,0,100,40,0,1,1,0,0,0,"2",9,"School Age",4,"Preschool",3,"Toddler",-1,"No Child",-1,"No Child",-1,"No Child","Graduate or Professional Degree",36,"White",0,6017,1,1,0,0,0
"690",3886017262622,102,"3886017262622102'",6,2022,"62022",4960.390334,51,0,100,40,0,1,1,0,0,0,"2",9,"School Age",4,"Preschool",3,"Toddler",-1,"No Child",-1,"No Child",-1,"No Child","Graduate or Professional Degree",36,"White",0,6017,1,1,0,0,0
"691",3886017262622,102,"3886017262622102'",7,2022,"72022",4952.1230478,51,0,100,40,0,1,1,0,0,0,"2",9,"School Age",4,"Preschool",3,"Toddler",-1,"No Child",-1,"No Child",-1,"No Child","Graduate or Professional Degree",36,"White",0,6017,1,1,0,0,0
"692",3886017262622,102,"3886017262622102'",8,2022,"82022",4989.2200336,51,0,100,40,0,1,1,0,0,0,"2",9,"School Age",4,"Preschool",3,"Toddler",-1,"No Child",-1,"No Child",-1,"No Child","Graduate or Professional Degree",36,"White",0,6017,1,1,0,0,0
"693",3886017262622,102,"3886017262622102'",9,2022,"92022",4964.5355933,51,0,100,40,0,1,1,0,0,0,"2",9,"School Age",4,"Preschool",3,"Toddler",-1,"No Child",-1,"No Child",-1,"No Child","Graduate or Professional Degree",36,"White",0,6017,1,1,0,0,0
"694",3886017262622,102,"3886017262622102'",10,2022,"102022",5032.8903148,51,0,100,40,0,1,1,0,0,0,"2",9,"School Age",4,"Preschool",3,"Toddler",-1,"No Child",-1,"No Child",-1,"No Child","Graduate or Professional Degree",36,"White",0,6017,1,1,0,0,0
"695",3886017262622,102,"3886017262622102'",11,2022,"112022",5109.092412,51,0,100,40,0,1,1,0,0,0,"2",9,"School Age",4,"Preschool",3,"Toddler",-1,"No Child",-1,"No Child",-1,"No Child","Graduate or Professional Degree",36,"White",0,7367,1,1,0,0,0
"696",3886017262622,102,"3886017262622102'",12,2022,"122022",5109.9594109,51,0,100,40,0,1,1,0,0,0,"2",9,"School Age",4,"Preschool",3,"Toddler",-1,"No Child",-1,"No Child",-1,"No Child","Graduate or Professional Degree",36,"White",0,7367,1,1,0,0,0
"697",3886019983022,101,"3886019983022101'",1,2022,"12022",8234.0768423,51,0,0,0,0,1,1,1,0,0,"3",6,"School Age",4,"Preschool",2,"Toddler",0,"Infant",-1,"No Child",-1,"No Child","Graduate or Professional Degree",40,"White",NA,1369,0,1,0,0,0
"698",3886019983022,101,"3886019983022101'",2,2022,"22022",8282.2699131,51,0,0,0,0,1,1,1,0,0,"3",6,"School Age",4,"Preschool",2,"Toddler",0,"Infant",-1,"No Child",-1,"No Child","Graduate or Professional Degree",40,"White",NA,1369,0,1,0,0,0
"699",3886019983022,101,"3886019983022101'",3,2022,"32022",8349.3788021,51,0,0,0,0,1,1,1,0,0,"3",6,"School Age",4,"Preschool",2,"Toddler",0,"Infant",-1,"No Child",-1,"No Child","Graduate or Professional Degree",40,"White",NA,1369,0,1,0,0,0
"700",3886019983022,101,"3886019983022101'",4,2022,"42022",8184.1241809,51,0,0,0,0,1,1,1,0,0,"3",6,"School Age",4,"Preschool",2,"Toddler",0,"Infant",-1,"No Child",-1,"No Child","Graduate or Professional Degree",40,"White",NA,1369,0,1,0,0,0
"701",3886019983022,101,"3886019983022101'",5,2022,"52022",8111.9606883,51,0,0,0,0,1,1,1,0,0,"3",6,"School Age",4,"Preschool",2,"Toddler",0,"Infant",-1,"No Child",-1,"No Child","Graduate or Professional Degree",40,"White",NA,1369,0,1,0,0,0
"702",3886019983022,101,"3886019983022101'",6,2022,"62022",8076.1614429,51,0,0,0,0,1,1,1,0,0,"3",6,"School Age",4,"Preschool",2,"Toddler",0,"Infant",-1,"No Child",-1,"No Child","Graduate or Professional Degree",40,"White",NA,1369,0,1,0,0,0
"703",3886019983022,101,"3886019983022101'",7,2022,"72022",8194.2717357,51,0,0,0,0,1,1,1,0,0,"3",6,"School Age",4,"Preschool",2,"Toddler",0,"Infant",-1,"No Child",-1,"No Child","Graduate or Professional Degree",40,"White",NA,1369,0,1,0,0,0
"704",3886019983022,101,"3886019983022101'",8,2022,"82022",8194.4460827,51,0,0,0,0,1,1,1,0,0,"3",6,"School Age",4,"Preschool",2,"Toddler",0,"Infant",-1,"No Child",-1,"No Child","Graduate or Professional Degree",40,"White",NA,1369,0,1,0,0,0
"705",3886019983022,101,"3886019983022101'",9,2022,"92022",7964.3092607,51,0,0,0,0,1,1,1,0,0,"3",6,"School Age",4,"Preschool",2,"Toddler",0,"Infant",-1,"No Child",-1,"No Child","Graduate or Professional Degree",40,"White",NA,1369,0,1,0,0,0
"706",3886019983022,101,"3886019983022101'",10,2022,"102022",8028.3939553,51,0,0,0,0,1,1,1,0,0,"3",6,"School Age",4,"Preschool",2,"Toddler",0,"Infant",-1,"No Child",-1,"No Child","Graduate or Professional Degree",40,"White",NA,1369,0,1,0,0,0
"707",3886019983022,101,"3886019983022101'",11,2022,"112022",7975.2951097,51,0,0,0,0,1,1,1,0,0,"3",6,"School Age",4,"Preschool",2,"Toddler",0,"Infant",-1,"No Child",-1,"No Child","Graduate or Professional Degree",40,"White",NA,24482,0,1,0,0,0
"708",3886019983022,101,"3886019983022101'",12,2022,"122022",8020.506763,51,0,0,0,0,1,1,1,0,0,"3",6,"School Age",4,"Preschool",2,"Toddler",0,"Infant",-1,"No Child",-1,"No Child","Graduate or Professional Degree",40,"White",NA,39891,0,1,0,0,0
"709",3886019983022,102,"3886019983022102'",1,2022,"12022",8234.0768423,51,0,100,0,0,1,1,1,0,0,"3",6,"School Age",4,"Preschool",2,"Toddler",0,"Infant",-1,"No Child",-1,"No Child","Graduate or Professional Degree",37,"White",NA,1369,0,0,0,0,0
"710",3886019983022,102,"3886019983022102'",2,2022,"22022",8282.2699131,51,0,100,0,0,1,1,1,0,0,"3",6,"School Age",4,"Preschool",2,"Toddler",0,"Infant",-1,"No Child",-1,"No Child","Graduate or Professional Degree",37,"White",NA,1369,0,0,0,0,0
"711",3886019983022,102,"3886019983022102'",3,2022,"32022",8349.3788021,51,0,100,0,0,1,1,1,0,0,"3",6,"School Age",4,"Preschool",2,"Toddler",0,"Infant",-1,"No Child",-1,"No Child","Graduate or Professional Degree",37,"White",NA,1369,0,0,0,0,0
"712",3886019983022,102,"3886019983022102'",4,2022,"42022",8184.1241809,51,0,100,0,0,1,1,1,0,0,"3",6,"School Age",4,"Preschool",2,"Toddler",0,"Infant",-1,"No Child",-1,"No Child","Graduate or Professional Degree",37,"White",NA,1369,0,0,0,0,0
"713",3886019983022,102,"3886019983022102'",5,2022,"52022",8111.9606883,51,0,100,0,0,1,1,1,0,0,"3",6,"School Age",4,"Preschool",2,"Toddler",0,"Infant",-1,"No Child",-1,"No Child","Graduate or Professional Degree",37,"White",NA,1369,0,0,0,0,0
"714",3886019983022,102,"3886019983022102'",6,2022,"62022",8076.1614429,51,0,100,0,0,1,1,1,0,0,"3",6,"School Age",4,"Preschool",2,"Toddler",0,"Infant",-1,"No Child",-1,"No Child","Graduate or Professional Degree",37,"White",NA,1369,0,0,0,0,0
"715",3886019983022,102,"3886019983022102'",7,2022,"72022",8194.2717357,51,0,100,0,0,1,1,1,0,0,"3",6,"School Age",4,"Preschool",2,"Toddler",0,"Infant",-1,"No Child",-1,"No Child","Graduate or Professional Degree",37,"White",NA,1369,0,0,0,0,0
"716",3886019983022,102,"3886019983022102'",8,2022,"82022",8194.4460827,51,0,100,0,0,1,1,1,0,0,"3",6,"School Age",4,"Preschool",2,"Toddler",0,"Infant",-1,"No Child",-1,"No Child","Graduate or Professional Degree",37,"White",NA,1369,0,0,0,0,0
"717",3886019983022,102,"3886019983022102'",9,2022,"92022",7964.3092607,51,0,100,0,0,1,1,1,0,0,"3",6,"School Age",4,"Preschool",2,"Toddler",0,"Infant",-1,"No Child",-1,"No Child","Graduate or Professional Degree",37,"White",NA,1369,0,0,0,0,0
"718",3886019983022,102,"3886019983022102'",10,2022,"102022",8028.3939553,51,0,100,0,0,1,1,1,0,0,"3",6,"School Age",4,"Preschool",2,"Toddler",0,"Infant",-1,"No Child",-1,"No Child","Graduate or Professional Degree",37,"White",NA,1369,0,0,0,0,0
"719",3886019983022,102,"3886019983022102'",11,2022,"112022",7975.2951097,51,0,100,39.6,0,1,1,1,0,0,"3",6,"School Age",4,"Preschool",2,"Toddler",0,"Infant",-1,"No Child",-1,"No Child","Graduate or Professional Degree",37,"White",NA,24482,0,0,0,0,0
"720",3886019983022,102,"3886019983022102'",12,2022,"122022",8020.506763,51,0,100,66,0,1,1,1,0,0,"3",6,"School Age",4,"Preschool",2,"Toddler",0,"Infant",-1,"No Child",-1,"No Child","Graduate or Professional Degree",37,"White",NA,39891,0,0,0,0,0
"721",3886040024723,101,"3886040024723101'",1,2023,"12023",5801.1601361,51,0,100,40,0,0,1,0,0,0,"1",13,"School Age",8,"School Age",5,"Preschool",-1,"No Child",-1,"No Child",-1,"No Child","High School or Some College",35,"White",NA,2916,0,0,0,0,1
"722",3886040024723,101,"3886040024723101'",2,2023,"22023",5911.3944904,51,0,100,40,0,0,1,0,0,0,"1",13,"School Age",8,"School Age",5,"Preschool",-1,"No Child",-1,"No Child",-1,"No Child","High School or Some College",35,"White",NA,2916,0,0,0,0,1
"723",3886040024723,101,"3886040024723101'",3,2023,"32023",5935.1629133,51,0,100,40,0,0,1,0,0,0,"1",13,"School Age",8,"School Age",5,"Preschool",-1,"No Child",-1,"No Child",-1,"No Child","High School or Some College",35,"White",NA,2916,0,0,0,0,1
"724",3886040024723,101,"3886040024723101'",4,2023,"42023",5856.0739454,51,0,100,40,0,0,1,0,0,0,"1",13,"School Age",8,"School Age",5,"Preschool",-1,"No Child",-1,"No Child",-1,"No Child","High School or Some College",35,"White",NA,2916,0,0,0,0,1
"725",3886040024723,101,"3886040024723101'",5,2023,"52023",5806.5277509,51,0,100,40,0,0,1,0,0,0,"1",13,"School Age",8,"School Age",5,"Preschool",-1,"No Child",-1,"No Child",-1,"No Child","High School or Some College",35,"White",NA,2916,0,0,0,0,1
"726",3886040024723,101,"3886040024723101'",6,2023,"62023",5843.6776106,51,0,100,40,0,0,1,0,0,0,"1",13,"School Age",8,"School Age",5,"Preschool",-1,"No Child",-1,"No Child",-1,"No Child","High School or Some College",35,"White",NA,2916,0,0,0,0,1
"727",3886040024723,101,"3886040024723101'",7,2023,"72023",5789.6642378,51,0,100,40,0,0,1,0,0,0,"1",13,"School Age",8,"School Age",5,"Preschool",-1,"No Child",-1,"No Child",-1,"No Child","High School or Some College",35,"White",NA,2916,0,0,0,0,1
"728",3886040024723,101,"3886040024723101'",8,2023,"82023",5787.0692116,51,0,100,40,0,0,1,0,0,0,"1",13,"School Age",8,"School Age",5,"Preschool",-1,"No Child",-1,"No Child",-1,"No Child","High School or Some College",35,"White",NA,2916,0,0,0,0,1
"729",3886040024723,101,"3886040024723101'",9,2023,"92023",5683.8833046,51,0,100,40,0,0,1,0,0,0,"1",13,"School Age",8,"School Age",5,"Preschool",-1,"No Child",-1,"No Child",-1,"No Child","High School or Some College",35,"White",NA,2916,0,0,0,0,1
"730",3886040024723,101,"3886040024723101'",10,2023,"102023",5791.1391876,51,0,100,40,0,0,1,0,0,0,"1",13,"School Age",8,"School Age",5,"Preschool",-1,"No Child",-1,"No Child",-1,"No Child","High School or Some College",35,"White",NA,2916,0,0,0,0,1
"731",3886040024723,101,"3886040024723101'",11,2023,"112023",5942.4871988,51,0,100,40,0,0,1,0,0,0,"1",13,"School Age",8,"School Age",5,"Preschool",-1,"No Child",-1,"No Child",-1,"No Child","High School or Some College",35,"White",NA,2916,0,0,0,0,1
"732",3886040024723,101,"3886040024723101'",12,2023,"122023",5964.5164249,51,0,100,40,0,0,1,0,0,0,"1",13,"School Age",8,"School Age",5,"Preschool",-1,"No Child",-1,"No Child",-1,"No Child","High School or Some College",35,"White",NA,2916,0,0,0,0,1
"733",3886040024723,102,"3886040024723102'",1,2023,"12023",5801.1601361,51,0,0,0,0,0,1,0,0,0,"1",13,"School Age",8,"School Age",5,"Preschool",-1,"No Child",-1,"No Child",-1,"No Child","High School or Some College",33,"White",1,2916,0,1,0,1,0
"734",3886040024723,102,"3886040024723102'",2,2023,"22023",5911.3944904,51,0,0,0,0,0,1,0,0,0,"1",13,"School Age",8,"School Age",5,"Preschool",-1,"No Child",-1,"No Child",-1,"No Child","High School or Some College",33,"White",1,2916,0,1,0,1,0
"735",3886040024723,102,"3886040024723102'",3,2023,"32023",5935.1629133,51,0,0,0,0,0,1,0,0,0,"1",13,"School Age",8,"School Age",5,"Preschool",-1,"No Child",-1,"No Child",-1,"No Child","High School or Some College",33,"White",1,2916,0,1,0,1,0
"736",3886040024723,102,"3886040024723102'",4,2023,"42023",5856.0739454,51,0,0,0,0,0,1,0,0,0,"1",13,"School Age",8,"School Age",5,"Preschool",-1,"No Child",-1,"No Child",-1,"No Child","High School or Some College",33,"White",1,2916,0,1,0,1,0
"737",3886040024723,102,"3886040024723102'",5,2023,"52023",5806.5277509,51,0,0,0,0,0,1,0,0,0,"1",13,"School Age",8,"School Age",5,"Preschool",-1,"No Child",-1,"No Child",-1,"No Child","High School or Some College",33,"White",1,2916,0,1,0,1,0
"738",3886040024723,102,"3886040024723102'",6,2023,"62023",5843.6776106,51,0,0,0,0,0,1,0,0,0,"1",13,"School Age",8,"School Age",5,"Preschool",-1,"No Child",-1,"No Child",-1,"No Child","High School or Some College",33,"White",1,2916,0,1,0,1,0
"739",3886040024723,102,"3886040024723102'",7,2023,"72023",5789.6642378,51,0,0,0,0,0,1,0,0,0,"1",13,"School Age",8,"School Age",5,"Preschool",-1,"No Child",-1,"No Child",-1,"No Child","High School or Some College",33,"White",1,2916,0,1,0,1,0
"740",3886040024723,102,"3886040024723102'",8,2023,"82023",5787.0692116,51,0,0,0,0,0,1,0,0,0,"1",13,"School Age",8,"School Age",5,"Preschool",-1,"No Child",-1,"No Child",-1,"No Child","High School or Some College",33,"White",1,2916,0,1,0,1,0
"741",3886040024723,102,"3886040024723102'",9,2023,"92023",5683.8833046,51,0,0,0,0,0,1,0,0,0,"1",13,"School Age",8,"School Age",5,"Preschool",-1,"No Child",-1,"No Child",-1,"No Child","High School or Some College",33,"White",1,2916,0,1,0,1,0
"742",3886040024723,102,"3886040024723102'",10,2023,"102023",5791.1391876,51,0,0,0,0,0,1,0,0,0,"1",13,"School Age",8,"School Age",5,"Preschool",-1,"No Child",-1,"No Child",-1,"No Child","High School or Some College",33,"White",1,2916,0,1,0,1,0
"743",3886040024723,102,"3886040024723102'",11,2023,"112023",5942.4871988,51,0,0,0,0,0,1,0,0,0,"1",13,"School Age",8,"School Age",5,"Preschool",-1,"No Child",-1,"No Child",-1,"No Child","High School or Some College",33,"White",1,2916,0,1,0,1,0
"744",3886040024723,102,"3886040024723102'",12,2023,"122023",5964.5164249,51,0,0,0,0,0,1,0,0,0,"1",13,"School Age",8,"School Age",5,"Preschool",-1,"No Child",-1,"No Child",-1,"No Child","High School or Some College",33,"White",1,2916,0,1,0,1,0
"745",3886040362622,101,"3886040362622101'",1,2022,"12022",10742.303744,51,0,100,30,0,1,0,0,0,0,"1",9,"School Age",2,"Toddler",-1,"No Child",-1,"No Child",-1,"No Child",-1,"No Child","High School or Some College",30,"White",NA,10112,0,1,0,0,0
"746",3886040362622,101,"3886040362622101'",2,2022,"22022",10782.891073,51,0,100,30,0,1,0,0,0,0,"1",9,"School Age",2,"Toddler",-1,"No Child",-1,"No Child",-1,"No Child",-1,"No Child","High School or Some College",30,"White",NA,10112,0,1,0,0,0
"747",3886040362622,101,"3886040362622101'",3,2022,"32022",11023.980406,51,0,100,30,0,1,0,0,0,0,"1",9,"School Age",2,"Toddler",-1,"No Child",-1,"No Child",-1,"No Child",-1,"No Child","High School or Some College",30,"White",NA,10112,0,1,0,0,0
"748",3886040362622,101,"3886040362622101'",4,2022,"42022",11018.184271,51,0,100,30,0,1,0,0,0,0,"1",9,"School Age",2,"Toddler",-1,"No Child",-1,"No Child",-1,"No Child",-1,"No Child","High School or Some College",30,"White",NA,10112,0,1,0,0,0
"749",3886040362622,101,"3886040362622101'",5,2022,"52022",11047.502897,51,0,100,30,0,1,0,0,0,0,"1",9,"School Age",2,"Toddler",-1,"No Child",-1,"No Child",-1,"No Child",-1,"No Child","High School or Some College",30,"White",NA,10112,0,1,0,0,0
"750",3886040362622,101,"3886040362622101'",6,2022,"62022",11149.683349,51,0,100,30,0,1,0,0,0,0,"1",9,"School Age",2,"Toddler",-1,"No Child",-1,"No Child",-1,"No Child",-1,"No Child","High School or Some College",30,"White",NA,10112,0,1,0,0,0
"751",3886040362622,101,"3886040362622101'",7,2022,"72022",10937.999928,51,0,100,30,0,1,0,0,0,0,"1",9,"School Age",2,"Toddler",-1,"No Child",-1,"No Child",-1,"No Child",-1,"No Child","High School or Some College",30,"White",NA,10112,0,1,0,0,0
"752",3886040362622,101,"3886040362622101'",8,2022,"82022",11014.755246,51,0,100,30,0,1,0,0,0,0,"1",9,"School Age",2,"Toddler",-1,"No Child",-1,"No Child",-1,"No Child",-1,"No Child","High School or Some College",30,"White",NA,10112,0,1,0,0,0
"753",3886040362622,101,"3886040362622101'",9,2022,"92022",10809.794085,51,0,100,30,0,1,0,0,0,0,"1",9,"School Age",2,"Toddler",-1,"No Child",-1,"No Child",-1,"No Child",-1,"No Child","High School or Some College",30,"White",NA,10112,0,1,0,0,0
"754",3886040362622,101,"3886040362622101'",10,2022,"102022",10986.832934,51,0,100,30,0,1,0,0,0,0,"1",9,"School Age",2,"Toddler",-1,"No Child",-1,"No Child",-1,"No Child",-1,"No Child","High School or Some College",30,"White",NA,10112,0,1,0,0,0
"755",3886040362622,101,"3886040362622101'",11,2022,"112022",11141.869161,51,0,100,30,0,1,0,0,0,0,"1",9,"School Age",2,"Toddler",-1,"No Child",-1,"No Child",-1,"No Child",-1,"No Child","High School or Some College",30,"White",NA,10112,0,1,0,0,0
"756",3886040362622,101,"3886040362622101'",12,2022,"122022",11112.872082,51,0,100,30,0,1,0,0,0,0,"1",9,"School Age",2,"Toddler",-1,"No Child",-1,"No Child",-1,"No Child",-1,"No Child","High School or Some College",30,"White",NA,6841,0,1,0,0,0
"757",3886040362622,102,"3886040362622102'",1,2022,"12022",10742.303744,51,0,100,40,0,1,0,0,0,0,"1",9,"School Age",2,"Toddler",-1,"No Child",-1,"No Child",-1,"No Child",-1,"No Child","No High School Diploma",34,"White",NA,10112,0,0,0,0,0
"758",3886040362622,102,"3886040362622102'",2,2022,"22022",10782.891073,51,0,100,40,0,1,0,0,0,0,"1",9,"School Age",2,"Toddler",-1,"No Child",-1,"No Child",-1,"No Child",-1,"No Child","No High School Diploma",34,"White",NA,10112,0,0,0,0,0
"759",3886040362622,102,"3886040362622102'",3,2022,"32022",11023.980406,51,0,100,40,0,1,0,0,0,0,"1",9,"School Age",2,"Toddler",-1,"No Child",-1,"No Child",-1,"No Child",-1,"No Child","No High School Diploma",34,"White",NA,10112,0,0,0,0,0
"760",3886040362622,102,"3886040362622102'",4,2022,"42022",11018.184271,51,0,100,40,0,1,0,0,0,0,"1",9,"School Age",2,"Toddler",-1,"No Child",-1,"No Child",-1,"No Child",-1,"No Child","No High School Diploma",34,"White",NA,10112,0,0,0,0,0
"761",3886040362622,102,"3886040362622102'",5,2022,"52022",11047.502897,51,0,100,40,0,1,0,0,0,0,"1",9,"School Age",2,"Toddler",-1,"No Child",-1,"No Child",-1,"No Child",-1,"No Child","No High School Diploma",34,"White",NA,10112,0,0,0,0,0
"762",3886040362622,102,"3886040362622102'",6,2022,"62022",11149.683349,51,0,100,40,0,1,0,0,0,0,"1",9,"School Age",2,"Toddler",-1,"No Child",-1,"No Child",-1,"No Child",-1,"No Child","No High School Diploma",34,"White",NA,10112,0,0,0,0,0
"763",3886040362622,102,"3886040362622102'",7,2022,"72022",10937.999928,51,0,100,40,0,1,0,0,0,0,"1",9,"School Age",2,"Toddler",-1,"No Child",-1,"No Child",-1,"No Child",-1,"No Child","No High School Diploma",34,"White",NA,10112,0,0,0,0,0
"764",3886040362622,102,"3886040362622102'",8,2022,"82022",11014.755246,51,0,100,40,0,1,0,0,0,0,"1",9,"School Age",2,"Toddler",-1,"No Child",-1,"No Child",-1,"No Child",-1,"No Child","No High School Diploma",34,"White",NA,10112,0,0,0,0,0
"765",3886040362622,102,"3886040362622102'",9,2022,"92022",10809.794085,51,0,100,40,0,1,0,0,0,0,"1",9,"School Age",2,"Toddler",-1,"No Child",-1,"No Child",-1,"No Child",-1,"No Child","No High School Diploma",34,"White",NA,10112,0,0,0,0,0
"766",3886040362622,102,"3886040362622102'",10,2022,"102022",10986.832934,51,0,100,40,0,1,0,0,0,0,"1",9,"School Age",2,"Toddler",-1,"No Child",-1,"No Child",-1,"No Child",-1,"No Child","No High School Diploma",34,"White",NA,10112,0,0,0,0,0
"767",3886040362622,102,"3886040362622102'",11,2022,"112022",11141.869161,51,0,100,40,0,1,0,0,0,0,"1",9,"School Age",2,"Toddler",-1,"No Child",-1,"No Child",-1,"No Child",-1,"No Child","No High School Diploma",34,"White",NA,10112,0,0,0,0,0
"768",3886040362622,102,"3886040362622102'",12,2022,"122022",11112.872082,51,0,100,0,0,1,0,0,0,0,"1",9,"School Age",2,"Toddler",-1,"No Child",-1,"No Child",-1,"No Child",-1,"No Child","No High School Diploma",34,"White",NA,6841,0,0,0,0,0
"769",3886040633820,101,"3886040633820101'",1,2020,"12020",31472.96283,51,0,100,40,1,1,0,0,0,0,"2",5,"Preschool",1,"Infant",-1,"No Child",-1,"No Child",-1,"No Child",-1,"No Child","Bachelor’s Degree",35,"White",NA,8373,0,0,0,0,0
"770",3886040633820,101,"3886040633820101'",2,2020,"22020",31426.144978,51,0,100,40,1,1,0,0,0,0,"2",5,"Preschool",1,"Infant",-1,"No Child",-1,"No Child",-1,"No Child",-1,"No Child","Bachelor’s Degree",35,"White",NA,8373,0,0,0,0,0
"771",3886040633820,101,"3886040633820101'",3,2020,"32020",31912.483866,51,0,100,40,1,1,0,0,0,0,"2",5,"Preschool",1,"Infant",-1,"No Child",-1,"No Child",-1,"No Child",-1,"No Child","Bachelor’s Degree",35,"White",NA,8373,0,0,0,0,0
"772",3886040633820,101,"3886040633820101'",4,2020,"42020",31484.515669,51,0,100,40,1,1,0,0,0,0,"2",5,"Preschool",1,"Infant",-1,"No Child",-1,"No Child",-1,"No Child",-1,"No Child","Bachelor’s Degree",35,"White",NA,8373,0,0,0,0,0
"773",3886040633820,101,"3886040633820101'",5,2020,"52020",31326.668126,51,0,100,40,1,1,0,0,0,0,"2",5,"Preschool",1,"Infant",-1,"No Child",-1,"No Child",-1,"No Child",-1,"No Child","Bachelor’s Degree",35,"White",NA,8373,0,0,0,0,0
"774",3886040633820,101,"3886040633820101'",6,2020,"62020",31049.973823,51,0,100,40,1,1,0,0,0,0,"2",5,"Preschool",1,"Infant",-1,"No Child",-1,"No Child",-1,"No Child",-1,"No Child","Bachelor’s Degree",35,"White",NA,8373,0,0,0,0,0
"775",3886040633820,101,"3886040633820101'",7,2020,"72020",30762.713402,51,0,100,40,1,1,0,0,0,0,"2",5,"Preschool",1,"Infant",-1,"No Child",-1,"No Child",-1,"No Child",-1,"No Child","Bachelor’s Degree",35,"White",NA,8373,0,0,0,0,0
"776",3886040633820,101,"3886040633820101'",8,2020,"82020",31096.622205,51,0,100,40,1,1,0,0,0,0,"2",5,"Preschool",1,"Infant",-1,"No Child",-1,"No Child",-1,"No Child",-1,"No Child","Bachelor’s Degree",35,"White",NA,8373,0,0,0,0,0
"777",3886040633820,101,"3886040633820101'",9,2020,"92020",30911.365289,51,0,100,40,1,1,0,0,0,0,"2",5,"Preschool",1,"Infant",-1,"No Child",-1,"No Child",-1,"No Child",-1,"No Child","Bachelor’s Degree",35,"White",NA,10267,0,0,0,0,0
"778",3886040633820,101,"3886040633820101'",10,2020,"102020",31383.993502,51,0,100,40,1,1,0,0,0,0,"2",5,"Preschool",1,"Infant",-1,"No Child",-1,"No Child",-1,"No Child",-1,"No Child","Bachelor’s Degree",35,"White",NA,11214,0,0,0,0,0
"779",3886040633820,101,"3886040633820101'",11,2020,"112020",31858.158674,51,0,100,40,1,1,0,0,0,0,"2",5,"Preschool",1,"Infant",-1,"No Child",-1,"No Child",-1,"No Child",-1,"No Child","Bachelor’s Degree",35,"White",NA,11770,0,0,0,0,0
"780",3886040633820,101,"3886040633820101'",12,2020,"122020",32201.403138,51,0,100,40,1,1,0,0,0,0,"2",5,"Preschool",1,"Infant",-1,"No Child",-1,"No Child",-1,"No Child",-1,"No Child","Bachelor’s Degree",35,"White",NA,15385,0,0,0,0,0
"781",3886040633820,102,"3886040633820102'",1,2020,"12020",31472.96283,51,0,100,0,1,1,0,0,0,0,"2",5,"Preschool",1,"Infant",-1,"No Child",-1,"No Child",-1,"No Child",-1,"No Child","Bachelor’s Degree",36,"White",NA,8373,0,1,0,0,0
"782",3886040633820,102,"3886040633820102'",2,2020,"22020",31426.144978,51,0,100,0,1,1,0,0,0,0,"2",5,"Preschool",1,"Infant",-1,"No Child",-1,"No Child",-1,"No Child",-1,"No Child","Bachelor’s Degree",36,"White",NA,8373,0,1,0,0,0
"783",3886040633820,102,"3886040633820102'",3,2020,"32020",31912.483866,51,0,100,0,1,1,0,0,0,0,"2",5,"Preschool",1,"Infant",-1,"No Child",-1,"No Child",-1,"No Child",-1,"No Child","Bachelor’s Degree",36,"White",NA,8373,0,1,0,0,0
"784",3886040633820,102,"3886040633820102'",4,2020,"42020",31484.515669,51,0,100,0,1,1,0,0,0,0,"2",5,"Preschool",1,"Infant",-1,"No Child",-1,"No Child",-1,"No Child",-1,"No Child","Bachelor’s Degree",36,"White",NA,8373,0,1,0,0,0
"785",3886040633820,102,"3886040633820102'",5,2020,"52020",31326.668126,51,0,100,0,1,1,0,0,0,0,"2",5,"Preschool",1,"Infant",-1,"No Child",-1,"No Child",-1,"No Child",-1,"No Child","Bachelor’s Degree",36,"White",NA,8373,0,1,0,0,0
"786",3886040633820,102,"3886040633820102'",6,2020,"62020",31049.973823,51,0,100,0,1,1,0,0,0,0,"2",5,"Preschool",1,"Infant",-1,"No Child",-1,"No Child",-1,"No Child",-1,"No Child","Bachelor’s Degree",36,"White",NA,8373,0,1,0,0,0
"787",3886040633820,102,"3886040633820102'",7,2020,"72020",30762.713402,51,0,100,0,1,1,0,0,0,0,"2",5,"Preschool",1,"Infant",-1,"No Child",-1,"No Child",-1,"No Child",-1,"No Child","Bachelor’s Degree",36,"White",NA,8373,0,1,0,0,0
"788",3886040633820,102,"3886040633820102'",8,2020,"82020",31096.622205,51,0,100,0,1,1,0,0,0,0,"2",5,"Preschool",1,"Infant",-1,"No Child",-1,"No Child",-1,"No Child",-1,"No Child","Bachelor’s Degree",36,"White",NA,8373,0,1,0,0,0
"789",3886040633820,102,"3886040633820102'",9,2020,"92020",30911.365289,51,0,100,0,1,1,0,0,0,0,"2",5,"Preschool",1,"Infant",-1,"No Child",-1,"No Child",-1,"No Child",-1,"No Child","Bachelor’s Degree",36,"White",NA,10267,0,1,0,0,0
"790",3886040633820,102,"3886040633820102'",10,2020,"102020",31383.993502,51,0,100,0,1,1,0,0,0,0,"2",5,"Preschool",1,"Infant",-1,"No Child",-1,"No Child",-1,"No Child",-1,"No Child","Bachelor’s Degree",36,"White",NA,11214,0,1,0,0,0
"791",3886040633820,102,"3886040633820102'",11,2020,"112020",31858.158674,51,0,100,8,1,1,0,0,0,0,"2",5,"Preschool",1,"Infant",-1,"No Child",-1,"No Child",-1,"No Child",-1,"No Child","Bachelor’s Degree",36,"White",NA,11770,0,1,0,0,0
"792",3886040633820,102,"3886040633820102'",12,2020,"122020",32201.403138,51,0,100,40,1,1,0,0,0,0,"2",5,"Preschool",1,"Infant",-1,"No Child",-1,"No Child",-1,"No Child",-1,"No Child","Bachelor’s Degree",36,"White",NA,15385,0,1,0,0,0
"793",3886040684922,101,"3886040684922101'",1,2022,"12022",9853.326608,51,0,100,66,1,0,0,0,0,0,"1",3,"Toddler",-1,"No Child",-1,"No Child",-1,"No Child",-1,"No Child",-1,"No Child","Graduate or Professional Degree",38,"White",NA,45261,0,0,0,0,0
"794",3886040684922,101,"3886040684922101'",2,2022,"22022",10077.528891,51,0,100,66,1,0,0,0,0,0,"1",3,"Toddler",-1,"No Child",-1,"No Child",-1,"No Child",-1,"No Child",-1,"No Child","Graduate or Professional Degree",38,"White",NA,217261,0,0,0,0,0
"795",3886040684922,101,"3886040684922101'",3,2022,"32022",10125.533222,51,0,100,66,1,0,0,0,0,0,"1",3,"Toddler",-1,"No Child",-1,"No Child",-1,"No Child",-1,"No Child",-1,"No Child","Graduate or Professional Degree",38,"White",NA,217261,0,0,0,0,0
"796",3886040684922,101,"3886040684922101'",4,2022,"42022",9978.3821526,51,0,100,66,1,0,0,0,0,0,"1",3,"Toddler",-1,"No Child",-1,"No Child",-1,"No Child",-1,"No Child",-1,"No Child","Graduate or Professional Degree",38,"White",NA,45261,0,0,0,0,0
"797",3886040684922,101,"3886040684922101'",5,2022,"52022",9302.2177077,51,0,100,66,1,0,0,0,0,0,"1",3,"Toddler",-1,"No Child",-1,"No Child",-1,"No Child",-1,"No Child",-1,"No Child","Graduate or Professional Degree",38,"White",NA,45261,0,0,0,0,0
"798",3886040684922,101,"3886040684922101'",6,2022,"62022",9261.1656874,51,0,100,66,1,0,0,0,0,0,"1",3,"Toddler",-1,"No Child",-1,"No Child",-1,"No Child",-1,"No Child",-1,"No Child","Graduate or Professional Degree",38,"White",NA,45261,0,0,0,0,0
"799",3886040684922,101,"3886040684922101'",7,2022,"72022",9396.6061437,51,0,100,66,1,0,0,0,0,0,"1",3,"Toddler",-1,"No Child",-1,"No Child",-1,"No Child",-1,"No Child",-1,"No Child","Graduate or Professional Degree",38,"White",NA,45261,0,0,0,0,0
"800",3886040684922,101,"3886040684922101'",8,2022,"82022",9396.8060724,51,0,100,66,1,0,0,0,0,0,"1",3,"Toddler",-1,"No Child",-1,"No Child",-1,"No Child",-1,"No Child",-1,"No Child","Graduate or Professional Degree",38,"White",NA,45261,0,0,0,0,0
"801",3886040684922,101,"3886040684922101'",9,2022,"92022",9274.6803408,51,0,100,40,1,0,0,0,0,0,"1",3,"Toddler",-1,"No Child",-1,"No Child",-1,"No Child",-1,"No Child",-1,"No Child","Graduate or Professional Degree",38,"White",NA,49113,0,0,0,0,0
"802",3886040684922,101,"3886040684922101'",10,2022,"102022",9360.7035608,51,0,100,40,1,0,0,0,0,0,"1",3,"Toddler",-1,"No Child",-1,"No Child",-1,"No Child",-1,"No Child",-1,"No Child","Graduate or Professional Degree",38,"White",NA,45261,0,0,0,0,0
"803",3886040684922,101,"3886040684922101'",11,2022,"112022",9333.7129281,51,0,100,40,1,0,0,0,0,0,"1",3,"Toddler",-1,"No Child",-1,"No Child",-1,"No Child",-1,"No Child",-1,"No Child","Graduate or Professional Degree",38,"White",NA,45261,0,0,0,0,0
"804",3886040684922,101,"3886040684922101'",12,2022,"122022",9319.0158905,51,0,100,40,1,0,0,0,0,0,"1",3,"Toddler",-1,"No Child",-1,"No Child",-1,"No Child",-1,"No Child",-1,"No Child","Graduate or Professional Degree",38,"White",NA,45261,0,0,0,0,0
"805",3886040684922,102,"3886040684922102'",1,2022,"12022",9853.326608,51,0,100,40,1,0,0,0,0,0,"1",3,"Toddler",-1,"No Child",-1,"No Child",-1,"No Child",-1,"No Child",-1,"No Child","Bachelor’s Degree",36,"White",NA,45261,0,1,0,0,0
"806",3886040684922,102,"3886040684922102'",2,2022,"22022",10077.528891,51,0,100,40,1,0,0,0,0,0,"1",3,"Toddler",-1,"No Child",-1,"No Child",-1,"No Child",-1,"No Child",-1,"No Child","Bachelor’s Degree",36,"White",NA,217261,0,1,0,0,0
"807",3886040684922,102,"3886040684922102'",3,2022,"32022",10125.533222,51,0,100,40,1,0,0,0,0,0,"1",3,"Toddler",-1,"No Child",-1,"No Child",-1,"No Child",-1,"No Child",-1,"No Child","Bachelor’s Degree",36,"White",NA,217261,0,1,0,0,0
"808",3886040684922,102,"3886040684922102'",4,2022,"42022",9978.3821526,51,0,100,40,1,0,0,0,0,0,"1",3,"Toddler",-1,"No Child",-1,"No Child",-1,"No Child",-1,"No Child",-1,"No Child","Bachelor’s Degree",36,"White",NA,45261,0,1,0,0,0
"809",3886040684922,102,"3886040684922102'",5,2022,"52022",9302.2177077,51,0,100,40,1,0,0,0,0,0,"1",3,"Toddler",-1,"No Child",-1,"No Child",-1,"No Child",-1,"No Child",-1,"No Child","Bachelor’s Degree",36,"White",NA,45261,0,1,0,0,0
"810",3886040684922,102,"3886040684922102'",6,2022,"62022",9261.1656874,51,0,100,40,1,0,0,0,0,0,"1",3,"Toddler",-1,"No Child",-1,"No Child",-1,"No Child",-1,"No Child",-1,"No Child","Bachelor’s Degree",36,"White",NA,45261,0,1,0,0,0
"811",3886040684922,102,"3886040684922102'",7,2022,"72022",9396.6061437,51,0,100,40,1,0,0,0,0,0,"1",3,"Toddler",-1,"No Child",-1,"No Child",-1,"No Child",-1,"No Child",-1,"No Child","Bachelor’s Degree",36,"White",NA,45261,0,1,0,0,0
"812",3886040684922,102,"3886040684922102'",8,2022,"82022",9396.8060724,51,0,100,40,1,0,0,0,0,0,"1",3,"Toddler",-1,"No Child",-1,"No Child",-1,"No Child",-1,"No Child",-1,"No Child","Bachelor’s Degree",36,"White",NA,45261,0,1,0,0,0
"813",3886040684922,102,"3886040684922102'",9,2022,"92022",9274.6803408,51,0,100,40,1,0,0,0,0,0,"1",3,"Toddler",-1,"No Child",-1,"No Child",-1,"No Child",-1,"No Child",-1,"No Child","Bachelor’s Degree",36,"White",NA,49113,0,1,0,0,0
"814",3886040684922,102,"3886040684922102'",10,2022,"102022",9360.7035608,51,0,100,40,1,0,0,0,0,0,"1",3,"Toddler",-1,"No Child",-1,"No Child",-1,"No Child",-1,"No Child",-1,"No Child","Bachelor’s Degree",36,"White",NA,45261,0,1,0,0,0
"815",3886040684922,102,"3886040684922102'",11,2022,"112022",9333.7129281,51,0,100,40,1,0,0,0,0,0,"1",3,"Toddler",-1,"No Child",-1,"No Child",-1,"No Child",-1,"No Child",-1,"No Child","Bachelor’s Degree",36,"White",NA,45261,0,1,0,0,0
"816",3886040684922,102,"3886040684922102'",12,2022,"122022",9319.0158905,51,0,100,40,1,0,0,0,0,0,"1",3,"Toddler",-1,"No Child",-1,"No Child",-1,"No Child",-1,"No Child",-1,"No Child","Bachelor’s Degree",36,"White",NA,45261,0,1,0,0,0
"817",3886047264323,101,"3886047264323101'",1,2023,"12023",7674.8520635,51,0,100,40,1,0,0,0,0,0,"1",5,"Preschool",-1,"No Child",-1,"No Child",-1,"No Child",-1,"No Child",-1,"No Child","Bachelor’s Degree",30,"White",NA,7126,0,0,0,0,0
"818",3886047264323,101,"3886047264323101'",2,2023,"22023",7689.0856672,51,0,100,40,1,0,0,0,0,0,"1",5,"Preschool",-1,"No Child",-1,"No Child",-1,"No Child",-1,"No Child",-1,"No Child","Bachelor’s Degree",30,"White",NA,7126,0,0,0,0,0
"819",3886047264323,101,"3886047264323101'",3,2023,"32023",7764.5624544,51,0,100,40,1,0,0,0,0,0,"1",5,"Preschool",-1,"No Child",-1,"No Child",-1,"No Child",-1,"No Child",-1,"No Child","Bachelor’s Degree",30,"White",NA,7126,0,0,0,0,0
"820",3886047264323,101,"3886047264323101'",4,2023,"42023",7692.0465734,51,0,100,40,1,0,0,0,0,0,"1",5,"Preschool",-1,"No Child",-1,"No Child",-1,"No Child",-1,"No Child",-1,"No Child","Bachelor’s Degree",30,"White",NA,7126,0,0,0,0,0
"821",3886047264323,101,"3886047264323101'",5,2023,"52023",7760.0820813,51,0,100,40,1,0,0,0,0,0,"1",5,"Preschool",-1,"No Child",-1,"No Child",-1,"No Child",-1,"No Child",-1,"No Child","Bachelor’s Degree",30,"White",NA,7126,0,0,0,0,0
"822",3886047264323,101,"3886047264323101'",6,2023,"62023",7751.7539525,51,0,100,40,1,0,0,0,0,0,"1",5,"Preschool",-1,"No Child",-1,"No Child",-1,"No Child",-1,"No Child",-1,"No Child","Bachelor’s Degree",30,"White",NA,7126,0,0,0,0,0
"823",3886047264323,101,"3886047264323101'",7,2023,"72023",7431.770395,51,0,100,40,1,0,0,0,0,0,"1",5,"Preschool",-1,"No Child",-1,"No Child",-1,"No Child",-1,"No Child",-1,"No Child","Bachelor’s Degree",30,"White",NA,7126,0,0,0,0,0
"824",3886047264323,101,"3886047264323101'",8,2023,"82023",7449.0053794,51,0,100,40,1,0,0,0,0,0,"1",5,"Preschool",-1,"No Child",-1,"No Child",-1,"No Child",-1,"No Child",-1,"No Child","Bachelor’s Degree",30,"White",NA,7126,0,0,0,0,0
"825",3886047264323,101,"3886047264323101'",9,2023,"92023",7419.3423036,51,0,100,40,1,0,0,0,0,0,"1",5,"Preschool",-1,"No Child",-1,"No Child",-1,"No Child",-1,"No Child",-1,"No Child","Bachelor’s Degree",30,"White",NA,7126,0,0,0,0,0
"826",3886047264323,101,"3886047264323101'",10,2023,"102023",7483.4641994,51,0,100,40,1,0,0,0,0,0,"1",5,"Preschool",-1,"No Child",-1,"No Child",-1,"No Child",-1,"No Child",-1,"No Child","Bachelor’s Degree",30,"White",NA,7126,0,0,0,0,0
"827",3886047264323,101,"3886047264323101'",11,2023,"112023",7635.6585591,51,0,100,40,1,0,0,0,0,0,"1",5,"Preschool",-1,"No Child",-1,"No Child",-1,"No Child",-1,"No Child",-1,"No Child","Bachelor’s Degree",30,"White",NA,7126,0,0,0,0,0
"828",3886047264323,101,"3886047264323101'",12,2023,"122023",6945.0425701,51,0,100,40,1,0,0,0,0,0,"1",5,"Preschool",-1,"No Child",-1,"No Child",-1,"No Child",-1,"No Child",-1,"No Child","Bachelor’s Degree",30,"White",NA,7126,0,0,0,0,0
"829",3886047264323,102,"3886047264323102'",1,2023,"12023",7674.8520635,51,0,0,0,1,0,0,0,0,0,"1",5,"Preschool",-1,"No Child",-1,"No Child",-1,"No Child",-1,"No Child",-1,"No Child","High School or Some College",25,"White",1,7126,0,1,0,1,0
"830",3886047264323,102,"3886047264323102'",2,2023,"22023",7689.0856672,51,0,0,0,1,0,0,0,0,0,"1",5,"Preschool",-1,"No Child",-1,"No Child",-1,"No Child",-1,"No Child",-1,"No Child","High School or Some College",25,"White",1,7126,0,1,0,1,0
"831",3886047264323,102,"3886047264323102'",3,2023,"32023",7764.5624544,51,0,0,0,1,0,0,0,0,0,"1",5,"Preschool",-1,"No Child",-1,"No Child",-1,"No Child",-1,"No Child",-1,"No Child","High School or Some College",25,"White",1,7126,0,1,0,1,0
"832",3886047264323,102,"3886047264323102'",4,2023,"42023",7692.0465734,51,0,0,0,1,0,0,0,0,0,"1",5,"Preschool",-1,"No Child",-1,"No Child",-1,"No Child",-1,"No Child",-1,"No Child","High School or Some College",25,"White",1,7126,0,1,0,1,0
"833",3886047264323,102,"3886047264323102'",5,2023,"52023",7760.0820813,51,0,0,0,1,0,0,0,0,0,"1",5,"Preschool",-1,"No Child",-1,"No Child",-1,"No Child",-1,"No Child",-1,"No Child","High School or Some College",25,"White",1,7126,0,1,0,1,0
"834",3886047264323,102,"3886047264323102'",6,2023,"62023",7751.7539525,51,0,0,0,1,0,0,0,0,0,"1",5,"Preschool",-1,"No Child",-1,"No Child",-1,"No Child",-1,"No Child",-1,"No Child","High School or Some College",25,"White",1,7126,0,1,0,1,0
"835",3886047264323,102,"3886047264323102'",7,2023,"72023",7431.770395,51,0,0,0,1,0,0,0,0,0,"1",5,"Preschool",-1,"No Child",-1,"No Child",-1,"No Child",-1,"No Child",-1,"No Child","High School or Some College",25,"White",1,7126,0,1,0,1,0
"836",3886047264323,102,"3886047264323102'",8,2023,"82023",7449.0053794,51,0,0,0,1,0,0,0,0,0,"1",5,"Preschool",-1,"No Child",-1,"No Child",-1,"No Child",-1,"No Child",-1,"No Child","High School or Some College",25,"White",1,7126,0,1,0,1,0
"837",3886047264323,102,"3886047264323102'",9,2023,"92023",7419.3423036,51,0,0,0,1,0,0,0,0,0,"1",5,"Preschool",-1,"No Child",-1,"No Child",-1,"No Child",-1,"No Child",-1,"No Child","High School or Some College",25,"White",1,7126,0,1,0,1,0
"838",3886047264323,102,"3886047264323102'",10,2023,"102023",7483.4641994,51,0,0,0,1,0,0,0,0,0,"1",5,"Preschool",-1,"No Child",-1,"No Child",-1,"No Child",-1,"No Child",-1,"No Child","High School or Some College",25,"White",1,7126,0,1,0,1,0
"839",3886047264323,102,"3886047264323102'",11,2023,"112023",7635.6585591,51,0,0,0,1,0,0,0,0,0,"1",5,"Preschool",-1,"No Child",-1,"No Child",-1,"No Child",-1,"No Child",-1,"No Child","High School or Some College",25,"White",1,7126,0,1,0,1,0
"840",3886047264323,102,"3886047264323102'",12,2023,"122023",6945.0425701,51,0,0,0,1,0,0,0,0,0,"1",5,"Preschool",-1,"No Child",-1,"No Child",-1,"No Child",-1,"No Child",-1,"No Child","High School or Some College",25,"White",1,7126,0,1,0,1,0
"841",3886050866421,101,"3886050866421101'",1,2021,"12021",8745.5964914,51,0,100,50,1,1,0,0,0,0,"2",4,"Preschool",1,"Infant",-1,"No Child",-1,"No Child",-1,"No Child",-1,"No Child","Bachelor’s Degree",35,"White",NA,3853,0,1,0,0,0
"842",3886050866421,101,"3886050866421101'",2,2021,"22021",8944.5935186,51,0,100,50,1,1,0,0,0,0,"2",4,"Preschool",1,"Infant",-1,"No Child",-1,"No Child",-1,"No Child",-1,"No Child","Bachelor’s Degree",35,"White",NA,3853,0,1,0,0,0
"843",3886050866421,101,"3886050866421101'",3,2021,"32021",8987.2011091,51,0,100,50,1,1,0,0,0,0,"2",4,"Preschool",1,"Infant",-1,"No Child",-1,"No Child",-1,"No Child",-1,"No Child","Bachelor’s Degree",35,"White",NA,6623,0,1,0,0,0
"844",3886050866421,101,"3886050866421101'",4,2021,"42021",8856.5930488,51,0,100,50,1,1,0,0,0,0,"2",4,"Preschool",1,"Infant",-1,"No Child",-1,"No Child",-1,"No Child",-1,"No Child","Bachelor’s Degree",35,"White",NA,8372,0,1,0,0,0
"845",3886050866421,101,"3886050866421101'",5,2021,"52021",8815.0464077,51,0,100,50,1,1,0,0,0,0,"2",4,"Preschool",1,"Infant",-1,"No Child",-1,"No Child",-1,"No Child",-1,"No Child","Bachelor’s Degree",35,"White",NA,8372,0,1,0,0,0
"846",3886050866421,101,"3886050866421101'",6,2021,"62021",8850.9259415,51,0,100,50,1,1,0,0,0,0,"2",4,"Preschool",1,"Infant",-1,"No Child",-1,"No Child",-1,"No Child",-1,"No Child","Bachelor’s Degree",35,"White",NA,8372,0,1,0,0,0
"847",3886050866421,101,"3886050866421101'",7,2021,"72021",8908.1077284,51,0,100,50,1,1,0,0,0,0,"2",4,"Preschool",1,"Infant",-1,"No Child",-1,"No Child",-1,"No Child",-1,"No Child","Bachelor’s Degree",35,"White",NA,8372,0,1,0,0,0
"848",3886050866421,101,"3886050866421101'",8,2021,"82021",8841.416399,51,0,100,50,1,1,0,0,0,0,"2",4,"Preschool",1,"Infant",-1,"No Child",-1,"No Child",-1,"No Child",-1,"No Child","Bachelor’s Degree",35,"White",NA,8366,0,1,0,0,0
"849",3886050866421,101,"3886050866421101'",9,2021,"92021",8617.20835,51,0,100,50,1,1,0,0,0,0,"2",4,"Preschool",1,"Infant",-1,"No Child",-1,"No Child",-1,"No Child",-1,"No Child","Bachelor’s Degree",35,"White",NA,8330,0,1,0,0,0
"850",3886050866421,101,"3886050866421101'",10,2021,"102021",8741.3727474,51,0,100,50,1,1,0,0,0,0,"2",4,"Preschool",1,"Infant",-1,"No Child",-1,"No Child",-1,"No Child",-1,"No Child","Bachelor’s Degree",35,"White",NA,8330,0,1,0,0,0
"851",3886050866421,101,"3886050866421101'",11,2021,"112021",8714.9558921,51,0,100,50,1,1,0,0,0,0,"2",4,"Preschool",1,"Infant",-1,"No Child",-1,"No Child",-1,"No Child",-1,"No Child","Bachelor’s Degree",35,"White",NA,8330,0,1,0,0,0
"852",3886050866421,101,"3886050866421101'",12,2021,"122021",8747.2628583,51,0,100,38.5,1,1,0,0,0,0,"2",4,"Preschool",1,"Infant",-1,"No Child",-1,"No Child",-1,"No Child",-1,"No Child","Bachelor’s Degree",35,"White",NA,8688,0,1,0,0,0
"853",3886050866421,102,"3886050866421102'",1,2021,"12021",8745.5964914,51,0,100,0,1,1,0,0,0,0,"2",4,"Preschool",1,"Infant",-1,"No Child",-1,"No Child",-1,"No Child",-1,"No Child","High School or Some College",37,"White",NA,3853,0,0,0,0,0
"854",3886050866421,102,"3886050866421102'",2,2021,"22021",8944.5935186,51,0,100,0,1,1,0,0,0,0,"2",4,"Preschool",1,"Infant",-1,"No Child",-1,"No Child",-1,"No Child",-1,"No Child","High School or Some College",37,"White",NA,3853,0,0,0,0,0
"855",3886050866421,102,"3886050866421102'",3,2021,"32021",8987.2011091,51,0,100,24,1,1,0,0,0,0,"2",4,"Preschool",1,"Infant",-1,"No Child",-1,"No Child",-1,"No Child",-1,"No Child","High School or Some College",37,"White",NA,6623,0,0,0,0,0
"856",3886050866421,102,"3886050866421102'",4,2021,"42021",8856.5930488,51,0,100,40,1,1,0,0,0,0,"2",4,"Preschool",1,"Infant",-1,"No Child",-1,"No Child",-1,"No Child",-1,"No Child","High School or Some College",37,"White",NA,8372,0,0,0,0,0
"857",3886050866421,102,"3886050866421102'",5,2021,"52021",8815.0464077,51,0,100,40,1,1,0,0,0,0,"2",4,"Preschool",1,"Infant",-1,"No Child",-1,"No Child",-1,"No Child",-1,"No Child","High School or Some College",37,"White",NA,8372,0,0,0,0,0
"858",3886050866421,102,"3886050866421102'",6,2021,"62021",8850.9259415,51,0,100,40,1,1,0,0,0,0,"2",4,"Preschool",1,"Infant",-1,"No Child",-1,"No Child",-1,"No Child",-1,"No Child","High School or Some College",37,"White",NA,8372,0,0,0,0,0
"859",3886050866421,102,"3886050866421102'",7,2021,"72021",8908.1077284,51,0,100,40,1,1,0,0,0,0,"2",4,"Preschool",1,"Infant",-1,"No Child",-1,"No Child",-1,"No Child",-1,"No Child","High School or Some College",37,"White",NA,8372,0,0,0,0,0
"860",3886050866421,102,"3886050866421102'",8,2021,"82021",8841.416399,51,0,100,40,1,1,0,0,0,0,"2",4,"Preschool",1,"Infant",-1,"No Child",-1,"No Child",-1,"No Child",-1,"No Child","High School or Some College",37,"White",NA,8366,0,0,0,0,0
"861",3886050866421,102,"3886050866421102'",9,2021,"92021",8617.20835,51,0,100,40,1,1,0,0,0,0,"2",4,"Preschool",1,"Infant",-1,"No Child",-1,"No Child",-1,"No Child",-1,"No Child","High School or Some College",37,"White",NA,8330,0,0,0,0,0
"862",3886050866421,102,"3886050866421102'",10,2021,"102021",8741.3727474,51,0,100,40,1,1,0,0,0,0,"2",4,"Preschool",1,"Infant",-1,"No Child",-1,"No Child",-1,"No Child",-1,"No Child","High School or Some College",37,"White",NA,8330,0,0,0,0,0
"863",3886050866421,102,"3886050866421102'",11,2021,"112021",8714.9558921,51,0,100,40,1,1,0,0,0,0,"2",4,"Preschool",1,"Infant",-1,"No Child",-1,"No Child",-1,"No Child",-1,"No Child","High School or Some College",37,"White",NA,8330,0,0,0,0,0
"864",3886050866421,102,"3886050866421102'",12,2021,"122021",8747.2628583,51,0,100,40,1,1,0,0,0,0,"2",4,"Preschool",1,"Infant",-1,"No Child",-1,"No Child",-1,"No Child",-1,"No Child","High School or Some College",37,"White",NA,8688,0,0,0,0,0
"865",3886063347522,101,"3886063347522101'",1,2022,"12022",11642.493805,51,0,100,40,0,1,0,0,0,0,"1",6,"School Age",1,"Infant",-1,"No Child",-1,"No Child",-1,"No Child",-1,"No Child","High School or Some College",30,"Asian",NA,13566,0,0,0,0,1
"866",3886063347522,101,"3886063347522101'",2,2022,"22022",12032.501624,51,0,100,40,0,1,0,0,0,0,"1",6,"School Age",1,"Infant",-1,"No Child",-1,"No Child",-1,"No Child",-1,"No Child","High School or Some College",30,"Asian",NA,13581,0,0,0,0,1
"867",3886063347522,101,"3886063347522101'",3,2022,"32022",12090.556861,51,0,100,40,0,1,0,0,0,0,"1",6,"School Age",1,"Infant",-1,"No Child",-1,"No Child",-1,"No Child",-1,"No Child","High School or Some College",30,"Asian",NA,13775,0,0,0,0,1
"868",3886063347522,101,"3886063347522101'",4,2022,"42022",11970.830007,51,0,100,40,0,1,0,0,0,0,"1",6,"School Age",1,"Infant",-1,"No Child",-1,"No Child",-1,"No Child",-1,"No Child","High School or Some College",30,"Asian",NA,13775,0,0,0,0,1
"869",3886063347522,101,"3886063347522101'",5,2022,"52022",11830.259971,51,0,100,40,0,1,0,0,0,0,"1",6,"School Age",1,"Infant",-1,"No Child",-1,"No Child",-1,"No Child",-1,"No Child","High School or Some College",30,"Asian",NA,11937,0,0,0,0,1
"870",3886063347522,101,"3886063347522101'",6,2022,"62022",11955.650271,51,0,100,40,0,1,0,0,0,0,"1",6,"School Age",1,"Infant",-1,"No Child",-1,"No Child",-1,"No Child",-1,"No Child","High School or Some College",30,"Asian",NA,11937,0,0,0,0,1
"871",3886063347522,101,"3886063347522101'",7,2022,"72022",11744.645771,51,0,100,40,0,1,0,0,0,0,"1",6,"School Age",1,"Infant",-1,"No Child",-1,"No Child",-1,"No Child",-1,"No Child","High School or Some College",30,"Asian",NA,11937,0,0,0,0,1
"872",3886063347522,101,"3886063347522101'",8,2022,"82022",11874.074925,51,0,100,40,0,1,0,0,0,0,"1",6,"School Age",1,"Infant",-1,"No Child",-1,"No Child",-1,"No Child",-1,"No Child","High School or Some College",30,"Asian",NA,11937,0,0,0,0,1
"873",3886063347522,101,"3886063347522101'",9,2022,"92022",11654.44499,51,0,100,40,0,1,0,0,0,0,"1",6,"School Age",1,"Infant",-1,"No Child",-1,"No Child",-1,"No Child",-1,"No Child","High School or Some College",30,"Asian",NA,11937,0,0,0,0,1
"874",3886063347522,101,"3886063347522101'",10,2022,"102022",11900.62443,51,0,100,40,0,1,0,0,0,0,"1",6,"School Age",1,"Infant",-1,"No Child",-1,"No Child",-1,"No Child",-1,"No Child","High School or Some College",30,"Asian",NA,21424,0,0,0,0,1
"875",3886063347522,101,"3886063347522101'",11,2022,"112022",11916.251857,51,0,100,40,0,1,0,0,0,0,"1",6,"School Age",1,"Infant",-1,"No Child",-1,"No Child",-1,"No Child",-1,"No Child","High School or Some College",30,"Asian",NA,30317,0,0,0,0,1
"876",3886063347522,101,"3886063347522101'",12,2022,"122022",11936.506818,51,0,100,40,0,1,0,0,0,0,"1",6,"School Age",1,"Infant",-1,"No Child",-1,"No Child",-1,"No Child",-1,"No Child","High School or Some College",30,"Asian",NA,30317,0,0,0,0,1
"877",3886063347522,102,"3886063347522102'",1,2022,"12022",11642.493805,51,0,100,25,0,1,0,0,0,0,"1",6,"School Age",1,"Infant",-1,"No Child",-1,"No Child",-1,"No Child",-1,"No Child","Bachelor’s Degree",31,"White",NA,13566,0,1,0,0,1
"878",3886063347522,102,"3886063347522102'",2,2022,"22022",12032.501624,51,0,100,25,0,1,0,0,0,0,"1",6,"School Age",1,"Infant",-1,"No Child",-1,"No Child",-1,"No Child",-1,"No Child","Bachelor’s Degree",31,"White",NA,13581,0,1,0,0,1
"879",3886063347522,102,"3886063347522102'",3,2022,"32022",12090.556861,51,0,100,25,0,1,0,0,0,0,"1",6,"School Age",1,"Infant",-1,"No Child",-1,"No Child",-1,"No Child",-1,"No Child","Bachelor’s Degree",31,"White",NA,13775,0,1,0,0,1
"880",3886063347522,102,"3886063347522102'",4,2022,"42022",11970.830007,51,0,100,25,0,1,0,0,0,0,"1",6,"School Age",1,"Infant",-1,"No Child",-1,"No Child",-1,"No Child",-1,"No Child","Bachelor’s Degree",31,"White",NA,13775,0,1,0,0,1
"881",3886063347522,102,"3886063347522102'",5,2022,"52022",11830.259971,51,0,100,25,0,1,0,0,0,0,"1",6,"School Age",1,"Infant",-1,"No Child",-1,"No Child",-1,"No Child",-1,"No Child","Bachelor’s Degree",31,"White",NA,11937,0,1,0,0,1
"882",3886063347522,102,"3886063347522102'",6,2022,"62022",11955.650271,51,0,100,25,0,1,0,0,0,0,"1",6,"School Age",1,"Infant",-1,"No Child",-1,"No Child",-1,"No Child",-1,"No Child","Bachelor’s Degree",31,"White",NA,11937,0,1,0,0,1
"883",3886063347522,102,"3886063347522102'",7,2022,"72022",11744.645771,51,0,100,25,0,1,0,0,0,0,"1",6,"School Age",1,"Infant",-1,"No Child",-1,"No Child",-1,"No Child",-1,"No Child","Bachelor’s Degree",31,"White",NA,11937,0,1,0,0,1
"884",3886063347522,102,"3886063347522102'",8,2022,"82022",11874.074925,51,0,100,25,0,1,0,0,0,0,"1",6,"School Age",1,"Infant",-1,"No Child",-1,"No Child",-1,"No Child",-1,"No Child","Bachelor’s Degree",31,"White",NA,11937,0,1,0,0,1
"885",3886063347522,102,"3886063347522102'",9,2022,"92022",11654.44499,51,0,100,25,0,1,0,0,0,0,"1",6,"School Age",1,"Infant",-1,"No Child",-1,"No Child",-1,"No Child",-1,"No Child","Bachelor’s Degree",31,"White",NA,11937,0,1,0,0,1
"886",3886063347522,102,"3886063347522102'",10,2022,"102022",11900.62443,51,0,100,25,0,1,0,0,0,0,"1",6,"School Age",1,"Infant",-1,"No Child",-1,"No Child",-1,"No Child",-1,"No Child","Bachelor’s Degree",31,"White",NA,21424,0,1,0,0,1
"887",3886063347522,102,"3886063347522102'",11,2022,"112022",11916.251857,51,0,100,25,0,1,0,0,0,0,"1",6,"School Age",1,"Infant",-1,"No Child",-1,"No Child",-1,"No Child",-1,"No Child","Bachelor’s Degree",31,"White",NA,30317,0,1,0,0,1
"888",3886063347522,102,"3886063347522102'",12,2022,"122022",11936.506818,51,0,100,25,0,1,0,0,0,0,"1",6,"School Age",1,"Infant",-1,"No Child",-1,"No Child",-1,"No Child",-1,"No Child","Bachelor’s Degree",31,"White",NA,30317,0,1,0,0,1
"889",29286005707122,101,"29286005707122101'",1,2022,"12022",9330.3995847,51,0,100,0,1,0,0,0,0,0,"1",1,"Infant",-1,"No Child",-1,"No Child",-1,"No Child",-1,"No Child",-1,"No Child","Bachelor’s Degree",36,"White",NA,4150,0,1,1,0,0
"890",29286005707122,101,"29286005707122101'",2,2022,"22022",9271.8933311,51,0,100,0,1,0,0,0,0,0,"1",1,"Infant",-1,"No Child",-1,"No Child",-1,"No Child",-1,"No Child",-1,"No Child","Bachelor’s Degree",36,"White",NA,4150,0,1,1,0,0
"891",29286005707122,101,"29286005707122101'",3,2022,"32022",9386.877849,51,0,100,0,1,0,0,0,0,0,"1",1,"Infant",-1,"No Child",-1,"No Child",-1,"No Child",-1,"No Child",-1,"No Child","Bachelor’s Degree",36,"White",NA,4150,0,1,1,0,0
"892",29286005707122,101,"29286005707122101'",4,2022,"42022",9407.1039976,51,0,100,0,1,0,0,0,0,0,"1",1,"Infant",-1,"No Child",-1,"No Child",-1,"No Child",-1,"No Child",-1,"No Child","Bachelor’s Degree",36,"White",NA,4150,0,1,1,0,0
"893",29286005707122,101,"29286005707122101'",5,2022,"52022",10933.104638,51,0,100,0,1,0,0,0,0,0,"1",1,"Infant",-1,"No Child",-1,"No Child",-1,"No Child",-1,"No Child",-1,"No Child","Bachelor’s Degree",36,"White",NA,500,0,1,1,0,0
"894",29286005707122,101,"29286005707122101'",6,2022,"62022",11065.544847,51,0,100,0,1,0,0,0,0,0,"1",1,"Infant",-1,"No Child",-1,"No Child",-1,"No Child",-1,"No Child",-1,"No Child","Bachelor’s Degree",36,"White",NA,500,0,1,1,0,0
"895",29286005707122,101,"29286005707122101'",7,2022,"72022",11170.480095,51,0,100,0,1,0,0,0,0,0,"1",1,"Infant",-1,"No Child",-1,"No Child",-1,"No Child",-1,"No Child",-1,"No Child","Bachelor’s Degree",36,"White",NA,500,0,1,1,0,0
"896",29286005707122,101,"29286005707122101'",8,2022,"82022",11189.132666,51,0,100,45,1,0,0,0,0,0,"1",1,"Infant",-1,"No Child",-1,"No Child",-1,"No Child",-1,"No Child",-1,"No Child","Bachelor’s Degree",36,"White",NA,3258,0,1,1,0,1
"897",29286005707122,101,"29286005707122101'",9,2022,"92022",11315.619005,51,0,100,45,1,0,0,0,0,0,"1",1,"Infant",-1,"No Child",-1,"No Child",-1,"No Child",-1,"No Child",-1,"No Child","Bachelor’s Degree",36,"White",NA,3258,0,1,1,0,1
"898",29286005707122,101,"29286005707122101'",10,2022,"102022",11529.04971,51,0,100,45,1,0,0,0,0,0,"1",1,"Infant",-1,"No Child",-1,"No Child",-1,"No Child",-1,"No Child",-1,"No Child","Bachelor’s Degree",36,"White",NA,3258,0,1,1,0,1
"899",29286005707122,101,"29286005707122101'",11,2022,"112022",11632.376018,51,0,100,45,1,0,0,0,0,0,"1",1,"Infant",-1,"No Child",-1,"No Child",-1,"No Child",-1,"No Child",-1,"No Child","Bachelor’s Degree",36,"White",NA,3258,0,1,1,0,1
"900",29286005707122,101,"29286005707122101'",12,2022,"122022",11611.514404,51,0,100,45,1,0,0,0,0,0,"1",1,"Infant",-1,"No Child",-1,"No Child",-1,"No Child",-1,"No Child",-1,"No Child","Bachelor’s Degree",36,"White",NA,3258,0,1,1,0,1
"901",29286020476221,101,"29286020476221101'",1,2021,"12021",5649.9340528,51,0,100,20,0,0,1,0,0,0,"1",12,"School Age",9,"School Age",4,"Preschool",-1,"No Child",-1,"No Child",-1,"No Child","Graduate or Professional Degree",37,"White",NA,24597,0,1,0,0,1
"902",29286020476221,101,"29286020476221101'",2,2021,"22021",5683.0024437,51,0,100,20,0,0,1,0,0,0,"1",12,"School Age",9,"School Age",4,"Preschool",-1,"No Child",-1,"No Child",-1,"No Child","Graduate or Professional Degree",37,"White",NA,24597,0,1,0,0,1
"903",29286020476221,101,"29286020476221101'",3,2021,"32021",5729.0502041,51,0,100,20,0,0,1,0,0,0,"1",12,"School Age",9,"School Age",4,"Preschool",-1,"No Child",-1,"No Child",-1,"No Child","Graduate or Professional Degree",37,"White",NA,24597,0,1,0,0,1
"904",29286020476221,101,"29286020476221101'",4,2021,"42021",5615.6582927,51,0,100,20,0,0,1,0,0,0,"1",12,"School Age",9,"School Age",4,"Preschool",-1,"No Child",-1,"No Child",-1,"No Child","Graduate or Professional Degree",37,"White",NA,24597,0,1,0,0,1
"905",29286020476221,101,"29286020476221101'",5,2021,"52021",5566.142241,51,0,100,20,0,0,1,0,0,0,"1",12,"School Age",9,"School Age",4,"Preschool",-1,"No Child",-1,"No Child",-1,"No Child","Graduate or Professional Degree",37,"White",NA,24597,0,1,0,0,1
"906",29286020476221,101,"29286020476221101'",6,2021,"62021",5541.5780573,51,0,100,20,0,0,1,0,0,0,"1",12,"School Age",9,"School Age",4,"Preschool",-1,"No Child",-1,"No Child",-1,"No Child","Graduate or Professional Degree",37,"White",NA,24597,0,1,0,0,1
"907",29286020476221,101,"29286020476221101'",7,2021,"72021",5622.621188,51,0,100,20,0,0,1,0,0,0,"1",12,"School Age",9,"School Age",4,"Preschool",-1,"No Child",-1,"No Child",-1,"No Child","Graduate or Professional Degree",37,"White",NA,24597,0,1,0,0,1
"908",29286020476221,101,"29286020476221101'",8,2021,"82021",5622.7408188,51,0,100,20,0,0,1,0,0,0,"1",12,"School Age",9,"School Age",4,"Preschool",-1,"No Child",-1,"No Child",-1,"No Child","Graduate or Professional Degree",37,"White",NA,24597,0,1,0,0,1
"909",29286020476221,101,"29286020476221101'",9,2021,"92021",5549.6647831,51,0,100,20,0,0,1,0,0,0,"1",12,"School Age",9,"School Age",4,"Preschool",-1,"No Child",-1,"No Child",-1,"No Child","Graduate or Professional Degree",37,"White",NA,24597,0,1,0,0,1
"910",29286020476221,101,"29286020476221101'",10,2021,"102021",5601.1382589,51,0,100,20,0,0,1,0,0,0,"1",12,"School Age",9,"School Age",4,"Preschool",-1,"No Child",-1,"No Child",-1,"No Child","Graduate or Professional Degree",37,"White",NA,24597,0,1,0,0,1
"911",29286020476221,101,"29286020476221101'",11,2021,"112021",5584.9879488,51,0,100,20,0,0,1,0,0,0,"1",12,"School Age",9,"School Age",4,"Preschool",-1,"No Child",-1,"No Child",-1,"No Child","Graduate or Professional Degree",37,"White",NA,24597,0,1,0,0,1
"912",29286020476221,101,"29286020476221101'",12,2021,"122021",5576.1937232,51,0,100,20,0,0,1,0,0,0,"1",12,"School Age",9,"School Age",4,"Preschool",-1,"No Child",-1,"No Child",-1,"No Child","Graduate or Professional Degree",37,"White",NA,24597,0,1,0,0,1
"913",29286020476221,102,"29286020476221102'",1,2021,"12021",5649.9340528,51,0,100,40,0,0,1,0,0,0,"1",12,"School Age",9,"School Age",4,"Preschool",-1,"No Child",-1,"No Child",-1,"No Child","Graduate or Professional Degree",40,"White",NA,24597,0,0,0,0,0
"914",29286020476221,102,"29286020476221102'",2,2021,"22021",5683.0024437,51,0,100,40,0,0,1,0,0,0,"1",12,"School Age",9,"School Age",4,"Preschool",-1,"No Child",-1,"No Child",-1,"No Child","Graduate or Professional Degree",40,"White",NA,24597,0,0,0,0,0
"915",29286020476221,102,"29286020476221102'",3,2021,"32021",5729.0502041,51,0,100,40,0,0,1,0,0,0,"1",12,"School Age",9,"School Age",4,"Preschool",-1,"No Child",-1,"No Child",-1,"No Child","Graduate or Professional Degree",40,"White",NA,24597,0,0,0,0,0
"916",29286020476221,102,"29286020476221102'",4,2021,"42021",5615.6582927,51,0,100,40,0,0,1,0,0,0,"1",12,"School Age",9,"School Age",4,"Preschool",-1,"No Child",-1,"No Child",-1,"No Child","Graduate or Professional Degree",40,"White",NA,24597,0,0,0,0,0
"917",29286020476221,102,"29286020476221102'",5,2021,"52021",5566.142241,51,0,100,40,0,0,1,0,0,0,"1",12,"School Age",9,"School Age",4,"Preschool",-1,"No Child",-1,"No Child",-1,"No Child","Graduate or Professional Degree",40,"White",NA,24597,0,0,0,0,0
"918",29286020476221,102,"29286020476221102'",6,2021,"62021",5541.5780573,51,0,100,40,0,0,1,0,0,0,"1",12,"School Age",9,"School Age",4,"Preschool",-1,"No Child",-1,"No Child",-1,"No Child","Graduate or Professional Degree",40,"White",NA,24597,0,0,0,0,0
"919",29286020476221,102,"29286020476221102'",7,2021,"72021",5622.621188,51,0,100,40,0,0,1,0,0,0,"1",12,"School Age",9,"School Age",4,"Preschool",-1,"No Child",-1,"No Child",-1,"No Child","Graduate or Professional Degree",40,"White",NA,24597,0,0,0,0,0
"920",29286020476221,102,"29286020476221102'",8,2021,"82021",5622.7408188,51,0,100,40,0,0,1,0,0,0,"1",12,"School Age",9,"School Age",4,"Preschool",-1,"No Child",-1,"No Child",-1,"No Child","Graduate or Professional Degree",40,"White",NA,24597,0,0,0,0,0
"921",29286020476221,102,"29286020476221102'",9,2021,"92021",5549.6647831,51,0,100,40,0,0,1,0,0,0,"1",12,"School Age",9,"School Age",4,"Preschool",-1,"No Child",-1,"No Child",-1,"No Child","Graduate or Professional Degree",40,"White",NA,24597,0,0,0,0,0
"922",29286020476221,102,"29286020476221102'",10,2021,"102021",5601.1382589,51,0,100,40,0,0,1,0,0,0,"1",12,"School Age",9,"School Age",4,"Preschool",-1,"No Child",-1,"No Child",-1,"No Child","Graduate or Professional Degree",40,"White",NA,24597,0,0,0,0,0
"923",29286020476221,102,"29286020476221102'",11,2021,"112021",5584.9879488,51,0,100,40,0,0,1,0,0,0,"1",12,"School Age",9,"School Age",4,"Preschool",-1,"No Child",-1,"No Child",-1,"No Child","Graduate or Professional Degree",40,"White",NA,24597,0,0,0,0,0
"924",29286020476221,102,"29286020476221102'",12,2021,"122021",5576.1937232,51,0,100,40,0,0,1,0,0,0,"1",12,"School Age",9,"School Age",4,"Preschool",-1,"No Child",-1,"No Child",-1,"No Child","Graduate or Professional Degree",40,"White",NA,24597,0,0,0,0,0
"925",88181666217922,101,"88181666217922101'",1,2022,"12022",7969.7986804,51,0,100,40,1,0,0,0,0,0,"1",0,"Infant",-1,"No Child",-1,"No Child",-1,"No Child",-1,"No Child",-1,"No Child","High School or Some College",23,"White",NA,3882,0,0,0,0,0
"926",88181666217922,101,"88181666217922101'",2,2022,"22022",8129.2567931,51,0,100,40,1,0,0,0,0,0,"1",0,"Infant",-1,"No Child",-1,"No Child",-1,"No Child",-1,"No Child",-1,"No Child","High School or Some College",23,"White",NA,4178,0,0,0,0,0
"927",88181666217922,101,"88181666217922101'",3,2022,"32022",8253.5957553,51,0,100,40,1,0,0,0,0,0,"1",0,"Infant",-1,"No Child",-1,"No Child",-1,"No Child",-1,"No Child",-1,"No Child","High School or Some College",23,"White",NA,4178,0,0,0,0,0
"928",88181666217922,101,"88181666217922101'",4,2022,"42022",8582.5840035,51,0,100,40,1,0,0,0,0,0,"1",0,"Infant",-1,"No Child",-1,"No Child",-1,"No Child",-1,"No Child",-1,"No Child","High School or Some College",23,"White",NA,4178,0,0,0,0,0
"929",88181666217922,101,"88181666217922101'",5,2022,"52022",8653.1925842,51,0,100,40,1,0,0,0,0,0,"1",0,"Infant",-1,"No Child",-1,"No Child",-1,"No Child",-1,"No Child",-1,"No Child","High School or Some College",23,"White",NA,4178,0,0,0,0,0
"930",88181666217922,101,"88181666217922101'",6,2022,"62022",8469.2217642,51,0,100,40,1,0,0,0,0,0,"1",0,"Infant",-1,"No Child",-1,"No Child",-1,"No Child",-1,"No Child",-1,"No Child","High School or Some College",23,"White",NA,4178,0,0,0,0,0
"931",88181666217922,101,"88181666217922101'",7,2022,"72022",8419.5446034,51,0,100,40,1,0,0,0,0,0,"1",0,"Infant",-1,"No Child",-1,"No Child",-1,"No Child",-1,"No Child",-1,"No Child","High School or Some College",23,"White",NA,4178,0,0,0,0,0
"932",88181666217922,101,"88181666217922101'",8,2022,"82022",8426.4078909,51,0,100,40,1,0,0,0,0,0,"1",0,"Infant",-1,"No Child",-1,"No Child",-1,"No Child",-1,"No Child",-1,"No Child","High School or Some College",23,"White",NA,4178,0,0,0,0,0
"933",88181666217922,101,"88181666217922101'",9,2022,"92022",9144.3191315,51,0,100,40,1,0,0,0,0,0,"1",0,"Infant",-1,"No Child",-1,"No Child",-1,"No Child",-1,"No Child",-1,"No Child","High School or Some College",23,"White",NA,4178,0,0,0,0,0
"934",88181666217922,101,"88181666217922101'",10,2022,"102022",9409.4812806,51,0,100,40,1,0,0,0,0,0,"1",0,"Infant",-1,"No Child",-1,"No Child",-1,"No Child",-1,"No Child",-1,"No Child","High School or Some College",23,"White",NA,4178,0,0,0,0,0
"935",88181666217922,101,"88181666217922101'",11,2022,"112022",9363.6714461,51,0,100,40,1,0,0,0,0,0,"1",0,"Infant",-1,"No Child",-1,"No Child",-1,"No Child",-1,"No Child",-1,"No Child","High School or Some College",23,"White",NA,4178,0,0,0,0,0
"936",88181666217922,101,"88181666217922101'",12,2022,"122022",9490.7913822,51,0,100,40,1,0,0,0,0,0,"1",0,"Infant",-1,"No Child",-1,"No Child",-1,"No Child",-1,"No Child",-1,"No Child","High School or Some College",23,"White",NA,4178,0,0,0,0,0
"937",88181666217922,102,"88181666217922102'",1,2022,"12022",7969.7986804,51,0,0,0,1,0,0,0,0,0,"1",0,"Infant",-1,"No Child",-1,"No Child",-1,"No Child",-1,"No Child",-1,"No Child","High School or Some College",21,"White",NA,3882,0,1,0,0,0
"938",88181666217922,102,"88181666217922102'",2,2022,"22022",8129.2567931,51,0,0,0,1,0,0,0,0,0,"1",0,"Infant",-1,"No Child",-1,"No Child",-1,"No Child",-1,"No Child",-1,"No Child","High School or Some College",21,"White",NA,4178,0,1,0,0,0
"939",88181666217922,102,"88181666217922102'",3,2022,"32022",8253.5957553,51,0,0,0,1,0,0,0,0,0,"1",0,"Infant",-1,"No Child",-1,"No Child",-1,"No Child",-1,"No Child",-1,"No Child","High School or Some College",21,"White",NA,4178,0,1,0,0,0
"940",88181666217922,102,"88181666217922102'",4,2022,"42022",8582.5840035,51,0,0,0,1,0,0,0,0,0,"1",0,"Infant",-1,"No Child",-1,"No Child",-1,"No Child",-1,"No Child",-1,"No Child","High School or Some College",21,"White",NA,4178,0,1,0,0,0
"941",88181666217922,102,"88181666217922102'",5,2022,"52022",8653.1925842,51,0,0,0,1,0,0,0,0,0,"1",0,"Infant",-1,"No Child",-1,"No Child",-1,"No Child",-1,"No Child",-1,"No Child","High School or Some College",21,"White",NA,4178,0,1,0,0,0
"942",88181666217922,102,"88181666217922102'",6,2022,"62022",8469.2217642,51,0,0,0,1,0,0,0,0,0,"1",0,"Infant",-1,"No Child",-1,"No Child",-1,"No Child",-1,"No Child",-1,"No Child","High School or Some College",21,"White",NA,4178,0,1,0,0,0
"943",88181666217922,102,"88181666217922102'",7,2022,"72022",8419.5446034,51,0,0,0,1,0,0,0,0,0,"1",0,"Infant",-1,"No Child",-1,"No Child",-1,"No Child",-1,"No Child",-1,"No Child","High School or Some College",21,"White",NA,4178,0,1,0,0,0
"944",88181666217922,102,"88181666217922102'",8,2022,"82022",8426.4078909,51,0,0,0,1,0,0,0,0,0,"1",0,"Infant",-1,"No Child",-1,"No Child",-1,"No Child",-1,"No Child",-1,"No Child","High School or Some College",21,"White",NA,4178,0,1,0,0,0
"945",88181666217922,102,"88181666217922102'",9,2022,"92022",9144.3191315,51,0,0,0,1,0,0,0,0,0,"1",0,"Infant",-1,"No Child",-1,"No Child",-1,"No Child",-1,"No Child",-1,"No Child","High School or Some College",21,"White",NA,4178,0,1,0,0,0
"946",88181666217922,102,"88181666217922102'",10,2022,"102022",9409.4812806,51,0,0,0,1,0,0,0,0,0,"1",0,"Infant",-1,"No Child",-1,"No Child",-1,"No Child",-1,"No Child",-1,"No Child","High School or Some College",21,"White",NA,4178,0,1,0,0,0
"947",88181666217922,102,"88181666217922102'",11,2022,"112022",9363.6714461,51,0,0,0,1,0,0,0,0,0,"1",0,"Infant",-1,"No Child",-1,"No Child",-1,"No Child",-1,"No Child",-1,"No Child","High School or Some College",21,"White",NA,4178,0,1,0,0,0
"948",88181666217922,102,"88181666217922102'",12,2022,"122022",9490.7913822,51,0,0,0,1,0,0,0,0,0,"1",0,"Infant",-1,"No Child",-1,"No Child",-1,"No Child",-1,"No Child",-1,"No Child","High School or Some College",21,"White",NA,4178,0,1,0,0,0
