"","HouseholdID","PersonalNumber","PID","Month","Year","TimeID","Weight","State","TimeLost","EMP","HRSWorked","Kid1","Kid2","Kid3","Kid4","Kid5","Kid6","KidsUnder5","age1","age_group1","age2","age_group2","age3","age_group3","age4","age_group4","age5","age_group5","age6","age_group6","Education","ParentAge","Race","ChildCareCostper100","Income","NonMetro","Female","SingleFamily","WelfareorSS","WorkFromHome"
"1",3812641811718,101,"3812641811718101",1,2018,"12018",19618.701803,51,0,100,50,1,1,0,0,0,0,"2",5,"Preschool",3,"Toddler",-2,"No Child",-2,"No Child",-1,"No Child",-1,"No Child","High School or Some College",32,"Black",6,5534,0,0,1,0,0
"2",3812641811718,101,"3812641811718101",2,2018,"22018",19826.379204,51,0,100,50,1,1,0,0,0,0,"2",5,"Preschool",3,"Toddler",-2,"No Child",-2,"No Child",-1,"No Child",-1,"No Child","High School or Some College",32,"Black",6,5534,0,0,1,0,0
"3",3812641811718,101,"3812641811718101",3,2018,"32018",21231.588597,51,0,100,50,1,1,0,0,0,0,"2",5,"Preschool",3,"Toddler",-2,"No Child",-2,"No Child",-1,"No Child",-1,"No Child","High School or Some College",32,"Black",6,5534,0,0,1,0,0
"4",3812641811718,101,"3812641811718101",4,2018,"42018",20913.339913,51,0,100,50,1,1,0,0,0,0,"2",5,"Preschool",3,"Toddler",-2,"No Child",-2,"No Child",-1,"No Child",-1,"No Child","High School or Some College",32,"Black",6,5534,0,0,1,0,0
"5",3812641811718,101,"3812641811718101",5,2018,"52018",20025.17465,51,0,100,50,1,1,0,0,0,0,"2",5,"Preschool",3,"Toddler",-2,"No Child",-2,"No Child",-1,"No Child",-1,"No Child","High School or Some College",32,"Black",6,5534,0,0,1,0,0
"6",3812641811718,101,"3812641811718101",6,2018,"62018",19683.287427,51,0,100,50,1,1,0,0,0,0,"2",5,"Preschool",3,"Toddler",-2,"No Child",-2,"No Child",-1,"No Child",-1,"No Child","High School or Some College",32,"Black",6,5534,0,0,1,0,0
"7",3812641811718,101,"3812641811718101",7,2018,"72018",20606.42803,51,0,100,50,1,1,0,0,0,0,"2",5,"Preschool",3,"Toddler",-2,"No Child",-2,"No Child",-1,"No Child",-1,"No Child","High School or Some College",32,"Black",6,5534,0,0,1,0,0
"8",3812641811718,101,"3812641811718101",8,2018,"82018",20916.512587,51,0,100,50,1,1,0,0,0,0,"2",5,"Preschool",3,"Toddler",-2,"No Child",-2,"No Child",-1,"No Child",-1,"No Child","High School or Some College",32,"Black",6,5534,0,0,1,0,0
"9",3812641811718,101,"3812641811718101",9,2018,"92018",21040.620635,51,0,100,50,1,1,0,0,0,0,"2",5,"Preschool",3,"Toddler",-2,"No Child",-2,"No Child",-1,"No Child",-1,"No Child","High School or Some College",32,"Black",6,5534,0,0,1,0,0
"10",3812641811718,101,"3812641811718101",10,2018,"102018",21494.16092,51,0,100,50,1,1,0,0,0,0,"2",5,"Preschool",3,"Toddler",-2,"No Child",-2,"No Child",-1,"No Child",-1,"No Child","High School or Some College",32,"Black",6,5563,0,0,1,0,0
"11",3812641811718,101,"3812641811718101",11,2018,"112018",21274.555922,51,0,100,50,1,1,0,0,0,0,"2",5,"Preschool",3,"Toddler",-2,"No Child",-2,"No Child",-1,"No Child",-1,"No Child","High School or Some College",32,"Black",6,5568,0,0,1,0,0
"12",3812641811718,101,"3812641811718101",12,2018,"122018",20581.78346,51,0,100,50,1,1,0,0,0,0,"2",5,"Preschool",3,"Toddler",-2,"No Child",-2,"No Child",-1,"No Child",-1,"No Child","High School or Some College",32,"Black",6,5568,0,0,1,0,0
"13",3812641811718,102,"3812641811718102",1,2018,"12018",16126.959169,51,0,100,40,1,0,0,0,0,0,"1",3,"Toddler",-2,"No Child",-1,"No Child",-1,"No Child",-1,"No Child",-1,"No Child","High School or Some College",31,"Residual",0,5534,0,1,1,0,0
"14",3812641811718,102,"3812641811718102",2,2018,"22018",16239.339382,51,0,100,40,1,0,0,0,0,0,"1",3,"Toddler",-2,"No Child",-1,"No Child",-1,"No Child",-1,"No Child",-1,"No Child","High School or Some College",31,"Residual",0,5534,0,1,1,0,0
"15",3812641811718,102,"3812641811718102",3,2018,"32018",16184.459518,51,0,100,40,1,0,0,0,0,0,"1",3,"Toddler",-2,"No Child",-1,"No Child",-1,"No Child",-1,"No Child",-1,"No Child","High School or Some College",31,"Residual",0,5534,0,1,1,0,0
"16",3812641811718,102,"3812641811718102",4,2018,"42018",16396.300972,51,0,100,40,1,0,0,0,0,0,"1",3,"Toddler",-2,"No Child",-1,"No Child",-1,"No Child",-1,"No Child",-1,"No Child","High School or Some College",31,"Residual",0,5534,0,1,1,0,0
"17",3812641811718,102,"3812641811718102",5,2018,"52018",16994.436399,51,0,100,40,1,0,0,0,0,0,"1",3,"Toddler",-2,"No Child",-1,"No Child",-1,"No Child",-1,"No Child",-1,"No Child","High School or Some College",31,"Residual",0,5534,0,1,1,0,0
"18",3812641811718,102,"3812641811718102",6,2018,"62018",16773.892458,51,0,100,40,1,0,0,0,0,0,"1",3,"Toddler",-2,"No Child",-1,"No Child",-1,"No Child",-1,"No Child",-1,"No Child","High School or Some College",31,"Residual",0,5534,0,1,1,0,0
"19",3812641811718,102,"3812641811718102",7,2018,"72018",16388.501449,51,0,100,40,1,0,0,0,0,0,"1",3,"Toddler",-2,"No Child",-1,"No Child",-1,"No Child",-1,"No Child",-1,"No Child","High School or Some College",31,"Residual",0,5534,0,1,1,0,0
"20",3812641811718,102,"3812641811718102",8,2018,"82018",16394.7899,51,0,100,40,1,0,0,0,0,0,"1",3,"Toddler",-2,"No Child",-1,"No Child",-1,"No Child",-1,"No Child",-1,"No Child","High School or Some College",31,"Residual",0,5534,0,1,1,0,0
"21",3812641811718,102,"3812641811718102",9,2018,"92018",16701.995928,51,0,100,40,1,0,0,0,0,0,"1",3,"Toddler",-2,"No Child",-1,"No Child",-1,"No Child",-1,"No Child",-1,"No Child","High School or Some College",31,"Residual",0,5534,0,1,1,0,0
"22",3812641811718,102,"3812641811718102",10,2018,"102018",16761.818066,51,0,100,40,1,0,0,0,0,0,"1",3,"Toddler",-2,"No Child",-1,"No Child",-1,"No Child",-1,"No Child",-1,"No Child","High School or Some College",31,"Residual",0,5563,0,1,1,0,0
"23",3812641811718,102,"3812641811718102",11,2018,"112018",16690.749824,51,0,100,40,1,0,0,0,0,0,"1",3,"Toddler",-2,"No Child",-1,"No Child",-1,"No Child",-1,"No Child",-1,"No Child","High School or Some College",31,"Residual",0,5568,0,1,1,0,0
"24",3812641811718,102,"3812641811718102",12,2018,"122018",16852.621285,51,0,100,40,1,0,0,0,0,0,"1",3,"Toddler",-2,"No Child",-1,"No Child",-1,"No Child",-1,"No Child",-1,"No Child","High School or Some College",31,"Residual",0,5568,0,1,1,0,0
"25",3827406887618,101,"3827406887618101",1,2018,"12018",9200.0401791,51,0,0,0,0,0,1,0,0,0,"1",11,"School Age",8,"School Age",3,"Toddler",-1,"No Child",-1,"No Child",-1,"No Child","High School or Some College",34,"Residual",0,2434,0,1,0,0,0
"26",3827406887618,101,"3827406887618101",2,2018,"22018",9207.8163795,51,0,0,0,0,0,1,0,0,0,"1",11,"School Age",8,"School Age",3,"Toddler",-1,"No Child",-1,"No Child",-1,"No Child","High School or Some College",34,"Residual",0,2434,0,1,0,0,0
"27",3827406887618,101,"3827406887618101",3,2018,"32018",9392.3093472,51,0,0,0,0,0,1,0,0,0,"1",11,"School Age",8,"School Age",3,"Toddler",-1,"No Child",-1,"No Child",-1,"No Child","High School or Some College",34,"Residual",0,2434,0,1,0,0,0
"28",3827406887618,101,"3827406887618101",4,2018,"42018",9347.4127259,51,0,0,0,0,0,1,0,0,0,"1",11,"School Age",8,"School Age",3,"Toddler",-1,"No Child",-1,"No Child",-1,"No Child","High School or Some College",34,"Residual",0,2434,0,1,0,0,0
"29",3827406887618,101,"3827406887618101",5,2018,"52018",9552.2879007,51,0,0,0,0,0,1,0,0,0,"1",11,"School Age",8,"School Age",3,"Toddler",-1,"No Child",-1,"No Child",-1,"No Child","High School or Some College",34,"Residual",0,2434,0,1,0,0,0
"30",3827406887618,101,"3827406887618101",6,2018,"62018",9569.4075181,51,0,0,0,0,0,1,0,0,0,"1",11,"School Age",8,"School Age",3,"Toddler",-1,"No Child",-1,"No Child",-1,"No Child","High School or Some College",34,"Residual",0,2434,0,1,0,0,0
"31",3827406887618,101,"3827406887618101",7,2018,"72018",9771.5116943,51,0,0,0,0,0,1,0,0,0,"1",11,"School Age",8,"School Age",3,"Toddler",-1,"No Child",-1,"No Child",-1,"No Child","High School or Some College",34,"Residual",0,2434,0,1,0,0,0
"32",3827406887618,101,"3827406887618101",8,2018,"82018",9790.8636997,51,0,0,0,0,0,1,0,0,0,"1",11,"School Age",8,"School Age",3,"Toddler",-1,"No Child",-1,"No Child",-1,"No Child","High School or Some College",34,"Residual",0,2434,0,1,0,0,0
"33",3827406887618,101,"3827406887618101",9,2018,"92018",9675.3242561,51,0,0,0,0,0,1,0,0,0,"1",11,"School Age",8,"School Age",3,"Toddler",-1,"No Child",-1,"No Child",-1,"No Child","High School or Some College",34,"Residual",0,2434,0,1,0,0,0
"34",3827406887618,101,"3827406887618101",10,2018,"102018",9802.0631187,51,0,0,0,0,0,1,0,0,0,"1",11,"School Age",8,"School Age",3,"Toddler",-1,"No Child",-1,"No Child",-1,"No Child","High School or Some College",34,"Residual",0,2484,0,1,0,0,0
"35",3827406887618,101,"3827406887618101",11,2018,"112018",9788.6405968,51,0,0,0,0,0,1,0,0,0,"1",11,"School Age",8,"School Age",3,"Toddler",-1,"No Child",-1,"No Child",-1,"No Child","High School or Some College",34,"Residual",0,2484,0,1,0,0,0
"36",3827406887618,101,"3827406887618101",12,2018,"122018",9917.0396536,51,0,0,0,0,0,1,0,0,0,"1",11,"School Age",8,"School Age",3,"Toddler",-1,"No Child",-1,"No Child",-1,"No Child","High School or Some College",34,"Residual",0,2484,0,1,0,0,0
"37",3827406887618,102,"3827406887618102",1,2018,"12018",9200.0401791,51,0,100,40,0,1,0,0,0,0,"1",8,"School Age",3,"Toddler",-1,"No Child",-1,"No Child",-1,"No Child",-1,"No Child","Bachelor’s Degree",40,"Black",0,2434,0,0,0,0,0
"38",3827406887618,102,"3827406887618102",2,2018,"22018",9207.8163795,51,0,100,40,0,1,0,0,0,0,"1",8,"School Age",3,"Toddler",-1,"No Child",-1,"No Child",-1,"No Child",-1,"No Child","Bachelor’s Degree",40,"Black",0,2434,0,0,0,0,0
"39",3827406887618,102,"3827406887618102",3,2018,"32018",9392.3093472,51,0,100,40,0,1,0,0,0,0,"1",8,"School Age",3,"Toddler",-1,"No Child",-1,"No Child",-1,"No Child",-1,"No Child","Bachelor’s Degree",40,"Black",0,2434,0,0,0,0,0
"40",3827406887618,102,"3827406887618102",4,2018,"42018",9347.4127259,51,0,100,40,0,1,0,0,0,0,"1",8,"School Age",3,"Toddler",-1,"No Child",-1,"No Child",-1,"No Child",-1,"No Child","Bachelor’s Degree",40,"Black",0,2434,0,0,0,0,0
"41",3827406887618,102,"3827406887618102",5,2018,"52018",9552.2879007,51,0,100,40,0,1,0,0,0,0,"1",8,"School Age",3,"Toddler",-1,"No Child",-1,"No Child",-1,"No Child",-1,"No Child","Bachelor’s Degree",40,"Black",0,2434,0,0,0,0,0
"42",3827406887618,102,"3827406887618102",6,2018,"62018",9569.4075181,51,0,100,40,0,1,0,0,0,0,"1",8,"School Age",3,"Toddler",-1,"No Child",-1,"No Child",-1,"No Child",-1,"No Child","Bachelor’s Degree",40,"Black",0,2434,0,0,0,0,0
"43",3827406887618,102,"3827406887618102",7,2018,"72018",9771.5116943,51,0,100,40,0,1,0,0,0,0,"1",8,"School Age",3,"Toddler",-1,"No Child",-1,"No Child",-1,"No Child",-1,"No Child","Bachelor’s Degree",40,"Black",0,2434,0,0,0,0,0
"44",3827406887618,102,"3827406887618102",8,2018,"82018",9790.8636997,51,0,100,40,0,1,0,0,0,0,"1",8,"School Age",3,"Toddler",-1,"No Child",-1,"No Child",-1,"No Child",-1,"No Child","Bachelor’s Degree",40,"Black",0,2434,0,0,0,0,0
"45",3827406887618,102,"3827406887618102",9,2018,"92018",9675.3242561,51,0,100,40,0,1,0,0,0,0,"1",8,"School Age",3,"Toddler",-1,"No Child",-1,"No Child",-1,"No Child",-1,"No Child","Bachelor’s Degree",40,"Black",0,2434,0,0,0,0,0
"46",3827406887618,102,"3827406887618102",10,2018,"102018",9802.0631187,51,0,100,40,0,1,0,0,0,0,"1",8,"School Age",3,"Toddler",-1,"No Child",-1,"No Child",-1,"No Child",-1,"No Child","Bachelor’s Degree",40,"Black",0,2484,0,0,0,0,0
"47",3827406887618,102,"3827406887618102",11,2018,"112018",9788.6405968,51,0,100,40,0,1,0,0,0,0,"1",8,"School Age",3,"Toddler",-1,"No Child",-1,"No Child",-1,"No Child",-1,"No Child","Bachelor’s Degree",40,"Black",0,2484,0,0,0,0,0
"48",3827406887618,102,"3827406887618102",12,2018,"122018",9917.0396536,51,0,100,40,0,1,0,0,0,0,"1",8,"School Age",3,"Toddler",-1,"No Child",-1,"No Child",-1,"No Child",-1,"No Child","Bachelor’s Degree",40,"Black",0,2484,0,0,0,0,0
"49",3827411490120,101,"3827411490120101",1,2020,"12020",12220.806876,51,0,100,50,1,0,0,0,0,0,"1",1,"Infant",-1,"No Child",-1,"No Child",-1,"No Child",-1,"No Child",-1,"No Child","High School or Some College",25,"Black",0,4639,0,1,0,0,0
"50",3827411490120,101,"3827411490120101",2,2020,"22020",11992.688267,51,0,100,50,1,0,0,0,0,0,"1",1,"Infant",-1,"No Child",-1,"No Child",-1,"No Child",-1,"No Child",-1,"No Child","High School or Some College",25,"Black",0,4639,0,1,0,0,0
"51",3827411490120,101,"3827411490120101",3,2020,"32020",12218.310914,51,0,100,25,1,0,0,0,0,0,"1",1,"Infant",-1,"No Child",-1,"No Child",-1,"No Child",-1,"No Child",-1,"No Child","High School or Some College",25,"Black",0,3587,0,1,0,0,0
"52",3827411490120,101,"3827411490120101",4,2020,"42020",12009.914879,51,0,100,0,1,0,0,0,0,0,"1",1,"Infant",-1,"No Child",-1,"No Child",-1,"No Child",-1,"No Child",-1,"No Child","High School or Some College",25,"Black",0,2466,0,1,0,0,0
"53",3827411490120,101,"3827411490120101",5,2020,"52020",12481.881148,51,0,100,0,1,0,0,0,0,0,"1",1,"Infant",-1,"No Child",-1,"No Child",-1,"No Child",-1,"No Child",-1,"No Child","High School or Some College",25,"Black",0,2466,0,1,0,0,0
"54",3827411490120,101,"3827411490120101",6,2020,"62020",12729.869312,51,0,100,12.5,1,0,0,0,0,0,"1",1,"Infant",-1,"No Child",-1,"No Child",-1,"No Child",-1,"No Child",-1,"No Child","High School or Some College",25,"Black",0,3045,0,1,0,0,0
"55",3827411490120,101,"3827411490120101",7,2020,"72020",12776.88586,51,0,100,50,1,0,0,0,0,0,"1",1,"Infant",-1,"No Child",-1,"No Child",-1,"No Child",-1,"No Child",-1,"No Child","High School or Some College",25,"Black",0,4639,0,1,0,0,0
"56",3827411490120,101,"3827411490120101",8,2020,"82020",12715.336053,51,0,100,45,1,0,0,0,0,0,"1",1,"Infant",-1,"No Child",-1,"No Child",-1,"No Child",-1,"No Child",-1,"No Child","High School or Some College",25,"Black",0,4796,0,1,0,0,0
"57",3827411490120,101,"3827411490120101",9,2020,"92020",12661.193527,51,0,100,40,1,0,0,0,0,0,"1",1,"Infant",-1,"No Child",-1,"No Child",-1,"No Child",-1,"No Child",-1,"No Child","High School or Some College",25,"Black",0,3957,0,1,0,0,0
"58",3827411490120,101,"3827411490120101",10,2020,"102020",13004.377893,51,0,100,40,1,0,0,0,0,0,"1",1,"Infant",-1,"No Child",-1,"No Child",-1,"No Child",-1,"No Child",-1,"No Child","High School or Some College",25,"Black",0,3776,0,1,0,0,0
"59",3827411490120,101,"3827411490120101",11,2020,"112020",12968.908942,51,0,100,40,1,0,0,0,0,0,"1",1,"Infant",-1,"No Child",-1,"No Child",-1,"No Child",-1,"No Child",-1,"No Child","High School or Some College",25,"Black",0,3776,0,1,0,0,0
"60",3827411490120,101,"3827411490120101",12,2020,"122020",13050.994895,51,0,100,40,1,0,0,0,0,0,"1",1,"Infant",-1,"No Child",-1,"No Child",-1,"No Child",-1,"No Child",-1,"No Child","High School or Some College",25,"Black",0,3776,0,1,0,0,0
"61",3827411490120,102,"3827411490120102",1,2020,"12020",12220.806876,51,0,100,38,0,0,1,0,0,0,"1",19,"Past Subsidy",9,"School Age",1,"Infant",-1,"No Child",-1,"No Child",-1,"No Child","High School or Some College",45,"White",0,4639,0,0,0,0,0
"62",3827411490120,102,"3827411490120102",2,2020,"22020",11992.688267,51,0,100,38,0,0,1,0,0,0,"1",19,"Past Subsidy",9,"School Age",1,"Infant",-1,"No Child",-1,"No Child",-1,"No Child","High School or Some College",45,"White",0,4639,0,0,0,0,0
"63",3827411490120,102,"3827411490120102",3,2020,"32020",12218.310914,51,0,100,38,0,0,1,0,0,0,"1",19,"Past Subsidy",9,"School Age",1,"Infant",-1,"No Child",-1,"No Child",-1,"No Child","High School or Some College",45,"White",0,3587,0,0,0,0,0
"64",3827411490120,102,"3827411490120102",4,2020,"42020",12009.914879,51,0,100,38,0,0,1,0,0,0,"1",19,"Past Subsidy",9,"School Age",1,"Infant",-1,"No Child",-1,"No Child",-1,"No Child","High School or Some College",45,"White",0,2466,0,0,0,0,0
"65",3827411490120,102,"3827411490120102",5,2020,"52020",12481.881148,51,0,100,38,0,0,1,0,0,0,"1",19,"Past Subsidy",9,"School Age",1,"Infant",-1,"No Child",-1,"No Child",-1,"No Child","High School or Some College",45,"White",0,2466,0,0,0,0,0
"66",3827411490120,102,"3827411490120102",6,2020,"62020",12729.869312,51,0,100,38,0,0,1,0,0,0,"1",19,"Past Subsidy",9,"School Age",1,"Infant",-1,"No Child",-1,"No Child",-1,"No Child","High School or Some College",45,"White",0,3045,0,0,0,0,0
"67",3827411490120,102,"3827411490120102",7,2020,"72020",12776.88586,51,0,100,38,0,0,1,0,0,0,"1",19,"Past Subsidy",9,"School Age",1,"Infant",-1,"No Child",-1,"No Child",-1,"No Child","High School or Some College",45,"White",0,4639,0,0,0,0,0
"68",3827411490120,102,"3827411490120102",8,2020,"82020",12715.336053,51,0,100,38,0,0,1,0,0,0,"1",19,"Past Subsidy",9,"School Age",1,"Infant",-1,"No Child",-1,"No Child",-1,"No Child","High School or Some College",45,"White",0,4796,0,0,0,0,0
"69",3827411490120,102,"3827411490120102",9,2020,"92020",12661.193527,51,0,100,22.25,0,0,1,0,0,0,"1",19,"Past Subsidy",9,"School Age",1,"Infant",-1,"No Child",-1,"No Child",-1,"No Child","High School or Some College",45,"White",0,3957,0,0,0,0,0
"70",3827411490120,102,"3827411490120102",10,2020,"102020",13004.377893,51,0,100,17,0,0,1,0,0,0,"1",19,"Past Subsidy",9,"School Age",1,"Infant",-1,"No Child",-1,"No Child",-1,"No Child","High School or Some College",45,"White",0,3776,0,0,0,0,0
"71",3827411490120,102,"3827411490120102",11,2020,"112020",12968.908942,51,0,100,17,0,0,1,0,0,0,"1",19,"Past Subsidy",9,"School Age",1,"Infant",-1,"No Child",-1,"No Child",-1,"No Child","High School or Some College",45,"White",0,3776,0,0,0,0,0
"72",3827411490120,102,"3827411490120102",12,2020,"122020",13050.994895,51,0,100,17,0,0,1,0,0,0,"1",19,"Past Subsidy",9,"School Age",1,"Infant",-1,"No Child",-1,"No Child",-1,"No Child","High School or Some College",45,"White",0,3776,0,0,0,0,0
"73",3827428556118,101,"3827428556118101",1,2018,"12018",9001.7810984,51,0,0,0,1,1,0,0,0,0,"2",4,"Preschool",3,"Toddler",-1,"No Child",-1,"No Child",-1,"No Child",-1,"No Child","Bachelor’s Degree",29,"White",0,5379,0,1,0,0,0
"74",3827428556118,101,"3827428556118101",2,2018,"22018",8974.674107,51,0,0,0,1,1,0,0,0,0,"2",4,"Preschool",3,"Toddler",-1,"No Child",-1,"No Child",-1,"No Child",-1,"No Child","Bachelor’s Degree",29,"White",0,5379,0,1,0,0,0
"75",3827428556118,101,"3827428556118101",3,2018,"32018",9043.0692428,51,0,0,0,1,1,0,0,0,0,"2",4,"Preschool",3,"Toddler",-1,"No Child",-1,"No Child",-1,"No Child",-1,"No Child","Bachelor’s Degree",29,"White",0,5379,0,1,0,0,0
"76",3827428556118,101,"3827428556118101",4,2018,"42018",9064.5705643,51,0,0,0,1,1,0,0,0,0,"2",4,"Preschool",3,"Toddler",-1,"No Child",-1,"No Child",-1,"No Child",-1,"No Child","Bachelor’s Degree",29,"White",0,5379,0,1,0,0,0
"77",3827428556118,101,"3827428556118101",5,2018,"52018",9283.2127269,51,0,0,0,1,1,0,0,0,0,"2",4,"Preschool",3,"Toddler",-1,"No Child",-1,"No Child",-1,"No Child",-1,"No Child","Bachelor’s Degree",29,"White",0,5379,0,1,0,0,0
"78",3827428556118,101,"3827428556118101",6,2018,"62018",9220.7147041,51,0,0,0,1,1,0,0,0,0,"2",4,"Preschool",3,"Toddler",-1,"No Child",-1,"No Child",-1,"No Child",-1,"No Child","Bachelor’s Degree",29,"White",0,5379,0,1,0,0,0
"79",3827428556118,101,"3827428556118101",7,2018,"72018",9202.1977122,51,0,0,0,1,1,0,0,0,0,"2",4,"Preschool",3,"Toddler",-1,"No Child",-1,"No Child",-1,"No Child",-1,"No Child","Bachelor’s Degree",29,"White",0,5379,0,1,0,0,0
"80",3827428556118,101,"3827428556118101",8,2018,"82018",9195.4239162,51,0,0,0,1,1,0,0,0,0,"2",4,"Preschool",3,"Toddler",-1,"No Child",-1,"No Child",-1,"No Child",-1,"No Child","Bachelor’s Degree",29,"White",0,5379,0,1,0,0,0
"81",3827428556118,101,"3827428556118101",9,2018,"92018",9279.5245666,51,0,0,0,1,1,0,0,0,0,"2",4,"Preschool",3,"Toddler",-1,"No Child",-1,"No Child",-1,"No Child",-1,"No Child","Bachelor’s Degree",29,"White",0,5379,0,1,0,0,0
"82",3827428556118,101,"3827428556118101",10,2018,"102018",9394.1689788,51,0,0,0,1,1,0,0,0,0,"2",4,"Preschool",3,"Toddler",-1,"No Child",-1,"No Child",-1,"No Child",-1,"No Child","Bachelor’s Degree",29,"White",0,5379,0,1,0,0,0
"83",3827428556118,101,"3827428556118101",11,2018,"112018",9294.2873025,51,0,0,0,1,1,0,0,0,0,"2",4,"Preschool",3,"Toddler",-1,"No Child",-1,"No Child",-1,"No Child",-1,"No Child","Bachelor’s Degree",29,"White",0,5379,0,1,0,0,0
"84",3827428556118,101,"3827428556118101",12,2018,"122018",9443.6266819,51,0,0,0,1,1,0,0,0,0,"2",4,"Preschool",3,"Toddler",-1,"No Child",-1,"No Child",-1,"No Child",-1,"No Child","Bachelor’s Degree",29,"White",0,5379,0,1,0,0,0
"85",3827428556118,102,"3827428556118102",1,2018,"12018",9001.7810984,51,0,100,50,1,1,0,0,0,0,"2",4,"Preschool",3,"Toddler",-1,"No Child",-1,"No Child",-1,"No Child",-1,"No Child","High School or Some College",29,"White",0,5379,0,0,0,0,0
"86",3827428556118,102,"3827428556118102",2,2018,"22018",8974.674107,51,0,100,50,1,1,0,0,0,0,"2",4,"Preschool",3,"Toddler",-1,"No Child",-1,"No Child",-1,"No Child",-1,"No Child","High School or Some College",29,"White",0,5379,0,0,0,0,0
"87",3827428556118,102,"3827428556118102",3,2018,"32018",9043.0692428,51,0,100,50,1,1,0,0,0,0,"2",4,"Preschool",3,"Toddler",-1,"No Child",-1,"No Child",-1,"No Child",-1,"No Child","High School or Some College",29,"White",0,5379,0,0,0,0,0
"88",3827428556118,102,"3827428556118102",4,2018,"42018",9064.5705643,51,0,100,50,1,1,0,0,0,0,"2",4,"Preschool",3,"Toddler",-1,"No Child",-1,"No Child",-1,"No Child",-1,"No Child","High School or Some College",29,"White",0,5379,0,0,0,0,0
"89",3827428556118,102,"3827428556118102",5,2018,"52018",9283.2127269,51,0,100,50,1,1,0,0,0,0,"2",4,"Preschool",3,"Toddler",-1,"No Child",-1,"No Child",-1,"No Child",-1,"No Child","High School or Some College",29,"White",0,5379,0,0,0,0,0
"90",3827428556118,102,"3827428556118102",6,2018,"62018",9220.7147041,51,0,100,50,1,1,0,0,0,0,"2",4,"Preschool",3,"Toddler",-1,"No Child",-1,"No Child",-1,"No Child",-1,"No Child","High School or Some College",29,"White",0,5379,0,0,0,0,0
"91",3827428556118,102,"3827428556118102",7,2018,"72018",9202.1977122,51,0,100,50,1,1,0,0,0,0,"2",4,"Preschool",3,"Toddler",-1,"No Child",-1,"No Child",-1,"No Child",-1,"No Child","High School or Some College",29,"White",0,5379,0,0,0,0,0
"92",3827428556118,102,"3827428556118102",8,2018,"82018",9195.4239162,51,0,100,50,1,1,0,0,0,0,"2",4,"Preschool",3,"Toddler",-1,"No Child",-1,"No Child",-1,"No Child",-1,"No Child","High School or Some College",29,"White",0,5379,0,0,0,0,0
"93",3827428556118,102,"3827428556118102",9,2018,"92018",9279.5245666,51,0,100,50,1,1,0,0,0,0,"2",4,"Preschool",3,"Toddler",-1,"No Child",-1,"No Child",-1,"No Child",-1,"No Child","High School or Some College",29,"White",0,5379,0,0,0,0,0
"94",3827428556118,102,"3827428556118102",10,2018,"102018",9394.1689788,51,0,100,50,1,1,0,0,0,0,"2",4,"Preschool",3,"Toddler",-1,"No Child",-1,"No Child",-1,"No Child",-1,"No Child","High School or Some College",29,"White",0,5379,0,0,0,0,0
"95",3827428556118,102,"3827428556118102",11,2018,"112018",9294.2873025,51,0,100,50,1,1,0,0,0,0,"2",4,"Preschool",3,"Toddler",-1,"No Child",-1,"No Child",-1,"No Child",-1,"No Child","High School or Some College",29,"White",0,5379,0,0,0,0,0
"96",3827428556118,102,"3827428556118102",12,2018,"122018",9443.6266819,51,0,100,50,1,1,0,0,0,0,"2",4,"Preschool",3,"Toddler",-1,"No Child",-1,"No Child",-1,"No Child",-1,"No Child","High School or Some College",29,"White",0,5379,0,0,0,0,0
"97",3827440605118,103,"3827440605118103",1,2018,"12018",8968.1459574,51,0,100,0,1,0,0,0,0,0,"1",0,"Infant",-1,"No Child",-1,"No Child",-1,"No Child",-1,"No Child",-1,"No Child","High School or Some College",20,"Asian",0,0,0,0,1,0,0
"98",3827440605118,103,"3827440605118103",2,2018,"22018",8920.1345197,51,0,100,0,1,0,0,0,0,0,"1",0,"Infant",-1,"No Child",-1,"No Child",-1,"No Child",-1,"No Child",-1,"No Child","High School or Some College",20,"Asian",0,0,0,0,1,0,0
"99",3827440605118,103,"3827440605118103",3,2018,"32018",9105.0773458,51,0,100,0,1,0,0,0,0,0,"1",0,"Infant",-1,"No Child",-1,"No Child",-1,"No Child",-1,"No Child",-1,"No Child","High School or Some College",20,"Asian",0,0,0,0,1,0,0
"100",3827440605118,103,"3827440605118103",4,2018,"42018",9101.9331954,51,0,100,0,1,0,0,0,0,0,"1",0,"Infant",-1,"No Child",-1,"No Child",-1,"No Child",-1,"No Child",-1,"No Child","High School or Some College",20,"Asian",0,0,0,0,1,0,0
"101",3827440605118,103,"3827440605118103",5,2018,"52018",9263.3877824,51,0,100,0,1,0,0,0,0,0,"1",0,"Infant",-1,"No Child",-1,"No Child",-1,"No Child",-1,"No Child",-1,"No Child","High School or Some College",20,"Asian",0,0,0,0,1,0,0
"102",3827440605118,103,"3827440605118103",6,2018,"62018",9364.3267548,51,0,100,30,1,0,0,0,0,0,"1",0,"Infant",-1,"No Child",-1,"No Child",-1,"No Child",-1,"No Child",-1,"No Child","High School or Some College",20,"Asian",0,1215,0,0,1,0,0
"103",3827440605118,103,"3827440605118103",7,2018,"72018",9418.8183456,51,0,100,30,1,0,0,0,0,0,"1",0,"Infant",-1,"No Child",-1,"No Child",-1,"No Child",-1,"No Child",-1,"No Child","High School or Some College",20,"Asian",0,1215,0,0,1,0,0
"104",3827440605118,103,"3827440605118103",8,2018,"82018",9326.9992624,51,0,100,30,1,0,0,0,0,0,"1",0,"Infant",-1,"No Child",-1,"No Child",-1,"No Child",-1,"No Child",-1,"No Child","High School or Some College",20,"Asian",0,1215,0,0,1,0,0
"105",3827440605118,103,"3827440605118103",9,2018,"92018",9154.6892836,51,0,100,30,1,0,0,0,0,0,"1",0,"Infant",-1,"No Child",-1,"No Child",-1,"No Child",-1,"No Child",-1,"No Child","High School or Some College",20,"Asian",0,1215,0,0,1,0,0
"106",3827440605118,103,"3827440605118103",10,2018,"102018",9214.5017714,51,0,100,30,1,0,0,0,0,0,"1",0,"Infant",-1,"No Child",-1,"No Child",-1,"No Child",-1,"No Child",-1,"No Child","High School or Some College",20,"Asian",0,1215,0,0,1,0,0
"107",3827440605118,103,"3827440605118103",11,2018,"112018",9286.4525176,51,0,100,30,1,0,0,0,0,0,"1",0,"Infant",-1,"No Child",-1,"No Child",-1,"No Child",-1,"No Child",-1,"No Child","High School or Some College",20,"Asian",0,1215,0,0,1,0,0
"108",3827440605118,103,"3827440605118103",12,2018,"122018",9281.2766494,51,0,100,30,1,0,0,0,0,0,"1",0,"Infant",-1,"No Child",-1,"No Child",-1,"No Child",-1,"No Child",-1,"No Child","High School or Some College",20,"Asian",0,1215,0,0,1,0,0
"109",3827481655520,102,"3827481655520102",1,2020,"12020",4317.2746288,51,0,100,40,0,0,1,1,1,1,"3",9,"School Age",9,"School Age",4,"Preschool",4,"Preschool",2,"Toddler",2,"Toddler","High School or Some College",36,"Black",0,-1335,0,0,1,1,0
"110",3827481655520,102,"3827481655520102",2,2020,"22020",4297.5227127,51,0,100,40,0,0,1,1,1,1,"3",9,"School Age",9,"School Age",4,"Preschool",4,"Preschool",2,"Toddler",2,"Toddler","High School or Some College",36,"Black",0,-1335,0,0,1,1,0
"111",3827481655520,102,"3827481655520102",3,2020,"32020",4477.5733747,51,0,100,40,0,0,1,1,1,1,"3",9,"School Age",9,"School Age",4,"Preschool",4,"Preschool",2,"Toddler",2,"Toddler","High School or Some College",36,"Black",0,-1335,0,0,1,1,0
"112",3827481655520,102,"3827481655520102",4,2020,"42020",4383.8166715,51,0,100,40,0,0,1,1,1,1,"3",9,"School Age",9,"School Age",4,"Preschool",4,"Preschool",2,"Toddler",2,"Toddler","High School or Some College",36,"Black",0,-1335,0,0,1,1,0
"113",3827481655520,102,"3827481655520102",5,2020,"52020",4420.6363225,51,0,100,40,0,0,1,1,1,1,"3",9,"School Age",9,"School Age",4,"Preschool",4,"Preschool",2,"Toddler",2,"Toddler","High School or Some College",36,"Black",0,-1305,0,0,1,1,0
"114",3827481655520,102,"3827481655520102",6,2020,"62020",4490.2167721,51,0,100,40,0,0,1,1,1,1,"3",9,"School Age",9,"School Age",4,"Preschool",4,"Preschool",2,"Toddler",2,"Toddler","High School or Some College",36,"Black",0,-1187,0,0,1,1,0
"115",3827481655520,102,"3827481655520102",7,2020,"72020",4773.6332169,51,0,100,40,0,0,1,1,1,1,"3",9,"School Age",9,"School Age",4,"Preschool",4,"Preschool",2,"Toddler",2,"Toddler","High School or Some College",36,"Black",0,-1187,0,0,1,1,0
"116",3827481655520,102,"3827481655520102",8,2020,"82020",4788.8136274,51,0,100,40,0,0,1,1,1,1,"3",9,"School Age",9,"School Age",4,"Preschool",4,"Preschool",2,"Toddler",2,"Toddler","High School or Some College",36,"Black",0,-1187,0,0,1,1,0
"117",3827481655520,102,"3827481655520102",9,2020,"92020",4607.4986712,51,0,100,40,0,0,1,1,1,1,"3",9,"School Age",9,"School Age",4,"Preschool",4,"Preschool",2,"Toddler",2,"Toddler","High School or Some College",36,"Black",0,-1187,0,0,1,1,0
"118",3827481655520,102,"3827481655520102",10,2020,"102020",4709.7632646,51,0,100,40,0,0,1,1,1,1,"3",9,"School Age",9,"School Age",4,"Preschool",4,"Preschool",2,"Toddler",2,"Toddler","High School or Some College",36,"Black",0,-1187,0,0,1,1,0
"119",3827481655520,102,"3827481655520102",11,2020,"112020",4714.9421437,51,0,100,40,0,0,1,1,1,1,"3",9,"School Age",9,"School Age",4,"Preschool",4,"Preschool",2,"Toddler",2,"Toddler","High School or Some College",36,"Black",0,-1187,0,0,1,1,0
"120",3827481655520,102,"3827481655520102",12,2020,"122020",4789.0038982,51,0,100,40,0,0,1,1,1,1,"3",9,"School Age",9,"School Age",4,"Preschool",4,"Preschool",2,"Toddler",2,"Toddler","High School or Some College",36,"Black",0,-1187,0,0,1,1,0
"121",3828555518020,101,"3828555518020101",1,2020,"12020",5702.1085331,51,0,0,0,1,0,0,0,0,0,"1",1,"Infant",-1,"No Child",-1,"No Child",-1,"No Child",-1,"No Child",-1,"No Child","Bachelor’s Degree",40,"White",6,9895,0,1,0,0,0
"122",3828555518020,101,"3828555518020101",2,2020,"22020",5676.7908379,51,0,0,0,1,0,0,0,0,0,"1",1,"Infant",-1,"No Child",-1,"No Child",-1,"No Child",-1,"No Child",-1,"No Child","Bachelor’s Degree",40,"White",6,9895,0,1,0,0,0
"123",3828555518020,101,"3828555518020101",3,2020,"32020",5760.2136141,51,0,0,0,1,0,0,0,0,0,"1",1,"Infant",-1,"No Child",-1,"No Child",-1,"No Child",-1,"No Child",-1,"No Child","Bachelor’s Degree",40,"White",6,9895,0,1,0,0,0
"124",3828555518020,101,"3828555518020101",4,2020,"42020",5880.9963,51,0,0,0,1,0,0,0,0,0,"1",1,"Infant",-1,"No Child",-1,"No Child",-1,"No Child",-1,"No Child",-1,"No Child","Bachelor’s Degree",40,"White",6,9895,0,1,0,0,0
"125",3828555518020,101,"3828555518020101",5,2020,"52020",5984.7694434,51,0,0,0,1,0,0,0,0,0,"1",1,"Infant",-1,"No Child",-1,"No Child",-1,"No Child",-1,"No Child",-1,"No Child","Bachelor’s Degree",40,"White",6,9895,0,1,0,0,0
"126",3828555518020,101,"3828555518020101",6,2020,"62020",5929.1725599,51,0,0,0,1,0,0,0,0,0,"1",1,"Infant",-1,"No Child",-1,"No Child",-1,"No Child",-1,"No Child",-1,"No Child","Bachelor’s Degree",40,"White",6,9895,0,1,0,0,0
"127",3828555518020,101,"3828555518020101",7,2020,"72020",5895.6772084,51,0,0,0,1,0,0,0,0,0,"1",1,"Infant",-1,"No Child",-1,"No Child",-1,"No Child",-1,"No Child",-1,"No Child","Bachelor’s Degree",40,"White",6,9895,0,1,0,0,0
"128",3828555518020,101,"3828555518020101",8,2020,"82020",5964.38984,51,0,0,0,1,0,0,0,0,0,"1",1,"Infant",-1,"No Child",-1,"No Child",-1,"No Child",-1,"No Child",-1,"No Child","Bachelor’s Degree",40,"White",6,9895,0,1,0,0,0
"129",3828555518020,101,"3828555518020101",9,2020,"92020",5925.233713,51,0,0,0,1,0,0,0,0,0,"1",1,"Infant",-1,"No Child",-1,"No Child",-1,"No Child",-1,"No Child",-1,"No Child","Bachelor’s Degree",40,"White",6,52951,0,1,0,0,0
"130",3828555518020,101,"3828555518020101",10,2020,"102020",5904.0949971,51,0,0,0,1,0,0,0,0,0,"1",1,"Infant",-1,"No Child",-1,"No Child",-1,"No Child",-1,"No Child",-1,"No Child","Bachelor’s Degree",40,"White",6,10730,0,1,0,0,0
"131",3828555518020,101,"3828555518020101",11,2020,"112020",5954.2743869,51,0,0,0,1,0,0,0,0,0,"1",1,"Infant",-1,"No Child",-1,"No Child",-1,"No Child",-1,"No Child",-1,"No Child","Bachelor’s Degree",40,"White",6,10730,0,1,0,0,0
"132",3828555518020,101,"3828555518020101",12,2020,"122020",5626.6605673,51,0,0,0,1,0,0,0,0,0,"1",1,"Infant",-1,"No Child",-1,"No Child",-1,"No Child",-1,"No Child",-1,"No Child","Bachelor’s Degree",40,"White",6,10730,0,1,0,0,0
"133",3828555518020,102,"3828555518020102",1,2020,"12020",5702.1085331,51,0,100,40,1,0,0,0,0,0,"1",1,"Infant",-1,"No Child",-1,"No Child",-1,"No Child",-1,"No Child",-1,"No Child","Graduate or Professional Degree",46,"White",0,9895,0,0,0,0,0
"134",3828555518020,102,"3828555518020102",2,2020,"22020",5676.7908379,51,0,100,40,1,0,0,0,0,0,"1",1,"Infant",-1,"No Child",-1,"No Child",-1,"No Child",-1,"No Child",-1,"No Child","Graduate or Professional Degree",46,"White",0,9895,0,0,0,0,0
"135",3828555518020,102,"3828555518020102",3,2020,"32020",5760.2136141,51,0,100,40,1,0,0,0,0,0,"1",1,"Infant",-1,"No Child",-1,"No Child",-1,"No Child",-1,"No Child",-1,"No Child","Graduate or Professional Degree",46,"White",0,9895,0,0,0,0,0
"136",3828555518020,102,"3828555518020102",4,2020,"42020",5880.9963,51,0,100,40,1,0,0,0,0,0,"1",1,"Infant",-1,"No Child",-1,"No Child",-1,"No Child",-1,"No Child",-1,"No Child","Graduate or Professional Degree",46,"White",0,9895,0,0,0,0,0
"137",3828555518020,102,"3828555518020102",5,2020,"52020",5984.7694434,51,0,100,40,1,0,0,0,0,0,"1",1,"Infant",-1,"No Child",-1,"No Child",-1,"No Child",-1,"No Child",-1,"No Child","Graduate or Professional Degree",46,"White",0,9895,0,0,0,0,0
"138",3828555518020,102,"3828555518020102",6,2020,"62020",5929.1725599,51,0,100,40,1,0,0,0,0,0,"1",1,"Infant",-1,"No Child",-1,"No Child",-1,"No Child",-1,"No Child",-1,"No Child","Graduate or Professional Degree",46,"White",0,9895,0,0,0,0,0
"139",3828555518020,102,"3828555518020102",7,2020,"72020",5895.6772084,51,0,100,40,1,0,0,0,0,0,"1",1,"Infant",-1,"No Child",-1,"No Child",-1,"No Child",-1,"No Child",-1,"No Child","Graduate or Professional Degree",46,"White",0,9895,0,0,0,0,0
"140",3828555518020,102,"3828555518020102",8,2020,"82020",5964.38984,51,0,100,40,1,0,0,0,0,0,"1",1,"Infant",-1,"No Child",-1,"No Child",-1,"No Child",-1,"No Child",-1,"No Child","Graduate or Professional Degree",46,"White",0,9895,0,0,0,0,0
"141",3828555518020,102,"3828555518020102",9,2020,"92020",5925.233713,51,0,100,40,1,0,0,0,0,0,"1",1,"Infant",-1,"No Child",-1,"No Child",-1,"No Child",-1,"No Child",-1,"No Child","Graduate or Professional Degree",46,"White",0,52951,0,0,0,0,0
"142",3828555518020,102,"3828555518020102",10,2020,"102020",5904.0949971,51,0,100,40,1,0,0,0,0,0,"1",1,"Infant",-1,"No Child",-1,"No Child",-1,"No Child",-1,"No Child",-1,"No Child","Graduate or Professional Degree",46,"White",0,10730,0,0,0,0,0
"143",3828555518020,102,"3828555518020102",11,2020,"112020",5954.2743869,51,0,100,40,1,0,0,0,0,0,"1",1,"Infant",-1,"No Child",-1,"No Child",-1,"No Child",-1,"No Child",-1,"No Child","Graduate or Professional Degree",46,"White",0,10730,0,0,0,0,0
"144",3828555518020,102,"3828555518020102",12,2020,"122020",5626.6605673,51,0,100,40,1,0,0,0,0,0,"1",1,"Infant",-1,"No Child",-1,"No Child",-1,"No Child",-1,"No Child",-1,"No Child","Graduate or Professional Degree",46,"White",0,10730,0,0,0,0,0
"145",3828559759120,101,"3828559759120101",1,2020,"12020",11768.174809,51,0,100,45,1,0,0,0,0,0,"1",1,"Infant",-1,"No Child",-1,"No Child",-1,"No Child",-1,"No Child",-1,"No Child","Graduate or Professional Degree",44,"White",0,10067,0,0,0,0,0
"146",3828559759120,101,"3828559759120101",2,2020,"22020",11610.077377,51,0,100,45,1,0,0,0,0,0,"1",1,"Infant",-1,"No Child",-1,"No Child",-1,"No Child",-1,"No Child",-1,"No Child","Graduate or Professional Degree",44,"White",0,10067,0,0,0,0,0
"147",3828559759120,101,"3828559759120101",3,2020,"32020",11792.788101,51,0,100,45,1,0,0,0,0,0,"1",1,"Infant",-1,"No Child",-1,"No Child",-1,"No Child",-1,"No Child",-1,"No Child","Graduate or Professional Degree",44,"White",0,10067,0,0,0,0,0
"148",3828559759120,101,"3828559759120101",4,2020,"42020",11842.373152,51,0,100,45,1,0,0,0,0,0,"1",1,"Infant",-1,"No Child",-1,"No Child",-1,"No Child",-1,"No Child",-1,"No Child","Graduate or Professional Degree",44,"White",0,10067,0,0,0,0,0
"149",3828559759120,101,"3828559759120101",5,2020,"52020",12015.584632,51,0,100,45,1,0,0,0,0,0,"1",1,"Infant",-1,"No Child",-1,"No Child",-1,"No Child",-1,"No Child",-1,"No Child","Graduate or Professional Degree",44,"White",0,10067,0,0,0,0,0
"150",3828559759120,101,"3828559759120101",6,2020,"62020",11931.311169,51,0,100,45,1,0,0,0,0,0,"1",1,"Infant",-1,"No Child",-1,"No Child",-1,"No Child",-1,"No Child",-1,"No Child","Graduate or Professional Degree",44,"White",0,10067,0,0,0,0,0
"151",3828559759120,101,"3828559759120101",7,2020,"72020",11788.336877,51,0,100,45,1,0,0,0,0,0,"1",1,"Infant",-1,"No Child",-1,"No Child",-1,"No Child",-1,"No Child",-1,"No Child","Graduate or Professional Degree",44,"White",0,10067,0,0,0,0,0
"152",3828559759120,101,"3828559759120101",8,2020,"82020",11624.827878,51,0,100,45,1,0,0,0,0,0,"1",1,"Infant",-1,"No Child",-1,"No Child",-1,"No Child",-1,"No Child",-1,"No Child","Graduate or Professional Degree",44,"White",0,10067,0,0,0,0,0
"153",3828559759120,101,"3828559759120101",9,2020,"92020",11405.464929,51,0,100,45,1,0,0,0,0,0,"1",1,"Infant",-1,"No Child",-1,"No Child",-1,"No Child",-1,"No Child",-1,"No Child","Graduate or Professional Degree",44,"White",0,10067,0,0,0,0,0
"154",3828559759120,101,"3828559759120101",10,2020,"102020",11429.641151,51,0,100,45,1,0,0,0,0,0,"1",1,"Infant",-1,"No Child",-1,"No Child",-1,"No Child",-1,"No Child",-1,"No Child","Graduate or Professional Degree",44,"White",0,10067,0,0,0,0,0
"155",3828559759120,101,"3828559759120101",11,2020,"112020",11497.693955,51,0,100,45,1,0,0,0,0,0,"1",1,"Infant",-1,"No Child",-1,"No Child",-1,"No Child",-1,"No Child",-1,"No Child","Graduate or Professional Degree",44,"White",0,10067,0,0,0,0,0
"156",3828559759120,101,"3828559759120101",12,2020,"122020",11639.161268,51,0,100,45,1,0,0,0,0,0,"1",1,"Infant",-1,"No Child",-1,"No Child",-1,"No Child",-1,"No Child",-1,"No Child","Graduate or Professional Degree",44,"White",0,10067,0,0,0,0,0
"157",3828559759120,102,"3828559759120102",1,2020,"12020",11768.174809,51,0,100,32,1,0,0,0,0,0,"1",1,"Infant",-1,"No Child",-1,"No Child",-1,"No Child",-1,"No Child",-1,"No Child","Graduate or Professional Degree",38,"Asian",0,10067,0,1,0,0,0
"158",3828559759120,102,"3828559759120102",2,2020,"22020",11610.077377,51,0,100,32,1,0,0,0,0,0,"1",1,"Infant",-1,"No Child",-1,"No Child",-1,"No Child",-1,"No Child",-1,"No Child","Graduate or Professional Degree",38,"Asian",0,10067,0,1,0,0,0
"159",3828559759120,102,"3828559759120102",3,2020,"32020",11792.788101,51,0,100,32,1,0,0,0,0,0,"1",1,"Infant",-1,"No Child",-1,"No Child",-1,"No Child",-1,"No Child",-1,"No Child","Graduate or Professional Degree",38,"Asian",0,10067,0,1,0,0,0
"160",3828559759120,102,"3828559759120102",4,2020,"42020",11842.373152,51,0,100,32,1,0,0,0,0,0,"1",1,"Infant",-1,"No Child",-1,"No Child",-1,"No Child",-1,"No Child",-1,"No Child","Graduate or Professional Degree",38,"Asian",0,10067,0,1,0,0,0
"161",3828559759120,102,"3828559759120102",5,2020,"52020",12015.584632,51,0,100,32,1,0,0,0,0,0,"1",1,"Infant",-1,"No Child",-1,"No Child",-1,"No Child",-1,"No Child",-1,"No Child","Graduate or Professional Degree",38,"Asian",0,10067,0,1,0,0,0
"162",3828559759120,102,"3828559759120102",6,2020,"62020",11931.311169,51,0,100,32,1,0,0,0,0,0,"1",1,"Infant",-1,"No Child",-1,"No Child",-1,"No Child",-1,"No Child",-1,"No Child","Graduate or Professional Degree",38,"Asian",0,10067,0,1,0,0,0
"163",3828559759120,102,"3828559759120102",7,2020,"72020",11788.336877,51,0,100,32,1,0,0,0,0,0,"1",1,"Infant",-1,"No Child",-1,"No Child",-1,"No Child",-1,"No Child",-1,"No Child","Graduate or Professional Degree",38,"Asian",0,10067,0,1,0,0,0
"164",3828559759120,102,"3828559759120102",8,2020,"82020",11624.827878,51,0,100,32,1,0,0,0,0,0,"1",1,"Infant",-1,"No Child",-1,"No Child",-1,"No Child",-1,"No Child",-1,"No Child","Graduate or Professional Degree",38,"Asian",0,10067,0,1,0,0,0
"165",3828559759120,102,"3828559759120102",9,2020,"92020",11405.464929,51,0,100,32,1,0,0,0,0,0,"1",1,"Infant",-1,"No Child",-1,"No Child",-1,"No Child",-1,"No Child",-1,"No Child","Graduate or Professional Degree",38,"Asian",0,10067,0,1,0,0,0
"166",3828559759120,102,"3828559759120102",10,2020,"102020",11429.641151,51,0,100,32,1,0,0,0,0,0,"1",1,"Infant",-1,"No Child",-1,"No Child",-1,"No Child",-1,"No Child",-1,"No Child","Graduate or Professional Degree",38,"Asian",0,10067,0,1,0,0,0
"167",3828559759120,102,"3828559759120102",11,2020,"112020",11497.693955,51,0,100,32,1,0,0,0,0,0,"1",1,"Infant",-1,"No Child",-1,"No Child",-1,"No Child",-1,"No Child",-1,"No Child","Graduate or Professional Degree",38,"Asian",0,10067,0,1,0,0,0
"168",3828559759120,102,"3828559759120102",12,2020,"122020",11639.161268,51,0,100,32,1,0,0,0,0,0,"1",1,"Infant",-1,"No Child",-1,"No Child",-1,"No Child",-1,"No Child",-1,"No Child","Graduate or Professional Degree",38,"Asian",0,10067,0,1,0,0,0
"169",3828584981418,101,"3828584981418101",1,2018,"12018",13084.152212,51,0,100,0,1,1,0,0,0,0,"2",3,"Toddler",0,"Infant",-1,"No Child",-1,"No Child",-1,"No Child",-1,"No Child","High School or Some College",29,"Black",0,4460,0,1,1,0,0
"170",3828584981418,101,"3828584981418101",2,2018,"22018",12947.936508,51,0,100,0,1,1,0,0,0,0,"2",3,"Toddler",0,"Infant",-1,"No Child",-1,"No Child",-1,"No Child",-1,"No Child","High School or Some College",29,"Black",0,4460,0,1,1,0,0
"171",3828584981418,101,"3828584981418101",3,2018,"32018",13625.762403,51,0,100,0,1,1,0,0,0,0,"2",3,"Toddler",0,"Infant",-1,"No Child",-1,"No Child",-1,"No Child",-1,"No Child","High School or Some College",29,"Black",0,4583,0,1,1,0,0
"172",3828584981418,101,"3828584981418101",4,2018,"42018",14034.428576,51,0,100,0,1,1,0,0,0,0,"2",3,"Toddler",0,"Infant",-1,"No Child",-1,"No Child",-1,"No Child",-1,"No Child","High School or Some College",29,"Black",0,1049,0,1,1,0,0
"173",3828584981418,101,"3828584981418101",5,2018,"52018",14383.849068,51,0,100,0,1,1,0,0,0,0,"2",3,"Toddler",0,"Infant",-1,"No Child",-1,"No Child",-1,"No Child",-1,"No Child","High School or Some College",29,"Black",0,1049,0,1,1,0,0
"174",3828584981418,101,"3828584981418101",6,2018,"62018",14528.352067,51,0,100,0,1,1,0,0,0,0,"2",3,"Toddler",0,"Infant",-1,"No Child",-1,"No Child",-1,"No Child",-1,"No Child","High School or Some College",29,"Black",0,1049,0,1,1,0,0
"175",3828584981418,101,"3828584981418101",7,2018,"72018",14638.983268,51,0,100,0,1,1,0,0,0,0,"2",3,"Toddler",0,"Infant",-1,"No Child",-1,"No Child",-1,"No Child",-1,"No Child","High School or Some College",29,"Black",0,1049,0,1,1,0,0
"176",3828584981418,101,"3828584981418101",8,2018,"82018",14666.043468,51,0,100,0,1,1,0,0,0,0,"2",3,"Toddler",0,"Infant",-1,"No Child",-1,"No Child",-1,"No Child",-1,"No Child","High School or Some College",29,"Black",0,1049,0,1,1,0,0
"177",3828584981418,101,"3828584981418101",9,2018,"92018",14647.167003,51,0,100,0,1,1,0,0,0,0,"2",3,"Toddler",0,"Infant",-1,"No Child",-1,"No Child",-1,"No Child",-1,"No Child","High School or Some College",29,"Black",0,1049,0,1,1,0,0
"178",3828584981418,101,"3828584981418101",10,2018,"102018",14768.694166,51,0,100,10,1,1,0,0,0,0,"2",3,"Toddler",0,"Infant",-1,"No Child",-1,"No Child",-1,"No Child",-1,"No Child","High School or Some College",29,"Black",0,1524,0,1,1,0,0
"179",3828584981418,101,"3828584981418101",11,2018,"112018",14592.308927,51,0,100,25,1,1,0,0,0,0,"2",3,"Toddler",0,"Infant",-1,"No Child",-1,"No Child",-1,"No Child",-1,"No Child","High School or Some College",29,"Black",0,2277,0,1,1,0,0
"180",3828584981418,101,"3828584981418101",12,2018,"122018",14720.292696,51,0,100,25,1,1,0,0,0,0,"2",3,"Toddler",0,"Infant",-1,"No Child",-1,"No Child",-1,"No Child",-1,"No Child","High School or Some College",29,"Black",0,2277,0,1,1,0,0
"181",3828584988220,101,"3828584988220101",1,2020,"12020",5835.2616741,51,0,100,40,1,0,0,0,0,0,"1",2,"Toddler",-1,"No Child",-1,"No Child",-1,"No Child",-1,"No Child",-1,"No Child","Bachelor’s Degree",30,"Asian",62,13203,0,1,0,0,0
"182",3828584988220,101,"3828584988220101",2,2020,"22020",5849.0687518,51,0,100,40,1,0,0,0,0,0,"1",2,"Toddler",-1,"No Child",-1,"No Child",-1,"No Child",-1,"No Child",-1,"No Child","Bachelor’s Degree",30,"Asian",62,13203,0,1,0,0,0
"183",3828584988220,101,"3828584988220101",3,2020,"32020",5871.8849555,51,0,100,40,1,0,0,0,0,0,"1",2,"Toddler",-1,"No Child",-1,"No Child",-1,"No Child",-1,"No Child",-1,"No Child","Bachelor’s Degree",30,"Asian",62,13203,0,1,0,0,0
"184",3828584988220,101,"3828584988220101",4,2020,"42020",5913.6281719,51,0,100,40,1,0,0,0,0,0,"1",2,"Toddler",-1,"No Child",-1,"No Child",-1,"No Child",-1,"No Child",-1,"No Child","Bachelor’s Degree",30,"Asian",62,13203,0,1,0,0,0
"185",3828584988220,101,"3828584988220101",5,2020,"52020",6041.2186474,51,0,100,40,1,0,0,0,0,0,"1",2,"Toddler",-1,"No Child",-1,"No Child",-1,"No Child",-1,"No Child",-1,"No Child","Bachelor’s Degree",30,"Asian",62,13203,0,1,0,0,0
"186",3828584988220,101,"3828584988220101",6,2020,"62020",5975.9378419,51,0,100,40,1,0,0,0,0,0,"1",2,"Toddler",-1,"No Child",-1,"No Child",-1,"No Child",-1,"No Child",-1,"No Child","Bachelor’s Degree",30,"Asian",62,13203,0,1,0,0,0
"187",3828584988220,101,"3828584988220101",7,2020,"72020",5924.5573683,51,0,100,40,1,0,0,0,0,0,"1",2,"Toddler",-1,"No Child",-1,"No Child",-1,"No Child",-1,"No Child",-1,"No Child","Bachelor’s Degree",30,"Asian",62,13203,0,1,0,0,0
"188",3828584988220,101,"3828584988220101",8,2020,"82020",5902.7866384,51,0,100,40,1,0,0,0,0,0,"1",2,"Toddler",-1,"No Child",-1,"No Child",-1,"No Child",-1,"No Child",-1,"No Child","Bachelor’s Degree",30,"Asian",62,13315,0,1,0,0,0
"189",3828584988220,101,"3828584988220101",9,2020,"92020",5999.9646866,51,0,100,40,1,0,0,0,0,0,"1",2,"Toddler",-1,"No Child",-1,"No Child",-1,"No Child",-1,"No Child",-1,"No Child","Bachelor’s Degree",30,"Asian",62,13696,0,1,0,0,0
"190",3828584988220,101,"3828584988220101",10,2020,"102020",6078.6331879,51,0,100,40,1,0,0,0,0,0,"1",2,"Toddler",-1,"No Child",-1,"No Child",-1,"No Child",-1,"No Child",-1,"No Child","Bachelor’s Degree",30,"Asian",62,13696,0,1,0,0,0
"191",3828584988220,101,"3828584988220101",11,2020,"112020",6014.5876121,51,0,100,40,1,0,0,0,0,0,"1",2,"Toddler",-1,"No Child",-1,"No Child",-1,"No Child",-1,"No Child",-1,"No Child","Bachelor’s Degree",30,"Asian",62,13696,0,1,0,0,0
"192",3828584988220,101,"3828584988220101",12,2020,"122020",6035.2847867,51,0,100,40,1,0,0,0,0,0,"1",2,"Toddler",-1,"No Child",-1,"No Child",-1,"No Child",-1,"No Child",-1,"No Child","Bachelor’s Degree",30,"Asian",62,13696,0,1,0,0,0
"193",3828584988220,102,"3828584988220102",1,2020,"12020",5835.2616741,51,0,100,40,1,0,0,0,0,0,"1",2,"Toddler",-1,"No Child",-1,"No Child",-1,"No Child",-1,"No Child",-1,"No Child","Bachelor’s Degree",29,"White",0,13203,0,0,0,0,0
"194",3828584988220,102,"3828584988220102",2,2020,"22020",5849.0687518,51,0,100,40,1,0,0,0,0,0,"1",2,"Toddler",-1,"No Child",-1,"No Child",-1,"No Child",-1,"No Child",-1,"No Child","Bachelor’s Degree",29,"White",0,13203,0,0,0,0,0
"195",3828584988220,102,"3828584988220102",3,2020,"32020",5871.8849555,51,0,100,40,1,0,0,0,0,0,"1",2,"Toddler",-1,"No Child",-1,"No Child",-1,"No Child",-1,"No Child",-1,"No Child","Bachelor’s Degree",29,"White",0,13203,0,0,0,0,0
"196",3828584988220,102,"3828584988220102",4,2020,"42020",5913.6281719,51,0,100,40,1,0,0,0,0,0,"1",2,"Toddler",-1,"No Child",-1,"No Child",-1,"No Child",-1,"No Child",-1,"No Child","Bachelor’s Degree",29,"White",0,13203,0,0,0,0,0
"197",3828584988220,102,"3828584988220102",5,2020,"52020",6041.2186474,51,0,100,40,1,0,0,0,0,0,"1",2,"Toddler",-1,"No Child",-1,"No Child",-1,"No Child",-1,"No Child",-1,"No Child","Bachelor’s Degree",29,"White",0,13203,0,0,0,0,0
"198",3828584988220,102,"3828584988220102",6,2020,"62020",5975.9378419,51,0,100,40,1,0,0,0,0,0,"1",2,"Toddler",-1,"No Child",-1,"No Child",-1,"No Child",-1,"No Child",-1,"No Child","Bachelor’s Degree",29,"White",0,13203,0,0,0,0,0
"199",3828584988220,102,"3828584988220102",7,2020,"72020",5924.5573683,51,0,100,40,1,0,0,0,0,0,"1",2,"Toddler",-1,"No Child",-1,"No Child",-1,"No Child",-1,"No Child",-1,"No Child","Bachelor’s Degree",29,"White",0,13203,0,0,0,0,0
"200",3828584988220,102,"3828584988220102",8,2020,"82020",5902.7866384,51,0,100,40,1,0,0,0,0,0,"1",2,"Toddler",-1,"No Child",-1,"No Child",-1,"No Child",-1,"No Child",-1,"No Child","Bachelor’s Degree",29,"White",0,13315,0,0,0,0,0
"201",3828584988220,102,"3828584988220102",9,2020,"92020",5999.9646866,51,0,100,40,1,0,0,0,0,0,"1",2,"Toddler",-1,"No Child",-1,"No Child",-1,"No Child",-1,"No Child",-1,"No Child","Bachelor’s Degree",29,"White",0,13696,0,0,0,0,0
"202",3828584988220,102,"3828584988220102",10,2020,"102020",6078.6331879,51,0,100,40,1,0,0,0,0,0,"1",2,"Toddler",-1,"No Child",-1,"No Child",-1,"No Child",-1,"No Child",-1,"No Child","Bachelor’s Degree",29,"White",0,13696,0,0,0,0,0
"203",3828584988220,102,"3828584988220102",11,2020,"112020",6014.5876121,51,0,100,40,1,0,0,0,0,0,"1",2,"Toddler",-1,"No Child",-1,"No Child",-1,"No Child",-1,"No Child",-1,"No Child","Bachelor’s Degree",29,"White",0,13696,0,0,0,0,0
"204",3828584988220,102,"3828584988220102",12,2020,"122020",6035.2847867,51,0,100,40,1,0,0,0,0,0,"1",2,"Toddler",-1,"No Child",-1,"No Child",-1,"No Child",-1,"No Child",-1,"No Child","Bachelor’s Degree",29,"White",0,13696,0,0,0,0,0
"205",3841803718018,101,"3841803718018101",1,2018,"12018",7719.8209844,51,0,100,40,0,1,0,0,0,0,"1",6,"School Age",4,"Preschool",-1,"No Child",-1,"No Child",-1,"No Child",-1,"No Child","High School or Some College",36,"White",0,5514,0,1,1,0,0
"206",3841803718018,101,"3841803718018101",2,2018,"22018",7677.5015603,51,0,100,40,0,1,0,0,0,0,"1",6,"School Age",4,"Preschool",-1,"No Child",-1,"No Child",-1,"No Child",-1,"No Child","High School or Some College",36,"White",0,5514,0,1,1,0,0
"207",3841803718018,101,"3841803718018101",3,2018,"32018",7780.1871387,51,0,100,40,0,1,0,0,0,0,"1",6,"School Age",4,"Preschool",-1,"No Child",-1,"No Child",-1,"No Child",-1,"No Child","High School or Some College",36,"White",0,5514,0,1,1,0,0
"208",3841803718018,101,"3841803718018101",4,2018,"42018",7918.6087624,51,0,100,40,0,1,0,0,0,0,"1",6,"School Age",4,"Preschool",-1,"No Child",-1,"No Child",-1,"No Child",-1,"No Child","High School or Some College",36,"White",0,5514,0,1,1,0,0
"209",3841803718018,101,"3841803718018101",5,2018,"52018",8296.4578612,51,0,100,40,0,1,0,0,0,0,"1",6,"School Age",4,"Preschool",-1,"No Child",-1,"No Child",-1,"No Child",-1,"No Child","High School or Some College",36,"White",0,5514,0,1,1,0,0
"210",3841803718018,101,"3841803718018101",6,2018,"62018",8290.1711247,51,0,100,40,0,1,0,0,0,0,"1",6,"School Age",4,"Preschool",-1,"No Child",-1,"No Child",-1,"No Child",-1,"No Child","High School or Some College",36,"White",0,5514,0,1,1,0,0
"211",3841803718018,101,"3841803718018101",7,2018,"72018",8080.0180418,51,0,100,40,0,1,0,0,0,0,"1",6,"School Age",4,"Preschool",-1,"No Child",-1,"No Child",-1,"No Child",-1,"No Child","High School or Some College",36,"White",0,5514,0,1,1,0,0
"212",3841803718018,101,"3841803718018101",8,2018,"82018",8114.1350401,51,0,100,40,0,1,0,0,0,0,"1",6,"School Age",4,"Preschool",-1,"No Child",-1,"No Child",-1,"No Child",-1,"No Child","High School or Some College",36,"White",0,5514,0,1,1,0,0
"213",3841803718018,101,"3841803718018101",9,2018,"92018",8021.4920952,51,0,100,40,0,1,0,0,0,0,"1",6,"School Age",4,"Preschool",-1,"No Child",-1,"No Child",-1,"No Child",-1,"No Child","High School or Some College",36,"White",0,5514,0,1,1,0,0
"214",3841803718018,101,"3841803718018101",10,2018,"102018",8059.8423506,51,0,100,40,0,1,0,0,0,0,"1",6,"School Age",4,"Preschool",-1,"No Child",-1,"No Child",-1,"No Child",-1,"No Child","High School or Some College",36,"White",0,5514,0,1,1,0,0
"215",3841803718018,101,"3841803718018101",11,2018,"112018",8113.7168704,51,0,100,40,0,1,0,0,0,0,"1",6,"School Age",4,"Preschool",-1,"No Child",-1,"No Child",-1,"No Child",-1,"No Child","High School or Some College",36,"White",0,5514,0,1,1,0,0
"216",3841803718018,101,"3841803718018101",12,2018,"122018",8265.0499344,51,0,100,40,0,1,0,0,0,0,"1",6,"School Age",4,"Preschool",-1,"No Child",-1,"No Child",-1,"No Child",-1,"No Child","High School or Some College",36,"White",0,5514,0,1,1,0,0
"217",3841804394820,101,"3841804394820101",1,2020,"12020",8378.0361929,51,0,100,44,0,0,0,0,1,0,"1",22,"Past Subsidy",20,"Past Subsidy",16,"Past Subsidy",7,"School Age",4,"Preschool",-1,"No Child","No High School Diploma",46,"White",0,8100,0,0,0,0,0
"218",3841804394820,101,"3841804394820101",2,2020,"22020",8350.3493895,51,0,100,44,0,0,0,0,1,0,"1",22,"Past Subsidy",20,"Past Subsidy",16,"Past Subsidy",7,"School Age",4,"Preschool",-1,"No Child","No High School Diploma",46,"White",0,8100,0,0,0,0,0
"219",3841804394820,101,"3841804394820101",3,2020,"32020",8413.0801913,51,0,100,44,0,0,0,0,1,0,"1",22,"Past Subsidy",20,"Past Subsidy",16,"Past Subsidy",7,"School Age",4,"Preschool",-1,"No Child","No High School Diploma",46,"White",0,8100,0,0,0,0,0
"220",3841804394820,101,"3841804394820101",4,2020,"42020",8529.3677261,51,0,100,44,0,0,0,0,1,0,"1",22,"Past Subsidy",20,"Past Subsidy",16,"Past Subsidy",7,"School Age",4,"Preschool",-1,"No Child","No High School Diploma",46,"White",0,8100,0,0,0,0,0
"221",3841804394820,101,"3841804394820101",5,2020,"52020",8619.5012508,51,0,100,44,0,0,0,0,1,0,"1",22,"Past Subsidy",20,"Past Subsidy",16,"Past Subsidy",7,"School Age",4,"Preschool",-1,"No Child","No High School Diploma",46,"White",0,8100,0,0,0,0,0
"222",3841804394820,101,"3841804394820101",6,2020,"62020",8353.3839273,51,0,100,44,0,0,0,0,1,0,"1",22,"Past Subsidy",20,"Past Subsidy",16,"Past Subsidy",7,"School Age",4,"Preschool",-1,"No Child","No High School Diploma",46,"White",0,8100,0,0,0,0,0
"223",3841804394820,101,"3841804394820101",7,2020,"72020",8373.5051075,51,0,100,44,0,0,0,0,1,0,"1",22,"Past Subsidy",20,"Past Subsidy",16,"Past Subsidy",7,"School Age",4,"Preschool",-1,"No Child","No High School Diploma",46,"White",0,8100,0,0,0,0,0
"224",3841804394820,101,"3841804394820101",8,2020,"82020",8459.1266094,51,0,100,44,0,0,0,0,1,0,"1",22,"Past Subsidy",20,"Past Subsidy",16,"Past Subsidy",7,"School Age",4,"Preschool",-1,"No Child","No High School Diploma",46,"White",0,8100,0,0,0,0,0
"225",3841804394820,101,"3841804394820101",9,2020,"92020",8425.0435518,51,0,100,44,0,0,0,0,1,0,"1",22,"Past Subsidy",20,"Past Subsidy",16,"Past Subsidy",7,"School Age",4,"Preschool",-1,"No Child","No High School Diploma",46,"White",0,8380,0,0,0,0,0
"226",3841804394820,101,"3841804394820101",10,2020,"102020",8428.8032243,51,0,100,44,0,0,0,0,1,0,"1",22,"Past Subsidy",20,"Past Subsidy",16,"Past Subsidy",7,"School Age",4,"Preschool",-1,"No Child","No High School Diploma",46,"White",0,8159,0,0,0,0,0
"227",3841804394820,101,"3841804394820101",11,2020,"112020",8459.4272227,51,0,100,44,0,0,0,0,1,0,"1",22,"Past Subsidy",20,"Past Subsidy",16,"Past Subsidy",7,"School Age",4,"Preschool",-1,"No Child","No High School Diploma",46,"White",0,8100,0,0,0,0,0
"228",3841804394820,101,"3841804394820101",12,2020,"122020",8416.9170409,51,0,100,44,0,0,0,0,1,0,"1",22,"Past Subsidy",20,"Past Subsidy",16,"Past Subsidy",7,"School Age",4,"Preschool",-1,"No Child","No High School Diploma",46,"White",0,8100,0,0,0,0,0
"229",3841804394820,102,"3841804394820102",1,2020,"12020",8378.0361929,51,0,100,40,0,0,1,0,0,0,"1",18,"Past Subsidy",7,"School Age",4,"Preschool",-1,"No Child",-1,"No Child",-1,"No Child","Bachelor’s Degree",42,"White",0,8100,0,1,0,0,0
"230",3841804394820,102,"3841804394820102",2,2020,"22020",8350.3493895,51,0,100,40,0,0,1,0,0,0,"1",18,"Past Subsidy",7,"School Age",4,"Preschool",-1,"No Child",-1,"No Child",-1,"No Child","Bachelor’s Degree",42,"White",0,8100,0,1,0,0,0
"231",3841804394820,102,"3841804394820102",3,2020,"32020",8413.0801913,51,0,100,40,0,0,1,0,0,0,"1",18,"Past Subsidy",7,"School Age",4,"Preschool",-1,"No Child",-1,"No Child",-1,"No Child","Bachelor’s Degree",42,"White",0,8100,0,1,0,0,0
"232",3841804394820,102,"3841804394820102",4,2020,"42020",8529.3677261,51,0,100,40,0,0,1,0,0,0,"1",18,"Past Subsidy",7,"School Age",4,"Preschool",-1,"No Child",-1,"No Child",-1,"No Child","Bachelor’s Degree",42,"White",0,8100,0,1,0,0,0
"233",3841804394820,102,"3841804394820102",5,2020,"52020",8619.5012508,51,0,100,40,0,0,1,0,0,0,"1",18,"Past Subsidy",7,"School Age",4,"Preschool",-1,"No Child",-1,"No Child",-1,"No Child","Bachelor’s Degree",42,"White",0,8100,0,1,0,0,0
"234",3841804394820,102,"3841804394820102",6,2020,"62020",8353.3839273,51,0,100,40,0,0,1,0,0,0,"1",18,"Past Subsidy",7,"School Age",4,"Preschool",-1,"No Child",-1,"No Child",-1,"No Child","Bachelor’s Degree",42,"White",0,8100,0,1,0,0,0
"235",3841804394820,102,"3841804394820102",7,2020,"72020",8373.5051075,51,0,100,40,0,0,1,0,0,0,"1",18,"Past Subsidy",7,"School Age",4,"Preschool",-1,"No Child",-1,"No Child",-1,"No Child","Bachelor’s Degree",42,"White",0,8100,0,1,0,0,0
"236",3841804394820,102,"3841804394820102",8,2020,"82020",8459.1266094,51,0,100,40,0,0,1,0,0,0,"1",18,"Past Subsidy",7,"School Age",4,"Preschool",-1,"No Child",-1,"No Child",-1,"No Child","Bachelor’s Degree",42,"White",0,8100,0,1,0,0,0
"237",3841804394820,102,"3841804394820102",9,2020,"92020",8425.0435518,51,0,100,40,0,0,1,0,0,0,"1",18,"Past Subsidy",7,"School Age",4,"Preschool",-1,"No Child",-1,"No Child",-1,"No Child","Bachelor’s Degree",42,"White",0,8380,0,1,0,0,0
"238",3841804394820,102,"3841804394820102",10,2020,"102020",8428.8032243,51,0,100,40,0,0,1,0,0,0,"1",18,"Past Subsidy",7,"School Age",4,"Preschool",-1,"No Child",-1,"No Child",-1,"No Child","Bachelor’s Degree",42,"White",0,8159,0,1,0,0,0
"239",3841804394820,102,"3841804394820102",11,2020,"112020",8459.4272227,51,0,100,40,0,0,1,0,0,0,"1",18,"Past Subsidy",7,"School Age",4,"Preschool",-1,"No Child",-1,"No Child",-1,"No Child","Bachelor’s Degree",42,"White",0,8100,0,1,0,0,0
"240",3841804394820,102,"3841804394820102",12,2020,"122020",8416.9170409,51,0,100,40,0,0,1,0,0,0,"1",18,"Past Subsidy",7,"School Age",4,"Preschool",-1,"No Child",-1,"No Child",-1,"No Child","Bachelor’s Degree",42,"White",0,8100,0,1,0,0,0
"241",3841804933820,101,"3841804933820101",1,2020,"12020",9485.1747906,51,0,100,50,0,0,1,0,0,0,"1",25,"Past Subsidy",21,"Past Subsidy",4,"Preschool",-1,"No Child",-1,"No Child",-1,"No Child","Graduate or Professional Degree",50,"Black",0,19078,0,0,0,0,0
"242",3841804933820,101,"3841804933820101",2,2020,"22020",9311.9999123,51,0,100,50,0,0,1,0,0,0,"1",25,"Past Subsidy",21,"Past Subsidy",4,"Preschool",-1,"No Child",-1,"No Child",-1,"No Child","Graduate or Professional Degree",50,"Black",0,19078,0,0,0,0,0
"243",3841804933820,101,"3841804933820101",3,2020,"32020",9962.651548,51,0,100,50,0,0,1,0,0,0,"1",25,"Past Subsidy",21,"Past Subsidy",4,"Preschool",-1,"No Child",-1,"No Child",-1,"No Child","Graduate or Professional Degree",50,"Black",0,19646,0,0,0,0,0
"244",3841804933820,101,"3841804933820101",4,2020,"42020",10183.990202,51,0,100,50,0,0,1,0,0,0,"1",25,"Past Subsidy",21,"Past Subsidy",4,"Preschool",-1,"No Child",-1,"No Child",-1,"No Child","Graduate or Professional Degree",50,"Black",0,19078,0,0,0,0,0
"245",3841804933820,101,"3841804933820101",5,2020,"52020",10107.579997,51,0,100,50,0,0,1,0,0,0,"1",25,"Past Subsidy",21,"Past Subsidy",4,"Preschool",-1,"No Child",-1,"No Child",-1,"No Child","Graduate or Professional Degree",50,"Black",0,19116,0,0,0,0,0
"246",3841804933820,101,"3841804933820101",6,2020,"62020",8926.484296,51,0,100,50,0,0,1,0,0,0,"1",25,"Past Subsidy",21,"Past Subsidy",4,"Preschool",-1,"No Child",-1,"No Child",-1,"No Child","Graduate or Professional Degree",50,"Black",0,20611,0,0,0,0,0
"247",3841804933820,101,"3841804933820101",7,2020,"72020",9246.5601425,51,0,100,50,0,0,1,0,0,0,"1",25,"Past Subsidy",21,"Past Subsidy",4,"Preschool",-1,"No Child",-1,"No Child",-1,"No Child","Graduate or Professional Degree",50,"Black",0,19274,0,0,0,0,0
"248",3841804933820,101,"3841804933820101",8,2020,"82020",9367.373811,51,0,100,50,0,0,1,0,0,0,"1",25,"Past Subsidy",21,"Past Subsidy",4,"Preschool",-1,"No Child",-1,"No Child",-1,"No Child","Graduate or Professional Degree",50,"Black",0,19274,0,0,0,0,0
"249",3841804933820,101,"3841804933820101",9,2020,"92020",8919.1646839,51,0,100,50,0,0,1,0,0,0,"1",25,"Past Subsidy",21,"Past Subsidy",4,"Preschool",-1,"No Child",-1,"No Child",-1,"No Child","Graduate or Professional Degree",50,"Black",0,20043,0,0,0,0,0
"250",3841804933820,101,"3841804933820101",10,2020,"102020",8584.1815395,51,0,100,50,0,0,1,0,0,0,"1",25,"Past Subsidy",21,"Past Subsidy",4,"Preschool",-1,"No Child",-1,"No Child",-1,"No Child","Graduate or Professional Degree",50,"Black",0,19274,0,0,0,0,0
"251",3841804933820,101,"3841804933820101",11,2020,"112020",8588.6191032,51,0,100,50,0,0,1,0,0,0,"1",25,"Past Subsidy",21,"Past Subsidy",4,"Preschool",-1,"No Child",-1,"No Child",-1,"No Child","Graduate or Professional Degree",50,"Black",0,19274,0,0,0,0,0
"252",3841804933820,101,"3841804933820101",12,2020,"122020",8780.1843021,51,0,100,50,0,0,1,0,0,0,"1",25,"Past Subsidy",21,"Past Subsidy",4,"Preschool",-1,"No Child",-1,"No Child",-1,"No Child","Graduate or Professional Degree",50,"Black",0,21282,0,0,0,0,0
"253",3841804933820,102,"3841804933820102",1,2020,"12020",9485.1747906,51,0,100,45,0,0,1,0,0,0,"1",25,"Past Subsidy",21,"Past Subsidy",4,"Preschool",-1,"No Child",-1,"No Child",-1,"No Child","Bachelor’s Degree",40,"Black",0,19078,0,1,0,0,0
"254",3841804933820,102,"3841804933820102",2,2020,"22020",9311.9999123,51,0,100,45,0,0,1,0,0,0,"1",25,"Past Subsidy",21,"Past Subsidy",4,"Preschool",-1,"No Child",-1,"No Child",-1,"No Child","Bachelor’s Degree",40,"Black",0,19078,0,1,0,0,0
"255",3841804933820,102,"3841804933820102",3,2020,"32020",9962.651548,51,0,100,45,0,0,1,0,0,0,"1",25,"Past Subsidy",21,"Past Subsidy",4,"Preschool",-1,"No Child",-1,"No Child",-1,"No Child","Bachelor’s Degree",40,"Black",0,19646,0,1,0,0,0
"256",3841804933820,102,"3841804933820102",4,2020,"42020",10183.990202,51,0,100,45,0,0,1,0,0,0,"1",25,"Past Subsidy",21,"Past Subsidy",4,"Preschool",-1,"No Child",-1,"No Child",-1,"No Child","Bachelor’s Degree",40,"Black",0,19078,0,1,0,0,0
"257",3841804933820,102,"3841804933820102",5,2020,"52020",10107.579997,51,0,100,45,0,0,1,0,0,0,"1",25,"Past Subsidy",21,"Past Subsidy",4,"Preschool",-1,"No Child",-1,"No Child",-1,"No Child","Bachelor’s Degree",40,"Black",0,19116,0,1,0,0,0
"258",3841804933820,102,"3841804933820102",6,2020,"62020",8926.484296,51,0,100,45,0,0,1,0,0,0,"1",25,"Past Subsidy",21,"Past Subsidy",4,"Preschool",-1,"No Child",-1,"No Child",-1,"No Child","Bachelor’s Degree",40,"Black",0,20611,0,1,0,0,0
"259",3841804933820,102,"3841804933820102",7,2020,"72020",9246.5601425,51,0,100,45,0,0,1,0,0,0,"1",25,"Past Subsidy",21,"Past Subsidy",4,"Preschool",-1,"No Child",-1,"No Child",-1,"No Child","Bachelor’s Degree",40,"Black",0,19274,0,1,0,0,0
"260",3841804933820,102,"3841804933820102",8,2020,"82020",9367.373811,51,0,100,45,0,0,1,0,0,0,"1",25,"Past Subsidy",21,"Past Subsidy",4,"Preschool",-1,"No Child",-1,"No Child",-1,"No Child","Bachelor’s Degree",40,"Black",0,19274,0,1,0,0,0
"261",3841804933820,102,"3841804933820102",9,2020,"92020",8919.1646839,51,0,100,45,0,0,1,0,0,0,"1",25,"Past Subsidy",21,"Past Subsidy",4,"Preschool",-1,"No Child",-1,"No Child",-1,"No Child","Bachelor’s Degree",40,"Black",0,20043,0,1,0,0,0
"262",3841804933820,102,"3841804933820102",10,2020,"102020",8584.1815395,51,0,100,45,0,0,1,0,0,0,"1",25,"Past Subsidy",21,"Past Subsidy",4,"Preschool",-1,"No Child",-1,"No Child",-1,"No Child","Bachelor’s Degree",40,"Black",0,19274,0,1,0,0,0
"263",3841804933820,102,"3841804933820102",11,2020,"112020",8588.6191032,51,0,100,45,0,0,1,0,0,0,"1",25,"Past Subsidy",21,"Past Subsidy",4,"Preschool",-1,"No Child",-1,"No Child",-1,"No Child","Bachelor’s Degree",40,"Black",0,19274,0,1,0,0,0
"264",3841804933820,102,"3841804933820102",12,2020,"122020",8780.1843021,51,0,100,45,0,0,1,0,0,0,"1",25,"Past Subsidy",21,"Past Subsidy",4,"Preschool",-1,"No Child",-1,"No Child",-1,"No Child","Bachelor’s Degree",40,"Black",0,21282,0,1,0,0,0
"265",3841804969120,101,"3841804969120101",6,2020,"62020",11152.875387,51,0,0,0,0,0,0,1,1,0,"2",18,"Past Subsidy",17,"Past Subsidy",14,"Past Subsidy",4,"Preschool",2,"Toddler",-1,"No Child","Bachelor’s Degree",43,"White",0,3344,1,1,0,0,0
"266",3841804969120,101,"3841804969120101",7,2020,"72020",11064.365629,51,0,0,0,0,0,0,1,1,0,"2",18,"Past Subsidy",17,"Past Subsidy",14,"Past Subsidy",4,"Preschool",2,"Toddler",-1,"No Child","Bachelor’s Degree",43,"White",0,3344,0,1,0,0,0
"267",3841804969120,101,"3841804969120101",8,2020,"82020",11026.095847,51,0,0,0,0,0,0,1,1,0,"2",18,"Past Subsidy",17,"Past Subsidy",14,"Past Subsidy",4,"Preschool",2,"Toddler",-1,"No Child","Bachelor’s Degree",43,"White",0,3344,0,1,0,0,0
"268",3841804969120,101,"3841804969120101",9,2020,"92020",10981.49653,51,0,0,0,0,0,0,1,1,0,"2",18,"Past Subsidy",17,"Past Subsidy",14,"Past Subsidy",4,"Preschool",2,"Toddler",-1,"No Child","Bachelor’s Degree",43,"White",0,3344,0,1,0,0,0
"269",3841804969120,101,"3841804969120101",10,2020,"102020",11052.584207,51,0,0,0,0,0,0,1,1,0,"2",18,"Past Subsidy",17,"Past Subsidy",14,"Past Subsidy",4,"Preschool",2,"Toddler",-1,"No Child","Bachelor’s Degree",43,"White",0,3344,0,1,0,0,0
"270",3841804969120,101,"3841804969120101",11,2020,"112020",10895.528951,51,0,0,0,0,0,0,1,1,0,"2",18,"Past Subsidy",17,"Past Subsidy",14,"Past Subsidy",4,"Preschool",2,"Toddler",-1,"No Child","Bachelor’s Degree",43,"White",0,3344,0,1,0,0,0
"271",3841804969120,101,"3841804969120101",12,2020,"122020",10949.206573,51,0,0,0,0,0,0,1,1,0,"2",18,"Past Subsidy",17,"Past Subsidy",14,"Past Subsidy",4,"Preschool",2,"Toddler",-1,"No Child","Bachelor’s Degree",43,"White",0,3344,0,1,0,0,0
"272",3841804969120,102,"3841804969120102",6,2020,"62020",11152.875387,51,0,100,40,0,0,0,1,1,0,"2",18,"Past Subsidy",17,"Past Subsidy",14,"Past Subsidy",4,"Preschool",2,"Toddler",-1,"No Child","Graduate or Professional Degree",44,"White",0,3344,1,0,0,0,0
"273",3841804969120,102,"3841804969120102",7,2020,"72020",11064.365629,51,0,100,40,0,0,0,1,1,0,"2",18,"Past Subsidy",17,"Past Subsidy",14,"Past Subsidy",4,"Preschool",2,"Toddler",-1,"No Child","Graduate or Professional Degree",44,"White",0,3344,0,0,0,0,0
"274",3841804969120,102,"3841804969120102",8,2020,"82020",11026.095847,51,0,100,40,0,0,0,1,1,0,"2",18,"Past Subsidy",17,"Past Subsidy",14,"Past Subsidy",4,"Preschool",2,"Toddler",-1,"No Child","Graduate or Professional Degree",44,"White",0,3344,0,0,0,0,0
"275",3841804969120,102,"3841804969120102",9,2020,"92020",10981.49653,51,0,100,40,0,0,0,1,1,0,"2",18,"Past Subsidy",17,"Past Subsidy",14,"Past Subsidy",4,"Preschool",2,"Toddler",-1,"No Child","Graduate or Professional Degree",44,"White",0,3344,0,0,0,0,0
"276",3841804969120,102,"3841804969120102",10,2020,"102020",11052.584207,51,0,100,40,0,0,0,1,1,0,"2",18,"Past Subsidy",17,"Past Subsidy",14,"Past Subsidy",4,"Preschool",2,"Toddler",-1,"No Child","Graduate or Professional Degree",44,"White",0,3344,0,0,0,0,0
"277",3841804969120,102,"3841804969120102",11,2020,"112020",10895.528951,51,0,100,40,0,0,0,1,1,0,"2",18,"Past Subsidy",17,"Past Subsidy",14,"Past Subsidy",4,"Preschool",2,"Toddler",-1,"No Child","Graduate or Professional Degree",44,"White",0,3344,0,0,0,0,0
"278",3841804969120,102,"3841804969120102",12,2020,"122020",10949.206573,51,0,100,40,0,0,0,1,1,0,"2",18,"Past Subsidy",17,"Past Subsidy",14,"Past Subsidy",4,"Preschool",2,"Toddler",-1,"No Child","Graduate or Professional Degree",44,"White",0,3344,0,0,0,0,0
"279",3841818562118,101,"3841818562118101",1,2018,"12018",8500.2405197,51,0,100,40,1,0,0,0,0,0,"1",1,"Infant",-1,"No Child",-1,"No Child",-1,"No Child",-1,"No Child",-1,"No Child","High School or Some College",34,"White",0,10623,0,0,0,0,0
"280",3841818562118,101,"3841818562118101",2,2018,"22018",8534.2216968,51,0,100,40,1,0,0,0,0,0,"1",1,"Infant",-1,"No Child",-1,"No Child",-1,"No Child",-1,"No Child",-1,"No Child","High School or Some College",34,"White",0,10623,0,0,0,0,0
"281",3841818562118,101,"3841818562118101",3,2018,"32018",8606.9195359,51,0,100,40,1,0,0,0,0,0,"1",1,"Infant",-1,"No Child",-1,"No Child",-1,"No Child",-1,"No Child",-1,"No Child","High School or Some College",34,"White",0,10623,0,0,0,0,0
"282",3841818562118,101,"3841818562118101",4,2018,"42018",8669.8476167,51,0,100,40,1,0,0,0,0,0,"1",1,"Infant",-1,"No Child",-1,"No Child",-1,"No Child",-1,"No Child",-1,"No Child","High School or Some College",34,"White",0,10623,0,0,0,0,0
"283",3841818562118,101,"3841818562118101",5,2018,"52018",8814.6571439,51,0,100,40,1,0,0,0,0,0,"1",1,"Infant",-1,"No Child",-1,"No Child",-1,"No Child",-1,"No Child",-1,"No Child","High School or Some College",34,"White",0,10623,0,0,0,0,0
"284",3841818562118,101,"3841818562118101",6,2018,"62018",8826.8750626,51,0,100,40,1,0,0,0,0,0,"1",1,"Infant",-1,"No Child",-1,"No Child",-1,"No Child",-1,"No Child",-1,"No Child","High School or Some College",34,"White",0,10623,0,0,0,0,0
"285",3841818562118,101,"3841818562118101",7,2018,"72018",8833.5920368,51,0,100,40,1,0,0,0,0,0,"1",1,"Infant",-1,"No Child",-1,"No Child",-1,"No Child",-1,"No Child",-1,"No Child","High School or Some College",34,"White",0,10623,0,0,0,0,0
"286",3841818562118,101,"3841818562118101",8,2018,"82018",8848.8945167,51,0,100,40,1,0,0,0,0,0,"1",1,"Infant",-1,"No Child",-1,"No Child",-1,"No Child",-1,"No Child",-1,"No Child","High School or Some College",34,"White",0,10623,0,0,0,0,0
"287",3841818562118,101,"3841818562118101",9,2018,"92018",8609.8385013,51,0,100,40,1,0,0,0,0,0,"1",1,"Infant",-1,"No Child",-1,"No Child",-1,"No Child",-1,"No Child",-1,"No Child","High School or Some College",34,"White",0,6080,0,0,0,0,0
"288",3841818562118,101,"3841818562118101",10,2018,"102018",8790.1500261,51,0,100,40,1,0,0,0,0,0,"1",1,"Infant",-1,"No Child",-1,"No Child",-1,"No Child",-1,"No Child",-1,"No Child","High School or Some College",34,"White",0,2106,0,0,0,0,0
"289",3841818562118,101,"3841818562118101",11,2018,"112018",8831.2286143,51,0,100,40,1,0,0,0,0,0,"1",1,"Infant",-1,"No Child",-1,"No Child",-1,"No Child",-1,"No Child",-1,"No Child","High School or Some College",34,"White",0,2106,0,0,0,0,0
"290",3841818562118,101,"3841818562118101",12,2018,"122018",8916.4891345,51,0,100,40,1,0,0,0,0,0,"1",1,"Infant",-1,"No Child",-1,"No Child",-1,"No Child",-1,"No Child",-1,"No Child","High School or Some College",34,"White",0,2106,0,0,0,0,0
"291",3841818562118,102,"3841818562118102",1,2018,"12018",8500.2405197,51,0,100,40,1,0,0,0,0,0,"1",1,"Infant",-1,"No Child",-1,"No Child",-1,"No Child",-1,"No Child",-1,"No Child","Bachelor’s Degree",30,"White",0,10623,0,1,0,0,0
"292",3841818562118,102,"3841818562118102",2,2018,"22018",8534.2216968,51,0,100,40,1,0,0,0,0,0,"1",1,"Infant",-1,"No Child",-1,"No Child",-1,"No Child",-1,"No Child",-1,"No Child","Bachelor’s Degree",30,"White",0,10623,0,1,0,0,0
"293",3841818562118,102,"3841818562118102",3,2018,"32018",8606.9195359,51,0,100,40,1,0,0,0,0,0,"1",1,"Infant",-1,"No Child",-1,"No Child",-1,"No Child",-1,"No Child",-1,"No Child","Bachelor’s Degree",30,"White",0,10623,0,1,0,0,0
"294",3841818562118,102,"3841818562118102",4,2018,"42018",8669.8476167,51,0,100,40,1,0,0,0,0,0,"1",1,"Infant",-1,"No Child",-1,"No Child",-1,"No Child",-1,"No Child",-1,"No Child","Bachelor’s Degree",30,"White",0,10623,0,1,0,0,0
"295",3841818562118,102,"3841818562118102",5,2018,"52018",8814.6571439,51,0,100,40,1,0,0,0,0,0,"1",1,"Infant",-1,"No Child",-1,"No Child",-1,"No Child",-1,"No Child",-1,"No Child","Bachelor’s Degree",30,"White",0,10623,0,1,0,0,0
"296",3841818562118,102,"3841818562118102",6,2018,"62018",8826.8750626,51,0,100,40,1,0,0,0,0,0,"1",1,"Infant",-1,"No Child",-1,"No Child",-1,"No Child",-1,"No Child",-1,"No Child","Bachelor’s Degree",30,"White",0,10623,0,1,0,0,0
"297",3841818562118,102,"3841818562118102",7,2018,"72018",8833.5920368,51,0,100,40,1,0,0,0,0,0,"1",1,"Infant",-1,"No Child",-1,"No Child",-1,"No Child",-1,"No Child",-1,"No Child","Bachelor’s Degree",30,"White",0,10623,0,1,0,0,0
"298",3841818562118,102,"3841818562118102",8,2018,"82018",8848.8945167,51,0,100,40,1,0,0,0,0,0,"1",1,"Infant",-1,"No Child",-1,"No Child",-1,"No Child",-1,"No Child",-1,"No Child","Bachelor’s Degree",30,"White",0,10623,0,1,0,0,0
"299",3841818562118,102,"3841818562118102",9,2018,"92018",8609.8385013,51,0,100,40,1,0,0,0,0,0,"1",1,"Infant",-1,"No Child",-1,"No Child",-1,"No Child",-1,"No Child",-1,"No Child","Bachelor’s Degree",30,"White",0,6080,0,1,0,0,0
"300",3841818562118,102,"3841818562118102",10,2018,"102018",8790.1500261,51,0,100,40,1,0,0,0,0,0,"1",1,"Infant",-1,"No Child",-1,"No Child",-1,"No Child",-1,"No Child",-1,"No Child","Bachelor’s Degree",30,"White",0,2106,0,1,0,0,0
"301",3841818562118,102,"3841818562118102",11,2018,"112018",8831.2286143,51,0,100,40,1,0,0,0,0,0,"1",1,"Infant",-1,"No Child",-1,"No Child",-1,"No Child",-1,"No Child",-1,"No Child","Bachelor’s Degree",30,"White",0,2106,0,1,0,0,0
"302",3841818562118,102,"3841818562118102",12,2018,"122018",8916.4891345,51,0,100,40,1,0,0,0,0,0,"1",1,"Infant",-1,"No Child",-1,"No Child",-1,"No Child",-1,"No Child",-1,"No Child","Bachelor’s Degree",30,"White",0,2106,0,1,0,0,0
"303",3841820483018,101,"3841820483018101",1,2018,"12018",9058.668608,51,0,100,40,1,1,0,0,0,0,"2",1,"Infant",1,"Infant",-1,"No Child",-1,"No Child",-1,"No Child",-1,"No Child","Graduate or Professional Degree",32,"White",0,3760,0,0,0,0,0
"304",3841820483018,101,"3841820483018101",2,2018,"22018",9094.8821977,51,0,100,40,1,1,0,0,0,0,"2",1,"Infant",1,"Infant",-1,"No Child",-1,"No Child",-1,"No Child",-1,"No Child","Graduate or Professional Degree",32,"White",0,3760,0,0,0,0,0
"305",3841820483018,101,"3841820483018101",3,2018,"32018",9172.3559623,51,0,100,40,1,1,0,0,0,0,"2",1,"Infant",1,"Infant",-1,"No Child",-1,"No Child",-1,"No Child",-1,"No Child","Graduate or Professional Degree",32,"White",0,3760,0,0,0,0,0
"306",3841820483018,101,"3841820483018101",4,2018,"42018",9239.4181388,51,0,100,40,1,1,0,0,0,0,"2",1,"Infant",1,"Infant",-1,"No Child",-1,"No Child",-1,"No Child",-1,"No Child","Graduate or Professional Degree",32,"White",0,3760,0,0,0,0,0
"307",3841820483018,101,"3841820483018101",5,2018,"52018",9307.081352,51,0,100,32,1,1,0,0,0,0,"2",1,"Infant",1,"Infant",-1,"No Child",-1,"No Child",-1,"No Child",-1,"No Child","Graduate or Professional Degree",32,"White",0,3760,0,0,0,0,0
"308",3841820483018,101,"3841820483018101",6,2018,"62018",9353.0621612,51,0,100,0,1,1,0,0,0,0,"2",1,"Infant",1,"Infant",-1,"No Child",-1,"No Child",-1,"No Child",-1,"No Child","Graduate or Professional Degree",32,"White",0,0,0,0,0,0,0
"309",3841820483018,101,"3841820483018101",7,2018,"72018",9286.3666842,51,0,100,0,1,1,0,0,0,0,"2",1,"Infant",1,"Infant",-1,"No Child",-1,"No Child",-1,"No Child",-1,"No Child","Graduate or Professional Degree",32,"White",0,0,0,0,0,0,0
"310",3841820483018,101,"3841820483018101",8,2018,"82018",9278.8283378,51,0,100,10,1,1,0,0,0,0,"2",1,"Infant",1,"Infant",-1,"No Child",-1,"No Child",-1,"No Child",-1,"No Child","Graduate or Professional Degree",32,"White",0,851,0,0,0,0,0
"311",3841820483018,101,"3841820483018101",9,2018,"92018",9175.4666907,51,0,100,40,1,1,0,0,0,0,"2",1,"Infant",1,"Infant",-1,"No Child",-1,"No Child",-1,"No Child",-1,"No Child","Graduate or Professional Degree",32,"White",0,3760,0,0,0,0,0
"312",3841820483018,101,"3841820483018101",10,2018,"102018",9367.6238827,51,0,100,40,1,1,0,0,0,0,"2",1,"Infant",1,"Infant",-1,"No Child",-1,"No Child",-1,"No Child",-1,"No Child","Graduate or Professional Degree",32,"White",0,3760,0,0,0,0,0
"313",3841820483018,101,"3841820483018101",11,2018,"112018",9411.4011519,51,0,100,40,1,1,0,0,0,0,"2",1,"Infant",1,"Infant",-1,"No Child",-1,"No Child",-1,"No Child",-1,"No Child","Graduate or Professional Degree",32,"White",0,3760,0,0,0,0,0
"314",3841820483018,101,"3841820483018101",12,2018,"122018",9502.26291,51,0,100,40,1,1,0,0,0,0,"2",1,"Infant",1,"Infant",-1,"No Child",-1,"No Child",-1,"No Child",-1,"No Child","Graduate or Professional Degree",32,"White",0,4081,0,0,0,0,0
"315",3841820483018,102,"3841820483018102",1,2018,"12018",9058.668608,51,0,0,0,1,1,0,0,0,0,"2",1,"Infant",1,"Infant",-1,"No Child",-1,"No Child",-1,"No Child",-1,"No Child","Bachelor’s Degree",31,"White",0,3760,0,1,0,0,0
"316",3841820483018,102,"3841820483018102",2,2018,"22018",9094.8821977,51,0,0,0,1,1,0,0,0,0,"2",1,"Infant",1,"Infant",-1,"No Child",-1,"No Child",-1,"No Child",-1,"No Child","Bachelor’s Degree",31,"White",0,3760,0,1,0,0,0
"317",3841820483018,102,"3841820483018102",3,2018,"32018",9172.3559623,51,0,0,0,1,1,0,0,0,0,"2",1,"Infant",1,"Infant",-1,"No Child",-1,"No Child",-1,"No Child",-1,"No Child","Bachelor’s Degree",31,"White",0,3760,0,1,0,0,0
"318",3841820483018,102,"3841820483018102",4,2018,"42018",9239.4181388,51,0,0,0,1,1,0,0,0,0,"2",1,"Infant",1,"Infant",-1,"No Child",-1,"No Child",-1,"No Child",-1,"No Child","Bachelor’s Degree",31,"White",0,3760,0,1,0,0,0
"319",3841820483018,102,"3841820483018102",5,2018,"52018",9307.081352,51,0,0,0,1,1,0,0,0,0,"2",1,"Infant",1,"Infant",-1,"No Child",-1,"No Child",-1,"No Child",-1,"No Child","Bachelor’s Degree",31,"White",0,3760,0,1,0,0,0
"320",3841820483018,102,"3841820483018102",6,2018,"62018",9353.0621612,51,0,0,0,1,1,0,0,0,0,"2",1,"Infant",1,"Infant",-1,"No Child",-1,"No Child",-1,"No Child",-1,"No Child","Bachelor’s Degree",31,"White",0,0,0,1,0,0,0
"321",3841820483018,102,"3841820483018102",7,2018,"72018",9286.3666842,51,0,0,0,1,1,0,0,0,0,"2",1,"Infant",1,"Infant",-1,"No Child",-1,"No Child",-1,"No Child",-1,"No Child","Bachelor’s Degree",31,"White",0,0,0,1,0,0,0
"322",3841820483018,102,"3841820483018102",8,2018,"82018",9278.8283378,51,0,0,0,1,1,0,0,0,0,"2",1,"Infant",1,"Infant",-1,"No Child",-1,"No Child",-1,"No Child",-1,"No Child","Bachelor’s Degree",31,"White",0,851,0,1,0,0,0
"323",3841820483018,102,"3841820483018102",9,2018,"92018",9175.4666907,51,0,0,0,1,1,0,0,0,0,"2",1,"Infant",1,"Infant",-1,"No Child",-1,"No Child",-1,"No Child",-1,"No Child","Bachelor’s Degree",31,"White",0,3760,0,1,0,0,0
"324",3841820483018,102,"3841820483018102",10,2018,"102018",9367.6238827,51,0,0,0,1,1,0,0,0,0,"2",1,"Infant",1,"Infant",-1,"No Child",-1,"No Child",-1,"No Child",-1,"No Child","Bachelor’s Degree",31,"White",0,3760,0,1,0,0,0
"325",3841820483018,102,"3841820483018102",11,2018,"112018",9411.4011519,51,0,0,0,1,1,0,0,0,0,"2",1,"Infant",1,"Infant",-1,"No Child",-1,"No Child",-1,"No Child",-1,"No Child","Bachelor’s Degree",31,"White",0,3760,0,1,0,0,0
"326",3841820483018,102,"3841820483018102",12,2018,"122018",9502.26291,51,0,0,0,1,1,0,0,0,0,"2",1,"Infant",1,"Infant",-1,"No Child",-1,"No Child",-1,"No Child",-1,"No Child","Bachelor’s Degree",31,"White",0,4081,0,1,0,0,0
"327",3841828524718,102,"3841828524718102",1,2018,"12018",5554.2526599,51,0,0,0,0,1,0,0,0,0,"1",9,"School Age",3,"Toddler",-2,"No Child",-1,"No Child",-1,"No Child",-1,"No Child","Graduate or Professional Degree",39,"Asian",0,18624,0,0,0,0,0
"328",3841828524718,102,"3841828524718102",2,2018,"22018",5494.1058324,51,0,0,0,0,1,0,0,0,0,"1",9,"School Age",3,"Toddler",-2,"No Child",-1,"No Child",-1,"No Child",-1,"No Child","Graduate or Professional Degree",39,"Asian",0,18624,0,0,0,0,0
"329",3841828524718,102,"3841828524718102",3,2018,"32018",5459.7113493,51,0,0,0,0,1,0,0,0,0,"1",9,"School Age",3,"Toddler",-2,"No Child",-1,"No Child",-1,"No Child",-1,"No Child","Graduate or Professional Degree",39,"Asian",0,18624,0,0,0,0,0
"330",3841828524718,102,"3841828524718102",4,2018,"42018",5448.1402288,51,0,0,0,0,1,0,0,0,0,"1",9,"School Age",3,"Toddler",-2,"No Child",-1,"No Child",-1,"No Child",-1,"No Child","Graduate or Professional Degree",39,"Asian",0,18624,0,0,0,0,0
"331",3841828524718,102,"3841828524718102",5,2018,"52018",5476.5085254,51,0,0,0,0,1,0,0,0,0,"1",9,"School Age",3,"Toddler",-2,"No Child",-1,"No Child",-1,"No Child",-1,"No Child","Graduate or Professional Degree",39,"Asian",0,18624,0,0,0,0,0
"332",3841828524718,102,"3841828524718102",6,2018,"62018",5432.5610009,51,0,0,0,0,1,0,0,0,0,"1",9,"School Age",3,"Toddler",-2,"No Child",-1,"No Child",-1,"No Child",-1,"No Child","Graduate or Professional Degree",39,"Asian",0,18624,0,0,0,0,0
"333",3841828524718,102,"3841828524718102",7,2018,"72018",5335.7020729,51,0,0,0,0,1,0,0,0,0,"1",9,"School Age",3,"Toddler",-2,"No Child",-1,"No Child",-1,"No Child",-1,"No Child","Graduate or Professional Degree",39,"Asian",0,18624,0,0,0,0,0
"334",3841828524718,102,"3841828524718102",8,2018,"82018",5368.1565173,51,0,0,0,0,1,0,0,0,0,"1",9,"School Age",3,"Toddler",-2,"No Child",-1,"No Child",-1,"No Child",-1,"No Child","Graduate or Professional Degree",39,"Asian",0,18624,0,0,0,0,0
"335",3841828524718,102,"3841828524718102",9,2018,"92018",5344.1025685,51,0,0,0,0,1,0,0,0,0,"1",9,"School Age",3,"Toddler",-2,"No Child",-1,"No Child",-1,"No Child",-1,"No Child","Graduate or Professional Degree",39,"Asian",0,18624,0,0,0,0,0
"336",3841828524718,102,"3841828524718102",10,2018,"102018",5424.484217,51,0,0,0,0,1,0,0,0,0,"1",9,"School Age",3,"Toddler",-2,"No Child",-1,"No Child",-1,"No Child",-1,"No Child","Graduate or Professional Degree",39,"Asian",0,18624,0,0,0,0,0
"337",3841828524718,102,"3841828524718102",11,2018,"112018",5382.0863556,51,0,0,0,0,1,0,0,0,0,"1",9,"School Age",3,"Toddler",-2,"No Child",-1,"No Child",-1,"No Child",-1,"No Child","Graduate or Professional Degree",39,"Asian",0,18624,0,0,0,0,0
"338",3841828524718,102,"3841828524718102",12,2018,"122018",5370.0191276,51,0,0,0,0,1,0,0,0,0,"1",9,"School Age",3,"Toddler",-2,"No Child",-1,"No Child",-1,"No Child",-1,"No Child","Graduate or Professional Degree",39,"Asian",0,18624,0,0,0,0,0
"339",3841828524718,201,"3841828524718201",1,2018,"12018",8080.1903068,51,0,100,40,1,0,0,0,0,0,"1",3,"Toddler",-2,"No Child",-1,"No Child",-1,"No Child",-1,"No Child",-1,"No Child","Bachelor’s Degree",34,"Asian",0,18624,0,1,1,0,0
"340",3841828524718,201,"3841828524718201",2,2018,"22018",8136.4968618,51,0,100,40,1,0,0,0,0,0,"1",3,"Toddler",-2,"No Child",-1,"No Child",-1,"No Child",-1,"No Child",-1,"No Child","Bachelor’s Degree",34,"Asian",0,18624,0,1,1,0,0
"341",3841828524718,201,"3841828524718201",3,2018,"32018",8109.0000632,51,0,100,40,1,0,0,0,0,0,"1",3,"Toddler",-2,"No Child",-1,"No Child",-1,"No Child",-1,"No Child",-1,"No Child","Bachelor’s Degree",34,"Asian",0,18624,0,1,1,0,0
"342",3841828524718,201,"3841828524718201",4,2018,"42018",8215.1402997,51,0,100,40,1,0,0,0,0,0,"1",3,"Toddler",-2,"No Child",-1,"No Child",-1,"No Child",-1,"No Child",-1,"No Child","Bachelor’s Degree",34,"Asian",0,18624,0,1,1,0,0
"343",3841828524718,201,"3841828524718201",5,2018,"52018",8514.8277999,51,0,100,40,1,0,0,0,0,0,"1",3,"Toddler",-2,"No Child",-1,"No Child",-1,"No Child",-1,"No Child",-1,"No Child","Bachelor’s Degree",34,"Asian",0,18624,0,1,1,0,0
"344",3841828524718,201,"3841828524718201",6,2018,"62018",8404.3273022,51,0,100,40,1,0,0,0,0,0,"1",3,"Toddler",-2,"No Child",-1,"No Child",-1,"No Child",-1,"No Child",-1,"No Child","Bachelor’s Degree",34,"Asian",0,18624,0,1,1,0,0
"345",3841828524718,201,"3841828524718201",7,2018,"72018",8211.2324568,51,0,100,40,1,0,0,0,0,0,"1",3,"Toddler",-2,"No Child",-1,"No Child",-1,"No Child",-1,"No Child",-1,"No Child","Bachelor’s Degree",34,"Asian",0,18624,0,1,1,0,0
"346",3841828524718,201,"3841828524718201",8,2018,"82018",8214.3831982,51,0,100,40,1,0,0,0,0,0,"1",3,"Toddler",-2,"No Child",-1,"No Child",-1,"No Child",-1,"No Child",-1,"No Child","Bachelor’s Degree",34,"Asian",0,18624,0,1,1,0,0
"347",3841828524718,201,"3841828524718201",9,2018,"92018",8368.3045384,51,0,100,40,1,0,0,0,0,0,"1",3,"Toddler",-2,"No Child",-1,"No Child",-1,"No Child",-1,"No Child",-1,"No Child","Bachelor’s Degree",34,"Asian",0,18624,0,1,1,0,0
"348",3841828524718,201,"3841828524718201",10,2018,"102018",8398.2775948,51,0,100,40,1,0,0,0,0,0,"1",3,"Toddler",-2,"No Child",-1,"No Child",-1,"No Child",-1,"No Child",-1,"No Child","Bachelor’s Degree",34,"Asian",0,18624,0,1,1,0,0
"349",3841828524718,201,"3841828524718201",11,2018,"112018",8362.6698331,51,0,100,40,1,0,0,0,0,0,"1",3,"Toddler",-2,"No Child",-1,"No Child",-1,"No Child",-1,"No Child",-1,"No Child","Bachelor’s Degree",34,"Asian",0,18624,0,1,1,0,0
"350",3841828524718,201,"3841828524718201",12,2018,"122018",8443.7732947,51,0,100,40,1,0,0,0,0,0,"1",3,"Toddler",-2,"No Child",-1,"No Child",-1,"No Child",-1,"No Child",-1,"No Child","Bachelor’s Degree",34,"Asian",0,18624,0,1,1,0,0
"351",3841843811018,101,"3841843811018101",1,2018,"12018",9677.2105286,51,0,100,66,0,0,1,0,0,0,"1",18,"Past Subsidy",7,"School Age",5,"Preschool",-1,"No Child",-1,"No Child",-1,"No Child","Bachelor’s Degree",48,"White",0,15532,0,0,1,0,0
"352",3841843811018,101,"3841843811018101",2,2018,"22018",9634.2431481,51,0,100,66,0,0,1,0,0,0,"1",18,"Past Subsidy",7,"School Age",5,"Preschool",-1,"No Child",-1,"No Child",-1,"No Child","Bachelor’s Degree",48,"White",0,15542,0,0,1,0,0
"353",3841843811018,101,"3841843811018101",3,2018,"32018",9775.8223136,51,0,100,66,0,0,1,0,0,0,"1",18,"Past Subsidy",7,"School Age",5,"Preschool",-1,"No Child",-1,"No Child",-1,"No Child","Bachelor’s Degree",48,"White",0,15546,0,0,1,0,0
"354",3841843811018,101,"3841843811018101",4,2018,"42018",9205.8177838,51,0,100,66,0,0,1,0,0,0,"1",18,"Past Subsidy",7,"School Age",5,"Preschool",-1,"No Child",-1,"No Child",-1,"No Child","Bachelor’s Degree",48,"White",0,15355,0,0,1,0,0
"355",3841843811018,101,"3841843811018101",5,2018,"52018",9074.2374271,51,0,100,66,0,0,1,0,0,0,"1",18,"Past Subsidy",7,"School Age",5,"Preschool",-1,"No Child",-1,"No Child",-1,"No Child","Bachelor’s Degree",48,"White",0,15355,0,0,1,0,0
"356",3841843811018,101,"3841843811018101",6,2018,"62018",8902.5265818,51,0,100,66,0,0,1,0,0,0,"1",18,"Past Subsidy",7,"School Age",5,"Preschool",-1,"No Child",-1,"No Child",-1,"No Child","Bachelor’s Degree",48,"White",0,15355,0,0,1,0,0
"357",3841843811018,101,"3841843811018101",7,2018,"72018",9047.8538619,51,0,100,66,0,0,1,0,0,0,"1",18,"Past Subsidy",7,"School Age",5,"Preschool",-1,"No Child",-1,"No Child",-1,"No Child","Bachelor’s Degree",48,"White",0,15355,0,0,1,0,0
"358",3841843811018,101,"3841843811018101",8,2018,"82018",9229.5010666,51,0,100,66,0,0,1,0,0,0,"1",18,"Past Subsidy",7,"School Age",5,"Preschool",-1,"No Child",-1,"No Child",-1,"No Child","Bachelor’s Degree",48,"White",0,15355,0,0,1,0,0
"359",3841843811018,101,"3841843811018101",9,2018,"92018",9221.6359122,51,0,100,66,0,0,1,0,0,0,"1",18,"Past Subsidy",7,"School Age",5,"Preschool",-1,"No Child",-1,"No Child",-1,"No Child","Bachelor’s Degree",48,"White",0,15355,0,0,1,0,0
"360",3841843811018,101,"3841843811018101",10,2018,"102018",9107.6138077,51,0,100,13.2,0,0,1,0,0,0,"1",18,"Past Subsidy",7,"School Age",5,"Preschool",-1,"No Child",-1,"No Child",-1,"No Child","Bachelor’s Degree",48,"White",0,8907,0,0,1,0,0
"361",3841843811018,101,"3841843811018101",11,2018,"112018",9204.497258,51,0,100,37.5,0,0,1,0,0,0,"1",18,"Past Subsidy",7,"School Age",5,"Preschool",-1,"No Child",-1,"No Child",-1,"No Child","Bachelor’s Degree",48,"White",0,10481,0,0,1,0,0
"362",3841843811018,101,"3841843811018101",12,2018,"122018",9223.4472014,51,0,100,50,0,0,1,0,0,0,"1",18,"Past Subsidy",7,"School Age",5,"Preschool",-1,"No Child",-1,"No Child",-1,"No Child","Bachelor’s Degree",48,"White",0,11686,0,0,1,0,0
"363",3841847281120,101,"3841847281120101",1,2020,"12020",13515.042611,51,0,100,55,1,0,0,0,0,0,"1",1,"Infant",-1,"No Child",-1,"No Child",-1,"No Child",-1,"No Child",-1,"No Child","High School or Some College",29,"White",0,2900,1,0,0,0,0
"364",3841847281120,101,"3841847281120101",2,2020,"22020",13485.683869,51,0,100,55,1,0,0,0,0,0,"1",1,"Infant",-1,"No Child",-1,"No Child",-1,"No Child",-1,"No Child",-1,"No Child","High School or Some College",29,"White",0,2900,1,0,0,0,0
"365",3841847281120,101,"3841847281120101",3,2020,"32020",13494.950042,51,0,100,55,1,0,0,0,0,0,"1",1,"Infant",-1,"No Child",-1,"No Child",-1,"No Child",-1,"No Child",-1,"No Child","High School or Some College",29,"White",0,2900,1,0,0,0,0
"366",3841847281120,101,"3841847281120101",4,2020,"42020",13559.207391,51,0,100,55,1,0,0,0,0,0,"1",1,"Infant",-1,"No Child",-1,"No Child",-1,"No Child",-1,"No Child",-1,"No Child","High School or Some College",29,"White",0,2900,1,0,0,0,0
"367",3841847281120,101,"3841847281120101",5,2020,"52020",13935.057084,51,0,100,55,1,0,0,0,0,0,"1",1,"Infant",-1,"No Child",-1,"No Child",-1,"No Child",-1,"No Child",-1,"No Child","High School or Some College",29,"White",0,2900,1,0,0,0,0
"368",3841847281120,101,"3841847281120101",6,2020,"62020",14039.948153,51,0,100,55,1,0,0,0,0,0,"1",1,"Infant",-1,"No Child",-1,"No Child",-1,"No Child",-1,"No Child",-1,"No Child","High School or Some College",29,"White",0,2900,1,0,0,0,0
"369",3841847281120,101,"3841847281120101",7,2020,"72020",13900.516661,51,0,100,55,1,0,0,0,0,0,"1",1,"Infant",-1,"No Child",-1,"No Child",-1,"No Child",-1,"No Child",-1,"No Child","High School or Some College",29,"White",0,2900,1,0,0,0,0
"370",3841847281120,101,"3841847281120101",8,2020,"82020",13997.00502,51,0,100,55,1,0,0,0,0,0,"1",1,"Infant",-1,"No Child",-1,"No Child",-1,"No Child",-1,"No Child",-1,"No Child","High School or Some College",29,"White",0,2900,1,0,0,0,0
"371",3841847281120,101,"3841847281120101",9,2020,"92020",13992.632069,51,0,100,55,1,0,0,0,0,0,"1",1,"Infant",-1,"No Child",-1,"No Child",-1,"No Child",-1,"No Child",-1,"No Child","High School or Some College",29,"White",0,2900,1,0,0,0,0
"372",3841847281120,101,"3841847281120101",10,2020,"102020",14151.752338,51,0,100,55,1,0,0,0,0,0,"1",1,"Infant",-1,"No Child",-1,"No Child",-1,"No Child",-1,"No Child",-1,"No Child","High School or Some College",29,"White",0,2900,1,0,0,0,0
"373",3841847281120,101,"3841847281120101",11,2020,"112020",14048.712799,51,0,100,55,1,0,0,0,0,0,"1",1,"Infant",-1,"No Child",-1,"No Child",-1,"No Child",-1,"No Child",-1,"No Child","High School or Some College",29,"White",0,2900,1,0,0,0,0
"374",3841847281120,101,"3841847281120101",12,2020,"122020",14108.899525,51,0,100,55,1,0,0,0,0,0,"1",1,"Infant",-1,"No Child",-1,"No Child",-1,"No Child",-1,"No Child",-1,"No Child","High School or Some College",29,"White",0,2900,1,0,0,0,0
"375",3841847281120,102,"3841847281120102",1,2020,"12020",13515.042611,51,0,100,40,1,0,0,0,0,0,"1",1,"Infant",-1,"No Child",-1,"No Child",-1,"No Child",-1,"No Child",-1,"No Child","High School or Some College",24,"White",0,2900,1,1,0,0,0
"376",3841847281120,102,"3841847281120102",2,2020,"22020",13485.683869,51,0,100,40,1,0,0,0,0,0,"1",1,"Infant",-1,"No Child",-1,"No Child",-1,"No Child",-1,"No Child",-1,"No Child","High School or Some College",24,"White",0,2900,1,1,0,0,0
"377",3841847281120,102,"3841847281120102",3,2020,"32020",13494.950042,51,0,100,40,1,0,0,0,0,0,"1",1,"Infant",-1,"No Child",-1,"No Child",-1,"No Child",-1,"No Child",-1,"No Child","High School or Some College",24,"White",0,2900,1,1,0,0,0
"378",3841847281120,102,"3841847281120102",4,2020,"42020",13559.207391,51,0,100,40,1,0,0,0,0,0,"1",1,"Infant",-1,"No Child",-1,"No Child",-1,"No Child",-1,"No Child",-1,"No Child","High School or Some College",24,"White",0,2900,1,1,0,0,0
"379",3841847281120,102,"3841847281120102",5,2020,"52020",13935.057084,51,0,100,40,1,0,0,0,0,0,"1",1,"Infant",-1,"No Child",-1,"No Child",-1,"No Child",-1,"No Child",-1,"No Child","High School or Some College",24,"White",0,2900,1,1,0,0,0
"380",3841847281120,102,"3841847281120102",6,2020,"62020",14039.948153,51,0,100,40,1,0,0,0,0,0,"1",1,"Infant",-1,"No Child",-1,"No Child",-1,"No Child",-1,"No Child",-1,"No Child","High School or Some College",24,"White",0,2900,1,1,0,0,0
"381",3841847281120,102,"3841847281120102",7,2020,"72020",13900.516661,51,0,100,40,1,0,0,0,0,0,"1",1,"Infant",-1,"No Child",-1,"No Child",-1,"No Child",-1,"No Child",-1,"No Child","High School or Some College",24,"White",0,2900,1,1,0,0,0
"382",3841847281120,102,"3841847281120102",8,2020,"82020",13997.00502,51,0,100,40,1,0,0,0,0,0,"1",1,"Infant",-1,"No Child",-1,"No Child",-1,"No Child",-1,"No Child",-1,"No Child","High School or Some College",24,"White",0,2900,1,1,0,0,0
"383",3841847281120,102,"3841847281120102",9,2020,"92020",13992.632069,51,0,100,40,1,0,0,0,0,0,"1",1,"Infant",-1,"No Child",-1,"No Child",-1,"No Child",-1,"No Child",-1,"No Child","High School or Some College",24,"White",0,2900,1,1,0,0,0
"384",3841847281120,102,"3841847281120102",10,2020,"102020",14151.752338,51,0,100,40,1,0,0,0,0,0,"1",1,"Infant",-1,"No Child",-1,"No Child",-1,"No Child",-1,"No Child",-1,"No Child","High School or Some College",24,"White",0,2900,1,1,0,0,0
"385",3841847281120,102,"3841847281120102",11,2020,"112020",14048.712799,51,0,100,40,1,0,0,0,0,0,"1",1,"Infant",-1,"No Child",-1,"No Child",-1,"No Child",-1,"No Child",-1,"No Child","High School or Some College",24,"White",0,2900,1,1,0,0,0
"386",3841847281120,102,"3841847281120102",12,2020,"122020",14108.899525,51,0,100,40,1,0,0,0,0,0,"1",1,"Infant",-1,"No Child",-1,"No Child",-1,"No Child",-1,"No Child",-1,"No Child","High School or Some College",24,"White",0,2900,1,1,0,0,0
"387",3841855283218,101,"3841855283218101",1,2018,"12018",9074.4245461,51,0,100,40,0,0,1,1,0,0,"2",11,"School Age",7,"School Age",3,"Toddler",3,"Toddler",-1,"No Child",-1,"No Child","Bachelor’s Degree",39,"White",0,5866,0,0,0,0,0
"388",3841855283218,101,"3841855283218101",2,2018,"22018",9063.9531673,51,0,100,40,0,0,1,1,0,0,"2",11,"School Age",7,"School Age",3,"Toddler",3,"Toddler",-1,"No Child",-1,"No Child","Bachelor’s Degree",39,"White",0,5866,0,0,0,0,0
"389",3841855283218,101,"3841855283218101",3,2018,"32018",9148.4063335,51,0,100,40,0,0,1,1,0,0,"2",11,"School Age",7,"School Age",3,"Toddler",3,"Toddler",-1,"No Child",-1,"No Child","Bachelor’s Degree",39,"White",0,5866,0,0,0,0,0
"390",3841855283218,101,"3841855283218101",4,2018,"42018",9193.3343041,51,0,100,40,0,0,1,1,0,0,"2",11,"School Age",7,"School Age",3,"Toddler",3,"Toddler",-1,"No Child",-1,"No Child","Bachelor’s Degree",39,"White",0,5866,0,0,0,0,0
"391",3841855283218,101,"3841855283218101",5,2018,"52018",9426.974992,51,0,100,40,0,0,1,1,0,0,"2",11,"School Age",7,"School Age",3,"Toddler",3,"Toddler",-1,"No Child",-1,"No Child","Bachelor’s Degree",39,"White",0,5866,0,0,0,0,0
"392",3841855283218,101,"3841855283218101",6,2018,"62018",9383.1231303,51,0,100,40,0,0,1,1,0,0,"2",11,"School Age",7,"School Age",3,"Toddler",3,"Toddler",-1,"No Child",-1,"No Child","Bachelor’s Degree",39,"White",0,5866,0,0,0,0,0
"393",3841855283218,101,"3841855283218101",7,2018,"72018",9305.3786773,51,0,100,40,0,0,1,1,0,0,"2",11,"School Age",7,"School Age",3,"Toddler",3,"Toddler",-1,"No Child",-1,"No Child","Bachelor’s Degree",39,"White",0,5866,0,0,0,0,0
"394",3841855283218,101,"3841855283218101",8,2018,"82018",9293.3572931,51,0,100,40,0,0,1,1,0,0,"2",11,"School Age",7,"School Age",3,"Toddler",3,"Toddler",-1,"No Child",-1,"No Child","Bachelor’s Degree",39,"White",0,5866,0,0,0,0,0
"395",3841855283218,101,"3841855283218101",9,2018,"92018",9291.1107807,51,0,100,40,0,0,1,1,0,0,"2",11,"School Age",7,"School Age",3,"Toddler",3,"Toddler",-1,"No Child",-1,"No Child","Bachelor’s Degree",39,"White",0,5866,0,0,0,0,0
"396",3841855283218,101,"3841855283218101",10,2018,"102018",9417.2502699,51,0,100,40,0,0,1,1,0,0,"2",11,"School Age",7,"School Age",3,"Toddler",3,"Toddler",-1,"No Child",-1,"No Child","Bachelor’s Degree",39,"White",0,5866,0,0,0,0,0
"397",3841855283218,101,"3841855283218101",11,2018,"112018",9350.492862,51,0,100,40,0,0,1,1,0,0,"2",11,"School Age",7,"School Age",3,"Toddler",3,"Toddler",-1,"No Child",-1,"No Child","Bachelor’s Degree",39,"White",0,5866,0,0,0,0,0
"398",3841855283218,101,"3841855283218101",12,2018,"122018",9392.4533594,51,0,100,40,0,0,1,1,0,0,"2",11,"School Age",7,"School Age",3,"Toddler",3,"Toddler",-1,"No Child",-1,"No Child","Bachelor’s Degree",39,"White",0,35866,0,0,0,0,0
"399",3841855283218,102,"3841855283218102",1,2018,"12018",9074.4245461,51,0,0,0,0,0,1,1,0,0,"2",11,"School Age",7,"School Age",3,"Toddler",3,"Toddler",-1,"No Child",-1,"No Child","Bachelor’s Degree",37,"White",0,5866,0,1,0,0,0
"400",3841855283218,102,"3841855283218102",2,2018,"22018",9063.9531673,51,0,0,0,0,0,1,1,0,0,"2",11,"School Age",7,"School Age",3,"Toddler",3,"Toddler",-1,"No Child",-1,"No Child","Bachelor’s Degree",37,"White",0,5866,0,1,0,0,0
"401",3841855283218,102,"3841855283218102",3,2018,"32018",9148.4063335,51,0,0,0,0,0,1,1,0,0,"2",11,"School Age",7,"School Age",3,"Toddler",3,"Toddler",-1,"No Child",-1,"No Child","Bachelor’s Degree",37,"White",0,5866,0,1,0,0,0
"402",3841855283218,102,"3841855283218102",4,2018,"42018",9193.3343041,51,0,0,0,0,0,1,1,0,0,"2",11,"School Age",7,"School Age",3,"Toddler",3,"Toddler",-1,"No Child",-1,"No Child","Bachelor’s Degree",37,"White",0,5866,0,1,0,0,0
"403",3841855283218,102,"3841855283218102",5,2018,"52018",9426.974992,51,0,0,0,0,0,1,1,0,0,"2",11,"School Age",7,"School Age",3,"Toddler",3,"Toddler",-1,"No Child",-1,"No Child","Bachelor’s Degree",37,"White",0,5866,0,1,0,0,0
"404",3841855283218,102,"3841855283218102",6,2018,"62018",9383.1231303,51,0,0,0,0,0,1,1,0,0,"2",11,"School Age",7,"School Age",3,"Toddler",3,"Toddler",-1,"No Child",-1,"No Child","Bachelor’s Degree",37,"White",0,5866,0,1,0,0,0
"405",3841855283218,102,"3841855283218102",7,2018,"72018",9305.3786773,51,0,0,0,0,0,1,1,0,0,"2",11,"School Age",7,"School Age",3,"Toddler",3,"Toddler",-1,"No Child",-1,"No Child","Bachelor’s Degree",37,"White",0,5866,0,1,0,0,0
"406",3841855283218,102,"3841855283218102",8,2018,"82018",9293.3572931,51,0,0,0,0,0,1,1,0,0,"2",11,"School Age",7,"School Age",3,"Toddler",3,"Toddler",-1,"No Child",-1,"No Child","Bachelor’s Degree",37,"White",0,5866,0,1,0,0,0
"407",3841855283218,102,"3841855283218102",9,2018,"92018",9291.1107807,51,0,0,0,0,0,1,1,0,0,"2",11,"School Age",7,"School Age",3,"Toddler",3,"Toddler",-1,"No Child",-1,"No Child","Bachelor’s Degree",37,"White",0,5866,0,1,0,0,0
"408",3841855283218,102,"3841855283218102",10,2018,"102018",9417.2502699,51,0,0,0,0,0,1,1,0,0,"2",11,"School Age",7,"School Age",3,"Toddler",3,"Toddler",-1,"No Child",-1,"No Child","Bachelor’s Degree",37,"White",0,5866,0,1,0,0,0
"409",3841855283218,102,"3841855283218102",11,2018,"112018",9350.492862,51,0,0,0,0,0,1,1,0,0,"2",11,"School Age",7,"School Age",3,"Toddler",3,"Toddler",-1,"No Child",-1,"No Child","Bachelor’s Degree",37,"White",0,5866,0,1,0,0,0
"410",3841855283218,102,"3841855283218102",12,2018,"122018",9392.4533594,51,0,0,0,0,0,1,1,0,0,"2",11,"School Age",7,"School Age",3,"Toddler",3,"Toddler",-1,"No Child",-1,"No Child","Bachelor’s Degree",37,"White",0,35866,0,1,0,0,0
"411",3841860453818,101,"3841860453818101",1,2018,"12018",12729.938902,51,0,100,40,1,1,0,0,0,0,"2",5,"Preschool",1,"Infant",-1,"No Child",-1,"No Child",-1,"No Child",-1,"No Child","Bachelor’s Degree",37,"Black",62,12221,0,0,0,0,0
"412",3841860453818,101,"3841860453818101",2,2018,"22018",12547.515666,51,0,100,40,1,1,0,0,0,0,"2",5,"Preschool",1,"Infant",-1,"No Child",-1,"No Child",-1,"No Child",-1,"No Child","Bachelor’s Degree",37,"Black",62,12221,0,0,0,0,0
"413",3841860453818,101,"3841860453818101",3,2018,"32018",13171.465954,51,0,100,40,1,1,0,0,0,0,"2",5,"Preschool",1,"Infant",-1,"No Child",-1,"No Child",-1,"No Child",-1,"No Child","Bachelor’s Degree",37,"Black",62,10951,0,0,0,0,0
"414",3841860453818,101,"3841860453818101",4,2018,"42018",13186.532345,51,0,100,40,1,1,0,0,0,0,"2",5,"Preschool",1,"Infant",-1,"No Child",-1,"No Child",-1,"No Child",-1,"No Child","Bachelor’s Degree",37,"Black",62,10905,0,0,0,0,0
"415",3841860453818,101,"3841860453818101",5,2018,"52018",13312.359303,51,0,100,40,1,1,0,0,0,0,"2",5,"Preschool",1,"Infant",-1,"No Child",-1,"No Child",-1,"No Child",-1,"No Child","Bachelor’s Degree",37,"Black",62,11281,0,0,0,0,0
"416",3841860453818,101,"3841860453818101",6,2018,"62018",13328.182832,51,0,100,40,1,1,0,0,0,0,"2",5,"Preschool",1,"Infant",-1,"No Child",-1,"No Child",-1,"No Child",-1,"No Child","Bachelor’s Degree",37,"Black",62,11281,0,0,0,0,0
"417",3841860453818,101,"3841860453818101",7,2018,"72018",13678.869943,51,0,100,40,1,1,0,0,0,0,"2",5,"Preschool",1,"Infant",-1,"No Child",-1,"No Child",-1,"No Child",-1,"No Child","Bachelor’s Degree",37,"Black",62,11281,0,0,0,0,0
"418",3841860453818,101,"3841860453818101",8,2018,"82018",13857.098419,51,0,100,40,1,1,0,0,0,0,"2",5,"Preschool",1,"Infant",-1,"No Child",-1,"No Child",-1,"No Child",-1,"No Child","Bachelor’s Degree",37,"Black",62,11281,0,0,0,0,0
"419",3841860453818,101,"3841860453818101",9,2018,"92018",13505.875506,51,0,100,40,1,1,0,0,0,0,"2",5,"Preschool",1,"Infant",-1,"No Child",-1,"No Child",-1,"No Child",-1,"No Child","Bachelor’s Degree",37,"Black",62,11281,0,0,0,0,0
"420",3841860453818,101,"3841860453818101",10,2018,"102018",13797.473922,51,0,100,40,1,1,0,0,0,0,"2",5,"Preschool",1,"Infant",-1,"No Child",-1,"No Child",-1,"No Child",-1,"No Child","Bachelor’s Degree",37,"Black",62,11281,0,0,0,0,0
"421",3841860453818,101,"3841860453818101",11,2018,"112018",14057.781442,51,0,100,40,1,1,0,0,0,0,"2",5,"Preschool",1,"Infant",-1,"No Child",-1,"No Child",-1,"No Child",-1,"No Child","Bachelor’s Degree",37,"Black",62,12232,0,0,0,0,0
"422",3841860453818,101,"3841860453818101",12,2018,"122018",14273.04788,51,0,100,40,1,1,0,0,0,0,"2",5,"Preschool",1,"Infant",-1,"No Child",-1,"No Child",-1,"No Child",-1,"No Child","Bachelor’s Degree",37,"Black",62,12639,0,0,0,0,0
"423",3841860453818,102,"3841860453818102",1,2018,"12018",12729.938902,51,0,100,5,1,1,0,0,0,0,"2",5,"Preschool",1,"Infant",-1,"No Child",-1,"No Child",-1,"No Child",-1,"No Child","Bachelor’s Degree",37,"Black",0,12221,0,1,0,0,0
"424",3841860453818,102,"3841860453818102",2,2018,"22018",12547.515666,51,0,100,5,1,1,0,0,0,0,"2",5,"Preschool",1,"Infant",-1,"No Child",-1,"No Child",-1,"No Child",-1,"No Child","Bachelor’s Degree",37,"Black",0,12221,0,1,0,0,0
"425",3841860453818,102,"3841860453818102",3,2018,"32018",13171.465954,51,0,100,0,1,1,0,0,0,0,"2",5,"Preschool",1,"Infant",-1,"No Child",-1,"No Child",-1,"No Child",-1,"No Child","Bachelor’s Degree",37,"Black",0,10951,0,1,0,0,0
"426",3841860453818,102,"3841860453818102",4,2018,"42018",13186.532345,51,0,100,0,1,1,0,0,0,0,"2",5,"Preschool",1,"Infant",-1,"No Child",-1,"No Child",-1,"No Child",-1,"No Child","Bachelor’s Degree",37,"Black",0,10905,0,1,0,0,0
"427",3841860453818,102,"3841860453818102",5,2018,"52018",13312.359303,51,0,100,0,1,1,0,0,0,0,"2",5,"Preschool",1,"Infant",-1,"No Child",-1,"No Child",-1,"No Child",-1,"No Child","Bachelor’s Degree",37,"Black",0,11281,0,1,0,0,0
"428",3841860453818,102,"3841860453818102",6,2018,"62018",13328.182832,51,0,100,0,1,1,0,0,0,0,"2",5,"Preschool",1,"Infant",-1,"No Child",-1,"No Child",-1,"No Child",-1,"No Child","Bachelor’s Degree",37,"Black",0,11281,0,1,0,0,0
"429",3841860453818,102,"3841860453818102",7,2018,"72018",13678.869943,51,0,100,0,1,1,0,0,0,0,"2",5,"Preschool",1,"Infant",-1,"No Child",-1,"No Child",-1,"No Child",-1,"No Child","Bachelor’s Degree",37,"Black",0,11281,0,1,0,0,0
"430",3841860453818,102,"3841860453818102",8,2018,"82018",13857.098419,51,0,100,0,1,1,0,0,0,0,"2",5,"Preschool",1,"Infant",-1,"No Child",-1,"No Child",-1,"No Child",-1,"No Child","Bachelor’s Degree",37,"Black",0,11281,0,1,0,0,0
"431",3841860453818,102,"3841860453818102",9,2018,"92018",13505.875506,51,0,100,0,1,1,0,0,0,0,"2",5,"Preschool",1,"Infant",-1,"No Child",-1,"No Child",-1,"No Child",-1,"No Child","Bachelor’s Degree",37,"Black",0,11281,0,1,0,0,0
"432",3841860453818,102,"3841860453818102",10,2018,"102018",13797.473922,51,0,100,0,1,1,0,0,0,0,"2",5,"Preschool",1,"Infant",-1,"No Child",-1,"No Child",-1,"No Child",-1,"No Child","Bachelor’s Degree",37,"Black",0,11281,0,1,0,0,0
"433",3841860453818,102,"3841860453818102",11,2018,"112018",14057.781442,51,0,100,3.75,1,1,0,0,0,0,"2",5,"Preschool",1,"Infant",-1,"No Child",-1,"No Child",-1,"No Child",-1,"No Child","Bachelor’s Degree",37,"Black",0,12232,0,1,0,0,0
"434",3841860453818,102,"3841860453818102",12,2018,"122018",14273.04788,51,0,100,5,1,1,0,0,0,0,"2",5,"Preschool",1,"Infant",-1,"No Child",-1,"No Child",-1,"No Child",-1,"No Child","Bachelor’s Degree",37,"Black",0,12639,0,1,0,0,0
"435",3841862562118,101,"3841862562118101",1,2018,"12018",11909.826686,51,0,100,40,0,0,1,0,0,0,"1",20,"Past Subsidy",14,"Past Subsidy",4,"Preschool",-1,"No Child",-1,"No Child",-1,"No Child","Bachelor’s Degree",45,"Residual",0,16302,0,1,0,0,0
"436",3841862562118,101,"3841862562118101",2,2018,"22018",11858.441116,51,0,100,40,0,0,1,0,0,0,"1",20,"Past Subsidy",14,"Past Subsidy",4,"Preschool",-1,"No Child",-1,"No Child",-1,"No Child","Bachelor’s Degree",45,"Residual",0,16302,0,1,0,0,0
"437",3841862562118,101,"3841862562118101",3,2018,"32018",12472.535435,51,0,100,40,0,0,1,0,0,0,"1",20,"Past Subsidy",14,"Past Subsidy",4,"Preschool",-1,"No Child",-1,"No Child",-1,"No Child","Bachelor’s Degree",45,"Residual",0,16302,0,1,0,0,0
"438",3841862562118,101,"3841862562118101",4,2018,"42018",12626.396136,51,0,100,40,0,0,1,0,0,0,"1",20,"Past Subsidy",14,"Past Subsidy",4,"Preschool",-1,"No Child",-1,"No Child",-1,"No Child","Bachelor’s Degree",45,"Residual",0,16302,0,1,0,0,0
"439",3841862562118,101,"3841862562118101",5,2018,"52018",13099.874936,51,0,100,40,0,0,1,0,0,0,"1",20,"Past Subsidy",14,"Past Subsidy",4,"Preschool",-1,"No Child",-1,"No Child",-1,"No Child","Bachelor’s Degree",45,"Residual",0,16302,0,1,0,0,0
"440",3841862562118,101,"3841862562118101",6,2018,"62018",12872.190173,51,0,100,40,0,0,1,0,0,0,"1",20,"Past Subsidy",14,"Past Subsidy",4,"Preschool",-1,"No Child",-1,"No Child",-1,"No Child","Bachelor’s Degree",45,"Residual",0,16302,0,1,0,0,0
"441",3841862562118,101,"3841862562118101",7,2018,"72018",12913.292959,51,0,100,40,0,0,1,0,0,0,"1",20,"Past Subsidy",14,"Past Subsidy",4,"Preschool",-1,"No Child",-1,"No Child",-1,"No Child","Bachelor’s Degree",45,"Residual",0,16302,0,1,0,0,0
"442",3841862562118,101,"3841862562118101",8,2018,"82018",12812.731617,51,0,100,40,0,0,1,0,0,0,"1",20,"Past Subsidy",14,"Past Subsidy",4,"Preschool",-1,"No Child",-1,"No Child",-1,"No Child","Bachelor’s Degree",45,"Residual",0,16302,0,1,0,0,0
"443",3841862562118,101,"3841862562118101",9,2018,"92018",12984.043224,51,0,100,40,0,0,1,0,0,0,"1",20,"Past Subsidy",14,"Past Subsidy",4,"Preschool",-1,"No Child",-1,"No Child",-1,"No Child","Bachelor’s Degree",45,"Residual",0,16302,0,1,0,0,0
"444",3841862562118,101,"3841862562118101",10,2018,"102018",13195.836054,51,0,100,40,0,0,1,0,0,0,"1",20,"Past Subsidy",14,"Past Subsidy",4,"Preschool",-1,"No Child",-1,"No Child",-1,"No Child","Bachelor’s Degree",45,"Residual",0,16302,0,1,0,0,0
"445",3841862562118,101,"3841862562118101",11,2018,"112018",13292.699188,51,0,100,40,0,0,1,0,0,0,"1",20,"Past Subsidy",14,"Past Subsidy",4,"Preschool",-1,"No Child",-1,"No Child",-1,"No Child","Bachelor’s Degree",45,"Residual",0,16302,0,1,0,0,0
"446",3841862562118,101,"3841862562118101",12,2018,"122018",11857.757408,51,0,100,40,0,0,1,0,0,0,"1",20,"Past Subsidy",14,"Past Subsidy",4,"Preschool",-1,"No Child",-1,"No Child",-1,"No Child","Bachelor’s Degree",45,"Residual",0,16302,0,1,0,0,0
"447",3841862562118,102,"3841862562118102",1,2018,"12018",11909.826686,51,0,100,66,0,0,1,0,0,0,"1",20,"Past Subsidy",14,"Past Subsidy",4,"Preschool",-1,"No Child",-1,"No Child",-1,"No Child","High School or Some College",43,"Black",0,16302,0,0,0,0,0
"448",3841862562118,102,"3841862562118102",2,2018,"22018",11858.441116,51,0,100,66,0,0,1,0,0,0,"1",20,"Past Subsidy",14,"Past Subsidy",4,"Preschool",-1,"No Child",-1,"No Child",-1,"No Child","High School or Some College",43,"Black",0,16302,0,0,0,0,0
"449",3841862562118,102,"3841862562118102",3,2018,"32018",12472.535435,51,0,100,66,0,0,1,0,0,0,"1",20,"Past Subsidy",14,"Past Subsidy",4,"Preschool",-1,"No Child",-1,"No Child",-1,"No Child","High School or Some College",43,"Black",0,16302,0,0,0,0,0
"450",3841862562118,102,"3841862562118102",4,2018,"42018",12626.396136,51,0,100,66,0,0,1,0,0,0,"1",20,"Past Subsidy",14,"Past Subsidy",4,"Preschool",-1,"No Child",-1,"No Child",-1,"No Child","High School or Some College",43,"Black",0,16302,0,0,0,0,0
"451",3841862562118,102,"3841862562118102",5,2018,"52018",13099.874936,51,0,100,66,0,0,1,0,0,0,"1",20,"Past Subsidy",14,"Past Subsidy",4,"Preschool",-1,"No Child",-1,"No Child",-1,"No Child","High School or Some College",43,"Black",0,16302,0,0,0,0,0
"452",3841862562118,102,"3841862562118102",6,2018,"62018",12872.190173,51,0,100,66,0,0,1,0,0,0,"1",20,"Past Subsidy",14,"Past Subsidy",4,"Preschool",-1,"No Child",-1,"No Child",-1,"No Child","High School or Some College",43,"Black",0,16302,0,0,0,0,0
"453",3841862562118,102,"3841862562118102",7,2018,"72018",12913.292959,51,0,100,66,0,0,1,0,0,0,"1",20,"Past Subsidy",14,"Past Subsidy",4,"Preschool",-1,"No Child",-1,"No Child",-1,"No Child","High School or Some College",43,"Black",0,16302,0,0,0,0,0
"454",3841862562118,102,"3841862562118102",8,2018,"82018",12812.731617,51,0,100,66,0,0,1,0,0,0,"1",20,"Past Subsidy",14,"Past Subsidy",4,"Preschool",-1,"No Child",-1,"No Child",-1,"No Child","High School or Some College",43,"Black",0,16302,0,0,0,0,0
"455",3841862562118,102,"3841862562118102",9,2018,"92018",12984.043224,51,0,100,66,0,0,1,0,0,0,"1",20,"Past Subsidy",14,"Past Subsidy",4,"Preschool",-1,"No Child",-1,"No Child",-1,"No Child","High School or Some College",43,"Black",0,16302,0,0,0,0,0
"456",3841862562118,102,"3841862562118102",10,2018,"102018",13195.836054,51,0,100,66,0,0,1,0,0,0,"1",20,"Past Subsidy",14,"Past Subsidy",4,"Preschool",-1,"No Child",-1,"No Child",-1,"No Child","High School or Some College",43,"Black",0,16302,0,0,0,0,0
"457",3841862562118,102,"3841862562118102",11,2018,"112018",13292.699188,51,0,100,66,0,0,1,0,0,0,"1",20,"Past Subsidy",14,"Past Subsidy",4,"Preschool",-1,"No Child",-1,"No Child",-1,"No Child","High School or Some College",43,"Black",0,16302,0,0,0,0,0
"458",3841862562118,102,"3841862562118102",12,2018,"122018",11857.757408,51,0,100,66,0,0,1,0,0,0,"1",20,"Past Subsidy",14,"Past Subsidy",4,"Preschool",-1,"No Child",-1,"No Child",-1,"No Child","High School or Some College",43,"Black",0,16302,0,0,0,0,0
"459",3841868951920,101,"3841868951920101",1,2020,"12020",12988.770198,51,0,100,41,1,0,0,0,0,0,"1",4,"Preschool",-1,"No Child",-1,"No Child",-1,"No Child",-1,"No Child",-1,"No Child","Bachelor’s Degree",34,"Black",5,5151,1,1,1,0,0
"460",3841868951920,101,"3841868951920101",2,2020,"22020",13060.870687,51,0,100,41,1,0,0,0,0,0,"1",4,"Preschool",-1,"No Child",-1,"No Child",-1,"No Child",-1,"No Child",-1,"No Child","Bachelor’s Degree",34,"Black",5,5183,1,1,1,0,0
"461",3841868951920,101,"3841868951920101",3,2020,"32020",13678.662288,51,0,100,41,1,0,0,0,0,0,"1",4,"Preschool",-1,"No Child",-1,"No Child",-1,"No Child",-1,"No Child",-1,"No Child","Bachelor’s Degree",34,"Black",5,7027,1,1,1,0,0
"462",3841868951920,101,"3841868951920101",4,2020,"42020",13405.694908,51,0,100,41,1,0,0,0,0,0,"1",4,"Preschool",-1,"No Child",-1,"No Child",-1,"No Child",-1,"No Child",-1,"No Child","Bachelor’s Degree",34,"Black",5,5327,1,1,1,0,0
"463",3841868951920,101,"3841868951920101",5,2020,"52020",14420.827721,51,0,100,41,1,0,0,0,0,0,"1",4,"Preschool",-1,"No Child",-1,"No Child",-1,"No Child",-1,"No Child",-1,"No Child","Bachelor’s Degree",34,"Black",5,5327,1,1,1,0,0
"464",3841868951920,101,"3841868951920101",6,2020,"62020",14934.409155,51,0,100,41,1,0,0,0,0,0,"1",4,"Preschool",-1,"No Child",-1,"No Child",-1,"No Child",-1,"No Child",-1,"No Child","Bachelor’s Degree",34,"Black",5,9327,1,1,1,0,0
"465",3841868951920,101,"3841868951920101",7,2020,"72020",15157.566255,51,0,100,41,1,0,0,0,0,0,"1",4,"Preschool",-1,"No Child",-1,"No Child",-1,"No Child",-1,"No Child",-1,"No Child","Bachelor’s Degree",34,"Black",5,5327,1,1,1,0,0
"466",3841868951920,101,"3841868951920101",8,2020,"82020",15337.10617,51,0,100,41,1,0,0,0,0,0,"1",4,"Preschool",-1,"No Child",-1,"No Child",-1,"No Child",-1,"No Child",-1,"No Child","Bachelor’s Degree",34,"Black",5,5327,1,1,1,0,0
"467",3841868951920,101,"3841868951920101",9,2020,"92020",14665.012089,51,0,100,41,1,0,0,0,0,0,"1",4,"Preschool",-1,"No Child",-1,"No Child",-1,"No Child",-1,"No Child",-1,"No Child","Bachelor’s Degree",34,"Black",5,7627,1,1,1,0,0
"468",3841868951920,101,"3841868951920101",10,2020,"102020",14680.495966,51,0,100,41,1,0,0,0,0,0,"1",4,"Preschool",-1,"No Child",-1,"No Child",-1,"No Child",-1,"No Child",-1,"No Child","Bachelor’s Degree",34,"Black",5,5327,1,1,1,0,0
"469",3841868951920,101,"3841868951920101",11,2020,"112020",14834.943375,51,0,100,41,1,0,0,0,0,0,"1",4,"Preschool",-1,"No Child",-1,"No Child",-1,"No Child",-1,"No Child",-1,"No Child","Bachelor’s Degree",34,"Black",5,5327,1,1,1,0,0
"470",3841868951920,101,"3841868951920101",12,2020,"122020",15164.597509,51,0,100,41,1,0,0,0,0,0,"1",4,"Preschool",-1,"No Child",-1,"No Child",-1,"No Child",-1,"No Child",-1,"No Child","Bachelor’s Degree",34,"Black",5,11327,1,1,1,0,0
"471",3841872682018,101,"3841872682018101",1,2018,"12018",2752.8978794,51,0,100,35,1,0,0,0,0,0,"1",0,"Infant",-1,"No Child",-1,"No Child",-1,"No Child",-1,"No Child",-1,"No Child","High School or Some College",36,"Black",0,10147,1,1,1,0,0
"472",3841872682018,101,"3841872682018101",2,2018,"22018",2687.1513279,51,0,100,35,1,0,0,0,0,0,"1",0,"Infant",-1,"No Child",-1,"No Child",-1,"No Child",-1,"No Child",-1,"No Child","High School or Some College",36,"Black",0,10147,1,1,1,0,0
"473",3841872682018,101,"3841872682018101",3,2018,"32018",2841.7293212,51,0,100,35,1,0,0,0,0,0,"1",0,"Infant",-1,"No Child",-1,"No Child",-1,"No Child",-1,"No Child",-1,"No Child","High School or Some College",36,"Black",0,10147,1,1,1,0,0
"474",3841872682018,101,"3841872682018101",4,2018,"42018",2907.0741473,51,0,100,35,1,0,0,0,0,0,"1",0,"Infant",-1,"No Child",-1,"No Child",-1,"No Child",-1,"No Child",-1,"No Child","High School or Some College",36,"Black",0,10147,1,1,1,0,0
"475",3841872682018,101,"3841872682018101",5,2018,"52018",2938.2530091,51,0,100,35,1,0,0,0,0,0,"1",0,"Infant",-1,"No Child",-1,"No Child",-1,"No Child",-1,"No Child",-1,"No Child","High School or Some College",36,"Black",0,10147,1,1,1,0,0
"476",3841872682018,101,"3841872682018101",6,2018,"62018",2901.0473051,51,0,100,35,1,0,0,0,0,0,"1",0,"Infant",-1,"No Child",-1,"No Child",-1,"No Child",-1,"No Child",-1,"No Child","High School or Some College",36,"Black",0,10147,1,1,1,0,0
"477",3841872682018,101,"3841872682018101",7,2018,"72018",2875.1519859,51,0,100,35,1,0,0,0,0,0,"1",0,"Infant",-1,"No Child",-1,"No Child",-1,"No Child",-1,"No Child",-1,"No Child","High School or Some College",36,"Black",0,10147,1,1,1,0,0
"478",3841872682018,101,"3841872682018101",8,2018,"82018",2941.2764824,51,0,100,35,1,0,0,0,0,0,"1",0,"Infant",-1,"No Child",-1,"No Child",-1,"No Child",-1,"No Child",-1,"No Child","High School or Some College",36,"Black",0,10147,1,1,1,0,0
"479",3841872682018,101,"3841872682018101",9,2018,"92018",2903.754278,51,0,100,35,1,0,0,0,0,0,"1",0,"Infant",-1,"No Child",-1,"No Child",-1,"No Child",-1,"No Child",-1,"No Child","High School or Some College",36,"Black",0,10147,1,1,1,0,0
"480",3841872682018,101,"3841872682018101",10,2018,"102018",2964.6472871,51,0,100,35,1,0,0,0,0,0,"1",0,"Infant",-1,"No Child",-1,"No Child",-1,"No Child",-1,"No Child",-1,"No Child","High School or Some College",36,"Black",0,10147,1,1,1,0,0
"481",3841872682018,101,"3841872682018101",11,2018,"112018",3072.5046043,51,0,100,35,1,0,0,0,0,0,"1",0,"Infant",-1,"No Child",-1,"No Child",-1,"No Child",-1,"No Child",-1,"No Child","High School or Some College",36,"Black",0,10147,1,1,1,0,0
"482",3841872682018,101,"3841872682018101",12,2018,"122018",3118.663501,51,0,100,35,1,0,0,0,0,0,"1",0,"Infant",-1,"No Child",-1,"No Child",-1,"No Child",-1,"No Child",-1,"No Child","High School or Some College",36,"Black",0,10147,1,1,1,0,0
"483",3841872682018,102,"3841872682018102",1,2018,"12018",8508.4665082,51,0,100,20,1,0,0,0,0,0,"1",0,"Infant",-1,"No Child",-1,"No Child",-1,"No Child",-1,"No Child",-1,"No Child","High School or Some College",38,"Black",0,1644,1,0,1,0,0
"484",3841872682018,102,"3841872682018102",2,2018,"22018",8469.5395157,51,0,100,20,1,0,0,0,0,0,"1",0,"Infant",-1,"No Child",-1,"No Child",-1,"No Child",-1,"No Child",-1,"No Child","High School or Some College",38,"Black",0,1644,1,0,1,0,0
"485",3841872682018,102,"3841872682018102",3,2018,"32018",8824.3825959,51,0,100,20,1,0,0,0,0,0,"1",0,"Infant",-1,"No Child",-1,"No Child",-1,"No Child",-1,"No Child",-1,"No Child","High School or Some College",38,"Black",0,1644,1,0,1,0,0
"486",3841872682018,102,"3841872682018102",4,2018,"42018",8639.6072834,51,0,100,20,1,0,0,0,0,0,"1",0,"Infant",-1,"No Child",-1,"No Child",-1,"No Child",-1,"No Child",-1,"No Child","High School or Some College",38,"Black",0,1644,1,0,1,0,0
"487",3841872682018,102,"3841872682018102",5,2018,"52018",8712.1712952,51,0,100,20,1,0,0,0,0,0,"1",0,"Infant",-1,"No Child",-1,"No Child",-1,"No Child",-1,"No Child",-1,"No Child","High School or Some College",38,"Black",0,1644,1,0,1,0,0
"488",3841872682018,102,"3841872682018102",6,2018,"62018",8849.3001499,51,0,100,20,1,0,0,0,0,0,"1",0,"Infant",-1,"No Child",-1,"No Child",-1,"No Child",-1,"No Child",-1,"No Child","High School or Some College",38,"Black",0,1644,1,0,1,0,0
"489",3841872682018,102,"3841872682018102",7,2018,"72018",9407.856076,51,0,100,20,1,0,0,0,0,0,"1",0,"Infant",-1,"No Child",-1,"No Child",-1,"No Child",-1,"No Child",-1,"No Child","High School or Some College",38,"Black",0,869,1,0,1,0,0
"490",3841872682018,102,"3841872682018102",8,2018,"82018",9437.7735646,51,0,100,20,1,0,0,0,0,0,"1",0,"Infant",-1,"No Child",-1,"No Child",-1,"No Child",-1,"No Child",-1,"No Child","High School or Some College",38,"Black",0,869,1,0,1,0,0
"491",3841872682018,102,"3841872682018102",9,2018,"92018",9080.4388188,51,0,100,20,1,0,0,0,0,0,"1",0,"Infant",-1,"No Child",-1,"No Child",-1,"No Child",-1,"No Child",-1,"No Child","High School or Some College",38,"Black",0,869,1,0,1,0,0
"492",3841872682018,102,"3841872682018102",10,2018,"102018",9281.9814453,51,0,100,20,1,0,0,0,0,0,"1",0,"Infant",-1,"No Child",-1,"No Child",-1,"No Child",-1,"No Child",-1,"No Child","High School or Some College",38,"Black",0,869,1,0,1,0,0
"493",3841872682018,102,"3841872682018102",11,2018,"112018",9292.1879581,51,0,100,20,1,0,0,0,0,0,"1",0,"Infant",-1,"No Child",-1,"No Child",-1,"No Child",-1,"No Child",-1,"No Child","High School or Some College",38,"Black",0,869,1,0,1,0,0
"494",3841872682018,102,"3841872682018102",12,2018,"122018",9438.1485494,51,0,100,20,1,0,0,0,0,0,"1",0,"Infant",-1,"No Child",-1,"No Child",-1,"No Child",-1,"No Child",-1,"No Child","High School or Some College",38,"Black",0,869,1,0,1,0,0
"495",3841881052218,101,"3841881052218101",1,2018,"12018",7012.4421396,51,1,0,0,1,1,0,0,0,0,"2",4,"Preschool",1,"Infant",-1,"No Child",-1,"No Child",-1,"No Child",-1,"No Child","High School or Some College",27,"White",0,2746,1,1,1,0,0
"496",3841881052218,101,"3841881052218101",2,2018,"22018",6988.1220121,51,1,0,0,1,1,0,0,0,0,"2",4,"Preschool",1,"Infant",-1,"No Child",-1,"No Child",-1,"No Child",-1,"No Child","High School or Some College",27,"White",0,2746,1,1,1,0,0
"497",3841881052218,101,"3841881052218101",3,2018,"32018",7015.2488643,51,1,0,0,1,1,0,0,0,0,"2",4,"Preschool",1,"Infant",-1,"No Child",-1,"No Child",-1,"No Child",-1,"No Child","High School or Some College",27,"White",0,2746,1,1,1,0,0
"498",3841881052218,101,"3841881052218101",4,2018,"42018",7041.8922108,51,1,0,0,1,1,0,0,0,0,"2",4,"Preschool",1,"Infant",-1,"No Child",-1,"No Child",-1,"No Child",-1,"No Child","High School or Some College",27,"White",0,2976,1,1,1,0,0
"499",3841881052218,101,"3841881052218101",5,2018,"52018",7330.8873231,51,1,0,0,1,1,0,0,0,0,"2",4,"Preschool",1,"Infant",-1,"No Child",-1,"No Child",-1,"No Child",-1,"No Child","High School or Some College",27,"White",0,2976,1,1,1,0,0
"500",3841881052218,101,"3841881052218101",6,2018,"62018",7293.0254848,51,1,0,0,1,1,0,0,0,0,"2",4,"Preschool",1,"Infant",-1,"No Child",-1,"No Child",-1,"No Child",-1,"No Child","High School or Some College",27,"White",0,3746,1,1,1,0,0
"501",3841881052218,101,"3841881052218101",7,2018,"72018",7217.9679932,51,1,0,0,1,1,0,0,0,0,"2",4,"Preschool",1,"Infant",-1,"No Child",-1,"No Child",-1,"No Child",-1,"No Child","High School or Some College",27,"White",0,3746,1,1,1,0,0
"502",3841881052218,101,"3841881052218101",8,2018,"82018",7260.6098358,51,1,0,0,1,1,0,0,0,0,"2",4,"Preschool",1,"Infant",-1,"No Child",-1,"No Child",-1,"No Child",-1,"No Child","High School or Some College",27,"White",0,4766,1,1,1,0,0
"503",3841881052218,101,"3841881052218101",9,2018,"92018",7295.3571413,51,1,0,0,1,1,0,0,0,0,"2",4,"Preschool",1,"Infant",-1,"No Child",-1,"No Child",-1,"No Child",-1,"No Child","High School or Some College",27,"White",0,4876,1,1,1,0,0
"504",3841881052218,101,"3841881052218101",10,2018,"102018",7313.4082945,51,1,0,0,1,1,0,0,0,0,"2",4,"Preschool",1,"Infant",-1,"No Child",-1,"No Child",-1,"No Child",-1,"No Child","High School or Some College",27,"White",0,4876,1,1,1,0,0
"505",3841881052218,101,"3841881052218101",11,2018,"112018",7279.8488569,51,1,0,0,1,1,0,0,0,0,"2",4,"Preschool",1,"Infant",-1,"No Child",-1,"No Child",-1,"No Child",-1,"No Child","High School or Some College",27,"White",0,4876,1,1,1,0,0
"506",3841881052218,101,"3841881052218101",12,2018,"122018",7523.9553724,51,1,0,0,1,1,0,0,0,0,"2",4,"Preschool",1,"Infant",-1,"No Child",-1,"No Child",-1,"No Child",-1,"No Child","High School or Some College",27,"White",0,4876,1,1,1,0,0
"507",3841881052218,102,"3841881052218102",1,2018,"12018",5166.5118026,51,0,100,40,1,1,0,0,0,0,"2",4,"Preschool",1,"Infant",-1,"No Child",-1,"No Child",-1,"No Child",-1,"No Child","High School or Some College",32,"White",0,2746,1,0,1,0,0
"508",3841881052218,102,"3841881052218102",2,2018,"22018",5232.6887906,51,0,100,40,1,1,0,0,0,0,"2",4,"Preschool",1,"Infant",-1,"No Child",-1,"No Child",-1,"No Child",-1,"No Child","High School or Some College",32,"White",0,2746,1,0,1,0,0
"509",3841881052218,102,"3841881052218102",3,2018,"32018",5304.025265,51,0,100,40,1,1,0,0,0,0,"2",4,"Preschool",1,"Infant",-1,"No Child",-1,"No Child",-1,"No Child",-1,"No Child","High School or Some College",32,"White",0,2746,1,0,1,0,0
"510",3841881052218,102,"3841881052218102",4,2018,"42018",5363.6916875,51,0,100,40,1,1,0,0,0,0,"2",4,"Preschool",1,"Infant",-1,"No Child",-1,"No Child",-1,"No Child",-1,"No Child","High School or Some College",32,"White",0,2976,1,0,1,0,0
"511",3841881052218,102,"3841881052218102",5,2018,"52018",5305.1671328,51,0,100,40,1,1,0,0,0,0,"2",4,"Preschool",1,"Infant",-1,"No Child",-1,"No Child",-1,"No Child",-1,"No Child","High School or Some College",32,"White",0,2976,1,0,1,0,0
"512",3841881052218,102,"3841881052218102",6,2018,"62018",5353.5598808,51,0,100,40,1,1,0,0,0,0,"2",4,"Preschool",1,"Infant",-1,"No Child",-1,"No Child",-1,"No Child",-1,"No Child","High School or Some College",32,"White",0,3746,1,0,1,0,0
"513",3841881052218,102,"3841881052218102",7,2018,"72018",5422.9711945,51,0,100,40,1,1,0,0,0,0,"2",4,"Preschool",1,"Infant",-1,"No Child",-1,"No Child",-1,"No Child",-1,"No Child","High School or Some College",32,"White",0,3746,1,0,1,0,0
"514",3841881052218,102,"3841881052218102",8,2018,"82018",5406.7127619,51,0,100,40,1,1,0,0,0,0,"2",4,"Preschool",1,"Infant",-1,"No Child",-1,"No Child",-1,"No Child",-1,"No Child","High School or Some College",32,"White",0,4766,1,0,1,0,0
"515",3841881052218,102,"3841881052218102",9,2018,"92018",5409.2676801,51,0,100,40,1,1,0,0,0,0,"2",4,"Preschool",1,"Infant",-1,"No Child",-1,"No Child",-1,"No Child",-1,"No Child","High School or Some College",32,"White",0,4876,1,0,1,0,0
"516",3841881052218,102,"3841881052218102",10,2018,"102018",5554.7984779,51,0,100,40,1,1,0,0,0,0,"2",4,"Preschool",1,"Infant",-1,"No Child",-1,"No Child",-1,"No Child",-1,"No Child","High School or Some College",32,"White",0,4876,1,0,1,0,0
"517",3841881052218,102,"3841881052218102",11,2018,"112018",5528.3756892,51,0,100,40,1,1,0,0,0,0,"2",4,"Preschool",1,"Infant",-1,"No Child",-1,"No Child",-1,"No Child",-1,"No Child","High School or Some College",32,"White",0,4876,1,0,1,0,0
"518",3841881052218,102,"3841881052218102",12,2018,"122018",5418.6198026,51,0,100,40,1,1,0,0,0,0,"2",4,"Preschool",1,"Infant",-1,"No Child",-1,"No Child",-1,"No Child",-1,"No Child","High School or Some College",32,"White",0,4876,1,0,1,0,0
"519",3841881452218,101,"3841881452218101",1,2018,"12018",5201.7234711,51,0,100,40,0,1,0,0,0,0,"1",7,"School Age",3,"Toddler",-1,"No Child",-1,"No Child",-1,"No Child",-1,"No Child","Bachelor’s Degree",45,"Asian",15,13701,0,0,0,0,0
"520",3841881452218,101,"3841881452218101",2,2018,"22018",5157.4719566,51,0,100,40,0,1,0,0,0,0,"1",7,"School Age",3,"Toddler",-1,"No Child",-1,"No Child",-1,"No Child",-1,"No Child","Bachelor’s Degree",45,"Asian",15,13701,0,0,0,0,0
"521",3841881452218,101,"3841881452218101",3,2018,"32018",5172.4975663,51,0,100,40,0,1,0,0,0,0,"1",7,"School Age",3,"Toddler",-1,"No Child",-1,"No Child",-1,"No Child",-1,"No Child","Bachelor’s Degree",45,"Asian",15,13701,0,0,0,0,0
"522",3841881452218,101,"3841881452218101",4,2018,"42018",5180.8866263,51,0,100,40,0,1,0,0,0,0,"1",7,"School Age",3,"Toddler",-1,"No Child",-1,"No Child",-1,"No Child",-1,"No Child","Bachelor’s Degree",45,"Asian",15,13701,0,0,0,0,0
"523",3841881452218,101,"3841881452218101",5,2018,"52018",5510.5347298,51,0,100,40,0,1,0,0,0,0,"1",7,"School Age",3,"Toddler",-1,"No Child",-1,"No Child",-1,"No Child",-1,"No Child","Bachelor’s Degree",45,"Asian",15,13701,0,0,0,0,0
"524",3841881452218,101,"3841881452218101",6,2018,"62018",5434.8242811,51,0,100,40,0,1,0,0,0,0,"1",7,"School Age",3,"Toddler",-1,"No Child",-1,"No Child",-1,"No Child",-1,"No Child","Bachelor’s Degree",45,"Asian",15,13701,0,0,0,0,0
"525",3841881452218,101,"3841881452218101",7,2018,"72018",5405.2100965,51,0,100,40,0,1,0,0,0,0,"1",7,"School Age",3,"Toddler",-1,"No Child",-1,"No Child",-1,"No Child",-1,"No Child","Bachelor’s Degree",45,"Asian",15,13701,0,0,0,0,0
"526",3841881452218,101,"3841881452218101",8,2018,"82018",5412.0258731,51,0,100,40,0,1,0,0,0,0,"1",7,"School Age",3,"Toddler",-1,"No Child",-1,"No Child",-1,"No Child",-1,"No Child","Bachelor’s Degree",45,"Asian",15,13701,0,0,0,0,0
"527",3841881452218,101,"3841881452218101",9,2018,"92018",5399.0111244,51,0,100,40,0,1,0,0,0,0,"1",7,"School Age",3,"Toddler",-1,"No Child",-1,"No Child",-1,"No Child",-1,"No Child","Bachelor’s Degree",45,"Asian",15,13701,0,0,0,0,0
"528",3841881452218,101,"3841881452218101",10,2018,"102018",5357.9909949,51,0,100,40,0,1,0,0,0,0,"1",7,"School Age",3,"Toddler",-1,"No Child",-1,"No Child",-1,"No Child",-1,"No Child","Bachelor’s Degree",45,"Asian",15,13701,0,0,0,0,0
"529",3841881452218,101,"3841881452218101",11,2018,"112018",5280.2661462,51,0,100,40,0,1,0,0,0,0,"1",7,"School Age",3,"Toddler",-1,"No Child",-1,"No Child",-1,"No Child",-1,"No Child","Bachelor’s Degree",45,"Asian",15,13701,0,0,0,0,0
"530",3841881452218,101,"3841881452218101",12,2018,"122018",5314.6702439,51,0,100,40,0,1,0,0,0,0,"1",7,"School Age",3,"Toddler",-1,"No Child",-1,"No Child",-1,"No Child",-1,"No Child","Bachelor’s Degree",45,"Asian",15,13701,0,0,0,0,0
"531",3841881452218,102,"3841881452218102",1,2018,"12018",5201.7234711,51,0,100,38.4,0,1,0,0,0,0,"1",7,"School Age",3,"Toddler",-1,"No Child",-1,"No Child",-1,"No Child",-1,"No Child","Bachelor’s Degree",32,"Asian",0,13701,0,1,0,0,0
"532",3841881452218,102,"3841881452218102",2,2018,"22018",5157.4719566,51,0,100,0,0,1,0,0,0,0,"1",7,"School Age",3,"Toddler",-1,"No Child",-1,"No Child",-1,"No Child",-1,"No Child","Bachelor’s Degree",32,"Asian",0,13701,0,1,0,0,0
"533",3841881452218,102,"3841881452218102",3,2018,"32018",5172.4975663,51,0,100,48,0,1,0,0,0,0,"1",7,"School Age",3,"Toddler",-1,"No Child",-1,"No Child",-1,"No Child",-1,"No Child","Bachelor’s Degree",32,"Asian",0,13701,0,1,0,0,0
"534",3841881452218,102,"3841881452218102",4,2018,"42018",5180.8866263,51,0,100,48,0,1,0,0,0,0,"1",7,"School Age",3,"Toddler",-1,"No Child",-1,"No Child",-1,"No Child",-1,"No Child","Bachelor’s Degree",32,"Asian",0,13701,0,1,0,0,0
"535",3841881452218,102,"3841881452218102",5,2018,"52018",5510.5347298,51,0,100,48,0,1,0,0,0,0,"1",7,"School Age",3,"Toddler",-1,"No Child",-1,"No Child",-1,"No Child",-1,"No Child","Bachelor’s Degree",32,"Asian",0,13701,0,1,0,0,0
"536",3841881452218,102,"3841881452218102",6,2018,"62018",5434.8242811,51,0,100,48,0,1,0,0,0,0,"1",7,"School Age",3,"Toddler",-1,"No Child",-1,"No Child",-1,"No Child",-1,"No Child","Bachelor’s Degree",32,"Asian",0,13701,0,1,0,0,0
"537",3841881452218,102,"3841881452218102",7,2018,"72018",5405.2100965,51,0,100,48,0,1,0,0,0,0,"1",7,"School Age",3,"Toddler",-1,"No Child",-1,"No Child",-1,"No Child",-1,"No Child","Bachelor’s Degree",32,"Asian",0,13701,0,1,0,0,0
"538",3841881452218,102,"3841881452218102",8,2018,"82018",5412.0258731,51,0,100,48,0,1,0,0,0,0,"1",7,"School Age",3,"Toddler",-1,"No Child",-1,"No Child",-1,"No Child",-1,"No Child","Bachelor’s Degree",32,"Asian",0,13701,0,1,0,0,0
"539",3841881452218,102,"3841881452218102",9,2018,"92018",5399.0111244,51,0,100,48,0,1,0,0,0,0,"1",7,"School Age",3,"Toddler",-1,"No Child",-1,"No Child",-1,"No Child",-1,"No Child","Bachelor’s Degree",32,"Asian",0,13701,0,1,0,0,0
"540",3841881452218,102,"3841881452218102",10,2018,"102018",5357.9909949,51,0,100,48,0,1,0,0,0,0,"1",7,"School Age",3,"Toddler",-1,"No Child",-1,"No Child",-1,"No Child",-1,"No Child","Bachelor’s Degree",32,"Asian",0,13701,0,1,0,0,0
"541",3841881452218,102,"3841881452218102",11,2018,"112018",5280.2661462,51,0,100,48,0,1,0,0,0,0,"1",7,"School Age",3,"Toddler",-1,"No Child",-1,"No Child",-1,"No Child",-1,"No Child","Bachelor’s Degree",32,"Asian",0,13701,0,1,0,0,0
"542",3841881452218,102,"3841881452218102",12,2018,"122018",5314.6702439,51,0,100,48,0,1,0,0,0,0,"1",7,"School Age",3,"Toddler",-1,"No Child",-1,"No Child",-1,"No Child",-1,"No Child","Bachelor’s Degree",32,"Asian",0,13701,0,1,0,0,0
"543",3841884953820,103,"3841884953820103",1,2020,"12020",4104.9670328,51,0,100,66,0,0,0,0,1,0,"1",18,"Past Subsidy",17,"Past Subsidy",14,"Past Subsidy",11,"School Age",4,"Preschool",-1,"No Child","Bachelor’s Degree",45,"White",0,14673,0,0,1,0,0
"544",3841884953820,103,"3841884953820103",2,2020,"22020",4083.373731,51,0,100,66,0,0,0,0,1,0,"1",18,"Past Subsidy",17,"Past Subsidy",14,"Past Subsidy",11,"School Age",4,"Preschool",-1,"No Child","Bachelor’s Degree",45,"White",0,14673,0,0,1,0,0
"545",3841884953820,103,"3841884953820103",3,2020,"32020",4128.9362456,51,0,100,66,0,0,0,0,1,0,"1",18,"Past Subsidy",17,"Past Subsidy",14,"Past Subsidy",11,"School Age",4,"Preschool",-1,"No Child","Bachelor’s Degree",45,"White",0,14673,0,0,1,0,0
"546",3841884953820,103,"3841884953820103",4,2020,"42020",4084.6493504,51,0,100,66,0,0,0,0,1,0,"1",18,"Past Subsidy",17,"Past Subsidy",14,"Past Subsidy",11,"School Age",4,"Preschool",-1,"No Child","Bachelor’s Degree",45,"White",0,14673,0,0,1,0,0
"547",3841884953820,103,"3841884953820103",5,2020,"52020",4093.303569,51,0,100,66,0,0,0,0,1,0,"1",18,"Past Subsidy",17,"Past Subsidy",14,"Past Subsidy",11,"School Age",4,"Preschool",-1,"No Child","Bachelor’s Degree",45,"White",0,14689,0,0,1,0,0
"548",3841884953820,103,"3841884953820103",6,2020,"62020",4079.4996377,51,0,100,66,0,0,0,0,1,0,"1",18,"Past Subsidy",17,"Past Subsidy",14,"Past Subsidy",11,"School Age",4,"Preschool",-1,"No Child","Bachelor’s Degree",45,"White",0,14756,0,0,1,0,0
"549",3841884953820,103,"3841884953820103",7,2020,"72020",4057.5530563,51,0,100,55,0,0,0,0,1,0,"1",18,"Past Subsidy",17,"Past Subsidy",14,"Past Subsidy",11,"School Age",4,"Preschool",-1,"No Child","Bachelor’s Degree",45,"White",0,14756,0,0,1,0,0
"550",3841884953820,103,"3841884953820103",8,2020,"82020",4002.6375666,51,0,100,55,0,0,0,0,1,0,"1",18,"Past Subsidy",17,"Past Subsidy",14,"Past Subsidy",11,"School Age",4,"Preschool",-1,"No Child","Bachelor’s Degree",45,"White",0,14756,0,0,1,0,0
"551",3841884953820,103,"3841884953820103",9,2020,"92020",3970.653139,51,0,100,55,0,0,0,0,1,0,"1",18,"Past Subsidy",17,"Past Subsidy",14,"Past Subsidy",11,"School Age",4,"Preschool",-1,"No Child","Bachelor’s Degree",45,"White",0,14756,0,0,1,0,0
"552",3841884953820,103,"3841884953820103",10,2020,"102020",4016.340624,51,0,100,55,0,0,0,0,1,0,"1",18,"Past Subsidy",17,"Past Subsidy",14,"Past Subsidy",11,"School Age",4,"Preschool",-1,"No Child","Bachelor’s Degree",45,"White",0,14756,0,0,1,0,0
"553",3841884953820,103,"3841884953820103",11,2020,"112020",3960.4253751,51,0,100,55,0,0,0,0,1,0,"1",18,"Past Subsidy",17,"Past Subsidy",14,"Past Subsidy",11,"School Age",4,"Preschool",-1,"No Child","Bachelor’s Degree",45,"White",0,14756,0,0,1,0,0
"554",3841884953820,103,"3841884953820103",12,2020,"122020",3956.9138582,51,0,100,55,0,0,0,0,1,0,"1",18,"Past Subsidy",17,"Past Subsidy",14,"Past Subsidy",11,"School Age",4,"Preschool",-1,"No Child","Bachelor’s Degree",45,"White",0,14756,0,0,1,0,0
"555",3841894583218,101,"3841894583218101",1,2018,"12018",7393.9386617,51,0,100,40,0,0,1,0,0,0,"1",17,"Past Subsidy",11,"School Age",2,"Toddler",-1,"No Child",-1,"No Child",-1,"No Child","Bachelor’s Degree",44,"White",6.5,11749,0,1,1,0,0
"556",3841894583218,101,"3841894583218101",2,2018,"22018",7361.5512158,51,0,100,40,0,0,1,0,0,0,"1",17,"Past Subsidy",11,"School Age",2,"Toddler",-1,"No Child",-1,"No Child",-1,"No Child","Bachelor’s Degree",44,"White",6.5,11749,0,1,1,0,0
"557",3841894583218,101,"3841894583218101",3,2018,"32018",7352.7560606,51,0,100,40,0,0,1,0,0,0,"1",17,"Past Subsidy",11,"School Age",2,"Toddler",-1,"No Child",-1,"No Child",-1,"No Child","Bachelor’s Degree",44,"White",6.5,11749,0,1,1,0,0
"558",3841894583218,101,"3841894583218101",4,2018,"42018",7363.0575287,51,0,100,40,0,0,1,0,0,0,"1",17,"Past Subsidy",11,"School Age",2,"Toddler",-1,"No Child",-1,"No Child",-1,"No Child","Bachelor’s Degree",44,"White",6.5,11749,0,1,1,0,0
"559",3841894583218,101,"3841894583218101",5,2018,"52018",7513.6888764,51,0,100,40,0,0,1,0,0,0,"1",17,"Past Subsidy",11,"School Age",2,"Toddler",-1,"No Child",-1,"No Child",-1,"No Child","Bachelor’s Degree",44,"White",6.5,11749,0,1,1,0,0
"560",3841894583218,101,"3841894583218101",6,2018,"62018",7286.6686225,51,0,100,40,0,0,1,0,0,0,"1",17,"Past Subsidy",11,"School Age",2,"Toddler",-1,"No Child",-1,"No Child",-1,"No Child","Bachelor’s Degree",44,"White",6.5,11749,0,1,1,0,0
"561",3841894583218,101,"3841894583218101",7,2018,"72018",7209.9893917,51,0,100,40,0,0,1,0,0,0,"1",17,"Past Subsidy",11,"School Age",2,"Toddler",-1,"No Child",-1,"No Child",-1,"No Child","Bachelor’s Degree",44,"White",6.5,9399,0,1,1,0,0
"562",3841894583218,101,"3841894583218101",8,2018,"82018",7254.2805202,51,0,100,40,0,0,1,0,0,0,"1",17,"Past Subsidy",11,"School Age",2,"Toddler",-1,"No Child",-1,"No Child",-1,"No Child","Bachelor’s Degree",44,"White",6.5,9399,0,1,1,0,0
"563",3841894583218,101,"3841894583218101",9,2018,"92018",7252.5087986,51,0,100,40,0,0,1,0,0,0,"1",17,"Past Subsidy",11,"School Age",2,"Toddler",-1,"No Child",-1,"No Child",-1,"No Child","Bachelor’s Degree",44,"White",6.5,9499,0,1,1,0,0
"564",3841894583218,101,"3841894583218101",10,2018,"102018",7264.987773,51,0,100,40,0,0,1,0,0,0,"1",17,"Past Subsidy",11,"School Age",2,"Toddler",-1,"No Child",-1,"No Child",-1,"No Child","Bachelor’s Degree",44,"White",6.5,9399,0,1,1,0,0
"565",3841894583218,101,"3841894583218101",11,2018,"112018",7159.3013585,51,0,100,40,0,0,1,0,0,0,"1",17,"Past Subsidy",11,"School Age",2,"Toddler",-1,"No Child",-1,"No Child",-1,"No Child","Bachelor’s Degree",44,"White",6.5,9499,0,1,1,0,0
"566",3841894583218,101,"3841894583218101",12,2018,"122018",7231.5477681,51,0,100,40,0,0,1,0,0,0,"1",17,"Past Subsidy",11,"School Age",2,"Toddler",-1,"No Child",-1,"No Child",-1,"No Child","Bachelor’s Degree",44,"White",6.5,9499,0,1,1,0,0
"567",3841894583218,102,"3841894583218102",1,2018,"12018",6015.6445382,51,0,100,40,1,0,0,0,0,0,"1",2,"Toddler",-1,"No Child",-1,"No Child",-1,"No Child",-1,"No Child",-1,"No Child","High School or Some College",33,"White",0,11749,0,0,1,0,0
"568",3841894583218,102,"3841894583218102",2,2018,"22018",6092.6979258,51,0,100,40,1,0,0,0,0,0,"1",2,"Toddler",-1,"No Child",-1,"No Child",-1,"No Child",-1,"No Child",-1,"No Child","High School or Some College",33,"White",0,11749,0,0,1,0,0
"569",3841894583218,102,"3841894583218102",3,2018,"32018",6175.7587779,51,0,100,40,1,0,0,0,0,0,"1",2,"Toddler",-1,"No Child",-1,"No Child",-1,"No Child",-1,"No Child",-1,"No Child","High School or Some College",33,"White",0,11749,0,0,1,0,0
"570",3841894583218,102,"3841894583218102",4,2018,"42018",6245.2315677,51,0,100,40,1,0,0,0,0,0,"1",2,"Toddler",-1,"No Child",-1,"No Child",-1,"No Child",-1,"No Child",-1,"No Child","High School or Some College",33,"White",0,11749,0,0,1,0,0
"571",3841894583218,102,"3841894583218102",5,2018,"52018",6177.0883153,51,0,100,40,1,0,0,0,0,0,"1",2,"Toddler",-1,"No Child",-1,"No Child",-1,"No Child",-1,"No Child",-1,"No Child","High School or Some College",33,"White",0,11749,0,0,1,0,0
"572",3841894583218,102,"3841894583218102",6,2018,"62018",6233.4345662,51,0,100,40,1,0,0,0,0,0,"1",2,"Toddler",-1,"No Child",-1,"No Child",-1,"No Child",-1,"No Child",-1,"No Child","High School or Some College",33,"White",0,11749,0,0,1,0,0
"573",3841894583218,102,"3841894583218102",7,2018,"72018",6314.2538512,51,0,100,40,1,0,0,0,0,0,"1",2,"Toddler",-1,"No Child",-1,"No Child",-1,"No Child",-1,"No Child",-1,"No Child","High School or Some College",33,"White",0,9399,0,0,1,0,0
"574",3841894583218,102,"3841894583218102",8,2018,"82018",6295.3232933,51,0,100,40,1,0,0,0,0,0,"1",2,"Toddler",-1,"No Child",-1,"No Child",-1,"No Child",-1,"No Child",-1,"No Child","High School or Some College",33,"White",0,9399,0,0,1,0,0
"575",3841894583218,102,"3841894583218102",9,2018,"92018",6298.2981205,51,0,100,40,1,0,0,0,0,0,"1",2,"Toddler",-1,"No Child",-1,"No Child",-1,"No Child",-1,"No Child",-1,"No Child","High School or Some College",33,"White",0,9499,0,0,1,0,0
"576",3841894583218,102,"3841894583218102",10,2018,"102018",6467.7473703,51,0,100,40,1,0,0,0,0,0,"1",2,"Toddler",-1,"No Child",-1,"No Child",-1,"No Child",-1,"No Child",-1,"No Child","High School or Some College",33,"White",0,9399,0,0,1,0,0
"577",3841894583218,102,"3841894583218102",11,2018,"112018",6436.9819117,51,0,100,40,1,0,0,0,0,0,"1",2,"Toddler",-1,"No Child",-1,"No Child",-1,"No Child",-1,"No Child",-1,"No Child","High School or Some College",33,"White",0,9499,0,0,1,0,0
"578",3841894583218,102,"3841894583218102",12,2018,"122018",6309.1872942,51,0,100,40,1,0,0,0,0,0,"1",2,"Toddler",-1,"No Child",-1,"No Child",-1,"No Child",-1,"No Child",-1,"No Child","High School or Some College",33,"White",0,9499,0,0,1,0,0
"579",3855540655518,101,"3855540655518101",1,2018,"12018",4314.3177638,51,0,100,40,1,0,0,0,0,0,"1",0,"Infant",-1,"No Child",-1,"No Child",-1,"No Child",-1,"No Child",-1,"No Child","Graduate or Professional Degree",38,"White",19.2,14099,0,0,0,0,0
"580",3855540655518,101,"3855540655518101",2,2018,"22018",4309.3392822,51,0,100,40,1,0,0,0,0,0,"1",0,"Infant",-1,"No Child",-1,"No Child",-1,"No Child",-1,"No Child",-1,"No Child","Graduate or Professional Degree",38,"White",19.2,14099,0,0,0,0,0
"581",3855540655518,101,"3855540655518101",3,2018,"32018",4349.4914476,51,0,100,40,1,0,0,0,0,0,"1",0,"Infant",-1,"No Child",-1,"No Child",-1,"No Child",-1,"No Child",-1,"No Child","Graduate or Professional Degree",38,"White",19.2,14099,0,0,0,0,0
"582",3855540655518,101,"3855540655518101",4,2018,"42018",4370.85187,51,0,100,40,1,0,0,0,0,0,"1",0,"Infant",-1,"No Child",-1,"No Child",-1,"No Child",-1,"No Child",-1,"No Child","Graduate or Professional Degree",38,"White",19.2,14099,0,0,0,0,0
"583",3855540655518,101,"3855540655518101",5,2018,"52018",4481.9333127,51,0,100,40,1,0,0,0,0,0,"1",0,"Infant",-1,"No Child",-1,"No Child",-1,"No Child",-1,"No Child",-1,"No Child","Graduate or Professional Degree",38,"White",19.2,14099,0,0,0,0,0
"584",3855540655518,101,"3855540655518101",6,2018,"62018",4461.0845123,51,0,100,40,1,0,0,0,0,0,"1",0,"Infant",-1,"No Child",-1,"No Child",-1,"No Child",-1,"No Child",-1,"No Child","Graduate or Professional Degree",38,"White",19.2,14099,0,0,0,0,0
"585",3855540655518,101,"3855540655518101",7,2018,"72018",4424.1219179,51,0,100,40,1,0,0,0,0,0,"1",0,"Infant",-1,"No Child",-1,"No Child",-1,"No Child",-1,"No Child",-1,"No Child","Graduate or Professional Degree",38,"White",19.2,14099,0,0,0,0,0
"586",3855540655518,101,"3855540655518101",8,2018,"82018",4418.4065062,51,0,100,40,1,0,0,0,0,0,"1",0,"Infant",-1,"No Child",-1,"No Child",-1,"No Child",-1,"No Child",-1,"No Child","Graduate or Professional Degree",38,"White",19.2,14099,0,0,0,0,0
"587",3855540655518,101,"3855540655518101",9,2018,"92018",4417.338431,51,0,100,40,1,0,0,0,0,0,"1",0,"Infant",-1,"No Child",-1,"No Child",-1,"No Child",-1,"No Child",-1,"No Child","Graduate or Professional Degree",38,"White",19.2,14099,0,0,0,0,0
"588",3855540655518,101,"3855540655518101",10,2018,"102018",4477.3098194,51,0,100,40,1,0,0,0,0,0,"1",0,"Infant",-1,"No Child",-1,"No Child",-1,"No Child",-1,"No Child",-1,"No Child","Graduate or Professional Degree",38,"White",19.2,14099,0,0,0,0,0
"589",3855540655518,101,"3855540655518101",11,2018,"112018",4445.5708734,51,0,100,40,1,0,0,0,0,0,"1",0,"Infant",-1,"No Child",-1,"No Child",-1,"No Child",-1,"No Child",-1,"No Child","Graduate or Professional Degree",38,"White",19.2,14099,0,0,0,0,0
"590",3855540655518,101,"3855540655518101",12,2018,"122018",4465.5204491,51,0,100,40,1,0,0,0,0,0,"1",0,"Infant",-1,"No Child",-1,"No Child",-1,"No Child",-1,"No Child",-1,"No Child","Graduate or Professional Degree",38,"White",19.2,14099,0,0,0,0,0
"591",3855540655518,102,"3855540655518102",1,2018,"12018",4314.3177638,51,0,100,40,1,0,0,0,0,0,"1",0,"Infant",-1,"No Child",-1,"No Child",-1,"No Child",-1,"No Child",-1,"No Child","Bachelor’s Degree",37,"White",0,14099,0,1,0,0,0
"592",3855540655518,102,"3855540655518102",2,2018,"22018",4309.3392822,51,0,100,40,1,0,0,0,0,0,"1",0,"Infant",-1,"No Child",-1,"No Child",-1,"No Child",-1,"No Child",-1,"No Child","Bachelor’s Degree",37,"White",0,14099,0,1,0,0,0
"593",3855540655518,102,"3855540655518102",3,2018,"32018",4349.4914476,51,0,100,40,1,0,0,0,0,0,"1",0,"Infant",-1,"No Child",-1,"No Child",-1,"No Child",-1,"No Child",-1,"No Child","Bachelor’s Degree",37,"White",0,14099,0,1,0,0,0
"594",3855540655518,102,"3855540655518102",4,2018,"42018",4370.85187,51,0,100,40,1,0,0,0,0,0,"1",0,"Infant",-1,"No Child",-1,"No Child",-1,"No Child",-1,"No Child",-1,"No Child","Bachelor’s Degree",37,"White",0,14099,0,1,0,0,0
"595",3855540655518,102,"3855540655518102",5,2018,"52018",4481.9333127,51,0,100,40,1,0,0,0,0,0,"1",0,"Infant",-1,"No Child",-1,"No Child",-1,"No Child",-1,"No Child",-1,"No Child","Bachelor’s Degree",37,"White",0,14099,0,1,0,0,0
"596",3855540655518,102,"3855540655518102",6,2018,"62018",4461.0845123,51,0,100,40,1,0,0,0,0,0,"1",0,"Infant",-1,"No Child",-1,"No Child",-1,"No Child",-1,"No Child",-1,"No Child","Bachelor’s Degree",37,"White",0,14099,0,1,0,0,0
"597",3855540655518,102,"3855540655518102",7,2018,"72018",4424.1219179,51,0,100,40,1,0,0,0,0,0,"1",0,"Infant",-1,"No Child",-1,"No Child",-1,"No Child",-1,"No Child",-1,"No Child","Bachelor’s Degree",37,"White",0,14099,0,1,0,0,0
"598",3855540655518,102,"3855540655518102",8,2018,"82018",4418.4065062,51,0,100,40,1,0,0,0,0,0,"1",0,"Infant",-1,"No Child",-1,"No Child",-1,"No Child",-1,"No Child",-1,"No Child","Bachelor’s Degree",37,"White",0,14099,0,1,0,0,0
"599",3855540655518,102,"3855540655518102",9,2018,"92018",4417.338431,51,0,100,40,1,0,0,0,0,0,"1",0,"Infant",-1,"No Child",-1,"No Child",-1,"No Child",-1,"No Child",-1,"No Child","Bachelor’s Degree",37,"White",0,14099,0,1,0,0,0
"600",3855540655518,102,"3855540655518102",10,2018,"102018",4477.3098194,51,0,100,40,1,0,0,0,0,0,"1",0,"Infant",-1,"No Child",-1,"No Child",-1,"No Child",-1,"No Child",-1,"No Child","Bachelor’s Degree",37,"White",0,14099,0,1,0,0,0
"601",3855540655518,102,"3855540655518102",11,2018,"112018",4445.5708734,51,0,100,40,1,0,0,0,0,0,"1",0,"Infant",-1,"No Child",-1,"No Child",-1,"No Child",-1,"No Child",-1,"No Child","Bachelor’s Degree",37,"White",0,14099,0,1,0,0,0
"602",3855540655518,102,"3855540655518102",12,2018,"122018",4465.5204491,51,0,100,40,1,0,0,0,0,0,"1",0,"Infant",-1,"No Child",-1,"No Child",-1,"No Child",-1,"No Child",-1,"No Child","Bachelor’s Degree",37,"White",0,14099,0,1,0,0,0
"603",3855584905120,101,"3855584905120101",1,2020,"12020",14561.219827,51,0,0,0,0,0,1,0,0,0,"1",14,"Past Subsidy",9,"School Age",3,"Toddler",-1,"No Child",-1,"No Child",-1,"No Child","No High School Diploma",31,"White",0,2738,0,1,0,0,0
"604",3855584905120,101,"3855584905120101",2,2020,"22020",14568.158389,51,0,0,0,0,0,1,0,0,0,"1",14,"Past Subsidy",9,"School Age",3,"Toddler",-1,"No Child",-1,"No Child",-1,"No Child","No High School Diploma",31,"White",0,2738,0,1,0,0,0
"605",3855584905120,101,"3855584905120101",3,2020,"32020",14621.541734,51,0,0,0,0,0,1,0,0,0,"1",14,"Past Subsidy",9,"School Age",3,"Toddler",-1,"No Child",-1,"No Child",-1,"No Child","No High School Diploma",31,"White",0,2738,0,1,0,0,0
"606",3855584905120,101,"3855584905120101",4,2020,"42020",14457.0497,51,0,0,0,0,0,1,0,0,0,"1",14,"Past Subsidy",9,"School Age",3,"Toddler",-1,"No Child",-1,"No Child",-1,"No Child","No High School Diploma",31,"White",0,2738,0,1,0,0,0
"607",3855584905120,101,"3855584905120101",5,2020,"52020",14707.254799,51,0,0,0,0,0,1,0,0,0,"1",14,"Past Subsidy",9,"School Age",3,"Toddler",-1,"No Child",-1,"No Child",-1,"No Child","No High School Diploma",31,"White",0,2738,0,1,0,0,0
"608",3855584905120,101,"3855584905120101",6,2020,"62020",14639.930913,51,0,0,0,0,0,1,0,0,0,"1",14,"Past Subsidy",9,"School Age",3,"Toddler",-1,"No Child",-1,"No Child",-1,"No Child","No High School Diploma",31,"White",0,2738,0,1,0,0,0
"609",3855584905120,101,"3855584905120101",7,2020,"72020",14601.730332,51,0,0,0,0,0,1,0,0,0,"1",14,"Past Subsidy",9,"School Age",3,"Toddler",-1,"No Child",-1,"No Child",-1,"No Child","No High School Diploma",31,"White",0,2738,0,1,0,0,0
"610",3855584905120,101,"3855584905120101",8,2020,"82020",14608.763825,51,0,0,0,0,0,1,0,0,0,"1",14,"Past Subsidy",9,"School Age",3,"Toddler",-1,"No Child",-1,"No Child",-1,"No Child","No High School Diploma",31,"White",0,2738,0,1,0,0,0
"611",3855584905120,101,"3855584905120101",9,2020,"92020",14483.316609,51,0,0,0,0,0,1,0,0,0,"1",14,"Past Subsidy",9,"School Age",3,"Toddler",-1,"No Child",-1,"No Child",-1,"No Child","No High School Diploma",31,"White",0,2738,0,1,0,0,0
"612",3855584905120,101,"3855584905120101",10,2020,"102020",14737.165545,51,0,0,0,0,0,1,0,0,0,"1",14,"Past Subsidy",9,"School Age",3,"Toddler",-1,"No Child",-1,"No Child",-1,"No Child","No High School Diploma",31,"White",0,2738,0,1,0,0,0
"613",3855584905120,101,"3855584905120101",11,2020,"112020",14748.144927,51,0,0,0,0,0,1,0,0,0,"1",14,"Past Subsidy",9,"School Age",3,"Toddler",-1,"No Child",-1,"No Child",-1,"No Child","No High School Diploma",31,"White",0,2738,0,1,0,0,0
"614",3855584905120,101,"3855584905120101",12,2020,"122020",14839.974871,51,0,0,0,0,0,1,0,0,0,"1",14,"Past Subsidy",9,"School Age",3,"Toddler",-1,"No Child",-1,"No Child",-1,"No Child","No High School Diploma",31,"White",0,2738,0,1,0,0,0
"615",3855584905120,102,"3855584905120102",1,2020,"12020",14561.219827,51,0,100,35,0,0,0,1,0,0,"1",19,"Past Subsidy",14,"Past Subsidy",9,"School Age",3,"Toddler",-1,"No Child",-1,"No Child","No High School Diploma",38,"White",0,2738,0,0,0,0,0
"616",3855584905120,102,"3855584905120102",2,2020,"22020",14568.158389,51,0,100,35,0,0,0,1,0,0,"1",19,"Past Subsidy",14,"Past Subsidy",9,"School Age",3,"Toddler",-1,"No Child",-1,"No Child","No High School Diploma",38,"White",0,2738,0,0,0,0,0
"617",3855584905120,102,"3855584905120102",3,2020,"32020",14621.541734,51,0,100,35,0,0,0,1,0,0,"1",19,"Past Subsidy",14,"Past Subsidy",9,"School Age",3,"Toddler",-1,"No Child",-1,"No Child","No High School Diploma",38,"White",0,2738,0,0,0,0,0
"618",3855584905120,102,"3855584905120102",4,2020,"42020",14457.0497,51,0,100,35,0,0,0,1,0,0,"1",19,"Past Subsidy",14,"Past Subsidy",9,"School Age",3,"Toddler",-1,"No Child",-1,"No Child","No High School Diploma",38,"White",0,2738,0,0,0,0,0
"619",3855584905120,102,"3855584905120102",5,2020,"52020",14707.254799,51,0,100,35,0,0,0,1,0,0,"1",19,"Past Subsidy",14,"Past Subsidy",9,"School Age",3,"Toddler",-1,"No Child",-1,"No Child","No High School Diploma",38,"White",0,2738,0,0,0,0,0
"620",3855584905120,102,"3855584905120102",6,2020,"62020",14639.930913,51,0,100,35,0,0,0,1,0,0,"1",19,"Past Subsidy",14,"Past Subsidy",9,"School Age",3,"Toddler",-1,"No Child",-1,"No Child","No High School Diploma",38,"White",0,2738,0,0,0,0,0
"621",3855584905120,102,"3855584905120102",7,2020,"72020",14601.730332,51,0,100,35,0,0,0,1,0,0,"1",19,"Past Subsidy",14,"Past Subsidy",9,"School Age",3,"Toddler",-1,"No Child",-1,"No Child","No High School Diploma",38,"White",0,2738,0,0,0,0,0
"622",3855584905120,102,"3855584905120102",8,2020,"82020",14608.763825,51,0,100,35,0,0,0,1,0,0,"1",19,"Past Subsidy",14,"Past Subsidy",9,"School Age",3,"Toddler",-1,"No Child",-1,"No Child","No High School Diploma",38,"White",0,2738,0,0,0,0,0
"623",3855584905120,102,"3855584905120102",9,2020,"92020",14483.316609,51,0,100,35,0,0,0,1,0,0,"1",19,"Past Subsidy",14,"Past Subsidy",9,"School Age",3,"Toddler",-1,"No Child",-1,"No Child","No High School Diploma",38,"White",0,2738,0,0,0,0,0
"624",3855584905120,102,"3855584905120102",10,2020,"102020",14737.165545,51,0,100,35,0,0,0,1,0,0,"1",19,"Past Subsidy",14,"Past Subsidy",9,"School Age",3,"Toddler",-1,"No Child",-1,"No Child","No High School Diploma",38,"White",0,2738,0,0,0,0,0
"625",3855584905120,102,"3855584905120102",11,2020,"112020",14748.144927,51,0,100,35,0,0,0,1,0,0,"1",19,"Past Subsidy",14,"Past Subsidy",9,"School Age",3,"Toddler",-1,"No Child",-1,"No Child","No High School Diploma",38,"White",0,2738,0,0,0,0,0
"626",3855584905120,102,"3855584905120102",12,2020,"122020",14839.974871,51,0,100,35,0,0,0,1,0,0,"1",19,"Past Subsidy",14,"Past Subsidy",9,"School Age",3,"Toddler",-1,"No Child",-1,"No Child","No High School Diploma",38,"White",0,2738,0,0,0,0,0
"627",3861004956120,102,"3861004956120102",1,2020,"12020",5072.809709,51,0,100,40,1,0,0,0,0,0,"1",3,"Toddler",-1,"No Child",-1,"No Child",-1,"No Child",-1,"No Child",-1,"No Child","High School or Some College",43,"White",0,5814,0,0,1,0,0
"628",3861004956120,102,"3861004956120102",2,2020,"22020",5046.1252776,51,0,100,40,1,0,0,0,0,0,"1",3,"Toddler",-1,"No Child",-1,"No Child",-1,"No Child",-1,"No Child",-1,"No Child","High School or Some College",43,"White",0,5814,0,0,1,0,0
"629",3861004956120,102,"3861004956120102",3,2020,"32020",5102.4302284,51,0,100,40,1,0,0,0,0,0,"1",3,"Toddler",-1,"No Child",-1,"No Child",-1,"No Child",-1,"No Child",-1,"No Child","High School or Some College",43,"White",0,5814,0,0,1,0,0
"630",3861004956120,102,"3861004956120102",4,2020,"42020",5047.7016544,51,0,100,40,1,0,0,0,0,0,"1",3,"Toddler",-1,"No Child",-1,"No Child",-1,"No Child",-1,"No Child",-1,"No Child","High School or Some College",43,"White",0,5814,0,0,1,0,0
"631",3861004956120,102,"3861004956120102",5,2020,"52020",5058.3963089,51,0,100,8,1,0,0,0,0,0,"1",3,"Toddler",-1,"No Child",-1,"No Child",-1,"No Child",-1,"No Child",-1,"No Child","High School or Some College",43,"White",0,3543,0,0,1,0,0
"632",3861004956120,102,"3861004956120102",6,2020,"62020",5041.3377756,51,0,100,0,1,0,0,0,0,0,"1",3,"Toddler",-1,"No Child",-1,"No Child",-1,"No Child",-1,"No Child",-1,"No Child","High School or Some College",43,"White",0,3207,0,0,1,0,0
"633",3861004956120,102,"3861004956120102",7,2020,"72020",5014.2167707,51,0,100,0,1,0,0,0,0,0,"1",3,"Toddler",-1,"No Child",-1,"No Child",-1,"No Child",-1,"No Child",-1,"No Child","High School or Some College",43,"White",0,3207,0,0,1,0,0
"634",3861004956120,102,"3861004956120102",8,2020,"82020",4946.3536606,51,0,100,40,1,0,0,0,0,0,"1",3,"Toddler",-1,"No Child",-1,"No Child",-1,"No Child",-1,"No Child",-1,"No Child","High School or Some College",43,"White",0,5562,0,0,1,0,0
"635",3861004956120,102,"3861004956120102",9,2020,"92020",4906.8281508,51,0,100,40,1,0,0,0,0,0,"1",3,"Toddler",-1,"No Child",-1,"No Child",-1,"No Child",-1,"No Child",-1,"No Child","High School or Some College",43,"White",0,5814,0,0,1,0,0
"636",3861004956120,102,"3861004956120102",10,2020,"102020",4963.2875366,51,0,100,40,1,0,0,0,0,0,"1",3,"Toddler",-1,"No Child",-1,"No Child",-1,"No Child",-1,"No Child",-1,"No Child","High School or Some College",43,"White",0,5814,0,0,1,0,0
"637",3861004956120,102,"3861004956120102",11,2020,"112020",4894.1889506,51,0,100,40,1,0,0,0,0,0,"1",3,"Toddler",-1,"No Child",-1,"No Child",-1,"No Child",-1,"No Child",-1,"No Child","High School or Some College",43,"White",0,5814,0,0,1,0,0
"638",3861004956120,102,"3861004956120102",12,2020,"122020",4889.8495109,51,0,100,40,1,0,0,0,0,0,"1",3,"Toddler",-1,"No Child",-1,"No Child",-1,"No Child",-1,"No Child",-1,"No Child","High School or Some College",43,"White",0,5814,0,0,1,0,0
"639",3861004972420,101,"3861004972420101",1,2020,"12020",3893.9057267,51,0,100,40,0,1,0,0,0,0,"1",13,"School Age",2,"Toddler",-1,"No Child",-1,"No Child",-1,"No Child",-1,"No Child","High School or Some College",38,"White",0,14765,0,1,0,0,0
"640",3861004972420,101,"3861004972420101",2,2020,"22020",3890.7841381,51,0,100,40,0,1,0,0,0,0,"1",13,"School Age",2,"Toddler",-1,"No Child",-1,"No Child",-1,"No Child",-1,"No Child","High School or Some College",38,"White",0,14765,0,1,0,0,0
"641",3861004972420,101,"3861004972420101",3,2020,"32020",3927.0364259,51,0,100,40,0,1,0,0,0,0,"1",13,"School Age",2,"Toddler",-1,"No Child",-1,"No Child",-1,"No Child",-1,"No Child","High School or Some College",38,"White",0,14765,0,1,0,0,0
"642",3861004972420,101,"3861004972420101",4,2020,"42020",3946.322165,51,0,100,40,0,1,0,0,0,0,"1",13,"School Age",2,"Toddler",-1,"No Child",-1,"No Child",-1,"No Child",-1,"No Child","High School or Some College",38,"White",0,14765,0,1,0,0,0
"643",3861004972420,101,"3861004972420101",5,2020,"52020",4046.6145502,51,0,100,40,0,1,0,0,0,0,"1",13,"School Age",2,"Toddler",-1,"No Child",-1,"No Child",-1,"No Child",-1,"No Child","High School or Some College",38,"White",0,14822,0,1,0,0,0
"644",3861004972420,101,"3861004972420101",6,2020,"62020",4027.7907406,51,0,100,40,0,1,0,0,0,0,"1",13,"School Age",2,"Toddler",-1,"No Child",-1,"No Child",-1,"No Child",-1,"No Child","High School or Some College",38,"White",0,15211,0,1,0,0,0
"645",3861004972420,101,"3861004972420101",7,2020,"72020",3994.4182288,51,0,100,40,0,1,0,0,0,0,"1",13,"School Age",2,"Toddler",-1,"No Child",-1,"No Child",-1,"No Child",-1,"No Child","High School or Some College",38,"White",0,15267,0,1,0,0,0
"646",3861004972420,101,"3861004972420101",8,2020,"82020",3989.2579405,51,0,100,40,0,1,0,0,0,0,"1",13,"School Age",2,"Toddler",-1,"No Child",-1,"No Child",-1,"No Child",-1,"No Child","High School or Some College",38,"White",0,15267,0,1,0,0,0
"647",3861004972420,101,"3861004972420101",9,2020,"92020",3988.2936047,51,0,100,40,0,1,0,0,0,0,"1",13,"School Age",2,"Toddler",-1,"No Child",-1,"No Child",-1,"No Child",-1,"No Child","High School or Some College",38,"White",0,15267,0,1,0,0,0
"648",3861004972420,101,"3861004972420101",10,2020,"102020",4042.440125,51,0,100,40,0,1,0,0,0,0,"1",13,"School Age",2,"Toddler",-1,"No Child",-1,"No Child",-1,"No Child",-1,"No Child","High School or Some College",38,"White",0,15267,0,1,0,0,0
"649",3861004972420,101,"3861004972420101",11,2020,"112020",4013.7839019,51,0,100,40,0,1,0,0,0,0,"1",13,"School Age",2,"Toddler",-1,"No Child",-1,"No Child",-1,"No Child",-1,"No Child","High School or Some College",38,"White",0,15267,0,1,0,0,0
"650",3861004972420,101,"3861004972420101",12,2020,"122020",4031.7958262,51,0,100,40,0,1,0,0,0,0,"1",13,"School Age",2,"Toddler",-1,"No Child",-1,"No Child",-1,"No Child",-1,"No Child","High School or Some College",38,"White",0,15267,0,1,0,0,0
"651",3861004972420,102,"3861004972420102",1,2020,"12020",3893.9057267,51,0,100,30,1,0,0,0,0,0,"1",2,"Toddler",-1,"No Child",-1,"No Child",-1,"No Child",-1,"No Child",-1,"No Child","High School or Some College",36,"White",0,14765,0,0,0,0,0
"652",3861004972420,102,"3861004972420102",2,2020,"22020",3890.7841381,51,0,100,30,1,0,0,0,0,0,"1",2,"Toddler",-1,"No Child",-1,"No Child",-1,"No Child",-1,"No Child",-1,"No Child","High School or Some College",36,"White",0,14765,0,0,0,0,0
"653",3861004972420,102,"3861004972420102",3,2020,"32020",3927.0364259,51,0,100,30,1,0,0,0,0,0,"1",2,"Toddler",-1,"No Child",-1,"No Child",-1,"No Child",-1,"No Child",-1,"No Child","High School or Some College",36,"White",0,14765,0,0,0,0,0
"654",3861004972420,102,"3861004972420102",4,2020,"42020",3946.322165,51,0,100,30,1,0,0,0,0,0,"1",2,"Toddler",-1,"No Child",-1,"No Child",-1,"No Child",-1,"No Child",-1,"No Child","High School or Some College",36,"White",0,14765,0,0,0,0,0
"655",3861004972420,102,"3861004972420102",5,2020,"52020",4046.6145502,51,0,100,30,1,0,0,0,0,0,"1",2,"Toddler",-1,"No Child",-1,"No Child",-1,"No Child",-1,"No Child",-1,"No Child","High School or Some College",36,"White",0,14822,0,0,0,0,0
"656",3861004972420,102,"3861004972420102",6,2020,"62020",4027.7907406,51,0,100,30,1,0,0,0,0,0,"1",2,"Toddler",-1,"No Child",-1,"No Child",-1,"No Child",-1,"No Child",-1,"No Child","High School or Some College",36,"White",0,15211,0,0,0,0,0
"657",3861004972420,102,"3861004972420102",7,2020,"72020",3994.4182288,51,0,100,30,1,0,0,0,0,0,"1",2,"Toddler",-1,"No Child",-1,"No Child",-1,"No Child",-1,"No Child",-1,"No Child","High School or Some College",36,"White",0,15267,0,0,0,0,0
"658",3861004972420,102,"3861004972420102",8,2020,"82020",3989.2579405,51,0,100,30,1,0,0,0,0,0,"1",2,"Toddler",-1,"No Child",-1,"No Child",-1,"No Child",-1,"No Child",-1,"No Child","High School or Some College",36,"White",0,15267,0,0,0,0,0
"659",3861004972420,102,"3861004972420102",9,2020,"92020",3988.2936047,51,0,100,30,1,0,0,0,0,0,"1",2,"Toddler",-1,"No Child",-1,"No Child",-1,"No Child",-1,"No Child",-1,"No Child","High School or Some College",36,"White",0,15267,0,0,0,0,0
"660",3861004972420,102,"3861004972420102",10,2020,"102020",4042.440125,51,0,100,30,1,0,0,0,0,0,"1",2,"Toddler",-1,"No Child",-1,"No Child",-1,"No Child",-1,"No Child",-1,"No Child","High School or Some College",36,"White",0,15267,0,0,0,0,0
"661",3861004972420,102,"3861004972420102",11,2020,"112020",4013.7839019,51,0,100,30,1,0,0,0,0,0,"1",2,"Toddler",-1,"No Child",-1,"No Child",-1,"No Child",-1,"No Child",-1,"No Child","High School or Some College",36,"White",0,15267,0,0,0,0,0
"662",3861004972420,102,"3861004972420102",12,2020,"122020",4031.7958262,51,0,100,30,1,0,0,0,0,0,"1",2,"Toddler",-1,"No Child",-1,"No Child",-1,"No Child",-1,"No Child",-1,"No Child","High School or Some College",36,"White",0,15267,0,0,0,0,0
"663",3861027433820,101,"3861027433820101",1,2020,"12020",4903.1306839,51,0,100,0,0,1,0,0,0,0,"1",7,"School Age",5,"Preschool",-1,"No Child",-1,"No Child",-1,"No Child",-1,"No Child","High School or Some College",33,"White",0,1,0,0,0,0,0
"664",3861027433820,101,"3861027433820101",2,2020,"22020",4826.9961554,51,0,100,49.5,0,1,0,0,0,0,"1",7,"School Age",5,"Preschool",-1,"No Child",-1,"No Child",-1,"No Child",-1,"No Child","High School or Some College",33,"White",0,10617,0,0,0,0,0
"665",3861027433820,101,"3861027433820101",3,2020,"32020",4876.3769378,51,0,100,0,0,1,0,0,0,0,"1",7,"School Age",5,"Preschool",-1,"No Child",-1,"No Child",-1,"No Child",-1,"No Child","High School or Some College",33,"White",0,1,0,0,0,0,0
"666",3861027433820,101,"3861027433820101",4,2020,"42020",4886.3615401,51,0,100,0,0,1,0,0,0,0,"1",7,"School Age",5,"Preschool",-1,"No Child",-1,"No Child",-1,"No Child",-1,"No Child","High School or Some College",33,"White",0,1,0,0,0,0,0
"667",3861027433820,101,"3861027433820101",5,2020,"52020",4910.3872139,51,0,100,0,0,1,0,0,0,0,"1",7,"School Age",5,"Preschool",-1,"No Child",-1,"No Child",-1,"No Child",-1,"No Child","High School or Some College",33,"White",0,1,0,0,0,0,0
"668",3861027433820,101,"3861027433820101",6,2020,"62020",4855.3227201,51,0,100,0,0,1,0,0,0,0,"1",7,"School Age",5,"Preschool",-1,"No Child",-1,"No Child",-1,"No Child",-1,"No Child","High School or Some College",33,"White",0,1,0,0,0,0,0
"669",3861027433820,101,"3861027433820101",7,2020,"72020",4886.5762851,51,0,100,0,0,1,0,0,0,0,"1",7,"School Age",5,"Preschool",-1,"No Child",-1,"No Child",-1,"No Child",-1,"No Child","High School or Some College",33,"White",0,1,0,0,0,0,0
"670",3861027433820,101,"3861027433820101",8,2020,"82020",4913.0526389,51,0,100,0,0,1,0,0,0,0,"1",7,"School Age",5,"Preschool",-1,"No Child",-1,"No Child",-1,"No Child",-1,"No Child","High School or Some College",33,"White",0,1,0,0,0,0,0
"671",3861027433820,101,"3861027433820101",9,2020,"92020",4895.5697865,51,0,100,0,0,1,0,0,0,0,"1",7,"School Age",5,"Preschool",-1,"No Child",-1,"No Child",-1,"No Child",-1,"No Child","High School or Some College",33,"White",0,1,0,0,0,0,0
"672",3861027433820,101,"3861027433820101",10,2020,"102020",4954.8480106,51,0,100,52.8,0,1,0,0,0,0,"1",7,"School Age",5,"Preschool",-1,"No Child",-1,"No Child",-1,"No Child",-1,"No Child","High School or Some College",33,"White",0,11873,0,0,0,0,0
"673",3861027433820,101,"3861027433820101",11,2020,"112020",4932.4884081,51,0,100,66,0,1,0,0,0,0,"1",7,"School Age",5,"Preschool",-1,"No Child",-1,"No Child",-1,"No Child",-1,"No Child","High School or Some College",33,"White",0,14156,0,0,0,0,0
"674",3861027433820,101,"3861027433820101",12,2020,"122020",4876.1646398,51,0,100,66,0,1,0,0,0,0,"1",7,"School Age",5,"Preschool",-1,"No Child",-1,"No Child",-1,"No Child",-1,"No Child","High School or Some College",33,"White",0,14156,0,0,0,0,0
"675",3861027433820,102,"3861027433820102",1,2020,"12020",4903.1306839,51,0,0,0,0,1,0,0,0,0,"1",7,"School Age",5,"Preschool",-1,"No Child",-1,"No Child",-1,"No Child",-1,"No Child","No High School Diploma",41,"White",0,1,0,1,0,0,0
"676",3861027433820,102,"3861027433820102",2,2020,"22020",4826.9961554,51,0,0,0,0,1,0,0,0,0,"1",7,"School Age",5,"Preschool",-1,"No Child",-1,"No Child",-1,"No Child",-1,"No Child","No High School Diploma",41,"White",0,10617,0,1,0,0,0
"677",3861027433820,102,"3861027433820102",3,2020,"32020",4876.3769378,51,0,0,0,0,1,0,0,0,0,"1",7,"School Age",5,"Preschool",-1,"No Child",-1,"No Child",-1,"No Child",-1,"No Child","No High School Diploma",41,"White",0,1,0,1,0,0,0
"678",3861027433820,102,"3861027433820102",4,2020,"42020",4886.3615401,51,0,0,0,0,1,0,0,0,0,"1",7,"School Age",5,"Preschool",-1,"No Child",-1,"No Child",-1,"No Child",-1,"No Child","No High School Diploma",41,"White",0,1,0,1,0,0,0
"679",3861027433820,102,"3861027433820102",5,2020,"52020",4910.3872139,51,0,0,0,0,1,0,0,0,0,"1",7,"School Age",5,"Preschool",-1,"No Child",-1,"No Child",-1,"No Child",-1,"No Child","No High School Diploma",41,"White",0,1,0,1,0,0,0
"680",3861027433820,102,"3861027433820102",6,2020,"62020",4855.3227201,51,0,0,0,0,1,0,0,0,0,"1",7,"School Age",5,"Preschool",-1,"No Child",-1,"No Child",-1,"No Child",-1,"No Child","No High School Diploma",41,"White",0,1,0,1,0,0,0
"681",3861027433820,102,"3861027433820102",7,2020,"72020",4886.5762851,51,0,0,0,0,1,0,0,0,0,"1",7,"School Age",5,"Preschool",-1,"No Child",-1,"No Child",-1,"No Child",-1,"No Child","No High School Diploma",41,"White",0,1,0,1,0,0,0
"682",3861027433820,102,"3861027433820102",8,2020,"82020",4913.0526389,51,0,0,0,0,1,0,0,0,0,"1",7,"School Age",5,"Preschool",-1,"No Child",-1,"No Child",-1,"No Child",-1,"No Child","No High School Diploma",41,"White",0,1,0,1,0,0,0
"683",3861027433820,102,"3861027433820102",9,2020,"92020",4895.5697865,51,0,0,0,0,1,0,0,0,0,"1",7,"School Age",5,"Preschool",-1,"No Child",-1,"No Child",-1,"No Child",-1,"No Child","No High School Diploma",41,"White",0,1,0,1,0,0,0
"684",3861027433820,102,"3861027433820102",10,2020,"102020",4954.8480106,51,0,0,0,0,1,0,0,0,0,"1",7,"School Age",5,"Preschool",-1,"No Child",-1,"No Child",-1,"No Child",-1,"No Child","No High School Diploma",41,"White",0,11873,0,1,0,0,0
"685",3861027433820,102,"3861027433820102",11,2020,"112020",4932.4884081,51,0,0,0,0,1,0,0,0,0,"1",7,"School Age",5,"Preschool",-1,"No Child",-1,"No Child",-1,"No Child",-1,"No Child","No High School Diploma",41,"White",0,14156,0,1,0,0,0
"686",3861027433820,102,"3861027433820102",12,2020,"122020",4876.1646398,51,0,0,0,0,1,0,0,0,0,"1",7,"School Age",5,"Preschool",-1,"No Child",-1,"No Child",-1,"No Child",-1,"No Child","No High School Diploma",41,"White",0,14156,0,1,0,0,0
"687",3861027453820,101,"3861027453820101",1,2020,"12020",10240.313272,51,0,100,40,1,0,0,0,0,0,"1",1,"Infant",-1,"No Child",-1,"No Child",-1,"No Child",-1,"No Child",-1,"No Child","High School or Some College",51,"White",0,6266,0,0,0,0,0
"688",3861027453820,101,"3861027453820101",2,2020,"22020",9985.6986685,51,0,100,40,1,0,0,0,0,0,"1",1,"Infant",-1,"No Child",-1,"No Child",-1,"No Child",-1,"No Child",-1,"No Child","High School or Some College",51,"White",0,6266,0,0,0,0,0
"689",3861027453820,101,"3861027453820101",3,2020,"32020",9991.4483613,51,0,100,40,1,0,0,0,0,0,"1",1,"Infant",-1,"No Child",-1,"No Child",-1,"No Child",-1,"No Child",-1,"No Child","High School or Some College",51,"White",0,6266,0,0,0,0,0
"690",3861027453820,101,"3861027453820101",4,2020,"42020",10080.788551,51,0,100,40,1,0,0,0,0,0,"1",1,"Infant",-1,"No Child",-1,"No Child",-1,"No Child",-1,"No Child",-1,"No Child","High School or Some College",51,"White",0,6266,0,0,0,0,0
"691",3861027453820,101,"3861027453820101",5,2020,"52020",10243.063611,51,0,100,40,1,0,0,0,0,0,"1",1,"Infant",-1,"No Child",-1,"No Child",-1,"No Child",-1,"No Child",-1,"No Child","High School or Some College",51,"White",0,6266,0,0,0,0,0
"692",3861027453820,101,"3861027453820101",6,2020,"62020",10373.372407,51,0,100,40,1,0,0,0,0,0,"1",1,"Infant",-1,"No Child",-1,"No Child",-1,"No Child",-1,"No Child",-1,"No Child","High School or Some College",51,"White",0,6266,0,0,0,0,0
"693",3861027453820,101,"3861027453820101",7,2020,"72020",10276.658913,51,0,100,40,1,0,0,0,0,0,"1",1,"Infant",-1,"No Child",-1,"No Child",-1,"No Child",-1,"No Child",-1,"No Child","High School or Some College",51,"White",0,6266,0,0,0,0,0
"694",3861027453820,101,"3861027453820101",8,2020,"82020",10284.662426,51,0,100,40,1,0,0,0,0,0,"1",1,"Infant",-1,"No Child",-1,"No Child",-1,"No Child",-1,"No Child",-1,"No Child","High School or Some College",51,"White",0,6266,0,0,0,0,0
"695",3861027453820,101,"3861027453820101",9,2020,"92020",9954.3185809,51,0,100,40,1,0,0,0,0,0,"1",1,"Infant",-1,"No Child",-1,"No Child",-1,"No Child",-1,"No Child",-1,"No Child","High School or Some College",51,"White",0,6266,0,0,0,0,0
"696",3861027453820,101,"3861027453820101",10,2020,"102020",9934.9669808,51,0,100,40,1,0,0,0,0,0,"1",1,"Infant",-1,"No Child",-1,"No Child",-1,"No Child",-1,"No Child",-1,"No Child","High School or Some College",51,"White",0,6350,0,0,0,0,0
"697",3861027453820,101,"3861027453820101",11,2020,"112020",9975.8454827,51,0,100,40,1,0,0,0,0,0,"1",1,"Infant",-1,"No Child",-1,"No Child",-1,"No Child",-1,"No Child",-1,"No Child","High School or Some College",51,"White",0,6787,0,0,0,0,0
"698",3861027453820,101,"3861027453820101",12,2020,"122020",10106.540552,51,0,100,40,1,0,0,0,0,0,"1",1,"Infant",-1,"No Child",-1,"No Child",-1,"No Child",-1,"No Child",-1,"No Child","High School or Some College",51,"White",0,8497,0,0,0,0,0
"699",3861027453820,102,"3861027453820102",1,2020,"12020",10240.313272,51,0,100,20,1,0,0,0,0,0,"1",1,"Infant",-1,"No Child",-1,"No Child",-1,"No Child",-1,"No Child",-1,"No Child","High School or Some College",23,"White",0,6266,0,1,0,0,0
"700",3861027453820,102,"3861027453820102",2,2020,"22020",9985.6986685,51,0,100,20,1,0,0,0,0,0,"1",1,"Infant",-1,"No Child",-1,"No Child",-1,"No Child",-1,"No Child",-1,"No Child","High School or Some College",23,"White",0,6266,0,1,0,0,0
"701",3861027453820,102,"3861027453820102",3,2020,"32020",9991.4483613,51,0,100,20,1,0,0,0,0,0,"1",1,"Infant",-1,"No Child",-1,"No Child",-1,"No Child",-1,"No Child",-1,"No Child","High School or Some College",23,"White",0,6266,0,1,0,0,0
"702",3861027453820,102,"3861027453820102",4,2020,"42020",10080.788551,51,0,100,20,1,0,0,0,0,0,"1",1,"Infant",-1,"No Child",-1,"No Child",-1,"No Child",-1,"No Child",-1,"No Child","High School or Some College",23,"White",0,6266,0,1,0,0,0
"703",3861027453820,102,"3861027453820102",5,2020,"52020",10243.063611,51,0,100,20,1,0,0,0,0,0,"1",1,"Infant",-1,"No Child",-1,"No Child",-1,"No Child",-1,"No Child",-1,"No Child","High School or Some College",23,"White",0,6266,0,1,0,0,0
"704",3861027453820,102,"3861027453820102",6,2020,"62020",10373.372407,51,0,100,20,1,0,0,0,0,0,"1",1,"Infant",-1,"No Child",-1,"No Child",-1,"No Child",-1,"No Child",-1,"No Child","High School or Some College",23,"White",0,6266,0,1,0,0,0
"705",3861027453820,102,"3861027453820102",7,2020,"72020",10276.658913,51,0,100,20,1,0,0,0,0,0,"1",1,"Infant",-1,"No Child",-1,"No Child",-1,"No Child",-1,"No Child",-1,"No Child","High School or Some College",23,"White",0,6266,0,1,0,0,0
"706",3861027453820,102,"3861027453820102",8,2020,"82020",10284.662426,51,0,100,20,1,0,0,0,0,0,"1",1,"Infant",-1,"No Child",-1,"No Child",-1,"No Child",-1,"No Child",-1,"No Child","High School or Some College",23,"White",0,6266,0,1,0,0,0
"707",3861027453820,102,"3861027453820102",9,2020,"92020",9954.3185809,51,0,100,20,1,0,0,0,0,0,"1",1,"Infant",-1,"No Child",-1,"No Child",-1,"No Child",-1,"No Child",-1,"No Child","High School or Some College",23,"White",0,6266,0,1,0,0,0
"708",3861027453820,102,"3861027453820102",10,2020,"102020",9934.9669808,51,0,100,20,1,0,0,0,0,0,"1",1,"Infant",-1,"No Child",-1,"No Child",-1,"No Child",-1,"No Child",-1,"No Child","High School or Some College",23,"White",0,6350,0,1,0,0,0
"709",3861027453820,102,"3861027453820102",11,2020,"112020",9975.8454827,51,0,100,20,1,0,0,0,0,0,"1",1,"Infant",-1,"No Child",-1,"No Child",-1,"No Child",-1,"No Child",-1,"No Child","High School or Some College",23,"White",0,6787,0,1,0,0,0
"710",3861027453820,102,"3861027453820102",12,2020,"122020",10106.540552,51,0,100,20,1,0,0,0,0,0,"1",1,"Infant",-1,"No Child",-1,"No Child",-1,"No Child",-1,"No Child",-1,"No Child","High School or Some College",23,"White",0,8497,0,1,0,0,0
"711",3861082434120,101,"3861082434120101",1,2020,"12020",4234.6025332,51,0,100,35,1,0,0,0,0,0,"1",3,"Toddler",-1,"No Child",-1,"No Child",-1,"No Child",-1,"No Child",-1,"No Child","High School or Some College",31,"White",0,3592,1,1,1,0,0
"712",3861082434120,101,"3861082434120101",2,2020,"22020",4218.5465109,51,0,100,35,1,0,0,0,0,0,"1",3,"Toddler",-1,"No Child",-1,"No Child",-1,"No Child",-1,"No Child",-1,"No Child","High School or Some College",31,"White",0,2715,1,1,1,0,0
"713",3861082434120,101,"3861082434120101",3,2020,"32020",4197.7035279,51,0,100,35,1,0,0,0,0,0,"1",3,"Toddler",-1,"No Child",-1,"No Child",-1,"No Child",-1,"No Child",-1,"No Child","High School or Some College",31,"White",0,2715,1,1,1,0,0
"714",3861082434120,101,"3861082434120101",4,2020,"42020",4175.5549458,51,0,100,35,1,0,0,0,0,0,"1",3,"Toddler",-1,"No Child",-1,"No Child",-1,"No Child",-1,"No Child",-1,"No Child","High School or Some College",31,"White",0,2715,1,1,1,0,0
"715",3861082434120,101,"3861082434120101",5,2020,"52020",4313.2773906,51,0,100,35,1,0,0,0,0,0,"1",3,"Toddler",-1,"No Child",-1,"No Child",-1,"No Child",-1,"No Child",-1,"No Child","High School or Some College",31,"White",0,2715,1,1,1,0,0
"716",3861082434120,101,"3861082434120101",6,2020,"62020",4318.4272282,51,0,100,35,1,0,0,0,0,0,"1",3,"Toddler",-1,"No Child",-1,"No Child",-1,"No Child",-1,"No Child",-1,"No Child","High School or Some College",31,"White",0,2715,1,1,1,0,0
"717",3861082434120,101,"3861082434120101",7,2020,"72020",4210.9375246,51,0,100,35,1,0,0,0,0,0,"1",3,"Toddler",-1,"No Child",-1,"No Child",-1,"No Child",-1,"No Child",-1,"No Child","High School or Some College",31,"White",0,2715,1,1,1,0,0
"718",3861082434120,101,"3861082434120101",8,2020,"82020",4215.6535819,51,0,100,35,1,0,0,0,0,0,"1",3,"Toddler",-1,"No Child",-1,"No Child",-1,"No Child",-1,"No Child",-1,"No Child","High School or Some College",31,"White",0,2715,1,1,1,0,0
"719",3861082434120,101,"3861082434120101",9,2020,"92020",4125.9144052,51,0,100,35,1,0,0,0,0,0,"1",3,"Toddler",-1,"No Child",-1,"No Child",-1,"No Child",-1,"No Child",-1,"No Child","High School or Some College",31,"White",0,3078,1,1,1,0,0
"720",3861082434120,101,"3861082434120101",10,2020,"102020",4190.3774112,51,0,100,35,1,0,0,0,0,0,"1",3,"Toddler",-1,"No Child",-1,"No Child",-1,"No Child",-1,"No Child",-1,"No Child","High School or Some College",31,"White",0,8155,1,1,1,0,0
"721",3861082434120,101,"3861082434120101",11,2020,"112020",4246.2968508,51,0,100,35,1,0,0,0,0,0,"1",3,"Toddler",-1,"No Child",-1,"No Child",-1,"No Child",-1,"No Child",-1,"No Child","High School or Some College",31,"White",0,8155,1,1,1,0,0
"722",3861082434120,101,"3861082434120101",12,2020,"122020",4400.2676606,51,0,100,35,1,0,0,0,0,0,"1",3,"Toddler",-1,"No Child",-1,"No Child",-1,"No Child",-1,"No Child",-1,"No Child","High School or Some College",31,"White",0,8155,1,1,1,0,0
"723",3861082434120,102,"3861082434120102",1,2020,"12020",4854.0019679,51,0,100,8,1,1,0,0,0,0,"2",5,"Preschool",3,"Toddler",-1,"No Child",-1,"No Child",-1,"No Child",-1,"No Child","No High School Diploma",31,"Black",0,3592,1,0,1,0,0
"724",3861082434120,102,"3861082434120102",2,2020,"22020",4905.3849047,51,0,100,0,1,1,0,0,0,0,"2",5,"Preschool",3,"Toddler",-1,"No Child",-1,"No Child",-1,"No Child",-1,"No Child","No High School Diploma",31,"Black",0,2715,1,0,1,0,0
"725",3861082434120,102,"3861082434120102",3,2020,"32020",5253.0577134,51,0,100,0,1,1,0,0,0,0,"2",5,"Preschool",3,"Toddler",-1,"No Child",-1,"No Child",-1,"No Child",-1,"No Child","No High School Diploma",31,"Black",0,2715,1,0,1,0,0
"726",3861082434120,102,"3861082434120102",4,2020,"42020",5174.3175522,51,0,100,0,1,1,0,0,0,0,"2",5,"Preschool",3,"Toddler",-1,"No Child",-1,"No Child",-1,"No Child",-1,"No Child","No High School Diploma",31,"Black",0,2715,1,0,1,0,0
"727",3861082434120,102,"3861082434120102",5,2020,"52020",4954.570294,51,0,100,0,1,1,0,0,0,0,"2",5,"Preschool",3,"Toddler",-1,"No Child",-1,"No Child",-1,"No Child",-1,"No Child","No High School Diploma",31,"Black",0,2715,1,0,1,0,0
"728",3861082434120,102,"3861082434120102",6,2020,"62020",4869.9815545,51,0,100,0,1,1,0,0,0,0,"2",5,"Preschool",3,"Toddler",-1,"No Child",-1,"No Child",-1,"No Child",-1,"No Child","No High School Diploma",31,"Black",0,2715,1,0,1,0,0
"729",3861082434120,102,"3861082434120102",7,2020,"72020",5098.3823097,51,0,100,0,1,1,0,0,0,0,"2",5,"Preschool",3,"Toddler",-1,"No Child",-1,"No Child",-1,"No Child",-1,"No Child","No High School Diploma",31,"Black",0,2715,1,0,1,0,0
"730",3861082434120,102,"3861082434120102",8,2020,"82020",5175.1025261,51,0,100,0,1,1,0,0,0,0,"2",5,"Preschool",3,"Toddler",-1,"No Child",-1,"No Child",-1,"No Child",-1,"No Child","No High School Diploma",31,"Black",0,2715,1,0,1,0,0
"731",3861082434120,102,"3861082434120102",9,2020,"92020",5205.8089772,51,0,100,0,1,1,0,0,0,0,"2",5,"Preschool",3,"Toddler",-1,"No Child",-1,"No Child",-1,"No Child",-1,"No Child","No High School Diploma",31,"Black",0,3078,1,0,1,0,0
"732",3861082434120,102,"3861082434120102",10,2020,"102020",5318.0225915,51,0,100,40,1,1,0,0,0,0,"2",5,"Preschool",3,"Toddler",-1,"No Child",-1,"No Child",-1,"No Child",-1,"No Child","No High School Diploma",31,"Black",0,8155,1,0,1,0,0
"733",3861082434120,102,"3861082434120102",11,2020,"112020",5263.6885636,51,0,100,40,1,1,0,0,0,0,"2",5,"Preschool",3,"Toddler",-1,"No Child",-1,"No Child",-1,"No Child",-1,"No Child","No High School Diploma",31,"Black",0,8155,1,0,1,0,0
"734",3861082434120,102,"3861082434120102",12,2020,"122020",5092.284822,51,0,100,40,1,1,0,0,0,0,"2",5,"Preschool",3,"Toddler",-1,"No Child",-1,"No Child",-1,"No Child",-1,"No Child","No High School Diploma",31,"Black",0,8155,1,0,1,0,0
"735",3861086056118,101,"3861086056118101",1,2018,"12018",8004.6502211,51,0,100,40,1,0,0,0,0,0,"1",4,"Preschool",-1,"No Child",-1,"No Child",-1,"No Child",-1,"No Child",-1,"No Child","Bachelor’s Degree",51,"Black",9.4,17043,0,1,0,0,0
"736",3861086056118,101,"3861086056118101",2,2018,"22018",7815.6673689,51,0,100,40,1,0,0,0,0,0,"1",4,"Preschool",-1,"No Child",-1,"No Child",-1,"No Child",-1,"No Child",-1,"No Child","Bachelor’s Degree",51,"Black",9.4,17043,0,1,0,0,0
"737",3861086056118,101,"3861086056118101",3,2018,"32018",8110.7931686,51,0,100,40,1,0,0,0,0,0,"1",4,"Preschool",-1,"No Child",-1,"No Child",-1,"No Child",-1,"No Child",-1,"No Child","Bachelor’s Degree",51,"Black",9.4,17043,0,1,0,0,0
"738",3861086056118,101,"3861086056118101",4,2018,"42018",8029.3142196,51,0,100,40,1,0,0,0,0,0,"1",4,"Preschool",-1,"No Child",-1,"No Child",-1,"No Child",-1,"No Child",-1,"No Child","Bachelor’s Degree",51,"Black",9.4,17043,0,1,0,0,0
"739",3861086056118,101,"3861086056118101",5,2018,"52018",8196.1686162,51,0,100,40,1,0,0,0,0,0,"1",4,"Preschool",-1,"No Child",-1,"No Child",-1,"No Child",-1,"No Child",-1,"No Child","Bachelor’s Degree",51,"Black",9.4,25608,0,1,0,0,0
"740",3861086056118,101,"3861086056118101",6,2018,"62018",8266.2965011,51,0,100,40,1,0,0,0,0,0,"1",4,"Preschool",-1,"No Child",-1,"No Child",-1,"No Child",-1,"No Child",-1,"No Child","Bachelor’s Degree",51,"Black",9.4,17377,0,1,0,0,0
"741",3861086056118,101,"3861086056118101",7,2018,"72018",8568.2449241,51,0,100,40,1,0,0,0,0,0,"1",4,"Preschool",-1,"No Child",-1,"No Child",-1,"No Child",-1,"No Child",-1,"No Child","Bachelor’s Degree",51,"Black",9.4,19407,0,1,0,0,0
"742",3861086056118,101,"3861086056118101",8,2018,"82018",8615.220582,51,0,100,40,1,0,0,0,0,0,"1",4,"Preschool",-1,"No Child",-1,"No Child",-1,"No Child",-1,"No Child",-1,"No Child","Bachelor’s Degree",51,"Black",9.4,17377,0,1,0,0,0
"743",3861086056118,101,"3861086056118101",9,2018,"92018",8479.4481513,51,0,100,40,1,0,0,0,0,0,"1",4,"Preschool",-1,"No Child",-1,"No Child",-1,"No Child",-1,"No Child",-1,"No Child","Bachelor’s Degree",51,"Black",9.4,17377,0,1,0,0,0
"744",3861086056118,101,"3861086056118101",10,2018,"102018",8724.9807865,51,0,100,40,1,0,0,0,0,0,"1",4,"Preschool",-1,"No Child",-1,"No Child",-1,"No Child",-1,"No Child",-1,"No Child","Bachelor’s Degree",51,"Black",9.4,17377,0,1,0,0,0
"745",3861086056118,101,"3861086056118101",11,2018,"112018",8724.0917415,51,0,100,40,1,0,0,0,0,0,"1",4,"Preschool",-1,"No Child",-1,"No Child",-1,"No Child",-1,"No Child",-1,"No Child","Bachelor’s Degree",51,"Black",9.4,17377,0,1,0,0,0
"746",3861086056118,101,"3861086056118101",12,2018,"122018",8168.7156027,51,0,100,40,1,0,0,0,0,0,"1",4,"Preschool",-1,"No Child",-1,"No Child",-1,"No Child",-1,"No Child",-1,"No Child","Bachelor’s Degree",51,"Black",9.4,17377,0,1,0,0,0
"747",3861086056118,102,"3861086056118102",1,2018,"12018",8004.6502211,51,0,100,40,1,0,0,0,0,0,"1",4,"Preschool",-1,"No Child",-1,"No Child",-1,"No Child",-1,"No Child",-1,"No Child","Bachelor’s Degree",40,"Black",0,17043,0,0,0,0,0
"748",3861086056118,102,"3861086056118102",2,2018,"22018",7815.6673689,51,0,100,40,1,0,0,0,0,0,"1",4,"Preschool",-1,"No Child",-1,"No Child",-1,"No Child",-1,"No Child",-1,"No Child","Bachelor’s Degree",40,"Black",0,17043,0,0,0,0,0
"749",3861086056118,102,"3861086056118102",3,2018,"32018",8110.7931686,51,0,100,40,1,0,0,0,0,0,"1",4,"Preschool",-1,"No Child",-1,"No Child",-1,"No Child",-1,"No Child",-1,"No Child","Bachelor’s Degree",40,"Black",0,17043,0,0,0,0,0
"750",3861086056118,102,"3861086056118102",4,2018,"42018",8029.3142196,51,0,100,40,1,0,0,0,0,0,"1",4,"Preschool",-1,"No Child",-1,"No Child",-1,"No Child",-1,"No Child",-1,"No Child","Bachelor’s Degree",40,"Black",0,17043,0,0,0,0,0
"751",3861086056118,102,"3861086056118102",5,2018,"52018",8196.1686162,51,0,100,40,1,0,0,0,0,0,"1",4,"Preschool",-1,"No Child",-1,"No Child",-1,"No Child",-1,"No Child",-1,"No Child","Bachelor’s Degree",40,"Black",0,25608,0,0,0,0,0
"752",3861086056118,102,"3861086056118102",6,2018,"62018",8266.2965011,51,0,100,40,1,0,0,0,0,0,"1",4,"Preschool",-1,"No Child",-1,"No Child",-1,"No Child",-1,"No Child",-1,"No Child","Bachelor’s Degree",40,"Black",0,17377,0,0,0,0,0
"753",3861086056118,102,"3861086056118102",7,2018,"72018",8568.2449241,51,0,100,40,1,0,0,0,0,0,"1",4,"Preschool",-1,"No Child",-1,"No Child",-1,"No Child",-1,"No Child",-1,"No Child","Bachelor’s Degree",40,"Black",0,19407,0,0,0,0,0
"754",3861086056118,102,"3861086056118102",8,2018,"82018",8615.220582,51,0,100,40,1,0,0,0,0,0,"1",4,"Preschool",-1,"No Child",-1,"No Child",-1,"No Child",-1,"No Child",-1,"No Child","Bachelor’s Degree",40,"Black",0,17377,0,0,0,0,0
"755",3861086056118,102,"3861086056118102",9,2018,"92018",8479.4481513,51,0,100,40,1,0,0,0,0,0,"1",4,"Preschool",-1,"No Child",-1,"No Child",-1,"No Child",-1,"No Child",-1,"No Child","Bachelor’s Degree",40,"Black",0,17377,0,0,0,0,0
"756",3861086056118,102,"3861086056118102",10,2018,"102018",8724.9807865,51,0,100,40,1,0,0,0,0,0,"1",4,"Preschool",-1,"No Child",-1,"No Child",-1,"No Child",-1,"No Child",-1,"No Child","Bachelor’s Degree",40,"Black",0,17377,0,0,0,0,0
"757",3861086056118,102,"3861086056118102",11,2018,"112018",8724.0917415,51,0,100,40,1,0,0,0,0,0,"1",4,"Preschool",-1,"No Child",-1,"No Child",-1,"No Child",-1,"No Child",-1,"No Child","Bachelor’s Degree",40,"Black",0,17377,0,0,0,0,0
"758",3861086056118,102,"3861086056118102",12,2018,"122018",8168.7156027,51,0,100,40,1,0,0,0,0,0,"1",4,"Preschool",-1,"No Child",-1,"No Child",-1,"No Child",-1,"No Child",-1,"No Child","Bachelor’s Degree",40,"Black",0,17377,0,0,0,0,0
"759",3862543827820,101,"3862543827820101",1,2020,"12020",3815.9783655,51,0,100,36,1,1,0,0,0,0,"2",3,"Toddler",1,"Infant",-1,"No Child",-1,"No Child",-1,"No Child",-1,"No Child","Bachelor’s Degree",27,"White",4,6348,0,1,0,0,0
"760",3862543827820,101,"3862543827820101",2,2020,"22020",3804.4873404,51,0,100,36,1,1,0,0,0,0,"2",3,"Toddler",1,"Infant",-1,"No Child",-1,"No Child",-1,"No Child",-1,"No Child","Bachelor’s Degree",27,"White",4,6348,0,1,0,0,0
"761",3862543827820,101,"3862543827820101",3,2020,"32020",3833.4809757,51,0,100,36,1,1,0,0,0,0,"2",3,"Toddler",1,"Infant",-1,"No Child",-1,"No Child",-1,"No Child",-1,"No Child","Bachelor’s Degree",27,"White",4,6348,0,1,0,0,0
"762",3862543827820,101,"3862543827820101",4,2020,"42020",3842.5956806,51,0,100,36,1,1,0,0,0,0,"2",3,"Toddler",1,"Infant",-1,"No Child",-1,"No Child",-1,"No Child",-1,"No Child","Bachelor’s Degree",27,"White",4,6348,0,1,0,0,0
"763",3862543827820,101,"3862543827820101",5,2020,"52020",3935.2810895,51,0,100,36,1,1,0,0,0,0,"2",3,"Toddler",1,"Infant",-1,"No Child",-1,"No Child",-1,"No Child",-1,"No Child","Bachelor’s Degree",27,"White",4,6348,0,1,0,0,0
"764",3862543827820,101,"3862543827820101",6,2020,"62020",3908.7873212,51,0,100,36,1,1,0,0,0,0,"2",3,"Toddler",1,"Infant",-1,"No Child",-1,"No Child",-1,"No Child",-1,"No Child","Bachelor’s Degree",27,"White",4,6348,0,1,0,0,0
"765",3862543827820,101,"3862543827820101",7,2020,"72020",3900.9377145,51,0,100,36,1,1,0,0,0,0,"2",3,"Toddler",1,"Infant",-1,"No Child",-1,"No Child",-1,"No Child",-1,"No Child","Bachelor’s Degree",27,"White",4,4509,0,1,0,0,0
"766",3862543827820,101,"3862543827820101",8,2020,"82020",3898.0662096,51,0,100,36,1,1,0,0,0,0,"2",3,"Toddler",1,"Infant",-1,"No Child",-1,"No Child",-1,"No Child",-1,"No Child","Bachelor’s Degree",27,"White",4,4067,0,1,0,0,0
"767",3862543827820,101,"3862543827820101",9,2020,"92020",3933.7176278,51,0,100,36,1,1,0,0,0,0,"2",3,"Toddler",1,"Infant",-1,"No Child",-1,"No Child",-1,"No Child",-1,"No Child","Bachelor’s Degree",27,"White",4,6348,0,1,0,0,0
"768",3862543827820,101,"3862543827820101",10,2020,"102020",3982.3169652,51,0,100,36,1,1,0,0,0,0,"2",3,"Toddler",1,"Infant",-1,"No Child",-1,"No Child",-1,"No Child",-1,"No Child","Bachelor’s Degree",27,"White",4,6348,0,1,0,0,0
"769",3862543827820,101,"3862543827820101",11,2020,"112020",3939.9757538,51,0,100,0,1,1,0,0,0,0,"2",3,"Toddler",1,"Infant",-1,"No Child",-1,"No Child",-1,"No Child",-1,"No Child","Bachelor’s Degree",27,"White",4,2552,0,1,0,0,0
"770",3862543827820,101,"3862543827820101",12,2020,"122020",4003.2827633,51,0,100,0,1,1,0,0,0,0,"2",3,"Toddler",1,"Infant",-1,"No Child",-1,"No Child",-1,"No Child",-1,"No Child","Bachelor’s Degree",27,"White",4,2281,0,1,0,0,0
"771",3862543827820,102,"3862543827820102",1,2020,"12020",3815.9783655,51,0,100,35,1,1,0,0,0,0,"2",3,"Toddler",1,"Infant",-1,"No Child",-1,"No Child",-1,"No Child",-1,"No Child","Bachelor’s Degree",28,"White",0,6348,0,0,0,0,0
"772",3862543827820,102,"3862543827820102",2,2020,"22020",3804.4873404,51,0,100,35,1,1,0,0,0,0,"2",3,"Toddler",1,"Infant",-1,"No Child",-1,"No Child",-1,"No Child",-1,"No Child","Bachelor’s Degree",28,"White",0,6348,0,0,0,0,0
"773",3862543827820,102,"3862543827820102",3,2020,"32020",3833.4809757,51,0,100,35,1,1,0,0,0,0,"2",3,"Toddler",1,"Infant",-1,"No Child",-1,"No Child",-1,"No Child",-1,"No Child","Bachelor’s Degree",28,"White",0,6348,0,0,0,0,0
"774",3862543827820,102,"3862543827820102",4,2020,"42020",3842.5956806,51,0,100,35,1,1,0,0,0,0,"2",3,"Toddler",1,"Infant",-1,"No Child",-1,"No Child",-1,"No Child",-1,"No Child","Bachelor’s Degree",28,"White",0,6348,0,0,0,0,0
"775",3862543827820,102,"3862543827820102",5,2020,"52020",3935.2810895,51,0,100,35,1,1,0,0,0,0,"2",3,"Toddler",1,"Infant",-1,"No Child",-1,"No Child",-1,"No Child",-1,"No Child","Bachelor’s Degree",28,"White",0,6348,0,0,0,0,0
"776",3862543827820,102,"3862543827820102",6,2020,"62020",3908.7873212,51,0,100,35,1,1,0,0,0,0,"2",3,"Toddler",1,"Infant",-1,"No Child",-1,"No Child",-1,"No Child",-1,"No Child","Bachelor’s Degree",28,"White",0,6348,0,0,0,0,0
"777",3862543827820,102,"3862543827820102",7,2020,"72020",3900.9377145,51,0,100,7,1,1,0,0,0,0,"2",3,"Toddler",1,"Infant",-1,"No Child",-1,"No Child",-1,"No Child",-1,"No Child","Bachelor’s Degree",28,"White",0,4509,0,0,0,0,0
"778",3862543827820,102,"3862543827820102",8,2020,"82020",3898.0662096,51,0,100,0,1,1,0,0,0,0,"2",3,"Toddler",1,"Infant",-1,"No Child",-1,"No Child",-1,"No Child",-1,"No Child","Bachelor’s Degree",28,"White",0,4067,0,0,0,0,0
"779",3862543827820,102,"3862543827820102",9,2020,"92020",3933.7176278,51,0,100,35,1,1,0,0,0,0,"2",3,"Toddler",1,"Infant",-1,"No Child",-1,"No Child",-1,"No Child",-1,"No Child","Bachelor’s Degree",28,"White",0,6348,0,0,0,0,0
"780",3862543827820,102,"3862543827820102",10,2020,"102020",3982.3169652,51,0,100,35,1,1,0,0,0,0,"2",3,"Toddler",1,"Infant",-1,"No Child",-1,"No Child",-1,"No Child",-1,"No Child","Bachelor’s Degree",28,"White",0,6348,0,0,0,0,0
"781",3862543827820,102,"3862543827820102",11,2020,"112020",3939.9757538,51,0,100,35,1,1,0,0,0,0,"2",3,"Toddler",1,"Infant",-1,"No Child",-1,"No Child",-1,"No Child",-1,"No Child","Bachelor’s Degree",28,"White",0,2552,0,0,0,0,0
"782",3862543827820,102,"3862543827820102",12,2020,"122020",4003.2827633,51,0,100,35,1,1,0,0,0,0,"2",3,"Toddler",1,"Infant",-1,"No Child",-1,"No Child",-1,"No Child",-1,"No Child","Bachelor’s Degree",28,"White",0,2281,0,0,0,0,0
"783",3886004665018,101,"3886004665018101",1,2018,"12018",7198.1297298,51,0,100,66,1,1,1,0,0,0,"3",5,"Preschool",2,"Toddler",0,"Infant",-1,"No Child",-1,"No Child",-1,"No Child","Bachelor’s Degree",44,"White",0,17615,0,0,0,0,0
"784",3886004665018,101,"3886004665018101",2,2018,"22018",7159.28931,51,0,100,66,1,1,1,0,0,0,"3",5,"Preschool",2,"Toddler",0,"Infant",-1,"No Child",-1,"No Child",-1,"No Child","Bachelor’s Degree",44,"White",0,17615,0,0,0,0,0
"785",3886004665018,101,"3886004665018101",3,2018,"32018",7247.5889625,51,0,100,66,1,1,1,0,0,0,"3",5,"Preschool",2,"Toddler",0,"Infant",-1,"No Child",-1,"No Child",-1,"No Child","Bachelor’s Degree",44,"White",0,17615,0,0,0,0,0
"786",3886004665018,101,"3886004665018101",4,2018,"42018",7277.0977232,51,0,100,66,1,1,1,0,0,0,"3",5,"Preschool",2,"Toddler",0,"Infant",-1,"No Child",-1,"No Child",-1,"No Child","Bachelor’s Degree",44,"White",0,17615,0,0,0,0,0
"787",3886004665018,101,"3886004665018101",5,2018,"52018",7465.8200553,51,0,100,66,1,1,1,0,0,0,"3",5,"Preschool",2,"Toddler",0,"Infant",-1,"No Child",-1,"No Child",-1,"No Child","Bachelor’s Degree",44,"White",0,15961,0,0,0,0,0
"788",3886004665018,101,"3886004665018101",6,2018,"62018",7451.8945636,51,0,100,66,1,1,1,0,0,0,"3",5,"Preschool",2,"Toddler",0,"Infant",-1,"No Child",-1,"No Child",-1,"No Child","Bachelor’s Degree",44,"White",0,15961,0,0,0,0,0
"789",3886004665018,101,"3886004665018101",7,2018,"72018",7334.4524481,51,0,100,66,1,1,1,0,0,0,"3",5,"Preschool",2,"Toddler",0,"Infant",-1,"No Child",-1,"No Child",-1,"No Child","Bachelor’s Degree",44,"White",0,16069,0,0,0,0,0
"790",3886004665018,101,"3886004665018101",8,2018,"82018",7303.8421516,51,0,100,66,1,1,1,0,0,0,"3",5,"Preschool",2,"Toddler",0,"Infant",-1,"No Child",-1,"No Child",-1,"No Child","Bachelor’s Degree",44,"White",0,16797,0,0,0,0,0
"791",3886004665018,101,"3886004665018101",9,2018,"92018",7231.9096805,51,0,100,66,1,1,1,0,0,0,"3",5,"Preschool",2,"Toddler",0,"Infant",-1,"No Child",-1,"No Child",-1,"No Child","Bachelor’s Degree",44,"White",0,16797,0,0,0,0,0
"792",3886004665018,101,"3886004665018101",10,2018,"102018",7290.0680147,51,0,100,66,1,1,1,0,0,0,"3",5,"Preschool",2,"Toddler",0,"Infant",-1,"No Child",-1,"No Child",-1,"No Child","Bachelor’s Degree",44,"White",0,16797,0,0,0,0,0
"793",3886004665018,101,"3886004665018101",11,2018,"112018",7267.9711615,51,0,100,66,1,1,1,0,0,0,"3",5,"Preschool",2,"Toddler",0,"Infant",-1,"No Child",-1,"No Child",-1,"No Child","Bachelor’s Degree",44,"White",0,16797,0,0,0,0,0
"794",3886004665018,101,"3886004665018101",12,2018,"122018",7338.3532874,51,0,100,66,1,1,1,0,0,0,"3",5,"Preschool",2,"Toddler",0,"Infant",-1,"No Child",-1,"No Child",-1,"No Child","Bachelor’s Degree",44,"White",0,16797,0,0,0,0,0
"795",3886004665018,102,"3886004665018102",1,2018,"12018",7198.1297298,51,0,100,40,1,1,1,0,0,0,"3",5,"Preschool",2,"Toddler",0,"Infant",-1,"No Child",-1,"No Child",-1,"No Child","Bachelor’s Degree",39,"White",0,17615,0,1,0,0,0
"796",3886004665018,102,"3886004665018102",2,2018,"22018",7159.28931,51,0,100,40,1,1,1,0,0,0,"3",5,"Preschool",2,"Toddler",0,"Infant",-1,"No Child",-1,"No Child",-1,"No Child","Bachelor’s Degree",39,"White",0,17615,0,1,0,0,0
"797",3886004665018,102,"3886004665018102",3,2018,"32018",7247.5889625,51,0,100,40,1,1,1,0,0,0,"3",5,"Preschool",2,"Toddler",0,"Infant",-1,"No Child",-1,"No Child",-1,"No Child","Bachelor’s Degree",39,"White",0,17615,0,1,0,0,0
"798",3886004665018,102,"3886004665018102",4,2018,"42018",7277.0977232,51,0,100,40,1,1,1,0,0,0,"3",5,"Preschool",2,"Toddler",0,"Infant",-1,"No Child",-1,"No Child",-1,"No Child","Bachelor’s Degree",39,"White",0,17615,0,1,0,0,0
"799",3886004665018,102,"3886004665018102",5,2018,"52018",7465.8200553,51,0,100,40,1,1,1,0,0,0,"3",5,"Preschool",2,"Toddler",0,"Infant",-1,"No Child",-1,"No Child",-1,"No Child","Bachelor’s Degree",39,"White",0,15961,0,1,0,0,0
"800",3886004665018,102,"3886004665018102",6,2018,"62018",7451.8945636,51,0,100,40,1,1,1,0,0,0,"3",5,"Preschool",2,"Toddler",0,"Infant",-1,"No Child",-1,"No Child",-1,"No Child","Bachelor’s Degree",39,"White",0,15961,0,1,0,0,0
"801",3886004665018,102,"3886004665018102",7,2018,"72018",7334.4524481,51,0,100,40,1,1,1,0,0,0,"3",5,"Preschool",2,"Toddler",0,"Infant",-1,"No Child",-1,"No Child",-1,"No Child","Bachelor’s Degree",39,"White",0,16069,0,1,0,0,0
"802",3886004665018,102,"3886004665018102",8,2018,"82018",7303.8421516,51,0,100,40,1,1,1,0,0,0,"3",5,"Preschool",2,"Toddler",0,"Infant",-1,"No Child",-1,"No Child",-1,"No Child","Bachelor’s Degree",39,"White",0,16797,0,1,0,0,0
"803",3886004665018,102,"3886004665018102",9,2018,"92018",7231.9096805,51,0,100,40,1,1,1,0,0,0,"3",5,"Preschool",2,"Toddler",0,"Infant",-1,"No Child",-1,"No Child",-1,"No Child","Bachelor’s Degree",39,"White",0,16797,0,1,0,0,0
"804",3886004665018,102,"3886004665018102",10,2018,"102018",7290.0680147,51,0,100,40,1,1,1,0,0,0,"3",5,"Preschool",2,"Toddler",0,"Infant",-1,"No Child",-1,"No Child",-1,"No Child","Bachelor’s Degree",39,"White",0,16797,0,1,0,0,0
"805",3886004665018,102,"3886004665018102",11,2018,"112018",7267.9711615,51,0,100,40,1,1,1,0,0,0,"3",5,"Preschool",2,"Toddler",0,"Infant",-1,"No Child",-1,"No Child",-1,"No Child","Bachelor’s Degree",39,"White",0,16797,0,1,0,0,0
"806",3886004665018,102,"3886004665018102",12,2018,"122018",7338.3532874,51,0,100,40,1,1,1,0,0,0,"3",5,"Preschool",2,"Toddler",0,"Infant",-1,"No Child",-1,"No Child",-1,"No Child","Bachelor’s Degree",39,"White",0,16797,0,1,0,0,0
"807",3886008607118,101,"3886008607118101",1,2018,"12018",9822.0944826,51,0,0,0,1,0,0,0,0,0,"1",0,"Infant",-1,"No Child",-1,"No Child",-1,"No Child",-1,"No Child",-1,"No Child","Graduate or Professional Degree",42,"White",0,3911,0,1,0,0,0
"808",3886008607118,101,"3886008607118101",2,2018,"22018",9780.9498188,51,0,0,0,1,0,0,0,0,0,"1",0,"Infant",-1,"No Child",-1,"No Child",-1,"No Child",-1,"No Child",-1,"No Child","Graduate or Professional Degree",42,"White",0,3911,0,1,0,0,0
"809",3886008607118,101,"3886008607118101",3,2018,"32018",9869.8357984,51,0,0,0,1,0,0,0,0,0,"1",0,"Infant",-1,"No Child",-1,"No Child",-1,"No Child",-1,"No Child",-1,"No Child","Graduate or Professional Degree",42,"White",0,4738,0,1,0,0,0
"810",3886008607118,101,"3886008607118101",4,2018,"42018",9781.0487821,51,0,0,0,1,0,0,0,0,0,"1",0,"Infant",-1,"No Child",-1,"No Child",-1,"No Child",-1,"No Child",-1,"No Child","Graduate or Professional Degree",42,"White",0,3693,0,1,0,0,0
"811",3886008607118,101,"3886008607118101",5,2018,"52018",9893.3237685,51,0,0,0,1,0,0,0,0,0,"1",0,"Infant",-1,"No Child",-1,"No Child",-1,"No Child",-1,"No Child",-1,"No Child","Graduate or Professional Degree",42,"White",0,3693,0,1,0,0,0
"812",3886008607118,101,"3886008607118101",6,2018,"62018",9722.1197797,51,0,0,0,1,0,0,0,0,0,"1",0,"Infant",-1,"No Child",-1,"No Child",-1,"No Child",-1,"No Child",-1,"No Child","Graduate or Professional Degree",42,"White",0,3693,0,1,0,0,0
"813",3886008607118,101,"3886008607118101",7,2018,"72018",9694.9525856,51,0,0,0,1,0,0,0,0,0,"1",0,"Infant",-1,"No Child",-1,"No Child",-1,"No Child",-1,"No Child",-1,"No Child","Graduate or Professional Degree",42,"White",0,3693,0,1,0,0,0
"814",3886008607118,101,"3886008607118101",8,2018,"82018",9695.0655827,51,0,0,0,1,0,0,0,0,0,"1",0,"Infant",-1,"No Child",-1,"No Child",-1,"No Child",-1,"No Child",-1,"No Child","Graduate or Professional Degree",42,"White",0,3693,0,1,0,0,0
"815",3886008607118,101,"3886008607118101",9,2018,"92018",9619.1111919,51,0,0,0,1,0,0,0,0,0,"1",0,"Infant",-1,"No Child",-1,"No Child",-1,"No Child",-1,"No Child",-1,"No Child","Graduate or Professional Degree",42,"White",0,3693,0,1,0,0,0
"816",3886008607118,101,"3886008607118101",10,2018,"102018",9661.1517566,51,0,0,0,1,0,0,0,0,0,"1",0,"Infant",-1,"No Child",-1,"No Child",-1,"No Child",-1,"No Child",-1,"No Child","Graduate or Professional Degree",42,"White",0,3693,0,1,0,0,0
"817",3886008607118,101,"3886008607118101",11,2018,"112018",9571.5612982,51,0,0,0,1,0,0,0,0,0,"1",0,"Infant",-1,"No Child",-1,"No Child",-1,"No Child",-1,"No Child",-1,"No Child","Graduate or Professional Degree",42,"White",0,3693,0,1,0,0,0
"818",3886008607118,101,"3886008607118101",12,2018,"122018",9555.3231113,51,0,0,0,1,0,0,0,0,0,"1",0,"Infant",-1,"No Child",-1,"No Child",-1,"No Child",-1,"No Child",-1,"No Child","Graduate or Professional Degree",42,"White",0,3693,0,1,0,0,0
"819",3886008607118,102,"3886008607118102",1,2018,"12018",9822.0944826,51,0,100,66,1,0,0,0,0,0,"1",0,"Infant",-1,"No Child",-1,"No Child",-1,"No Child",-1,"No Child",-1,"No Child","Bachelor’s Degree",42,"White",0,3911,0,0,0,0,0
"820",3886008607118,102,"3886008607118102",2,2018,"22018",9780.9498188,51,0,100,66,1,0,0,0,0,0,"1",0,"Infant",-1,"No Child",-1,"No Child",-1,"No Child",-1,"No Child",-1,"No Child","Bachelor’s Degree",42,"White",0,3911,0,0,0,0,0
"821",3886008607118,102,"3886008607118102",3,2018,"32018",9869.8357984,51,0,100,74.25,1,0,0,0,0,0,"1",0,"Infant",-1,"No Child",-1,"No Child",-1,"No Child",-1,"No Child",-1,"No Child","Bachelor’s Degree",42,"White",0,4738,0,0,0,0,0
"822",3886008607118,102,"3886008607118102",4,2018,"42018",9781.0487821,51,0,100,66,1,0,0,0,0,0,"1",0,"Infant",-1,"No Child",-1,"No Child",-1,"No Child",-1,"No Child",-1,"No Child","Bachelor’s Degree",42,"White",0,3693,0,0,0,0,0
"823",3886008607118,102,"3886008607118102",5,2018,"52018",9893.3237685,51,0,100,66,1,0,0,0,0,0,"1",0,"Infant",-1,"No Child",-1,"No Child",-1,"No Child",-1,"No Child",-1,"No Child","Bachelor’s Degree",42,"White",0,3693,0,0,0,0,0
"824",3886008607118,102,"3886008607118102",6,2018,"62018",9722.1197797,51,0,100,66,1,0,0,0,0,0,"1",0,"Infant",-1,"No Child",-1,"No Child",-1,"No Child",-1,"No Child",-1,"No Child","Bachelor’s Degree",42,"White",0,3693,0,0,0,0,0
"825",3886008607118,102,"3886008607118102",7,2018,"72018",9694.9525856,51,0,100,66,1,0,0,0,0,0,"1",0,"Infant",-1,"No Child",-1,"No Child",-1,"No Child",-1,"No Child",-1,"No Child","Bachelor’s Degree",42,"White",0,3693,0,0,0,0,0
"826",3886008607118,102,"3886008607118102",8,2018,"82018",9695.0655827,51,0,100,66,1,0,0,0,0,0,"1",0,"Infant",-1,"No Child",-1,"No Child",-1,"No Child",-1,"No Child",-1,"No Child","Bachelor’s Degree",42,"White",0,3693,0,0,0,0,0
"827",3886008607118,102,"3886008607118102",9,2018,"92018",9619.1111919,51,0,100,66,1,0,0,0,0,0,"1",0,"Infant",-1,"No Child",-1,"No Child",-1,"No Child",-1,"No Child",-1,"No Child","Bachelor’s Degree",42,"White",0,3693,0,0,0,0,0
"828",3886008607118,102,"3886008607118102",10,2018,"102018",9661.1517566,51,0,100,66,1,0,0,0,0,0,"1",0,"Infant",-1,"No Child",-1,"No Child",-1,"No Child",-1,"No Child",-1,"No Child","Bachelor’s Degree",42,"White",0,3693,0,0,0,0,0
"829",3886008607118,102,"3886008607118102",11,2018,"112018",9571.5612982,51,0,100,66,1,0,0,0,0,0,"1",0,"Infant",-1,"No Child",-1,"No Child",-1,"No Child",-1,"No Child",-1,"No Child","Bachelor’s Degree",42,"White",0,3693,0,0,0,0,0
"830",3886008607118,102,"3886008607118102",12,2018,"122018",9555.3231113,51,0,100,66,1,0,0,0,0,0,"1",0,"Infant",-1,"No Child",-1,"No Child",-1,"No Child",-1,"No Child",-1,"No Child","Bachelor’s Degree",42,"White",0,3693,0,0,0,0,0
"831",3886019904918,101,"3886019904918101",1,2018,"12018",12106.956835,51,0,100,40,0,1,0,0,0,0,"1",8,"School Age",0,"Infant",-1,"No Child",-1,"No Child",-1,"No Child",-1,"No Child","High School or Some College",42,"White",0,5354,0,0,0,0,0
"832",3886019904918,101,"3886019904918101",2,2018,"22018",12049.457056,51,0,100,40,0,1,0,0,0,0,"1",8,"School Age",0,"Infant",-1,"No Child",-1,"No Child",-1,"No Child",-1,"No Child","High School or Some College",42,"White",0,5354,0,0,0,0,0
"833",3886019904918,101,"3886019904918101",3,2018,"32018",12246.314724,51,0,100,40,0,1,0,0,0,0,"1",8,"School Age",0,"Infant",-1,"No Child",-1,"No Child",-1,"No Child",-1,"No Child","High School or Some College",42,"White",0,5354,0,0,0,0,0
"834",3886019904918,101,"3886019904918101",4,2018,"42018",12238.42101,51,0,100,40,0,1,0,0,0,0,"1",8,"School Age",0,"Infant",-1,"No Child",-1,"No Child",-1,"No Child",-1,"No Child","High School or Some College",42,"White",0,5354,0,0,0,0,0
"835",3886019904918,101,"3886019904918101",5,2018,"52018",12547.937528,51,0,100,40,0,1,0,0,0,0,"1",8,"School Age",0,"Infant",-1,"No Child",-1,"No Child",-1,"No Child",-1,"No Child","High School or Some College",42,"White",0,5354,0,0,0,0,0
"836",3886019904918,101,"3886019904918101",6,2018,"62018",12514.269445,51,0,100,40,0,1,0,0,0,0,"1",8,"School Age",0,"Infant",-1,"No Child",-1,"No Child",-1,"No Child",-1,"No Child","High School or Some College",42,"White",0,5354,0,0,0,0,0
"837",3886019904918,101,"3886019904918101",7,2018,"72018",12382.489298,51,0,100,40,0,1,0,0,0,0,"1",8,"School Age",0,"Infant",-1,"No Child",-1,"No Child",-1,"No Child",-1,"No Child","High School or Some College",42,"White",0,5354,0,0,0,0,0
"838",3886019904918,101,"3886019904918101",8,2018,"82018",12371.768154,51,0,100,40,0,1,0,0,0,0,"1",8,"School Age",0,"Infant",-1,"No Child",-1,"No Child",-1,"No Child",-1,"No Child","High School or Some College",42,"White",0,5354,0,0,0,0,0
"839",3886019904918,101,"3886019904918101",9,2018,"92018",12205.890918,51,0,100,40,0,1,0,0,0,0,"1",8,"School Age",0,"Infant",-1,"No Child",-1,"No Child",-1,"No Child",-1,"No Child","High School or Some College",42,"White",0,5354,0,0,0,0,0
"840",3886019904918,101,"3886019904918101",10,2018,"102018",12280.130037,51,0,100,40,0,1,0,0,0,0,"1",8,"School Age",0,"Infant",-1,"No Child",-1,"No Child",-1,"No Child",-1,"No Child","High School or Some College",42,"White",0,5354,0,0,0,0,0
"841",3886019904918,101,"3886019904918101",11,2018,"112018",12298.291684,51,0,100,40,0,1,0,0,0,0,"1",8,"School Age",0,"Infant",-1,"No Child",-1,"No Child",-1,"No Child",-1,"No Child","High School or Some College",42,"White",0,5354,0,0,0,0,0
"842",3886019904918,101,"3886019904918101",12,2018,"122018",12330.654344,51,0,100,40,0,1,0,0,0,0,"1",8,"School Age",0,"Infant",-1,"No Child",-1,"No Child",-1,"No Child",-1,"No Child","High School or Some College",42,"White",0,5354,0,0,0,0,0
"843",3886019904918,102,"3886019904918102",1,2018,"12018",12106.956835,51,0,100,40,0,1,0,0,0,0,"1",8,"School Age",0,"Infant",-1,"No Child",-1,"No Child",-1,"No Child",-1,"No Child","Bachelor’s Degree",37,"White",0,5354,0,1,0,0,0
"844",3886019904918,102,"3886019904918102",2,2018,"22018",12049.457056,51,0,100,40,0,1,0,0,0,0,"1",8,"School Age",0,"Infant",-1,"No Child",-1,"No Child",-1,"No Child",-1,"No Child","Bachelor’s Degree",37,"White",0,5354,0,1,0,0,0
"845",3886019904918,102,"3886019904918102",3,2018,"32018",12246.314724,51,0,100,40,0,1,0,0,0,0,"1",8,"School Age",0,"Infant",-1,"No Child",-1,"No Child",-1,"No Child",-1,"No Child","Bachelor’s Degree",37,"White",0,5354,0,1,0,0,0
"846",3886019904918,102,"3886019904918102",4,2018,"42018",12238.42101,51,0,100,40,0,1,0,0,0,0,"1",8,"School Age",0,"Infant",-1,"No Child",-1,"No Child",-1,"No Child",-1,"No Child","Bachelor’s Degree",37,"White",0,5354,0,1,0,0,0
"847",3886019904918,102,"3886019904918102",5,2018,"52018",12547.937528,51,0,100,40,0,1,0,0,0,0,"1",8,"School Age",0,"Infant",-1,"No Child",-1,"No Child",-1,"No Child",-1,"No Child","Bachelor’s Degree",37,"White",0,5354,0,1,0,0,0
"848",3886019904918,102,"3886019904918102",6,2018,"62018",12514.269445,51,0,100,40,0,1,0,0,0,0,"1",8,"School Age",0,"Infant",-1,"No Child",-1,"No Child",-1,"No Child",-1,"No Child","Bachelor’s Degree",37,"White",0,5354,0,1,0,0,0
"849",3886019904918,102,"3886019904918102",7,2018,"72018",12382.489298,51,0,100,40,0,1,0,0,0,0,"1",8,"School Age",0,"Infant",-1,"No Child",-1,"No Child",-1,"No Child",-1,"No Child","Bachelor’s Degree",37,"White",0,5354,0,1,0,0,0
"850",3886019904918,102,"3886019904918102",8,2018,"82018",12371.768154,51,0,100,40,0,1,0,0,0,0,"1",8,"School Age",0,"Infant",-1,"No Child",-1,"No Child",-1,"No Child",-1,"No Child","Bachelor’s Degree",37,"White",0,5354,0,1,0,0,0
"851",3886019904918,102,"3886019904918102",9,2018,"92018",12205.890918,51,0,100,40,0,1,0,0,0,0,"1",8,"School Age",0,"Infant",-1,"No Child",-1,"No Child",-1,"No Child",-1,"No Child","Bachelor’s Degree",37,"White",0,5354,0,1,0,0,0
"852",3886019904918,102,"3886019904918102",10,2018,"102018",12280.130037,51,0,100,40,0,1,0,0,0,0,"1",8,"School Age",0,"Infant",-1,"No Child",-1,"No Child",-1,"No Child",-1,"No Child","Bachelor’s Degree",37,"White",0,5354,0,1,0,0,0
"853",3886019904918,102,"3886019904918102",11,2018,"112018",12298.291684,51,0,100,40,0,1,0,0,0,0,"1",8,"School Age",0,"Infant",-1,"No Child",-1,"No Child",-1,"No Child",-1,"No Child","Bachelor’s Degree",37,"White",0,5354,0,1,0,0,0
"854",3886019904918,102,"3886019904918102",12,2018,"122018",12330.654344,51,0,100,40,0,1,0,0,0,0,"1",8,"School Age",0,"Infant",-1,"No Child",-1,"No Child",-1,"No Child",-1,"No Child","Bachelor’s Degree",37,"White",0,5354,0,1,0,0,0
"855",3886019969918,101,"3886019969918101",1,2018,"12018",7381.5914062,51,0,100,40,1,0,0,0,0,0,"1",0,"Infant",-1,"No Child",-1,"No Child",-1,"No Child",-1,"No Child",-1,"No Child","Graduate or Professional Degree",27,"White",3,22492,0,1,0,0,0
"856",3886019969918,101,"3886019969918101",2,2018,"22018",7359.363279,51,0,100,40,1,0,0,0,0,0,"1",0,"Infant",-1,"No Child",-1,"No Child",-1,"No Child",-1,"No Child",-1,"No Child","Graduate or Professional Degree",27,"White",3,22492,0,1,0,0,0
"857",3886019969918,101,"3886019969918101",3,2018,"32018",7415.448285,51,0,100,40,1,0,0,0,0,0,"1",0,"Infant",-1,"No Child",-1,"No Child",-1,"No Child",-1,"No Child",-1,"No Child","Graduate or Professional Degree",27,"White",3,22492,0,1,0,0,0
"858",3886019969918,101,"3886019969918101",4,2018,"42018",7433.0796813,51,0,100,40,1,0,0,0,0,0,"1",0,"Infant",-1,"No Child",-1,"No Child",-1,"No Child",-1,"No Child",-1,"No Child","Graduate or Professional Degree",27,"White",3,22492,0,1,0,0,0
"859",3886019969918,101,"3886019969918101",5,2018,"52018",7612.3694342,51,0,100,40,1,0,0,0,0,0,"1",0,"Infant",-1,"No Child",-1,"No Child",-1,"No Child",-1,"No Child",-1,"No Child","Graduate or Professional Degree",27,"White",3,22492,0,1,0,0,0
"860",3886019969918,101,"3886019969918101",6,2018,"62018",7561.1201466,51,0,100,40,1,0,0,0,0,0,"1",0,"Infant",-1,"No Child",-1,"No Child",-1,"No Child",-1,"No Child",-1,"No Child","Graduate or Professional Degree",27,"White",3,10925,0,1,0,0,0
"861",3886019969918,101,"3886019969918101",7,2018,"72018",7545.935944,51,0,100,40,1,0,0,0,0,0,"1",0,"Infant",-1,"No Child",-1,"No Child",-1,"No Child",-1,"No Child",-1,"No Child","Graduate or Professional Degree",27,"White",3,10925,0,1,0,0,0
"862",3886019969918,101,"3886019969918101",8,2018,"82018",7540.3813328,51,0,100,40,1,0,0,0,0,0,"1",0,"Infant",-1,"No Child",-1,"No Child",-1,"No Child",-1,"No Child",-1,"No Child","Graduate or Professional Degree",27,"White",3,10925,0,1,0,0,0
"863",3886019969918,101,"3886019969918101",9,2018,"92018",7609.3450891,51,0,100,40,1,0,0,0,0,0,"1",0,"Infant",-1,"No Child",-1,"No Child",-1,"No Child",-1,"No Child",-1,"No Child","Graduate or Professional Degree",27,"White",3,10925,0,1,0,0,0
"864",3886019969918,101,"3886019969918101",10,2018,"102018",7703.3551743,51,0,100,40,1,0,0,0,0,0,"1",0,"Infant",-1,"No Child",-1,"No Child",-1,"No Child",-1,"No Child",-1,"No Child","Graduate or Professional Degree",27,"White",3,10925,0,1,0,0,0
"865",3886019969918,101,"3886019969918101",11,2018,"112018",7621.4507472,51,0,100,40,1,0,0,0,0,0,"1",0,"Infant",-1,"No Child",-1,"No Child",-1,"No Child",-1,"No Child",-1,"No Child","Graduate or Professional Degree",27,"White",3,10925,0,1,0,0,0
"866",3886019969918,101,"3886019969918101",12,2018,"122018",7743.91121,51,0,100,40,1,0,0,0,0,0,"1",0,"Infant",-1,"No Child",-1,"No Child",-1,"No Child",-1,"No Child",-1,"No Child","Graduate or Professional Degree",27,"White",3,10925,0,1,0,0,0
"867",3886019969918,102,"3886019969918102",1,2018,"12018",7381.5914062,51,0,100,40,1,0,0,0,0,0,"1",0,"Infant",-1,"No Child",-1,"No Child",-1,"No Child",-1,"No Child",-1,"No Child","High School or Some College",29,"White",0,22492,0,0,0,0,0
"868",3886019969918,102,"3886019969918102",2,2018,"22018",7359.363279,51,0,100,40,1,0,0,0,0,0,"1",0,"Infant",-1,"No Child",-1,"No Child",-1,"No Child",-1,"No Child",-1,"No Child","High School or Some College",29,"White",0,22492,0,0,0,0,0
"869",3886019969918,102,"3886019969918102",3,2018,"32018",7415.448285,51,0,100,40,1,0,0,0,0,0,"1",0,"Infant",-1,"No Child",-1,"No Child",-1,"No Child",-1,"No Child",-1,"No Child","High School or Some College",29,"White",0,22492,0,0,0,0,0
"870",3886019969918,102,"3886019969918102",4,2018,"42018",7433.0796813,51,0,100,40,1,0,0,0,0,0,"1",0,"Infant",-1,"No Child",-1,"No Child",-1,"No Child",-1,"No Child",-1,"No Child","High School or Some College",29,"White",0,22492,0,0,0,0,0
"871",3886019969918,102,"3886019969918102",5,2018,"52018",7612.3694342,51,0,100,40,1,0,0,0,0,0,"1",0,"Infant",-1,"No Child",-1,"No Child",-1,"No Child",-1,"No Child",-1,"No Child","High School or Some College",29,"White",0,22492,0,0,0,0,0
"872",3886019969918,102,"3886019969918102",6,2018,"62018",7561.1201466,51,0,100,40,1,0,0,0,0,0,"1",0,"Infant",-1,"No Child",-1,"No Child",-1,"No Child",-1,"No Child",-1,"No Child","High School or Some College",29,"White",0,10925,0,0,0,0,0
"873",3886019969918,102,"3886019969918102",7,2018,"72018",7545.935944,51,0,100,40,1,0,0,0,0,0,"1",0,"Infant",-1,"No Child",-1,"No Child",-1,"No Child",-1,"No Child",-1,"No Child","High School or Some College",29,"White",0,10925,0,0,0,0,0
"874",3886019969918,102,"3886019969918102",8,2018,"82018",7540.3813328,51,0,100,40,1,0,0,0,0,0,"1",0,"Infant",-1,"No Child",-1,"No Child",-1,"No Child",-1,"No Child",-1,"No Child","High School or Some College",29,"White",0,10925,0,0,0,0,0
"875",3886019969918,102,"3886019969918102",9,2018,"92018",7609.3450891,51,0,100,40,1,0,0,0,0,0,"1",0,"Infant",-1,"No Child",-1,"No Child",-1,"No Child",-1,"No Child",-1,"No Child","High School or Some College",29,"White",0,10925,0,0,0,0,0
"876",3886019969918,102,"3886019969918102",10,2018,"102018",7703.3551743,51,0,100,40,1,0,0,0,0,0,"1",0,"Infant",-1,"No Child",-1,"No Child",-1,"No Child",-1,"No Child",-1,"No Child","High School or Some College",29,"White",0,10925,0,0,0,0,0
"877",3886019969918,102,"3886019969918102",11,2018,"112018",7621.4507472,51,0,100,40,1,0,0,0,0,0,"1",0,"Infant",-1,"No Child",-1,"No Child",-1,"No Child",-1,"No Child",-1,"No Child","High School or Some College",29,"White",0,10925,0,0,0,0,0
"878",3886019969918,102,"3886019969918102",12,2018,"122018",7743.91121,51,0,100,40,1,0,0,0,0,0,"1",0,"Infant",-1,"No Child",-1,"No Child",-1,"No Child",-1,"No Child",-1,"No Child","High School or Some College",29,"White",0,10925,0,0,0,0,0
"879",3886038251918,101,"3886038251918101",1,2018,"12018",10001.071305,51,0,0,0,0,0,0,0,1,0,"1",19,"Past Subsidy",17,"Past Subsidy",14,"Past Subsidy",6,"School Age",0,"Infant",-1,"No Child","No High School Diploma",41,"Black",0,3087,0,1,0,0,0
"880",3886038251918,101,"3886038251918101",2,2018,"22018",9863.0640405,51,0,0,0,0,0,0,0,1,0,"1",19,"Past Subsidy",17,"Past Subsidy",14,"Past Subsidy",6,"School Age",0,"Infant",-1,"No Child","No High School Diploma",41,"Black",0,1825,0,1,0,0,0
"881",3886038251918,101,"3886038251918101",3,2018,"32018",10451.12943,51,0,0,0,0,0,0,0,1,0,"1",19,"Past Subsidy",17,"Past Subsidy",14,"Past Subsidy",6,"School Age",0,"Infant",-1,"No Child","No High School Diploma",41,"Black",0,2381,0,1,0,0,0
"882",3886038251918,101,"3886038251918101",4,2018,"42018",10503.921658,51,0,0,0,0,0,0,0,1,0,"1",19,"Past Subsidy",17,"Past Subsidy",14,"Past Subsidy",6,"School Age",0,"Infant",-1,"No Child","No High School Diploma",41,"Black",0,2381,0,1,0,0,0
"883",3886038251918,101,"3886038251918101",5,2018,"52018",10543.706355,51,0,0,0,0,0,0,0,1,0,"1",19,"Past Subsidy",17,"Past Subsidy",14,"Past Subsidy",6,"School Age",0,"Infant",-1,"No Child","No High School Diploma",41,"Black",0,2274,0,1,0,0,0
"884",3886038251918,101,"3886038251918101",6,2018,"62018",10801.608854,51,0,0,0,0,0,0,0,1,0,"1",19,"Past Subsidy",17,"Past Subsidy",14,"Past Subsidy",6,"School Age",0,"Infant",-1,"No Child","No High School Diploma",41,"Black",0,1825,0,1,0,0,0
"885",3886038251918,101,"3886038251918101",7,2018,"72018",11188.92081,51,0,0,0,0,0,0,0,1,0,"1",19,"Past Subsidy",17,"Past Subsidy",14,"Past Subsidy",6,"School Age",0,"Infant",-1,"No Child","No High School Diploma",41,"Black",0,3211,0,1,0,0,0
"886",3886038251918,101,"3886038251918101",8,2018,"82018",11335.112967,51,0,0,0,0,0,0,0,1,0,"1",19,"Past Subsidy",17,"Past Subsidy",14,"Past Subsidy",6,"School Age",0,"Infant",-1,"No Child","No High School Diploma",41,"Black",0,3544,0,1,0,0,0
"887",3886038251918,101,"3886038251918101",9,2018,"92018",10792.751662,51,0,0,0,0,0,0,0,1,0,"1",19,"Past Subsidy",17,"Past Subsidy",14,"Past Subsidy",6,"School Age",0,"Infant",-1,"No Child","No High School Diploma",41,"Black",0,3544,0,1,0,0,0
"888",3886038251918,101,"3886038251918101",10,2018,"102018",10848.955455,51,0,0,0,0,0,0,0,1,0,"1",19,"Past Subsidy",17,"Past Subsidy",14,"Past Subsidy",6,"School Age",0,"Infant",-1,"No Child","No High School Diploma",41,"Black",0,3544,0,1,0,0,0
"889",3886038251918,101,"3886038251918101",11,2018,"112018",10749.372058,51,0,0,0,0,0,0,0,1,0,"1",19,"Past Subsidy",17,"Past Subsidy",14,"Past Subsidy",6,"School Age",0,"Infant",-1,"No Child","No High School Diploma",41,"Black",0,3544,0,1,0,0,0
"890",3886038251918,101,"3886038251918101",12,2018,"122018",10855.760735,51,0,0,0,0,0,0,0,1,0,"1",19,"Past Subsidy",17,"Past Subsidy",14,"Past Subsidy",6,"School Age",0,"Infant",-1,"No Child","No High School Diploma",41,"Black",0,3544,0,1,0,0,0
"891",3886038251918,102,"3886038251918102",1,2018,"12018",10001.071305,51,0,100,40,0,0,0,0,1,0,"1",19,"Past Subsidy",17,"Past Subsidy",14,"Past Subsidy",6,"School Age",0,"Infant",-1,"No Child","No High School Diploma",46,"Black",0,3087,0,0,0,0,0
"892",3886038251918,102,"3886038251918102",2,2018,"22018",9863.0640405,51,0,100,40,0,0,0,0,1,0,"1",19,"Past Subsidy",17,"Past Subsidy",14,"Past Subsidy",6,"School Age",0,"Infant",-1,"No Child","No High School Diploma",46,"Black",0,1825,0,0,0,0,0
"893",3886038251918,102,"3886038251918102",3,2018,"32018",10451.12943,51,0,100,40,0,0,0,0,1,0,"1",19,"Past Subsidy",17,"Past Subsidy",14,"Past Subsidy",6,"School Age",0,"Infant",-1,"No Child","No High School Diploma",46,"Black",0,2381,0,0,0,0,0
"894",3886038251918,102,"3886038251918102",4,2018,"42018",10503.921658,51,0,100,40,0,0,0,0,1,0,"1",19,"Past Subsidy",17,"Past Subsidy",14,"Past Subsidy",6,"School Age",0,"Infant",-1,"No Child","No High School Diploma",46,"Black",0,2381,0,0,0,0,0
"895",3886038251918,102,"3886038251918102",5,2018,"52018",10543.706355,51,0,100,40,0,0,0,0,1,0,"1",19,"Past Subsidy",17,"Past Subsidy",14,"Past Subsidy",6,"School Age",0,"Infant",-1,"No Child","No High School Diploma",46,"Black",0,2274,0,0,0,0,0
"896",3886038251918,102,"3886038251918102",6,2018,"62018",10801.608854,51,0,100,40,0,0,0,0,1,0,"1",19,"Past Subsidy",17,"Past Subsidy",14,"Past Subsidy",6,"School Age",0,"Infant",-1,"No Child","No High School Diploma",46,"Black",0,1825,0,0,0,0,0
"897",3886038251918,102,"3886038251918102",7,2018,"72018",11188.92081,51,0,100,40,0,0,0,0,1,0,"1",19,"Past Subsidy",17,"Past Subsidy",14,"Past Subsidy",6,"School Age",0,"Infant",-1,"No Child","No High School Diploma",46,"Black",0,3211,0,0,0,0,0
"898",3886038251918,102,"3886038251918102",8,2018,"82018",11335.112967,51,0,100,40,0,0,0,0,1,0,"1",19,"Past Subsidy",17,"Past Subsidy",14,"Past Subsidy",6,"School Age",0,"Infant",-1,"No Child","No High School Diploma",46,"Black",0,3544,0,0,0,0,0
"899",3886038251918,102,"3886038251918102",9,2018,"92018",10792.751662,51,0,100,40,0,0,0,0,1,0,"1",19,"Past Subsidy",17,"Past Subsidy",14,"Past Subsidy",6,"School Age",0,"Infant",-1,"No Child","No High School Diploma",46,"Black",0,3544,0,0,0,0,0
"900",3886038251918,102,"3886038251918102",10,2018,"102018",10848.955455,51,0,100,40,0,0,0,0,1,0,"1",19,"Past Subsidy",17,"Past Subsidy",14,"Past Subsidy",6,"School Age",0,"Infant",-1,"No Child","No High School Diploma",46,"Black",0,3544,0,0,0,0,0
"901",3886038251918,102,"3886038251918102",11,2018,"112018",10749.372058,51,0,100,40,0,0,0,0,1,0,"1",19,"Past Subsidy",17,"Past Subsidy",14,"Past Subsidy",6,"School Age",0,"Infant",-1,"No Child","No High School Diploma",46,"Black",0,3544,0,0,0,0,0
"902",3886038251918,102,"3886038251918102",12,2018,"122018",10855.760735,51,0,100,40,0,0,0,0,1,0,"1",19,"Past Subsidy",17,"Past Subsidy",14,"Past Subsidy",6,"School Age",0,"Infant",-1,"No Child","No High School Diploma",46,"Black",0,3544,0,0,0,0,0
"903",3886040615818,101,"3886040615818101",1,2018,"12018",5012.3069913,51,0,100,45,0,0,1,1,0,0,"2",9,"School Age",7,"School Age",4,"Preschool",1,"Infant",-1,"No Child",-1,"No Child","Graduate or Professional Degree",37,"White",0,10445,0,0,0,0,0
"904",3886040615818,101,"3886040615818101",2,2018,"22018",5010.7999288,51,0,100,45,0,0,1,1,0,0,"2",9,"School Age",7,"School Age",4,"Preschool",1,"Infant",-1,"No Child",-1,"No Child","Graduate or Professional Degree",37,"White",0,10445,0,0,0,0,0
"905",3886040615818,101,"3886040615818101",3,2018,"32018",5008.7794691,51,0,100,45,0,0,1,1,0,0,"2",9,"School Age",7,"School Age",4,"Preschool",1,"Infant",-1,"No Child",-1,"No Child","Graduate or Professional Degree",37,"White",0,10445,0,0,0,0,0
"906",3886040615818,101,"3886040615818101",4,2018,"42018",4972.8751947,51,0,100,45,0,0,1,1,0,0,"2",9,"School Age",7,"School Age",4,"Preschool",1,"Infant",-1,"No Child",-1,"No Child","Graduate or Professional Degree",37,"White",0,10445,0,0,0,0,0
"907",3886040615818,101,"3886040615818101",5,2018,"52018",5060.9324618,51,0,100,45,0,0,1,1,0,0,"2",9,"School Age",7,"School Age",4,"Preschool",1,"Infant",-1,"No Child",-1,"No Child","Graduate or Professional Degree",37,"White",0,10445,0,0,0,0,0
"908",3886040615818,101,"3886040615818101",6,2018,"62018",5043.3223741,51,0,100,45,0,0,1,1,0,0,"2",9,"School Age",7,"School Age",4,"Preschool",1,"Infant",-1,"No Child",-1,"No Child","Graduate or Professional Degree",37,"White",0,10445,0,0,0,0,0
"909",3886040615818,101,"3886040615818101",7,2018,"72018",5002.5077741,51,0,100,45,0,0,1,1,0,0,"2",9,"School Age",7,"School Age",4,"Preschool",1,"Infant",-1,"No Child",-1,"No Child","Graduate or Professional Degree",37,"White",0,10445,0,0,0,0,0
"910",3886040615818,101,"3886040615818101",8,2018,"82018",4987.9951412,51,0,100,45,0,0,1,1,0,0,"2",9,"School Age",7,"School Age",4,"Preschool",1,"Infant",-1,"No Child",-1,"No Child","Graduate or Professional Degree",37,"White",0,10445,0,0,0,0,0
"911",3886040615818,101,"3886040615818101",9,2018,"92018",4959.5130552,51,0,100,45,0,0,1,1,0,0,"2",9,"School Age",7,"School Age",4,"Preschool",1,"Infant",-1,"No Child",-1,"No Child","Graduate or Professional Degree",37,"White",0,10445,0,0,0,0,0
"912",3886040615818,101,"3886040615818101",10,2018,"102018",5055.7400555,51,0,100,45,0,0,1,1,0,0,"2",9,"School Age",7,"School Age",4,"Preschool",1,"Infant",-1,"No Child",-1,"No Child","Graduate or Professional Degree",37,"White",0,10445,0,0,0,0,0
"913",3886040615818,101,"3886040615818101",11,2018,"112018",5038.2186211,51,0,100,45,0,0,1,1,0,0,"2",9,"School Age",7,"School Age",4,"Preschool",1,"Infant",-1,"No Child",-1,"No Child","Graduate or Professional Degree",37,"White",0,10445,0,0,0,0,0
"914",3886040615818,101,"3886040615818101",12,2018,"122018",5108.7146477,51,0,100,45,0,0,1,1,0,0,"2",9,"School Age",7,"School Age",4,"Preschool",1,"Infant",-1,"No Child",-1,"No Child","Graduate or Professional Degree",37,"White",0,10445,0,0,0,0,0
"915",3886040615818,102,"3886040615818102",1,2018,"12018",5012.3069913,51,0,0,0,0,0,1,1,0,0,"2",9,"School Age",7,"School Age",4,"Preschool",1,"Infant",-1,"No Child",-1,"No Child","Bachelor’s Degree",34,"White",0,10445,0,1,0,0,0
"916",3886040615818,102,"3886040615818102",2,2018,"22018",5010.7999288,51,0,0,0,0,0,1,1,0,0,"2",9,"School Age",7,"School Age",4,"Preschool",1,"Infant",-1,"No Child",-1,"No Child","Bachelor’s Degree",34,"White",0,10445,0,1,0,0,0
"917",3886040615818,102,"3886040615818102",3,2018,"32018",5008.7794691,51,0,0,0,0,0,1,1,0,0,"2",9,"School Age",7,"School Age",4,"Preschool",1,"Infant",-1,"No Child",-1,"No Child","Bachelor’s Degree",34,"White",0,10445,0,1,0,0,0
"918",3886040615818,102,"3886040615818102",4,2018,"42018",4972.8751947,51,0,0,0,0,0,1,1,0,0,"2",9,"School Age",7,"School Age",4,"Preschool",1,"Infant",-1,"No Child",-1,"No Child","Bachelor’s Degree",34,"White",0,10445,0,1,0,0,0
"919",3886040615818,102,"3886040615818102",5,2018,"52018",5060.9324618,51,0,0,0,0,0,1,1,0,0,"2",9,"School Age",7,"School Age",4,"Preschool",1,"Infant",-1,"No Child",-1,"No Child","Bachelor’s Degree",34,"White",0,10445,0,1,0,0,0
"920",3886040615818,102,"3886040615818102",6,2018,"62018",5043.3223741,51,0,0,0,0,0,1,1,0,0,"2",9,"School Age",7,"School Age",4,"Preschool",1,"Infant",-1,"No Child",-1,"No Child","Bachelor’s Degree",34,"White",0,10445,0,1,0,0,0
"921",3886040615818,102,"3886040615818102",7,2018,"72018",5002.5077741,51,0,0,0,0,0,1,1,0,0,"2",9,"School Age",7,"School Age",4,"Preschool",1,"Infant",-1,"No Child",-1,"No Child","Bachelor’s Degree",34,"White",0,10445,0,1,0,0,0
"922",3886040615818,102,"3886040615818102",8,2018,"82018",4987.9951412,51,0,0,0,0,0,1,1,0,0,"2",9,"School Age",7,"School Age",4,"Preschool",1,"Infant",-1,"No Child",-1,"No Child","Bachelor’s Degree",34,"White",0,10445,0,1,0,0,0
"923",3886040615818,102,"3886040615818102",9,2018,"92018",4959.5130552,51,0,0,0,0,0,1,1,0,0,"2",9,"School Age",7,"School Age",4,"Preschool",1,"Infant",-1,"No Child",-1,"No Child","Bachelor’s Degree",34,"White",0,10445,0,1,0,0,0
"924",3886040615818,102,"3886040615818102",10,2018,"102018",5055.7400555,51,0,0,0,0,0,1,1,0,0,"2",9,"School Age",7,"School Age",4,"Preschool",1,"Infant",-1,"No Child",-1,"No Child","Bachelor’s Degree",34,"White",0,10445,0,1,0,0,0
"925",3886040615818,102,"3886040615818102",11,2018,"112018",5038.2186211,51,0,0,0,0,0,1,1,0,0,"2",9,"School Age",7,"School Age",4,"Preschool",1,"Infant",-1,"No Child",-1,"No Child","Bachelor’s Degree",34,"White",0,10445,0,1,0,0,0
"926",3886040615818,102,"3886040615818102",12,2018,"122018",5108.7146477,51,0,0,0,0,0,1,1,0,0,"2",9,"School Age",7,"School Age",4,"Preschool",1,"Infant",-1,"No Child",-1,"No Child","Bachelor’s Degree",34,"White",0,10445,0,1,0,0,0
"927",3886040633820,101,"3886040633820101",1,2020,"12020",14288.51218,51,0,100,45,1,1,0,0,0,0,"2",5,"Preschool",1,"Infant",-1,"No Child",-1,"No Child",-1,"No Child",-1,"No Child","Bachelor’s Degree",32,"White",0,7370,0,0,0,0,0
"928",3886040633820,101,"3886040633820101",2,2020,"22020",14358.748481,51,0,100,45,1,1,0,0,0,0,"2",5,"Preschool",1,"Infant",-1,"No Child",-1,"No Child",-1,"No Child",-1,"No Child","Bachelor’s Degree",32,"White",0,7370,0,0,0,0,0
"929",3886040633820,101,"3886040633820101",3,2020,"32020",14487.558233,51,0,100,45,1,1,0,0,0,0,"2",5,"Preschool",1,"Infant",-1,"No Child",-1,"No Child",-1,"No Child",-1,"No Child","Bachelor’s Degree",32,"White",0,7370,0,0,0,0,0
"930",3886040633820,101,"3886040633820101",4,2020,"42020",14446.573396,51,0,100,45,1,1,0,0,0,0,"2",5,"Preschool",1,"Infant",-1,"No Child",-1,"No Child",-1,"No Child",-1,"No Child","Bachelor’s Degree",32,"White",0,7370,0,0,0,0,0
"931",3886040633820,101,"3886040633820101",5,2020,"52020",14622.466743,51,0,100,45,1,1,0,0,0,0,"2",5,"Preschool",1,"Infant",-1,"No Child",-1,"No Child",-1,"No Child",-1,"No Child","Bachelor’s Degree",32,"White",0,7370,0,0,0,0,0
"932",3886040633820,101,"3886040633820101",6,2020,"62020",14748.053888,51,0,100,45,1,1,0,0,0,0,"2",5,"Preschool",1,"Infant",-1,"No Child",-1,"No Child",-1,"No Child",-1,"No Child","Bachelor’s Degree",32,"White",0,7370,0,0,0,0,0
"933",3886040633820,101,"3886040633820101",7,2020,"72020",14748.280794,51,0,100,45,1,1,0,0,0,0,"2",5,"Preschool",1,"Infant",-1,"No Child",-1,"No Child",-1,"No Child",-1,"No Child","Bachelor’s Degree",32,"White",0,7370,0,0,0,0,0
"934",3886040633820,101,"3886040633820101",8,2020,"82020",14808.11767,51,0,100,45,1,1,0,0,0,0,"2",5,"Preschool",1,"Infant",-1,"No Child",-1,"No Child",-1,"No Child",-1,"No Child","Bachelor’s Degree",32,"White",0,7370,0,0,0,0,0
"935",3886040633820,101,"3886040633820101",9,2020,"92020",14627.960461,51,0,100,45,1,1,0,0,0,0,"2",5,"Preschool",1,"Infant",-1,"No Child",-1,"No Child",-1,"No Child",-1,"No Child","Bachelor’s Degree",32,"White",0,7370,0,0,0,0,0
"936",3886040633820,101,"3886040633820101",10,2020,"102020",14857.626728,51,0,100,45,1,1,0,0,0,0,"2",5,"Preschool",1,"Infant",-1,"No Child",-1,"No Child",-1,"No Child",-1,"No Child","Bachelor’s Degree",32,"White",0,7370,0,0,0,0,0
"937",3886040633820,101,"3886040633820101",11,2020,"112020",14981.738403,51,0,100,45,1,1,0,0,0,0,"2",5,"Preschool",1,"Infant",-1,"No Child",-1,"No Child",-1,"No Child",-1,"No Child","Bachelor’s Degree",32,"White",0,7370,0,0,0,0,0
"938",3886040633820,101,"3886040633820101",12,2020,"122020",15098.079921,51,0,100,45,1,1,0,0,0,0,"2",5,"Preschool",1,"Infant",-1,"No Child",-1,"No Child",-1,"No Child",-1,"No Child","Bachelor’s Degree",32,"White",0,7370,0,0,0,0,0
"939",3886040633820,102,"3886040633820102",1,2020,"12020",14288.51218,51,0,0,0,1,1,0,0,0,0,"2",5,"Preschool",1,"Infant",-1,"No Child",-1,"No Child",-1,"No Child",-1,"No Child","Bachelor’s Degree",33,"White",0,7370,0,1,0,0,0
"940",3886040633820,102,"3886040633820102",2,2020,"22020",14358.748481,51,0,0,0,1,1,0,0,0,0,"2",5,"Preschool",1,"Infant",-1,"No Child",-1,"No Child",-1,"No Child",-1,"No Child","Bachelor’s Degree",33,"White",0,7370,0,1,0,0,0
"941",3886040633820,102,"3886040633820102",3,2020,"32020",14487.558233,51,0,0,0,1,1,0,0,0,0,"2",5,"Preschool",1,"Infant",-1,"No Child",-1,"No Child",-1,"No Child",-1,"No Child","Bachelor’s Degree",33,"White",0,7370,0,1,0,0,0
"942",3886040633820,102,"3886040633820102",4,2020,"42020",14446.573396,51,0,0,0,1,1,0,0,0,0,"2",5,"Preschool",1,"Infant",-1,"No Child",-1,"No Child",-1,"No Child",-1,"No Child","Bachelor’s Degree",33,"White",0,7370,0,1,0,0,0
"943",3886040633820,102,"3886040633820102",5,2020,"52020",14622.466743,51,0,0,0,1,1,0,0,0,0,"2",5,"Preschool",1,"Infant",-1,"No Child",-1,"No Child",-1,"No Child",-1,"No Child","Bachelor’s Degree",33,"White",0,7370,0,1,0,0,0
"944",3886040633820,102,"3886040633820102",6,2020,"62020",14748.053888,51,0,0,0,1,1,0,0,0,0,"2",5,"Preschool",1,"Infant",-1,"No Child",-1,"No Child",-1,"No Child",-1,"No Child","Bachelor’s Degree",33,"White",0,7370,0,1,0,0,0
"945",3886040633820,102,"3886040633820102",7,2020,"72020",14748.280794,51,0,0,0,1,1,0,0,0,0,"2",5,"Preschool",1,"Infant",-1,"No Child",-1,"No Child",-1,"No Child",-1,"No Child","Bachelor’s Degree",33,"White",0,7370,0,1,0,0,0
"946",3886040633820,102,"3886040633820102",8,2020,"82020",14808.11767,51,0,0,0,1,1,0,0,0,0,"2",5,"Preschool",1,"Infant",-1,"No Child",-1,"No Child",-1,"No Child",-1,"No Child","Bachelor’s Degree",33,"White",0,7370,0,1,0,0,0
"947",3886040633820,102,"3886040633820102",9,2020,"92020",14627.960461,51,0,0,0,1,1,0,0,0,0,"2",5,"Preschool",1,"Infant",-1,"No Child",-1,"No Child",-1,"No Child",-1,"No Child","Bachelor’s Degree",33,"White",0,7370,0,1,0,0,0
"948",3886040633820,102,"3886040633820102",10,2020,"102020",14857.626728,51,0,0,0,1,1,0,0,0,0,"2",5,"Preschool",1,"Infant",-1,"No Child",-1,"No Child",-1,"No Child",-1,"No Child","Bachelor’s Degree",33,"White",0,7370,0,1,0,0,0
"949",3886040633820,102,"3886040633820102",11,2020,"112020",14981.738403,51,0,0,0,1,1,0,0,0,0,"2",5,"Preschool",1,"Infant",-1,"No Child",-1,"No Child",-1,"No Child",-1,"No Child","Bachelor’s Degree",33,"White",0,7370,0,1,0,0,0
"950",3886040633820,102,"3886040633820102",12,2020,"122020",15098.079921,51,0,0,0,1,1,0,0,0,0,"2",5,"Preschool",1,"Infant",-1,"No Child",-1,"No Child",-1,"No Child",-1,"No Child","Bachelor’s Degree",33,"White",0,7370,0,1,0,0,0
"951",3886040684918,101,"3886040684918101",1,2018,"12018",6579.8389891,51,0,100,66,1,0,0,0,0,0,"1",4,"Preschool",-1,"No Child",-1,"No Child",-1,"No Child",-1,"No Child",-1,"No Child","Graduate or Professional Degree",41,"White",24,26598,0,0,1,0,0
"952",3886040684918,101,"3886040684918101",2,2018,"22018",7079.1390812,51,0,100,66,1,0,0,0,0,0,"1",4,"Preschool",-1,"No Child",-1,"No Child",-1,"No Child",-1,"No Child",-1,"No Child","Graduate or Professional Degree",41,"White",24,26598,0,0,1,0,0
"953",3886040684918,101,"3886040684918101",3,2018,"32018",7158.1285148,51,0,100,66,1,0,0,0,0,0,"1",4,"Preschool",-1,"No Child",-1,"No Child",-1,"No Child",-1,"No Child",-1,"No Child","Graduate or Professional Degree",41,"White",24,26598,0,0,1,0,0
"954",3886040684918,101,"3886040684918101",4,2018,"42018",7081.3505583,51,0,100,66,1,0,0,0,0,0,"1",4,"Preschool",-1,"No Child",-1,"No Child",-1,"No Child",-1,"No Child",-1,"No Child","Graduate or Professional Degree",41,"White",24,26598,0,0,1,0,0
"955",3886040684918,101,"3886040684918101",5,2018,"52018",7096.3539406,51,0,100,66,1,0,0,0,0,0,"1",4,"Preschool",-1,"No Child",-1,"No Child",-1,"No Child",-1,"No Child",-1,"No Child","Graduate or Professional Degree",41,"White",24,26598,0,0,1,0,0
"956",3886040684918,101,"3886040684918101",6,2018,"62018",7072.4227612,51,0,100,66,1,0,0,0,0,0,"1",4,"Preschool",-1,"No Child",-1,"No Child",-1,"No Child",-1,"No Child",-1,"No Child","Graduate or Professional Degree",41,"White",24,26598,0,0,1,0,0
"957",3886040684918,101,"3886040684918101",7,2018,"72018",7034.3750799,51,0,100,66,1,0,0,0,0,0,"1",4,"Preschool",-1,"No Child",-1,"No Child",-1,"No Child",-1,"No Child",-1,"No Child","Graduate or Professional Degree",41,"White",24,26598,0,0,1,0,0
"958",3886040684918,101,"3886040684918101",8,2018,"82018",6939.1708652,51,0,100,66,1,0,0,0,0,0,"1",4,"Preschool",-1,"No Child",-1,"No Child",-1,"No Child",-1,"No Child",-1,"No Child","Graduate or Professional Degree",41,"White",24,26598,0,0,1,0,0
"959",3886040684918,101,"3886040684918101",9,2018,"92018",6883.7210764,51,0,100,66,1,0,0,0,0,0,"1",4,"Preschool",-1,"No Child",-1,"No Child",-1,"No Child",-1,"No Child",-1,"No Child","Graduate or Professional Degree",41,"White",24,26620,0,0,1,0,0
"960",3886040684918,101,"3886040684918101",10,2018,"102018",6962.9271647,51,0,100,66,1,0,0,0,0,0,"1",4,"Preschool",-1,"No Child",-1,"No Child",-1,"No Child",-1,"No Child",-1,"No Child","Graduate or Professional Degree",41,"White",24,26932,0,0,1,0,0
"961",3886040684918,101,"3886040684918101",11,2018,"112018",6865.9897179,51,0,100,66,1,0,0,0,0,0,"1",4,"Preschool",-1,"No Child",-1,"No Child",-1,"No Child",-1,"No Child",-1,"No Child","Graduate or Professional Degree",41,"White",24,26932,0,0,1,0,0
"962",3886040684918,101,"3886040684918101",12,2018,"122018",6859.9019782,51,0,100,66,1,0,0,0,0,0,"1",4,"Preschool",-1,"No Child",-1,"No Child",-1,"No Child",-1,"No Child",-1,"No Child","Graduate or Professional Degree",41,"White",24,26932,0,0,1,0,0
"963",3886040684918,102,"3886040684918102",1,2018,"12018",7804.9004161,51,0,100,35,1,0,0,0,0,0,"1",4,"Preschool",-1,"No Child",-1,"No Child",-1,"No Child",-1,"No Child",-1,"No Child","Bachelor’s Degree",46,"White",0,26598,0,1,1,0,0
"964",3886040684918,102,"3886040684918102",2,2018,"22018",7783.6079468,51,0,100,35,1,0,0,0,0,0,"1",4,"Preschool",-1,"No Child",-1,"No Child",-1,"No Child",-1,"No Child",-1,"No Child","Bachelor’s Degree",46,"White",0,26598,0,1,1,0,0
"965",3886040684918,102,"3886040684918102",3,2018,"32018",7640.4663839,51,0,100,35,1,0,0,0,0,0,"1",4,"Preschool",-1,"No Child",-1,"No Child",-1,"No Child",-1,"No Child",-1,"No Child","Bachelor’s Degree",46,"White",0,26598,0,1,1,0,0
"966",3886040684918,102,"3886040684918102",4,2018,"42018",7614.7043182,51,0,100,35,1,0,0,0,0,0,"1",4,"Preschool",-1,"No Child",-1,"No Child",-1,"No Child",-1,"No Child",-1,"No Child","Bachelor’s Degree",46,"White",0,26598,0,1,1,0,0
"967",3886040684918,102,"3886040684918102",5,2018,"52018",7619.2909671,51,0,100,35,1,0,0,0,0,0,"1",4,"Preschool",-1,"No Child",-1,"No Child",-1,"No Child",-1,"No Child",-1,"No Child","Bachelor’s Degree",46,"White",0,26598,0,1,1,0,0
"968",3886040684918,102,"3886040684918102",6,2018,"62018",7607.5263545,51,0,100,35,1,0,0,0,0,0,"1",4,"Preschool",-1,"No Child",-1,"No Child",-1,"No Child",-1,"No Child",-1,"No Child","Bachelor’s Degree",46,"White",0,26598,0,1,1,0,0
"969",3886040684918,102,"3886040684918102",7,2018,"72018",7517.2337918,51,0,100,35,1,0,0,0,0,0,"1",4,"Preschool",-1,"No Child",-1,"No Child",-1,"No Child",-1,"No Child",-1,"No Child","Bachelor’s Degree",46,"White",0,26598,0,1,1,0,0
"970",3886040684918,102,"3886040684918102",8,2018,"82018",7587.3802636,51,0,100,35,1,0,0,0,0,0,"1",4,"Preschool",-1,"No Child",-1,"No Child",-1,"No Child",-1,"No Child",-1,"No Child","Bachelor’s Degree",46,"White",0,26598,0,1,1,0,0
"971",3886040684918,102,"3886040684918102",9,2018,"92018",7745.7628601,51,0,100,35,1,0,0,0,0,0,"1",4,"Preschool",-1,"No Child",-1,"No Child",-1,"No Child",-1,"No Child",-1,"No Child","Bachelor’s Degree",46,"White",0,26620,0,1,1,0,0
"972",3886040684918,102,"3886040684918102",10,2018,"102018",7980.5878496,51,0,100,35,1,0,0,0,0,0,"1",4,"Preschool",-1,"No Child",-1,"No Child",-1,"No Child",-1,"No Child",-1,"No Child","Bachelor’s Degree",46,"White",0,26932,0,1,1,0,0
"973",3886040684918,102,"3886040684918102",11,2018,"112018",8089.763569,51,0,100,35,1,0,0,0,0,0,"1",4,"Preschool",-1,"No Child",-1,"No Child",-1,"No Child",-1,"No Child",-1,"No Child","Bachelor’s Degree",46,"White",0,26932,0,1,1,0,0
"974",3886040684918,102,"3886040684918102",12,2018,"122018",7943.2484054,51,0,100,35,1,0,0,0,0,0,"1",4,"Preschool",-1,"No Child",-1,"No Child",-1,"No Child",-1,"No Child",-1,"No Child","Bachelor’s Degree",46,"White",0,26932,0,1,1,0,0
"975",3886043804918,101,"3886043804918101",1,2018,"12018",12372.30046,51,0,100,45,1,1,0,0,0,0,"2",4,"Preschool",2,"Toddler",-1,"No Child",-1,"No Child",-1,"No Child",-1,"No Child","High School or Some College",32,"White",0,18458,0,0,0,0,0
"976",3886043804918,101,"3886043804918101",2,2018,"22018",11962.61053,51,0,100,45,1,1,0,0,0,0,"2",4,"Preschool",2,"Toddler",-1,"No Child",-1,"No Child",-1,"No Child",-1,"No Child","High School or Some College",32,"White",0,17908,0,0,0,0,0
"977",3886043804918,101,"3886043804918101",3,2018,"32018",12124.529629,51,0,100,45,1,1,0,0,0,0,"2",4,"Preschool",2,"Toddler",-1,"No Child",-1,"No Child",-1,"No Child",-1,"No Child","High School or Some College",32,"White",0,17908,0,0,0,0,0
"978",3886043804918,101,"3886043804918101",4,2018,"42018",12302.51015,51,0,100,45,1,1,0,0,0,0,"2",4,"Preschool",2,"Toddler",-1,"No Child",-1,"No Child",-1,"No Child",-1,"No Child","High School or Some College",32,"White",0,17908,0,0,0,0,0
"979",3886043804918,101,"3886043804918101",5,2018,"52018",12544.878944,51,0,100,45,1,1,0,0,0,0,"2",4,"Preschool",2,"Toddler",-1,"No Child",-1,"No Child",-1,"No Child",-1,"No Child","High School or Some College",32,"White",0,17908,0,0,0,0,0
"980",3886043804918,101,"3886043804918101",6,2018,"62018",12592.948566,51,0,100,45,1,1,0,0,0,0,"2",4,"Preschool",2,"Toddler",-1,"No Child",-1,"No Child",-1,"No Child",-1,"No Child","High School or Some College",32,"White",0,17908,0,0,0,0,0
"981",3886043804918,101,"3886043804918101",7,2018,"72018",12500.871008,51,0,100,45,1,1,0,0,0,0,"2",4,"Preschool",2,"Toddler",-1,"No Child",-1,"No Child",-1,"No Child",-1,"No Child","High School or Some College",32,"White",0,17908,0,0,0,0,0
"982",3886043804918,101,"3886043804918101",8,2018,"82018",12510.860889,51,0,100,45,1,1,0,0,0,0,"2",4,"Preschool",2,"Toddler",-1,"No Child",-1,"No Child",-1,"No Child",-1,"No Child","High School or Some College",32,"White",0,17908,0,0,0,0,0
"983",3886043804918,101,"3886043804918101",9,2018,"92018",12438.248644,51,0,100,45,1,1,0,0,0,0,"2",4,"Preschool",2,"Toddler",-1,"No Child",-1,"No Child",-1,"No Child",-1,"No Child","High School or Some College",32,"White",0,17908,0,0,0,0,0
"984",3886043804918,101,"3886043804918101",10,2018,"102018",12627.238087,51,0,100,45,1,1,0,0,0,0,"2",4,"Preschool",2,"Toddler",-1,"No Child",-1,"No Child",-1,"No Child",-1,"No Child","High School or Some College",32,"White",0,17908,0,0,0,0,0
"985",3886043804918,101,"3886043804918101",11,2018,"112018",12641.559867,51,0,100,45,1,1,0,0,0,0,"2",4,"Preschool",2,"Toddler",-1,"No Child",-1,"No Child",-1,"No Child",-1,"No Child","High School or Some College",32,"White",0,17908,0,0,0,0,0
"986",3886043804918,101,"3886043804918101",12,2018,"122018",12645.524592,51,0,100,45,1,1,0,0,0,0,"2",4,"Preschool",2,"Toddler",-1,"No Child",-1,"No Child",-1,"No Child",-1,"No Child","High School or Some College",32,"White",0,17908,0,0,0,0,0
"987",3886043804918,102,"3886043804918102",1,2018,"12018",12372.30046,51,0,100,4,0,1,1,0,0,0,"2",9,"School Age",4,"Preschool",2,"Toddler",-1,"No Child",-1,"No Child",-1,"No Child","High School or Some College",36,"White",0,18458,0,1,0,0,0
"988",3886043804918,102,"3886043804918102",2,2018,"22018",11962.61053,51,0,100,4,0,1,1,0,0,0,"2",9,"School Age",4,"Preschool",2,"Toddler",-1,"No Child",-1,"No Child",-1,"No Child","High School or Some College",36,"White",0,17908,0,1,0,0,0
"989",3886043804918,102,"3886043804918102",3,2018,"32018",12124.529629,51,0,100,4,0,1,1,0,0,0,"2",9,"School Age",4,"Preschool",2,"Toddler",-1,"No Child",-1,"No Child",-1,"No Child","High School or Some College",36,"White",0,17908,0,1,0,0,0
"990",3886043804918,102,"3886043804918102",4,2018,"42018",12302.51015,51,0,100,4,0,1,1,0,0,0,"2",9,"School Age",4,"Preschool",2,"Toddler",-1,"No Child",-1,"No Child",-1,"No Child","High School or Some College",36,"White",0,17908,0,1,0,0,0
"991",3886043804918,102,"3886043804918102",5,2018,"52018",12544.878944,51,0,100,4,0,1,1,0,0,0,"2",9,"School Age",4,"Preschool",2,"Toddler",-1,"No Child",-1,"No Child",-1,"No Child","High School or Some College",36,"White",0,17908,0,1,0,0,0
"992",3886043804918,102,"3886043804918102",6,2018,"62018",12592.948566,51,0,100,4,0,1,1,0,0,0,"2",9,"School Age",4,"Preschool",2,"Toddler",-1,"No Child",-1,"No Child",-1,"No Child","High School or Some College",36,"White",0,17908,0,1,0,0,0
"993",3886043804918,102,"3886043804918102",7,2018,"72018",12500.871008,51,0,100,4,0,1,1,0,0,0,"2",9,"School Age",4,"Preschool",2,"Toddler",-1,"No Child",-1,"No Child",-1,"No Child","High School or Some College",36,"White",0,17908,0,1,0,0,0
"994",3886043804918,102,"3886043804918102",8,2018,"82018",12510.860889,51,0,100,4,0,1,1,0,0,0,"2",9,"School Age",4,"Preschool",2,"Toddler",-1,"No Child",-1,"No Child",-1,"No Child","High School or Some College",36,"White",0,17908,0,1,0,0,0
"995",3886043804918,102,"3886043804918102",9,2018,"92018",12438.248644,51,0,100,4,0,1,1,0,0,0,"2",9,"School Age",4,"Preschool",2,"Toddler",-1,"No Child",-1,"No Child",-1,"No Child","High School or Some College",36,"White",0,17908,0,1,0,0,0
"996",3886043804918,102,"3886043804918102",10,2018,"102018",12627.238087,51,0,100,4,0,1,1,0,0,0,"2",9,"School Age",4,"Preschool",2,"Toddler",-1,"No Child",-1,"No Child",-1,"No Child","High School or Some College",36,"White",0,17908,0,1,0,0,0
"997",3886043804918,102,"3886043804918102",11,2018,"112018",12641.559867,51,0,100,4,0,1,1,0,0,0,"2",9,"School Age",4,"Preschool",2,"Toddler",-1,"No Child",-1,"No Child",-1,"No Child","High School or Some College",36,"White",0,17908,0,1,0,0,0
"998",3886043804918,102,"3886043804918102",12,2018,"122018",12645.524592,51,0,100,4,0,1,1,0,0,0,"2",9,"School Age",4,"Preschool",2,"Toddler",-1,"No Child",-1,"No Child",-1,"No Child","High School or Some College",36,"White",0,17908,0,1,0,0,0
"999",3886047253920,101,"3886047253920101",1,2020,"12020",6610.3171301,51,0,100,66,1,1,0,0,0,0,"2",5,"Preschool",5,"Preschool",-1,"No Child",-1,"No Child",-1,"No Child",-1,"No Child","Graduate or Professional Degree",41,"White",6.5,33550,0,0,0,0,0
"1000",3886047253920,101,"3886047253920101",2,2020,"22020",6608.3295901,51,0,100,66,1,1,0,0,0,0,"2",5,"Preschool",5,"Preschool",-1,"No Child",-1,"No Child",-1,"No Child",-1,"No Child","Graduate or Professional Degree",41,"White",6.5,33550,0,0,0,0,0
"1001",3886047253920,101,"3886047253920101",3,2020,"32020",6847.9253258,51,0,100,66,1,1,0,0,0,0,"2",5,"Preschool",5,"Preschool",-1,"No Child",-1,"No Child",-1,"No Child",-1,"No Child","Graduate or Professional Degree",41,"White",6.5,33550,0,0,0,0,0
"1002",3886047253920,101,"3886047253920101",4,2020,"42020",6794.2824165,51,0,100,66,1,1,0,0,0,0,"2",5,"Preschool",5,"Preschool",-1,"No Child",-1,"No Child",-1,"No Child",-1,"No Child","Graduate or Professional Degree",41,"White",6.5,33550,0,0,0,0,0
"1003",3886047253920,101,"3886047253920101",5,2020,"52020",6918.8656174,51,0,100,66,1,1,0,0,0,0,"2",5,"Preschool",5,"Preschool",-1,"No Child",-1,"No Child",-1,"No Child",-1,"No Child","Graduate or Professional Degree",41,"White",6.5,33550,0,0,0,0,0
"1004",3886047253920,101,"3886047253920101",6,2020,"62020",6913.8935652,51,0,100,66,1,1,0,0,0,0,"2",5,"Preschool",5,"Preschool",-1,"No Child",-1,"No Child",-1,"No Child",-1,"No Child","Graduate or Professional Degree",41,"White",6.5,33550,0,0,0,0,0
"1005",3886047253920,101,"3886047253920101",7,2020,"72020",6806.4710983,51,0,100,66,1,1,0,0,0,0,"2",5,"Preschool",5,"Preschool",-1,"No Child",-1,"No Child",-1,"No Child",-1,"No Child","Graduate or Professional Degree",41,"White",6.5,33550,0,0,0,0,0
"1006",3886047253920,101,"3886047253920101",8,2020,"82020",6767.3154158,51,0,100,66,1,1,0,0,0,0,"2",5,"Preschool",5,"Preschool",-1,"No Child",-1,"No Child",-1,"No Child",-1,"No Child","Graduate or Professional Degree",41,"White",6.5,33707,0,0,0,0,0
"1007",3886047253920,101,"3886047253920101",9,2020,"92020",6664.4419776,51,0,100,66,1,1,0,0,0,0,"2",5,"Preschool",5,"Preschool",-1,"No Child",-1,"No Child",-1,"No Child",-1,"No Child","Graduate or Professional Degree",41,"White",6.5,34244,0,0,0,0,0
"1008",3886047253920,101,"3886047253920101",10,2020,"102020",6756.6943173,51,0,100,66,1,1,0,0,0,0,"2",5,"Preschool",5,"Preschool",-1,"No Child",-1,"No Child",-1,"No Child",-1,"No Child","Graduate or Professional Degree",41,"White",6.5,34244,0,0,0,0,0
"1009",3886047253920,101,"3886047253920101",11,2020,"112020",6760.7015915,51,0,100,66,1,1,0,0,0,0,"2",5,"Preschool",5,"Preschool",-1,"No Child",-1,"No Child",-1,"No Child",-1,"No Child","Graduate or Professional Degree",41,"White",6.5,40523,0,0,0,0,0
"1010",3886047253920,101,"3886047253920101",12,2020,"122020",6890.3283244,51,0,100,66,1,1,0,0,0,0,"2",5,"Preschool",5,"Preschool",-1,"No Child",-1,"No Child",-1,"No Child",-1,"No Child","Graduate or Professional Degree",41,"White",6.5,47698,0,0,0,0,0
"1011",3886047253920,102,"3886047253920102",1,2020,"12020",6610.3171301,51,0,100,40,1,1,0,0,0,0,"2",5,"Preschool",5,"Preschool",-1,"No Child",-1,"No Child",-1,"No Child",-1,"No Child","Bachelor’s Degree",35,"White",0,33550,0,1,0,0,0
"1012",3886047253920,102,"3886047253920102",2,2020,"22020",6608.3295901,51,0,100,40,1,1,0,0,0,0,"2",5,"Preschool",5,"Preschool",-1,"No Child",-1,"No Child",-1,"No Child",-1,"No Child","Bachelor’s Degree",35,"White",0,33550,0,1,0,0,0
"1013",3886047253920,102,"3886047253920102",3,2020,"32020",6847.9253258,51,0,100,40,1,1,0,0,0,0,"2",5,"Preschool",5,"Preschool",-1,"No Child",-1,"No Child",-1,"No Child",-1,"No Child","Bachelor’s Degree",35,"White",0,33550,0,1,0,0,0
"1014",3886047253920,102,"3886047253920102",4,2020,"42020",6794.2824165,51,0,100,40,1,1,0,0,0,0,"2",5,"Preschool",5,"Preschool",-1,"No Child",-1,"No Child",-1,"No Child",-1,"No Child","Bachelor’s Degree",35,"White",0,33550,0,1,0,0,0
"1015",3886047253920,102,"3886047253920102",5,2020,"52020",6918.8656174,51,0,100,40,1,1,0,0,0,0,"2",5,"Preschool",5,"Preschool",-1,"No Child",-1,"No Child",-1,"No Child",-1,"No Child","Bachelor’s Degree",35,"White",0,33550,0,1,0,0,0
"1016",3886047253920,102,"3886047253920102",6,2020,"62020",6913.8935652,51,0,100,40,1,1,0,0,0,0,"2",5,"Preschool",5,"Preschool",-1,"No Child",-1,"No Child",-1,"No Child",-1,"No Child","Bachelor’s Degree",35,"White",0,33550,0,1,0,0,0
"1017",3886047253920,102,"3886047253920102",7,2020,"72020",6806.4710983,51,0,100,40,1,1,0,0,0,0,"2",5,"Preschool",5,"Preschool",-1,"No Child",-1,"No Child",-1,"No Child",-1,"No Child","Bachelor’s Degree",35,"White",0,33550,0,1,0,0,0
"1018",3886047253920,102,"3886047253920102",8,2020,"82020",6767.3154158,51,0,100,40,1,1,0,0,0,0,"2",5,"Preschool",5,"Preschool",-1,"No Child",-1,"No Child",-1,"No Child",-1,"No Child","Bachelor’s Degree",35,"White",0,33707,0,1,0,0,0
"1019",3886047253920,102,"3886047253920102",9,2020,"92020",6664.4419776,51,0,100,40,1,1,0,0,0,0,"2",5,"Preschool",5,"Preschool",-1,"No Child",-1,"No Child",-1,"No Child",-1,"No Child","Bachelor’s Degree",35,"White",0,34244,0,1,0,0,0
"1020",3886047253920,102,"3886047253920102",10,2020,"102020",6756.6943173,51,0,100,40,1,1,0,0,0,0,"2",5,"Preschool",5,"Preschool",-1,"No Child",-1,"No Child",-1,"No Child",-1,"No Child","Bachelor’s Degree",35,"White",0,34244,0,1,0,0,0
"1021",3886047253920,102,"3886047253920102",11,2020,"112020",6760.7015915,51,0,100,40,1,1,0,0,0,0,"2",5,"Preschool",5,"Preschool",-1,"No Child",-1,"No Child",-1,"No Child",-1,"No Child","Bachelor’s Degree",35,"White",0,40523,0,1,0,0,0
"1022",3886047253920,102,"3886047253920102",12,2020,"122020",6890.3283244,51,0,100,40,1,1,0,0,0,0,"2",5,"Preschool",5,"Preschool",-1,"No Child",-1,"No Child",-1,"No Child",-1,"No Child","Bachelor’s Degree",35,"White",0,47698,0,1,0,0,0
"1023",3886060404918,101,"3886060404918101",1,2018,"12018",3663.2995633,51,0,100,40,0,0,1,0,0,0,"1",7,"School Age",6,"School Age",4,"Preschool",-1,"No Child",-1,"No Child",-1,"No Child","High School or Some College",28,"White",0,4682,1,1,0,0,0
"1024",3886060404918,101,"3886060404918101",2,2018,"22018",3652.2682986,51,0,100,40,0,0,1,0,0,0,"1",7,"School Age",6,"School Age",4,"Preschool",-1,"No Child",-1,"No Child",-1,"No Child","High School or Some College",28,"White",0,4805,1,1,0,0,0
"1025",3886060404918,101,"3886060404918101",3,2018,"32018",3680.1018872,51,0,100,40,0,0,1,0,0,0,"1",7,"School Age",6,"School Age",4,"Preschool",-1,"No Child",-1,"No Child",-1,"No Child","High School or Some College",28,"White",0,6087,1,1,0,0,0
"1026",3886060404918,101,"3886060404918101",4,2018,"42018",3688.8519091,51,0,100,40,0,0,1,0,0,0,"1",7,"School Age",6,"School Age",4,"Preschool",-1,"No Child",-1,"No Child",-1,"No Child","High School or Some College",28,"White",0,5891,1,1,0,0,0
"1027",3886060404918,101,"3886060404918101",5,2018,"52018",3777.8289382,51,0,100,40,0,0,1,0,0,0,"1",7,"School Age",6,"School Age",4,"Preschool",-1,"No Child",-1,"No Child",-1,"No Child","High School or Some College",28,"White",0,5890,1,1,0,0,0
"1028",3886060404918,101,"3886060404918101",6,2018,"62018",3752.395196,51,0,100,0,0,0,1,0,0,0,"1",7,"School Age",6,"School Age",4,"Preschool",-1,"No Child",-1,"No Child",-1,"No Child","High School or Some College",28,"White",0,3283,1,1,0,0,0
"1029",3886060404918,101,"3886060404918101",7,2018,"72018",3744.8596552,51,0,100,0,0,0,1,0,0,0,"1",7,"School Age",6,"School Age",4,"Preschool",-1,"No Child",-1,"No Child",-1,"No Child","High School or Some College",28,"White",0,3283,1,1,0,0,0
"1030",3886060404918,101,"3886060404918101",8,2018,"82018",3742.1030403,51,0,100,0,0,0,1,0,0,0,"1",7,"School Age",6,"School Age",4,"Preschool",-1,"No Child",-1,"No Child",-1,"No Child","High School or Some College",28,"White",0,3283,1,1,0,0,0
"1031",3886060404918,101,"3886060404918101",9,2018,"92018",3776.3280312,51,0,100,0,0,0,1,0,0,0,"1",7,"School Age",6,"School Age",4,"Preschool",-1,"No Child",-1,"No Child",-1,"No Child","High School or Some College",28,"White",0,3283,1,1,0,0,0
"1032",3886060404918,101,"3886060404918101",10,2018,"102018",3822.9828899,51,0,100,0,0,0,1,0,0,0,"1",7,"School Age",6,"School Age",4,"Preschool",-1,"No Child",-1,"No Child",-1,"No Child","High School or Some College",28,"White",0,3283,1,1,0,0,0
"1033",3886060404918,101,"3886060404918101",11,2018,"112018",3782.3357671,51,0,100,0,0,0,1,0,0,0,"1",7,"School Age",6,"School Age",4,"Preschool",-1,"No Child",-1,"No Child",-1,"No Child","High School or Some College",28,"White",0,3283,1,1,0,0,0
"1034",3886060404918,101,"3886060404918101",12,2018,"122018",3843.1098381,51,0,100,0,0,0,1,0,0,0,"1",7,"School Age",6,"School Age",4,"Preschool",-1,"No Child",-1,"No Child",-1,"No Child","High School or Some College",28,"White",0,3283,1,1,0,0,0
"1035",3886068910518,101,"3886068910518101",1,2018,"12018",9344.7870203,51,0,100,22,1,1,0,0,0,0,"2",3,"Toddler",1,"Infant",-1,"No Child",-1,"No Child",-1,"No Child",-1,"No Child","Graduate or Professional Degree",41,"White",0,25284,0,1,0,0,1
"1036",3886068910518,101,"3886068910518101",2,2018,"22018",9340.2074703,51,0,100,22,1,1,0,0,0,0,"2",3,"Toddler",1,"Infant",-1,"No Child",-1,"No Child",-1,"No Child",-1,"No Child","Graduate or Professional Degree",41,"White",0,17284,0,1,0,0,1
"1037",3886068910518,101,"3886068910518101",3,2018,"32018",9352.9918314,51,0,100,22,1,1,0,0,0,0,"2",3,"Toddler",1,"Infant",-1,"No Child",-1,"No Child",-1,"No Child",-1,"No Child","Graduate or Professional Degree",41,"White",0,13284,0,1,0,0,1
"1038",3886068910518,101,"3886068910518101",4,2018,"42018",9336.6221852,51,0,100,22,1,1,0,0,0,0,"2",3,"Toddler",1,"Infant",-1,"No Child",-1,"No Child",-1,"No Child",-1,"No Child","Graduate or Professional Degree",41,"White",0,56284,0,1,0,0,1
"1039",3886068910518,101,"3886068910518101",5,2018,"52018",9426.9000289,51,0,100,22,1,1,0,0,0,0,"2",3,"Toddler",1,"Infant",-1,"No Child",-1,"No Child",-1,"No Child",-1,"No Child","Graduate or Professional Degree",41,"White",0,13284,0,1,0,0,1
"1040",3886068910518,101,"3886068910518101",6,2018,"62018",9192.7170959,51,0,100,22,1,1,0,0,0,0,"2",3,"Toddler",1,"Infant",-1,"No Child",-1,"No Child",-1,"No Child",-1,"No Child","Graduate or Professional Degree",41,"White",0,13284,0,1,0,0,1
"1041",3886068910518,101,"3886068910518101",7,2018,"72018",9185.9135372,51,0,100,22,1,1,0,0,0,0,"2",3,"Toddler",1,"Infant",-1,"No Child",-1,"No Child",-1,"No Child",-1,"No Child","Graduate or Professional Degree",41,"White",0,33284,0,1,0,0,1
"1042",3886068910518,101,"3886068910518101",8,2018,"82018",9174.443742,51,0,100,22,1,1,0,0,0,0,"2",3,"Toddler",1,"Infant",-1,"No Child",-1,"No Child",-1,"No Child",-1,"No Child","Graduate or Professional Degree",41,"White",0,13284,0,1,0,0,1
"1043",3886068910518,101,"3886068910518101",9,2018,"92018",9207.7362483,51,0,100,22,1,1,0,0,0,0,"2",3,"Toddler",1,"Infant",-1,"No Child",-1,"No Child",-1,"No Child",-1,"No Child","Graduate or Professional Degree",41,"White",0,13284,0,1,0,0,1
"1044",3886068910518,101,"3886068910518101",10,2018,"102018",9347.3842634,51,0,100,22,1,1,0,0,0,0,"2",3,"Toddler",1,"Infant",-1,"No Child",-1,"No Child",-1,"No Child",-1,"No Child","Graduate or Professional Degree",41,"White",0,33284,0,1,0,0,1
"1045",3886068910518,101,"3886068910518101",11,2018,"112018",9186.7777858,51,0,100,22,1,1,0,0,0,0,"2",3,"Toddler",1,"Infant",-1,"No Child",-1,"No Child",-1,"No Child",-1,"No Child","Graduate or Professional Degree",41,"White",0,13284,0,1,0,0,1
"1046",3886068910518,101,"3886068910518101",12,2018,"122018",9115.8109438,51,0,100,22,1,1,0,0,0,0,"2",3,"Toddler",1,"Infant",-1,"No Child",-1,"No Child",-1,"No Child",-1,"No Child","Graduate or Professional Degree",41,"White",0,13936,0,1,0,0,1
"1047",3886068910518,102,"3886068910518102",1,2018,"12018",9344.7870203,51,0,100,45,1,1,0,0,0,0,"2",3,"Toddler",1,"Infant",-1,"No Child",-1,"No Child",-1,"No Child",-1,"No Child","Graduate or Professional Degree",39,"White",0,25284,0,0,0,0,1
"1048",3886068910518,102,"3886068910518102",2,2018,"22018",9340.2074703,51,0,100,45,1,1,0,0,0,0,"2",3,"Toddler",1,"Infant",-1,"No Child",-1,"No Child",-1,"No Child",-1,"No Child","Graduate or Professional Degree",39,"White",0,17284,0,0,0,0,1
"1049",3886068910518,102,"3886068910518102",3,2018,"32018",9352.9918314,51,0,100,45,1,1,0,0,0,0,"2",3,"Toddler",1,"Infant",-1,"No Child",-1,"No Child",-1,"No Child",-1,"No Child","Graduate or Professional Degree",39,"White",0,13284,0,0,0,0,1
"1050",3886068910518,102,"3886068910518102",4,2018,"42018",9336.6221852,51,0,100,45,1,1,0,0,0,0,"2",3,"Toddler",1,"Infant",-1,"No Child",-1,"No Child",-1,"No Child",-1,"No Child","Graduate or Professional Degree",39,"White",0,56284,0,0,0,0,1
"1051",3886068910518,102,"3886068910518102",5,2018,"52018",9426.9000289,51,0,100,45,1,1,0,0,0,0,"2",3,"Toddler",1,"Infant",-1,"No Child",-1,"No Child",-1,"No Child",-1,"No Child","Graduate or Professional Degree",39,"White",0,13284,0,0,0,0,1
"1052",3886068910518,102,"3886068910518102",6,2018,"62018",9192.7170959,51,0,100,45,1,1,0,0,0,0,"2",3,"Toddler",1,"Infant",-1,"No Child",-1,"No Child",-1,"No Child",-1,"No Child","Graduate or Professional Degree",39,"White",0,13284,0,0,0,0,1
"1053",3886068910518,102,"3886068910518102",7,2018,"72018",9185.9135372,51,0,100,45,1,1,0,0,0,0,"2",3,"Toddler",1,"Infant",-1,"No Child",-1,"No Child",-1,"No Child",-1,"No Child","Graduate or Professional Degree",39,"White",0,33284,0,0,0,0,1
"1054",3886068910518,102,"3886068910518102",8,2018,"82018",9174.443742,51,0,100,45,1,1,0,0,0,0,"2",3,"Toddler",1,"Infant",-1,"No Child",-1,"No Child",-1,"No Child",-1,"No Child","Graduate or Professional Degree",39,"White",0,13284,0,0,0,0,1
"1055",3886068910518,102,"3886068910518102",9,2018,"92018",9207.7362483,51,0,100,45,1,1,0,0,0,0,"2",3,"Toddler",1,"Infant",-1,"No Child",-1,"No Child",-1,"No Child",-1,"No Child","Graduate or Professional Degree",39,"White",0,13284,0,0,0,0,1
"1056",3886068910518,102,"3886068910518102",10,2018,"102018",9347.3842634,51,0,100,45,1,1,0,0,0,0,"2",3,"Toddler",1,"Infant",-1,"No Child",-1,"No Child",-1,"No Child",-1,"No Child","Graduate or Professional Degree",39,"White",0,33284,0,0,0,0,1
"1057",3886068910518,102,"3886068910518102",11,2018,"112018",9186.7777858,51,0,100,45,1,1,0,0,0,0,"2",3,"Toddler",1,"Infant",-1,"No Child",-1,"No Child",-1,"No Child",-1,"No Child","Graduate or Professional Degree",39,"White",0,13284,0,0,0,0,1
"1058",3886068910518,102,"3886068910518102",12,2018,"122018",9115.8109438,51,0,100,45,1,1,0,0,0,0,"2",3,"Toddler",1,"Infant",-1,"No Child",-1,"No Child",-1,"No Child",-1,"No Child","Graduate or Professional Degree",39,"White",0,13936,0,0,0,0,1
"1059",3886068962620,103,"3886068962620103",1,2020,"12020",10149.792062,51,0,100,40,1,0,0,0,0,0,"1",3,"Toddler",-1,"No Child",-1,"No Child",-1,"No Child",-1,"No Child",-1,"No Child","Graduate or Professional Degree",31,"White",0,3760,0,1,0,0,0
"1060",3886068962620,103,"3886068962620103",2,2020,"22020",10239.03228,51,0,100,40,1,0,0,0,0,0,"1",3,"Toddler",-1,"No Child",-1,"No Child",-1,"No Child",-1,"No Child",-1,"No Child","Graduate or Professional Degree",31,"White",0,8767,0,1,0,0,0
"1061",3886068962620,103,"3886068962620103",3,2020,"32020",10300.083961,51,0,100,40,1,0,0,0,0,0,"1",3,"Toddler",-1,"No Child",-1,"No Child",-1,"No Child",-1,"No Child",-1,"No Child","Graduate or Professional Degree",31,"White",0,8767,0,1,0,0,0
"1062",3886068962620,103,"3886068962620103",4,2020,"42020",10215.385458,51,0,100,40,1,0,0,0,0,0,"1",3,"Toddler",-1,"No Child",-1,"No Child",-1,"No Child",-1,"No Child",-1,"No Child","Graduate or Professional Degree",31,"White",0,8767,0,1,0,0,0
"1063",3886068962620,103,"3886068962620103",5,2020,"52020",10303.592452,51,0,100,40,1,0,0,0,0,0,"1",3,"Toddler",-1,"No Child",-1,"No Child",-1,"No Child",-1,"No Child",-1,"No Child","Graduate or Professional Degree",31,"White",0,8767,0,1,0,0,0
"1064",3886068962620,103,"3886068962620103",6,2020,"62020",10173.960357,51,0,100,40,1,0,0,0,0,0,"1",3,"Toddler",-1,"No Child",-1,"No Child",-1,"No Child",-1,"No Child",-1,"No Child","Graduate or Professional Degree",31,"White",0,8767,0,1,0,0,0
"1065",3886068962620,103,"3886068962620103",7,2020,"72020",10072.992361,51,0,100,40,1,0,0,0,0,0,"1",3,"Toddler",-1,"No Child",-1,"No Child",-1,"No Child",-1,"No Child",-1,"No Child","Graduate or Professional Degree",31,"White",0,8767,0,1,0,0,0
"1066",3886068962620,103,"3886068962620103",8,2020,"82020",10024.038503,51,0,100,40,1,0,0,0,0,0,"1",3,"Toddler",-1,"No Child",-1,"No Child",-1,"No Child",-1,"No Child",-1,"No Child","Graduate or Professional Degree",31,"White",0,8767,0,1,0,0,0
"1067",3886068962620,103,"3886068962620103",9,2020,"92020",13347.944221,51,0,100,10,1,0,0,0,0,0,"1",3,"Toddler",-1,"No Child",-1,"No Child",-1,"No Child",-1,"No Child",-1,"No Child","Graduate or Professional Degree",31,"White",0,12344,0,1,0,0,0
"1068",3886068962620,103,"3886068962620103",10,2020,"102020",13466.569333,51,0,100,10,1,0,0,0,0,0,"1",3,"Toddler",-1,"No Child",-1,"No Child",-1,"No Child",-1,"No Child",-1,"No Child","Graduate or Professional Degree",31,"White",0,7337,0,1,0,0,0
"1069",3886068962620,103,"3886068962620103",11,2020,"112020",13523.024703,51,0,100,10,1,0,0,0,0,0,"1",3,"Toddler",-1,"No Child",-1,"No Child",-1,"No Child",-1,"No Child",-1,"No Child","Graduate or Professional Degree",31,"White",0,7337,0,1,0,0,0
"1070",3886068962620,103,"3886068962620103",12,2020,"122020",13841.772033,51,0,100,10,1,0,0,0,0,0,"1",3,"Toddler",-1,"No Child",-1,"No Child",-1,"No Child",-1,"No Child",-1,"No Child","Graduate or Professional Degree",31,"White",0,7337,0,1,0,0,0
"1071",3886084977718,101,"3886084977718101",1,2018,"12018",7850.1975235,51,0,100,40,1,0,0,0,0,0,"1",1,"Infant",-1,"No Child",-1,"No Child",-1,"No Child",-1,"No Child",-1,"No Child","Bachelor’s Degree",30,"White",0,12565,0,0,0,0,0
"1072",3886084977718,101,"3886084977718101",2,2018,"22018",7825.3606112,51,0,100,40,1,0,0,0,0,0,"1",1,"Infant",-1,"No Child",-1,"No Child",-1,"No Child",-1,"No Child",-1,"No Child","Bachelor’s Degree",30,"White",0,12565,0,0,0,0,0
"1073",3886084977718,101,"3886084977718101",3,2018,"32018",7848.8741778,51,0,100,40,1,0,0,0,0,0,"1",1,"Infant",-1,"No Child",-1,"No Child",-1,"No Child",-1,"No Child",-1,"No Child","Bachelor’s Degree",30,"White",0,12565,0,0,0,0,0
"1074",3886084977718,101,"3886084977718101",4,2018,"42018",7830.4752094,51,0,100,40,1,0,0,0,0,0,"1",1,"Infant",-1,"No Child",-1,"No Child",-1,"No Child",-1,"No Child",-1,"No Child","Bachelor’s Degree",30,"White",0,12565,0,0,0,0,0
"1075",3886084977718,101,"3886084977718101",5,2018,"52018",7985.5641856,51,0,100,40,1,0,0,0,0,0,"1",1,"Infant",-1,"No Child",-1,"No Child",-1,"No Child",-1,"No Child",-1,"No Child","Bachelor’s Degree",30,"White",0,12565,0,0,0,0,0
"1076",3886084977718,101,"3886084977718101",6,2018,"62018",7958.2831034,51,0,100,40,1,0,0,0,0,0,"1",1,"Infant",-1,"No Child",-1,"No Child",-1,"No Child",-1,"No Child",-1,"No Child","Bachelor’s Degree",30,"White",0,12565,0,0,0,0,0
"1077",3886084977718,101,"3886084977718101",7,2018,"72018",7881.0250696,51,0,100,40,1,0,0,0,0,0,"1",1,"Infant",-1,"No Child",-1,"No Child",-1,"No Child",-1,"No Child",-1,"No Child","Bachelor’s Degree",30,"White",0,12565,0,0,0,0,0
"1078",3886084977718,101,"3886084977718101",8,2018,"82018",7855.2268701,51,0,100,40,1,0,0,0,0,0,"1",1,"Infant",-1,"No Child",-1,"No Child",-1,"No Child",-1,"No Child",-1,"No Child","Bachelor’s Degree",30,"White",0,9714,0,0,0,0,0
"1079",3886084977718,101,"3886084977718101",9,2018,"92018",7820.3098704,51,0,100,40,1,0,0,0,0,0,"1",1,"Infant",-1,"No Child",-1,"No Child",-1,"No Child",-1,"No Child",-1,"No Child","Bachelor’s Degree",30,"White",0,8356,0,0,0,0,0
"1080",3886084977718,101,"3886084977718101",10,2018,"102018",7655.3363117,51,0,100,40,1,0,0,0,0,0,"1",1,"Infant",-1,"No Child",-1,"No Child",-1,"No Child",-1,"No Child",-1,"No Child","Bachelor’s Degree",30,"White",0,8356,0,0,0,0,0
"1081",3886084977718,101,"3886084977718101",11,2018,"112018",7691.1116292,51,0,100,40,1,0,0,0,0,0,"1",1,"Infant",-1,"No Child",-1,"No Child",-1,"No Child",-1,"No Child",-1,"No Child","Bachelor’s Degree",30,"White",0,8356,0,0,0,0,0
"1082",3886084977718,101,"3886084977718101",12,2018,"122018",7765.3649644,51,0,100,40,1,0,0,0,0,0,"1",1,"Infant",-1,"No Child",-1,"No Child",-1,"No Child",-1,"No Child",-1,"No Child","Bachelor’s Degree",30,"White",0,8356,0,0,0,0,0
"1083",3886084977718,102,"3886084977718102",1,2018,"12018",7850.1975235,51,0,100,45,1,0,0,0,0,0,"1",1,"Infant",-1,"No Child",-1,"No Child",-1,"No Child",-1,"No Child",-1,"No Child","Graduate or Professional Degree",33,"White",0,12565,0,1,0,0,0
"1084",3886084977718,102,"3886084977718102",2,2018,"22018",7825.3606112,51,0,100,45,1,0,0,0,0,0,"1",1,"Infant",-1,"No Child",-1,"No Child",-1,"No Child",-1,"No Child",-1,"No Child","Graduate or Professional Degree",33,"White",0,12565,0,1,0,0,0
"1085",3886084977718,102,"3886084977718102",3,2018,"32018",7848.8741778,51,0,100,45,1,0,0,0,0,0,"1",1,"Infant",-1,"No Child",-1,"No Child",-1,"No Child",-1,"No Child",-1,"No Child","Graduate or Professional Degree",33,"White",0,12565,0,1,0,0,0
"1086",3886084977718,102,"3886084977718102",4,2018,"42018",7830.4752094,51,0,100,45,1,0,0,0,0,0,"1",1,"Infant",-1,"No Child",-1,"No Child",-1,"No Child",-1,"No Child",-1,"No Child","Graduate or Professional Degree",33,"White",0,12565,0,1,0,0,0
"1087",3886084977718,102,"3886084977718102",5,2018,"52018",7985.5641856,51,0,100,45,1,0,0,0,0,0,"1",1,"Infant",-1,"No Child",-1,"No Child",-1,"No Child",-1,"No Child",-1,"No Child","Graduate or Professional Degree",33,"White",0,12565,0,1,0,0,0
"1088",3886084977718,102,"3886084977718102",6,2018,"62018",7958.2831034,51,0,100,45,1,0,0,0,0,0,"1",1,"Infant",-1,"No Child",-1,"No Child",-1,"No Child",-1,"No Child",-1,"No Child","Graduate or Professional Degree",33,"White",0,12565,0,1,0,0,0
"1089",3886084977718,102,"3886084977718102",7,2018,"72018",7881.0250696,51,0,100,45,1,0,0,0,0,0,"1",1,"Infant",-1,"No Child",-1,"No Child",-1,"No Child",-1,"No Child",-1,"No Child","Graduate or Professional Degree",33,"White",0,12565,0,1,0,0,0
"1090",3886084977718,102,"3886084977718102",8,2018,"82018",7855.2268701,51,0,100,11.25,1,0,0,0,0,0,"1",1,"Infant",-1,"No Child",-1,"No Child",-1,"No Child",-1,"No Child",-1,"No Child","Graduate or Professional Degree",33,"White",0,9714,0,1,0,0,0
"1091",3886084977718,102,"3886084977718102",9,2018,"92018",7820.3098704,51,0,100,0,1,0,0,0,0,0,"1",1,"Infant",-1,"No Child",-1,"No Child",-1,"No Child",-1,"No Child",-1,"No Child","Graduate or Professional Degree",33,"White",0,8356,0,1,0,0,0
"1092",3886084977718,102,"3886084977718102",10,2018,"102018",7655.3363117,51,0,100,0,1,0,0,0,0,0,"1",1,"Infant",-1,"No Child",-1,"No Child",-1,"No Child",-1,"No Child",-1,"No Child","Graduate or Professional Degree",33,"White",0,8356,0,1,0,0,0
"1093",3886084977718,102,"3886084977718102",11,2018,"112018",7691.1116292,51,0,100,0,1,0,0,0,0,0,"1",1,"Infant",-1,"No Child",-1,"No Child",-1,"No Child",-1,"No Child",-1,"No Child","Graduate or Professional Degree",33,"White",0,8356,0,1,0,0,0
"1094",3886084977718,102,"3886084977718102",12,2018,"122018",7765.3649644,51,0,100,0,1,0,0,0,0,0,"1",1,"Infant",-1,"No Child",-1,"No Child",-1,"No Child",-1,"No Child",-1,"No Child","Graduate or Professional Degree",33,"White",0,8356,0,1,0,0,0
"1095",3886099582018,101,"3886099582018101",1,2018,"12018",7438.9831377,51,0,100,40,1,0,0,0,0,0,"1",1,"Infant",-1,"No Child",-1,"No Child",-1,"No Child",-1,"No Child",-1,"No Child","Graduate or Professional Degree",34,"White",0,13987,0,1,0,0,0
"1096",3886099582018,101,"3886099582018101",2,2018,"22018",7467.8787194,51,0,100,40,1,0,0,0,0,0,"1",1,"Infant",-1,"No Child",-1,"No Child",-1,"No Child",-1,"No Child",-1,"No Child","Graduate or Professional Degree",34,"White",0,13987,0,1,0,0,0
"1097",3886099582018,101,"3886099582018101",3,2018,"32018",7496.00307,51,0,100,40,1,0,0,0,0,0,"1",1,"Infant",-1,"No Child",-1,"No Child",-1,"No Child",-1,"No Child",-1,"No Child","Graduate or Professional Degree",34,"White",0,13987,0,1,0,0,0
"1098",3886099582018,101,"3886099582018101",4,2018,"42018",7514.5192799,51,0,100,40,1,0,0,0,0,0,"1",1,"Infant",-1,"No Child",-1,"No Child",-1,"No Child",-1,"No Child",-1,"No Child","Graduate or Professional Degree",34,"White",0,13987,0,1,0,0,0
"1099",3886099582018,101,"3886099582018101",5,2018,"52018",7605.8602183,51,0,100,40,1,0,0,0,0,0,"1",1,"Infant",-1,"No Child",-1,"No Child",-1,"No Child",-1,"No Child",-1,"No Child","Graduate or Professional Degree",34,"White",0,13987,0,1,0,0,0
"1100",3886099582018,101,"3886099582018101",6,2018,"62018",7643.4362955,51,0,100,40,1,0,0,0,0,0,"1",1,"Infant",-1,"No Child",-1,"No Child",-1,"No Child",-1,"No Child",-1,"No Child","Graduate or Professional Degree",34,"White",0,14171,0,1,0,0,0
"1101",3886099582018,101,"3886099582018101",7,2018,"72018",7588.9319395,51,0,100,40,1,0,0,0,0,0,"1",1,"Infant",-1,"No Child",-1,"No Child",-1,"No Child",-1,"No Child",-1,"No Child","Graduate or Professional Degree",34,"White",0,14237,0,1,0,0,0
"1102",3886099582018,101,"3886099582018101",8,2018,"82018",7582.7715111,51,0,100,40,1,0,0,0,0,0,"1",1,"Infant",-1,"No Child",-1,"No Child",-1,"No Child",-1,"No Child",-1,"No Child","Graduate or Professional Degree",34,"White",0,14237,0,1,0,0,0
"1103",3886099582018,101,"3886099582018101",9,2018,"92018",7498.3031144,51,0,100,40,1,0,0,0,0,0,"1",1,"Infant",-1,"No Child",-1,"No Child",-1,"No Child",-1,"No Child",-1,"No Child","Graduate or Professional Degree",34,"White",0,14572,0,1,0,0,0
"1104",3886099582018,101,"3886099582018101",10,2018,"102018",7655.3363117,51,0,100,40,1,0,0,0,0,0,"1",1,"Infant",-1,"No Child",-1,"No Child",-1,"No Child",-1,"No Child",-1,"No Child","Graduate or Professional Degree",34,"White",0,14572,0,1,0,0,0
"1105",3886099582018,101,"3886099582018101",11,2018,"112018",7691.1116292,51,0,100,40,1,0,0,0,0,0,"1",1,"Infant",-1,"No Child",-1,"No Child",-1,"No Child",-1,"No Child",-1,"No Child","Graduate or Professional Degree",34,"White",0,14572,0,1,0,0,0
"1106",3886099582018,101,"3886099582018101",12,2018,"122018",7765.3649644,51,0,100,40,1,0,0,0,0,0,"1",1,"Infant",-1,"No Child",-1,"No Child",-1,"No Child",-1,"No Child",-1,"No Child","Graduate or Professional Degree",34,"White",0,14572,0,1,0,0,0
"1107",3886099582018,102,"3886099582018102",1,2018,"12018",7438.9831377,51,0,100,40,1,0,0,0,0,0,"1",1,"Infant",-1,"No Child",-1,"No Child",-1,"No Child",-1,"No Child",-1,"No Child","Graduate or Professional Degree",34,"White",0,13987,0,0,0,0,0
"1108",3886099582018,102,"3886099582018102",2,2018,"22018",7467.8787194,51,0,100,40,1,0,0,0,0,0,"1",1,"Infant",-1,"No Child",-1,"No Child",-1,"No Child",-1,"No Child",-1,"No Child","Graduate or Professional Degree",34,"White",0,13987,0,0,0,0,0
"1109",3886099582018,102,"3886099582018102",3,2018,"32018",7496.00307,51,0,100,40,1,0,0,0,0,0,"1",1,"Infant",-1,"No Child",-1,"No Child",-1,"No Child",-1,"No Child",-1,"No Child","Graduate or Professional Degree",34,"White",0,13987,0,0,0,0,0
"1110",3886099582018,102,"3886099582018102",4,2018,"42018",7514.5192799,51,0,100,40,1,0,0,0,0,0,"1",1,"Infant",-1,"No Child",-1,"No Child",-1,"No Child",-1,"No Child",-1,"No Child","Graduate or Professional Degree",34,"White",0,13987,0,0,0,0,0
"1111",3886099582018,102,"3886099582018102",5,2018,"52018",7605.8602183,51,0,100,40,1,0,0,0,0,0,"1",1,"Infant",-1,"No Child",-1,"No Child",-1,"No Child",-1,"No Child",-1,"No Child","Graduate or Professional Degree",34,"White",0,13987,0,0,0,0,0
"1112",3886099582018,102,"3886099582018102",6,2018,"62018",7643.4362955,51,0,100,40,1,0,0,0,0,0,"1",1,"Infant",-1,"No Child",-1,"No Child",-1,"No Child",-1,"No Child",-1,"No Child","Graduate or Professional Degree",34,"White",0,14171,0,0,0,0,0
"1113",3886099582018,102,"3886099582018102",7,2018,"72018",7588.9319395,51,0,100,40,1,0,0,0,0,0,"1",1,"Infant",-1,"No Child",-1,"No Child",-1,"No Child",-1,"No Child",-1,"No Child","Graduate or Professional Degree",34,"White",0,14237,0,0,0,0,0
"1114",3886099582018,102,"3886099582018102",8,2018,"82018",7582.7715111,51,0,100,40,1,0,0,0,0,0,"1",1,"Infant",-1,"No Child",-1,"No Child",-1,"No Child",-1,"No Child",-1,"No Child","Graduate or Professional Degree",34,"White",0,14237,0,0,0,0,0
"1115",3886099582018,102,"3886099582018102",9,2018,"92018",7498.3031144,51,0,100,40,1,0,0,0,0,0,"1",1,"Infant",-1,"No Child",-1,"No Child",-1,"No Child",-1,"No Child",-1,"No Child","Graduate or Professional Degree",34,"White",0,14572,0,0,0,0,0
"1116",3886099582018,102,"3886099582018102",10,2018,"102018",7655.3363117,51,0,100,40,1,0,0,0,0,0,"1",1,"Infant",-1,"No Child",-1,"No Child",-1,"No Child",-1,"No Child",-1,"No Child","Graduate or Professional Degree",34,"White",0,14572,0,0,0,0,0
"1117",3886099582018,102,"3886099582018102",11,2018,"112018",7691.1116292,51,0,100,40,1,0,0,0,0,0,"1",1,"Infant",-1,"No Child",-1,"No Child",-1,"No Child",-1,"No Child",-1,"No Child","Graduate or Professional Degree",34,"White",0,14572,0,0,0,0,0
"1118",3886099582018,102,"3886099582018102",12,2018,"122018",7765.3649644,51,0,100,40,1,0,0,0,0,0,"1",1,"Infant",-1,"No Child",-1,"No Child",-1,"No Child",-1,"No Child",-1,"No Child","Graduate or Professional Degree",34,"White",0,14572,0,0,0,0,0
"1119",3899568944418,101,"3899568944418101",1,2018,"12018",14514.983632,51,0,100,40,1,0,0,0,0,0,"1",2,"Toddler",-1,"No Child",-1,"No Child",-1,"No Child",-1,"No Child",-1,"No Child","High School or Some College",29,"Black",1.6,2920,1,1,1,0,0
"1120",3899568944418,101,"3899568944418101",2,2018,"22018",14376.177376,51,0,100,40,1,0,0,0,0,0,"1",2,"Toddler",-1,"No Child",-1,"No Child",-1,"No Child",-1,"No Child",-1,"No Child","High School or Some College",29,"Black",1.6,1620,1,1,1,0,0
"1121",3899568944418,101,"3899568944418101",3,2018,"32018",15121.435502,51,0,100,40,1,0,0,0,0,0,"1",2,"Toddler",-1,"No Child",-1,"No Child",-1,"No Child",-1,"No Child",-1,"No Child","High School or Some College",29,"Black",1.6,1620,1,1,1,0,0
"1122",3899568944418,101,"3899568944418101",4,2018,"42018",15624.933223,51,0,100,40,1,0,0,0,0,0,"1",2,"Toddler",-1,"No Child",-1,"No Child",-1,"No Child",-1,"No Child",-1,"No Child","High School or Some College",29,"Black",1.6,1360,1,1,1,0,0
"1123",3899568944418,101,"3899568944418101",5,2018,"52018",15961.024338,51,0,100,40,1,0,0,0,0,0,"1",2,"Toddler",-1,"No Child",-1,"No Child",-1,"No Child",-1,"No Child",-1,"No Child","High School or Some College",29,"Black",1.6,1620,1,1,1,0,0
"1124",3899568944418,101,"3899568944418101",6,2018,"62018",16000.149446,51,0,100,40,1,0,0,0,0,0,"1",2,"Toddler",-1,"No Child",-1,"No Child",-1,"No Child",-1,"No Child",-1,"No Child","High School or Some College",29,"Black",1.6,1470,1,1,1,0,0
"1125",3899568944418,101,"3899568944418101",7,2018,"72018",16107.810712,51,0,100,40,1,0,0,0,0,0,"1",2,"Toddler",-1,"No Child",-1,"No Child",-1,"No Child",-1,"No Child",-1,"No Child","High School or Some College",29,"Black",1.6,1470,1,1,1,0,0
"1126",3899568944418,101,"3899568944418101",8,2018,"82018",16103.610204,51,0,100,40,1,0,0,0,0,0,"1",2,"Toddler",-1,"No Child",-1,"No Child",-1,"No Child",-1,"No Child",-1,"No Child","High School or Some College",29,"Black",1.6,1730,1,1,1,0,0
"1127",3899568944418,101,"3899568944418101",9,2018,"92018",16031.895539,51,0,100,40,1,0,0,0,0,0,"1",2,"Toddler",-1,"No Child",-1,"No Child",-1,"No Child",-1,"No Child",-1,"No Child","High School or Some College",29,"Black",1.6,1730,1,1,1,0,0
"1128",3899568944418,101,"3899568944418101",10,2018,"102018",16270.068151,51,0,100,16.6,1,0,0,0,0,0,"1",2,"Toddler",-1,"No Child",-1,"No Child",-1,"No Child",-1,"No Child",-1,"No Child","High School or Some College",29,"Black",1.6,1730,1,1,1,0,0
"1129",3899568944418,101,"3899568944418101",11,2018,"112018",16102.163926,51,0,100,1,1,0,0,0,0,0,"1",2,"Toddler",-1,"No Child",-1,"No Child",-1,"No Child",-1,"No Child",-1,"No Child","High School or Some College",29,"Black",1.6,1730,1,1,1,0,0
"1130",3899568944418,101,"3899568944418101",12,2018,"122018",16006.752487,51,0,100,20.75,1,0,0,0,0,0,"1",2,"Toddler",-1,"No Child",-1,"No Child",-1,"No Child",-1,"No Child",-1,"No Child","High School or Some College",29,"Black",1.6,2068,1,1,1,0,0
"1131",39828505781118,101,"39828505781118101",1,2018,"12018",6158.4941691,51,0,100,0,0,0,1,0,0,0,"1",12,"School Age",9,"School Age",5,"Preschool",-1,"No Child",-1,"No Child",-1,"No Child","Bachelor’s Degree",44,"White",0,22239,0,1,0,0,0
"1132",39828505781118,101,"39828505781118101",2,2018,"22018",6145.7219944,51,0,100,0,0,0,1,0,0,0,"1",12,"School Age",9,"School Age",5,"Preschool",-1,"No Child",-1,"No Child",-1,"No Child","Bachelor’s Degree",44,"White",0,22239,0,1,0,0,0
"1133",39828505781118,101,"39828505781118101",3,2018,"32018",6172.2462294,51,0,100,0,0,0,1,0,0,0,"1",12,"School Age",9,"School Age",5,"Preschool",-1,"No Child",-1,"No Child",-1,"No Child","Bachelor’s Degree",44,"White",0,22239,0,1,0,0,0
"1134",39828505781118,101,"39828505781118101",4,2018,"42018",8121.8331556,51,0,100,0,0,0,1,0,0,0,"1",12,"School Age",9,"School Age",5,"Preschool",-1,"No Child",-1,"No Child",-1,"No Child","Bachelor’s Degree",44,"White",0,22239,0,1,0,0,0
"1135",39828505781118,101,"39828505781118101",5,2018,"52018",8215.9613468,51,0,100,0,0,0,1,0,0,0,"1",12,"School Age",9,"School Age",5,"Preschool",-1,"No Child",-1,"No Child",-1,"No Child","Bachelor’s Degree",44,"White",0,22239,0,1,0,0,0
"1136",39828505781118,101,"39828505781118101",6,2018,"62018",8074.2271381,51,0,100,0,0,0,1,0,0,0,"1",12,"School Age",9,"School Age",5,"Preschool",-1,"No Child",-1,"No Child",-1,"No Child","Bachelor’s Degree",44,"White",0,22239,0,1,0,0,0
"1137",39828505781118,101,"39828505781118101",7,2018,"72018",8010.1496813,51,0,100,0,0,0,1,0,0,0,"1",12,"School Age",9,"School Age",5,"Preschool",-1,"No Child",-1,"No Child",-1,"No Child","Bachelor’s Degree",44,"White",0,22239,0,1,0,0,0
"1138",39828505781118,101,"39828505781118101",8,2018,"82018",7982.443919,51,0,100,0,0,0,1,0,0,0,"1",12,"School Age",9,"School Age",5,"Preschool",-1,"No Child",-1,"No Child",-1,"No Child","Bachelor’s Degree",44,"White",0,22239,0,1,0,0,0
"1139",39828505781118,101,"39828505781118101",9,2018,"92018",7950.1558315,51,0,100,0,0,0,1,0,0,0,"1",12,"School Age",9,"School Age",5,"Preschool",-1,"No Child",-1,"No Child",-1,"No Child","Bachelor’s Degree",44,"White",0,22239,0,1,0,0,0
"1140",39828505781118,101,"39828505781118101",10,2018,"102018",8001.6204116,51,0,100,8,0,0,1,0,0,0,"1",12,"School Age",9,"School Age",5,"Preschool",-1,"No Child",-1,"No Child",-1,"No Child","Bachelor’s Degree",44,"White",0,22754,0,1,0,0,0
"1141",39828505781118,101,"39828505781118101",11,2018,"112018",7887.918809,51,0,100,20,0,0,1,0,0,0,"1",12,"School Age",9,"School Age",5,"Preschool",-1,"No Child",-1,"No Child",-1,"No Child","Bachelor’s Degree",44,"White",0,23569,0,1,0,0,0
"1142",39828505781118,101,"39828505781118101",12,2018,"122018",7926.779219,51,0,100,20,0,0,1,0,0,0,"1",12,"School Age",9,"School Age",5,"Preschool",-1,"No Child",-1,"No Child",-1,"No Child","Bachelor’s Degree",44,"White",0,27239,0,1,0,0,0
"1143",39828505781118,102,"39828505781118102",1,2018,"12018",6158.4941691,51,0,100,76,0,0,1,0,0,0,"1",12,"School Age",9,"School Age",5,"Preschool",-1,"No Child",-1,"No Child",-1,"No Child","Bachelor’s Degree",42,"White",0,22239,0,0,0,0,0
"1144",39828505781118,102,"39828505781118102",2,2018,"22018",6145.7219944,51,0,100,76,0,0,1,0,0,0,"1",12,"School Age",9,"School Age",5,"Preschool",-1,"No Child",-1,"No Child",-1,"No Child","Bachelor’s Degree",42,"White",0,22239,0,0,0,0,0
"1145",39828505781118,102,"39828505781118102",3,2018,"32018",6172.2462294,51,0,100,76,0,0,1,0,0,0,"1",12,"School Age",9,"School Age",5,"Preschool",-1,"No Child",-1,"No Child",-1,"No Child","Bachelor’s Degree",42,"White",0,22239,0,0,0,0,0
"1146",39828505781118,102,"39828505781118102",4,2018,"42018",8121.8331556,51,0,100,78,0,0,1,0,0,0,"1",12,"School Age",9,"School Age",5,"Preschool",-1,"No Child",-1,"No Child",-1,"No Child","Bachelor’s Degree",42,"White",0,22239,0,0,0,0,0
"1147",39828505781118,102,"39828505781118102",5,2018,"52018",8215.9613468,51,0,100,78,0,0,1,0,0,0,"1",12,"School Age",9,"School Age",5,"Preschool",-1,"No Child",-1,"No Child",-1,"No Child","Bachelor’s Degree",42,"White",0,22239,0,0,0,0,0
"1148",39828505781118,102,"39828505781118102",6,2018,"62018",8074.2271381,51,0,100,78,0,0,1,0,0,0,"1",12,"School Age",9,"School Age",5,"Preschool",-1,"No Child",-1,"No Child",-1,"No Child","Bachelor’s Degree",42,"White",0,22239,0,0,0,0,0
"1149",39828505781118,102,"39828505781118102",7,2018,"72018",8010.1496813,51,0,100,78,0,0,1,0,0,0,"1",12,"School Age",9,"School Age",5,"Preschool",-1,"No Child",-1,"No Child",-1,"No Child","Bachelor’s Degree",42,"White",0,22239,0,0,0,0,0
"1150",39828505781118,102,"39828505781118102",8,2018,"82018",7982.443919,51,0,100,78,0,0,1,0,0,0,"1",12,"School Age",9,"School Age",5,"Preschool",-1,"No Child",-1,"No Child",-1,"No Child","Bachelor’s Degree",42,"White",0,22239,0,0,0,0,0
"1151",39828505781118,102,"39828505781118102",9,2018,"92018",7950.1558315,51,0,100,78,0,0,1,0,0,0,"1",12,"School Age",9,"School Age",5,"Preschool",-1,"No Child",-1,"No Child",-1,"No Child","Bachelor’s Degree",42,"White",0,22239,0,0,0,0,0
"1152",39828505781118,102,"39828505781118102",10,2018,"102018",8001.6204116,51,0,100,78,0,0,1,0,0,0,"1",12,"School Age",9,"School Age",5,"Preschool",-1,"No Child",-1,"No Child",-1,"No Child","Bachelor’s Degree",42,"White",0,22754,0,0,0,0,0
"1153",39828505781118,102,"39828505781118102",11,2018,"112018",7887.918809,51,0,100,78,0,0,1,0,0,0,"1",12,"School Age",9,"School Age",5,"Preschool",-1,"No Child",-1,"No Child",-1,"No Child","Bachelor’s Degree",42,"White",0,23569,0,0,0,0,0
"1154",39828505781118,102,"39828505781118102",12,2018,"122018",7926.779219,51,0,100,78,0,0,1,0,0,0,"1",12,"School Age",9,"School Age",5,"Preschool",-1,"No Child",-1,"No Child",-1,"No Child","Bachelor’s Degree",42,"White",0,27239,0,0,0,0,0
"1155",66718568988718,101,"66718568988718101",1,2018,"12018",4249.5210513,51,0,100,40,1,1,0,0,0,0,"2",4,"Preschool",0,"Infant",-1,"No Child",-1,"No Child",-1,"No Child",-1,"No Child","Graduate or Professional Degree",35,"White",8.5,10866,0,0,0,0,0
"1156",66718568988718,101,"66718568988718101",2,2018,"22018",4309.8193683,51,0,100,40,1,1,0,0,0,0,"2",4,"Preschool",0,"Infant",-1,"No Child",-1,"No Child",-1,"No Child",-1,"No Child","Graduate or Professional Degree",35,"White",8.5,10866,0,0,0,0,0
"1157",66718568988718,101,"66718568988718101",3,2018,"32018",4317.7739757,51,0,100,40,1,1,0,0,0,0,"2",4,"Preschool",0,"Infant",-1,"No Child",-1,"No Child",-1,"No Child",-1,"No Child","Graduate or Professional Degree",35,"White",8.5,10866,0,0,0,0,0
"1158",66718568988718,101,"66718568988718101",4,2018,"42018",4411.907834,51,0,100,40,1,1,0,0,0,0,"2",4,"Preschool",0,"Infant",-1,"No Child",-1,"No Child",-1,"No Child",-1,"No Child","Graduate or Professional Degree",35,"White",8.5,10866,0,0,0,0,0
"1159",66718568988718,101,"66718568988718101",5,2018,"52018",4438.0798395,51,0,100,40,1,1,0,0,0,0,"2",4,"Preschool",0,"Infant",-1,"No Child",-1,"No Child",-1,"No Child",-1,"No Child","Graduate or Professional Degree",35,"White",8.5,10866,0,0,0,0,0
"1160",66718568988718,101,"66718568988718101",6,2018,"62018",4500.5196468,51,0,100,40,1,1,0,0,0,0,"2",4,"Preschool",0,"Infant",-1,"No Child",-1,"No Child",-1,"No Child",-1,"No Child","Graduate or Professional Degree",35,"White",8.5,10866,0,0,0,0,0
"1161",66718568988718,101,"66718568988718101",7,2018,"72018",4468.5671289,51,0,100,40,1,1,0,0,0,0,"2",4,"Preschool",0,"Infant",-1,"No Child",-1,"No Child",-1,"No Child",-1,"No Child","Graduate or Professional Degree",35,"White",8.5,10866,0,0,0,0,0
"1162",66718568988718,101,"66718568988718101",8,2018,"82018",4472.1381164,51,0,100,40,1,1,0,0,0,0,"2",4,"Preschool",0,"Infant",-1,"No Child",-1,"No Child",-1,"No Child",-1,"No Child","Graduate or Professional Degree",35,"White",8.5,10866,0,0,0,0,0
"1163",66718568988718,101,"66718568988718101",9,2018,"92018",4366.2399618,51,0,100,40,1,1,0,0,0,0,"2",4,"Preschool",0,"Infant",-1,"No Child",-1,"No Child",-1,"No Child",-1,"No Child","Graduate or Professional Degree",35,"White",8.5,10866,0,0,0,0,0
"1164",66718568988718,101,"66718568988718101",10,2018,"102018",4425.5176189,51,0,100,40,1,1,0,0,0,0,"2",4,"Preschool",0,"Infant",-1,"No Child",-1,"No Child",-1,"No Child",-1,"No Child","Graduate or Professional Degree",35,"White",8.5,10866,0,0,0,0,0
"1165",66718568988718,101,"66718568988718101",11,2018,"112018",4394.1458196,51,0,100,40,1,1,0,0,0,0,"2",4,"Preschool",0,"Infant",-1,"No Child",-1,"No Child",-1,"No Child",-1,"No Child","Graduate or Professional Degree",35,"White",8.5,10866,0,0,0,0,0
"1166",66718568988718,101,"66718568988718101",12,2018,"122018",4413.8646245,51,0,100,40,1,1,0,0,0,0,"2",4,"Preschool",0,"Infant",-1,"No Child",-1,"No Child",-1,"No Child",-1,"No Child","Graduate or Professional Degree",35,"White",8.5,10866,0,0,0,0,0
"1167",66718568988718,102,"66718568988718102",1,2018,"12018",4249.5210513,51,0,0,0,1,1,0,0,0,0,"2",4,"Preschool",0,"Infant",-1,"No Child",-1,"No Child",-1,"No Child",-1,"No Child","Graduate or Professional Degree",36,"White",0,10866,0,1,0,0,0
"1168",66718568988718,102,"66718568988718102",2,2018,"22018",4309.8193683,51,0,0,0,1,1,0,0,0,0,"2",4,"Preschool",0,"Infant",-1,"No Child",-1,"No Child",-1,"No Child",-1,"No Child","Graduate or Professional Degree",36,"White",0,10866,0,1,0,0,0
"1169",66718568988718,102,"66718568988718102",3,2018,"32018",4317.7739757,51,0,0,0,1,1,0,0,0,0,"2",4,"Preschool",0,"Infant",-1,"No Child",-1,"No Child",-1,"No Child",-1,"No Child","Graduate or Professional Degree",36,"White",0,10866,0,1,0,0,0
"1170",66718568988718,102,"66718568988718102",4,2018,"42018",4411.907834,51,0,0,0,1,1,0,0,0,0,"2",4,"Preschool",0,"Infant",-1,"No Child",-1,"No Child",-1,"No Child",-1,"No Child","Graduate or Professional Degree",36,"White",0,10866,0,1,0,0,0
"1171",66718568988718,102,"66718568988718102",5,2018,"52018",4438.0798395,51,0,0,0,1,1,0,0,0,0,"2",4,"Preschool",0,"Infant",-1,"No Child",-1,"No Child",-1,"No Child",-1,"No Child","Graduate or Professional Degree",36,"White",0,10866,0,1,0,0,0
"1172",66718568988718,102,"66718568988718102",6,2018,"62018",4500.5196468,51,0,0,0,1,1,0,0,0,0,"2",4,"Preschool",0,"Infant",-1,"No Child",-1,"No Child",-1,"No Child",-1,"No Child","Graduate or Professional Degree",36,"White",0,10866,0,1,0,0,0
"1173",66718568988718,102,"66718568988718102",7,2018,"72018",4468.5671289,51,0,0,0,1,1,0,0,0,0,"2",4,"Preschool",0,"Infant",-1,"No Child",-1,"No Child",-1,"No Child",-1,"No Child","Graduate or Professional Degree",36,"White",0,10866,0,1,0,0,0
"1174",66718568988718,102,"66718568988718102",8,2018,"82018",4472.1381164,51,0,0,0,1,1,0,0,0,0,"2",4,"Preschool",0,"Infant",-1,"No Child",-1,"No Child",-1,"No Child",-1,"No Child","Graduate or Professional Degree",36,"White",0,10866,0,1,0,0,0
"1175",66718568988718,102,"66718568988718102",9,2018,"92018",4366.2399618,51,0,0,0,1,1,0,0,0,0,"2",4,"Preschool",0,"Infant",-1,"No Child",-1,"No Child",-1,"No Child",-1,"No Child","Graduate or Professional Degree",36,"White",0,10866,0,1,0,0,0
"1176",66718568988718,102,"66718568988718102",10,2018,"102018",4425.5176189,51,0,0,0,1,1,0,0,0,0,"2",4,"Preschool",0,"Infant",-1,"No Child",-1,"No Child",-1,"No Child",-1,"No Child","Graduate or Professional Degree",36,"White",0,10866,0,1,0,0,0
"1177",66718568988718,102,"66718568988718102",11,2018,"112018",4394.1458196,51,0,0,0,1,1,0,0,0,0,"2",4,"Preschool",0,"Infant",-1,"No Child",-1,"No Child",-1,"No Child",-1,"No Child","Graduate or Professional Degree",36,"White",0,10866,0,1,0,0,0
"1178",66718568988718,102,"66718568988718102",12,2018,"122018",4413.8646245,51,0,0,0,1,1,0,0,0,0,"2",4,"Preschool",0,"Infant",-1,"No Child",-1,"No Child",-1,"No Child",-1,"No Child","Graduate or Professional Degree",36,"White",0,10866,0,1,0,0,0
"1179",66786084893518,103,"66786084893518103",1,2018,"12018",3708.5366926,51,0,100,0,1,0,0,0,0,0,"1",1,"Infant",-1,"No Child",-1,"No Child",-1,"No Child",-1,"No Child",-1,"No Child","High School or Some College",39,"White",0,17699,0,0,0,0,0
"1180",66786084893518,103,"66786084893518103",2,2018,"22018",3686.9357983,51,0,100,0,1,0,0,0,0,0,"1",1,"Infant",-1,"No Child",-1,"No Child",-1,"No Child",-1,"No Child",-1,"No Child","High School or Some College",39,"White",0,17699,0,0,0,0,0
"1181",66786084893518,103,"66786084893518103",3,2018,"32018",3675.9482372,51,0,100,0,1,0,0,0,0,0,"1",1,"Infant",-1,"No Child",-1,"No Child",-1,"No Child",-1,"No Child",-1,"No Child","High School or Some College",39,"White",0,17699,0,0,0,0,0
"1182",66786084893518,103,"66786084893518103",4,2018,"42018",3667.8042611,51,0,100,0,1,0,0,0,0,0,"1",1,"Infant",-1,"No Child",-1,"No Child",-1,"No Child",-1,"No Child",-1,"No Child","High School or Some College",39,"White",0,17699,0,0,0,0,0
"1183",66786084893518,103,"66786084893518103",5,2018,"52018",3669.180426,51,0,100,0,1,0,0,0,0,0,"1",1,"Infant",-1,"No Child",-1,"No Child",-1,"No Child",-1,"No Child",-1,"No Child","High School or Some College",39,"White",0,17699,0,0,0,0,0
"1184",66786084893518,103,"66786084893518103",6,2018,"62018",3611.9767882,51,0,100,10,1,0,0,0,0,0,"1",1,"Infant",-1,"No Child",-1,"No Child",-1,"No Child",-1,"No Child",-1,"No Child","High School or Some College",39,"White",0,20272,0,0,0,0,0
"1185",66786084893518,103,"66786084893518103",7,2018,"72018",3634.3900463,51,0,100,40,1,0,0,0,0,0,"1",1,"Infant",-1,"No Child",-1,"No Child",-1,"No Child",-1,"No Child",-1,"No Child","High School or Some College",39,"White",0,24267,0,0,0,0,0
"1186",66786084893518,103,"66786084893518103",8,2018,"82018",6109.1631584,51,0,100,40,1,0,0,0,0,0,"1",1,"Infant",-1,"No Child",-1,"No Child",-1,"No Child",-1,"No Child",-1,"No Child","High School or Some College",39,"White",0,8272,1,0,0,0,0
"1187",66786084893518,103,"66786084893518103",9,2018,"92018",6207.2904959,51,0,100,40,1,0,0,0,0,0,"1",1,"Infant",-1,"No Child",-1,"No Child",-1,"No Child",-1,"No Child",-1,"No Child","High School or Some College",39,"White",0,8272,1,0,0,0,0
"1188",66786084893518,103,"66786084893518103",10,2018,"102018",6287.6738857,51,0,100,40,1,0,0,0,0,0,"1",1,"Infant",-1,"No Child",-1,"No Child",-1,"No Child",-1,"No Child",-1,"No Child","High School or Some College",39,"White",0,8272,1,0,0,0,0
"1189",66786084893518,103,"66786084893518103",11,2018,"112018",6207.3228403,51,0,100,40,1,0,0,0,0,0,"1",1,"Infant",-1,"No Child",-1,"No Child",-1,"No Child",-1,"No Child",-1,"No Child","High School or Some College",39,"White",0,8658,1,0,0,0,0
"1190",66786084893518,103,"66786084893518103",12,2018,"122018",6205.0036669,51,0,100,40,1,0,0,0,0,0,"1",1,"Infant",-1,"No Child",-1,"No Child",-1,"No Child",-1,"No Child",-1,"No Child","High School or Some College",39,"White",0,8272,1,0,0,0,0
"1191",66786084893518,301,"66786084893518301",1,2018,"12018",3708.5366926,51,0,100,2,0,1,0,0,0,0,"1",12,"School Age",1,"Infant",-1,"No Child",-1,"No Child",-1,"No Child",-1,"No Child","Bachelor’s Degree",34,"Asian",0,17699,0,1,0,0,0
"1192",66786084893518,301,"66786084893518301",2,2018,"22018",3686.9357983,51,0,100,2,0,1,0,0,0,0,"1",12,"School Age",1,"Infant",-1,"No Child",-1,"No Child",-1,"No Child",-1,"No Child","Bachelor’s Degree",34,"Asian",0,17699,0,1,0,0,0
"1193",66786084893518,301,"66786084893518301",3,2018,"32018",3675.9482372,51,0,100,2,0,1,0,0,0,0,"1",12,"School Age",1,"Infant",-1,"No Child",-1,"No Child",-1,"No Child",-1,"No Child","Bachelor’s Degree",34,"Asian",0,17699,0,1,0,0,0
"1194",66786084893518,301,"66786084893518301",4,2018,"42018",3667.8042611,51,0,100,2,0,1,0,0,0,0,"1",12,"School Age",1,"Infant",-1,"No Child",-1,"No Child",-1,"No Child",-1,"No Child","Bachelor’s Degree",34,"Asian",0,17699,0,1,0,0,0
"1195",66786084893518,301,"66786084893518301",5,2018,"52018",3669.180426,51,0,100,2,0,1,0,0,0,0,"1",12,"School Age",1,"Infant",-1,"No Child",-1,"No Child",-1,"No Child",-1,"No Child","Bachelor’s Degree",34,"Asian",0,17699,0,1,0,0,0
"1196",66786084893518,301,"66786084893518301",6,2018,"62018",3611.9767882,51,0,100,2,0,1,0,0,0,0,"1",12,"School Age",1,"Infant",-1,"No Child",-1,"No Child",-1,"No Child",-1,"No Child","Bachelor’s Degree",34,"Asian",0,20272,0,1,0,0,0
"1197",66786084893518,301,"66786084893518301",7,2018,"72018",3634.3900463,51,0,100,2,0,1,0,0,0,0,"1",12,"School Age",1,"Infant",-1,"No Child",-1,"No Child",-1,"No Child",-1,"No Child","Bachelor’s Degree",34,"Asian",0,24267,0,1,0,0,0
"1198",66786084893518,301,"66786084893518301",8,2018,"82018",6109.1631584,51,0,100,2,0,1,0,0,0,0,"1",12,"School Age",1,"Infant",-1,"No Child",-1,"No Child",-1,"No Child",-1,"No Child","Bachelor’s Degree",34,"Asian",0,8272,1,1,0,0,0
"1199",66786084893518,301,"66786084893518301",9,2018,"92018",6207.2904959,51,0,100,2,0,1,0,0,0,0,"1",12,"School Age",1,"Infant",-1,"No Child",-1,"No Child",-1,"No Child",-1,"No Child","Bachelor’s Degree",34,"Asian",0,8272,1,1,0,0,0
"1200",66786084893518,301,"66786084893518301",10,2018,"102018",6287.6738857,51,0,100,2,0,1,0,0,0,0,"1",12,"School Age",1,"Infant",-1,"No Child",-1,"No Child",-1,"No Child",-1,"No Child","Bachelor’s Degree",34,"Asian",0,8272,1,1,0,0,0
"1201",66786084893518,301,"66786084893518301",11,2018,"112018",6207.3228403,51,0,100,2,0,1,0,0,0,0,"1",12,"School Age",1,"Infant",-1,"No Child",-1,"No Child",-1,"No Child",-1,"No Child","Bachelor’s Degree",34,"Asian",0,8658,1,1,0,0,0
"1202",66786084893518,301,"66786084893518301",12,2018,"122018",6205.0036669,51,0,100,2,0,1,0,0,0,0,"1",12,"School Age",1,"Infant",-1,"No Child",-1,"No Child",-1,"No Child",-1,"No Child","Bachelor’s Degree",34,"Asian",0,8272,1,1,0,0,0
