Locality,Total Count,Total Expenditures,month,year,,,
Accomack,21,3880,7,2017,,,
Accomack,20,3657,8,2017,,,
Accomack,26,5875,9,2017,,,
Accomack,30,6396,10,2017,,,
Accomack,27,5933,11,2017,,,
Accomack,27,5450,12,2017,,,
Accomack,26,4690,1,2018,,25.16666667,5198.5
Accomack,24,5089,2,2018,,,
Accomack,24,4446,3,2018,,,
Accomack,17,3419,4,2018,,,
Accomack,21,4902,5,2018,,,
Accomack,23,4830,6,2018,,,
Accomack,23,6378,7,2018,,,
Accomack,19,5497,8,2018,,,
Accomack,19,5459,9,2018,,,
Accomack,14,4004,10,2018,,,
Accomack,13,3290,11,2018,,,
Accomack,21,5951,12,2018,,20.33333333,4829.583333
Accomack,19,4863,1,2019,,,
Accomack,24,6975,2,2019,,,
Accomack,22,5969,3,2019,,,
Accomack,26,7375,4,2019,,,
Accomack,27,6939,5,2019,,,
Accomack,26,7533,6,2019,,,
Accomack,30,8909.7,7,2019,,,
Accomack,32,7921,8,2019,,,
Accomack,36,8826,9,2019,,,
Accomack,25,6388,10,2019,,,
Accomack,29,9314,11,2019,,,
Accomack,30,7808.2,12,2019,,27.16666667,
Accomack,28,8365,1,2020,,,
Accomack,32,8641,2,2020,,,
Accomack,27,7169.9,3,2020,,,
Accomack,24,5232.6,4,2020,,,
Accomack,16,5062,5,2020,,,
Accomack,27,12522,6,2020,,,
Accomack,26,13258,7,2020,,,
Accomack,26,8052,8,2020,,,
Accomack,21,6204,9,2020,,,
Accomack,22,4279.4,10,2020,,,
Accomack,21,4260.8,11,2020,,,
Accomack,18,3885.9,12,2020,,,
Accomack,14,3363.6,1,2021,,,
Accomack,REDACTED,1302.5,2,2021,,,
Accomack,REDACTED,1410.8,3,2021,,,
Accomack,12,2320.5,4,2021,,,
Accomack,15,3131.4,5,2021,,,
Accomack,15,3274.9,6,2021,,,
Accomack,16,6182.1,7,2021,,,
Accomack,17,6679,8,2021,,,
Accomack,17,5675.5,9,2021,,,
Accomack,19,6154.3,10,2021,,,
Accomack,19,6487,11,2021,,,
Accomack,22,7836,12,2021,,,
Accomack,18,6628,1,2022,,,
Accomack,20,7653,2,2022,,,
Accomack,21,7311.5,3,2022,,,
Accomack,21,8053,4,2022,,,
Accomack,25,8990.5,5,2022,,,
Accomack,24,9649.5,6,2022,,,
Accomack,35,13595.5,7,2022,,,
Accomack,33,14061,8,2022,,,
Accomack,38,16753,9,2022,,,
Accomack,39,14759,10,2022,,,
Accomack,35,27658,11,2022,,,
Accomack,42,36124,12,2022,,,
Accomack,43,35221,1,2023,,,
Accomack,44,32658,2,2023,,,
Accomack,46,31228,3,2023,,,
Accomack,51,39314,4,2023,,,
Accomack,50,32732,5,2023,,,
Accomack,53,41447,6,2023,,,
Accomack,62,45957,7,2023,,,
Accomack,77,51875,8,2023,,,
Accomack,69,53444,9,2023,,,
Accomack,47,37445,10,2023,,,
Accomack,51,42263,11,2023,,,
Accomack,55,46889,12,2023,,,
Accomack,58,52627,2,2024,,,
Accomack,63,51286,5,2024,,,
Accomack,64,54371,6,2024,,,
Accomack,74,55599,7,2024,,,
Accomack,85,71440,8,2024,,,
Accomack,92,67634,9,2024,,,
Accomack,64,46183,10,2024,,,
Accomack,70,50410,11,2024,,,
Accomack,70,47158,12,2024,,,
Accomack,67,51022,1,2025,,,
Accomack,76,56800,2,2025,,,
Accomack,74,47384,3,2025,,,
Accomack,67,49610,4,2025,,,
Accomack,71,51347,5,2025,,,
Accomack,69,48993,6,2025,,,
Albemarle,136,72086,7,2017,,,
Albemarle,134,81946,8,2017,,,
Albemarle,149,92114,9,2017,,,
Albemarle,127,57530,10,2017,,,
Albemarle,128,89368,11,2017,,,
Albemarle,128,67874,12,2017,,,
Albemarle,124,58162,1,2018,,,
Albemarle,123,74601,2,2018,,,
Albemarle,135,75367,3,2018,,,
Albemarle,125,74318,4,2018,,,
Albemarle,126,78907,5,2018,,,
Albemarle,127,79140,6,2018,,,
Albemarle,119,80135,7,2018,,,
Albemarle,108,84963,8,2018,,,
Albemarle,105,72631,9,2018,,,
Albemarle,93,56351,10,2018,,,
Albemarle,84,64152,11,2018,,,
Albemarle,88,61852,12,2018,,,
Albemarle,90,52276,1,2019,,,
Albemarle,91,66799,2,2019,,,
Albemarle,89,57324,3,2019,,,
Albemarle,91,63548,4,2019,,,
Albemarle,99,68829,5,2019,,,
Albemarle,94,67705,6,2019,,,
Albemarle,103,68604.2,7,2019,,,
Albemarle,129,92914.6,8,2019,,,
Albemarle,141,83993,9,2019,,,
Albemarle,132,76590.2,10,2019,,,
Albemarle,124,84218.4,11,2019,,,
Albemarle,98,57846,12,2019,,,
Albemarle,121,79048,1,2020,,,
Albemarle,122,90322,2,2020,,,
Albemarle,121,80113,3,2020,,,
Albemarle,115,59104.8,4,2020,,,
Albemarle,59,41092,5,2020,,,
Albemarle,102,91549.2,6,2020,,,
Albemarle,112,107597.8,7,2020,,,
Albemarle,108,77095,8,2020,,,
Albemarle,89,54224,9,2020,,,
Albemarle,95,58404.4,10,2020,,,
Albemarle,91,62650,11,2020,,,
Albemarle,91,57824.6,12,2020,,,
Albemarle,89,55763.4,1,2021,,,
Albemarle,92,57419.8,2,2021,,,
Albemarle,90,49573,3,2021,,,
Albemarle,102,69085.2,4,2021,,,
Albemarle,105,76837,5,2021,,,
Albemarle,109,76434,6,2021,,,
Albemarle,122,92120,7,2021,,,
Albemarle,124,101610,8,2021,,,
Albemarle,136,102768.2,9,2021,,,
Albemarle,132,96726.2,10,2021,,,
Albemarle,123,93529,11,2021,,,
Albemarle,137,105200.6,12,2021,,,
Albemarle,133,104223.4,1,2022,,,
Albemarle,138,127531,2,2022,,,
Albemarle,144,106600.4,3,2022,,,
Albemarle,157,124138.6,4,2022,,,
Albemarle,156,118580.6,5,2022,,,
Albemarle,157,126550,6,2022,,,
Albemarle,182,135385.6,7,2022,,,
Albemarle,177,136238.2,8,2022,,,
Albemarle,169,126296.6,9,2022,,,
Albemarle,132,96898.8,10,2022,,,
Albemarle,155,131081,11,2022,,,
Albemarle,155,146998,12,2022,,,
Albemarle,165,158615.62,1,2023,,,
Albemarle,188,158423.99,2,2023,,,
Albemarle,177,140636.15,3,2023,,,
Albemarle,189,168730.46,4,2023,,,
Albemarle,184,152937.93,5,2023,,,
Albemarle,177,165781.46,6,2023,,,
Albemarle,228,205989.04,7,2023,,,
Albemarle,223,190581.17,8,2023,,,
Albemarle,208,193461.89,9,2023,,,
Albemarle,171,151456.25,10,2023,,,
Albemarle,164,160544.34,11,2023,,,
Albemarle,169,161985.77,12,2023,,,
Albemarle,162,150060.98,1,2024,,,
Albemarle,157,164910.74,2,2024,,,
Albemarle,159,147991.65,3,2024,,,
Albemarle,167,152479.2,4,2024,,,
Albemarle,165,160962.4,5,2024,,,
Albemarle,162,168148.73,6,2024,,,
Albemarle,194,175531.42,7,2024,,,
Albemarle,180,195759.22,8,2024,,,
Albemarle,185,160023.06,9,2024,,,
Albemarle,140,128127.73,10,2024,,,
Albemarle,131,142027,11,2024,,,
Albemarle,134,126986,12,2024,,,
Albemarle,139,135222,1,2025,,,
Albemarle,152,154160,2,2025,,,
Albemarle,150,136640,3,2025,,,
Albemarle,163,149627,4,2025,,,
Albemarle,163,164663,5,2025,,,
Albemarle,152,157519,6,2025,,,
Alexandria,466,353917,7,2017,,,
Alexandria,458,351936,8,2017,,,
Alexandria,435,321884,9,2017,,,
Alexandria,452,271526,10,2017,,,
Alexandria,422,299719,11,2017,,,
Alexandria,422,304387,12,2017,,,
Alexandria,417,299457,1,2018,,,
Alexandria,446,334101,2,2018,,,
Alexandria,438,304264,3,2018,,,
Alexandria,452,332835,4,2018,,,
Alexandria,468,337923,5,2018,,,
Alexandria,470,361726,6,2018,,,
Alexandria,484,507241,7,2018,,,
Alexandria,489,588544,8,2018,,,
Alexandria,490,532147,9,2018,,,
Alexandria,476,435758,10,2018,,,
Alexandria,452,513751,11,2018,,,
Alexandria,455,487278,12,2018,,,
Alexandria,475,505848,1,2019,,,
Alexandria,489,552380,2,2019,,,
Alexandria,495,512651,3,2019,,,
Alexandria,511,588430,4,2019,,,
Alexandria,520,563053,5,2019,,,
Alexandria,506,582856,6,2019,,,
Alexandria,490,488528.45,7,2019,,,
Alexandria,472,539831.2,8,2019,,,
Alexandria,448,451772.9,9,2019,,,
Alexandria,436,410329.35,10,2019,,,
Alexandria,438,464840.8,11,2019,,,
Alexandria,459,436497.6,12,2019,,,
Alexandria,458,465899.8,1,2020,,,
Alexandria,484,488343.2,2,2020,,,
Alexandria,474,447477.85,3,2020,,,
Alexandria,472,393615.6,4,2020,,,
Alexandria,318,332959.8,5,2020,,,
Alexandria,353,395694,6,2020,,,
Alexandria,348,456383.4,7,2020,,,
Alexandria,306,365244.6,8,2020,,,
Alexandria,338,486686.8,9,2020,,,
Alexandria,344,348977.8,10,2020,,,
Alexandria,273,296095.2,11,2020,,,
Alexandria,245,248187.8,12,2020,,,
Alexandria,224,242753.2,1,2021,,,
Alexandria,229,231093.8,2,2021,,,
Alexandria,225,210516.4,3,2021,,,
Alexandria,232,255541.6,4,2021,,,
Alexandria,241,280301,5,2021,,,
Alexandria,259,302221,6,2021,,,
Alexandria,287,374520.5,7,2021,,,
Alexandria,309,391352,8,2021,,,
Alexandria,343,407260,9,2021,,,
Alexandria,326,370691,10,2021,,,
Alexandria,325,375074.2,11,2021,,,
Alexandria,351,429892.24,12,2021,,,
Alexandria,354,448947,1,2022,,,
Alexandria,374,437120.2,2,2022,,,
Alexandria,384,423294.8,3,2022,,,
Alexandria,394,501472.4,4,2022,,,
Alexandria,402,477190.6,5,2022,,,
Alexandria,415,504350.1,6,2022,,,
Alexandria,426,530217.6,7,2022,,,
Alexandria,428,554590.9,8,2022,,,
Alexandria,470,579631.8,9,2022,,,
Alexandria,435,524858.8,10,2022,,,
Alexandria,455,568466,11,2022,,,
Alexandria,465,622395.2,12,2022,,,
Alexandria,462,635170.03,1,2023,,,
Alexandria,474,634461.55,2,2023,,,
Alexandria,467,568734.03,3,2023,,,
Alexandria,482,671067.07,4,2023,,,
Alexandria,500,614499.6,5,2023,,,
Alexandria,531,736676.08,6,2023,,,
Alexandria,564,750923.89,7,2023,,,
Alexandria,548,723662.11,8,2023,,,
Alexandria,559,812793.36,9,2023,,,
Alexandria,556,744558.69,10,2023,,,
Alexandria,566,805543.94,11,2023,,,
Alexandria,565,823885.92,12,2023,,,
Alexandria,558,778646.83,1,2024,,,
Alexandria,586,869895.07,2,2024,,,
Alexandria,599,802965.87,3,2024,,,
Alexandria,616,833798.57,4,2024,,,
Alexandria,639,892172.72,5,2024,,,
Alexandria,633,952336.15,6,2024,,,
Alexandria,646,841709.2,7,2024,,,
Alexandria,623,948053.53,8,2024,,,
Alexandria,631,851893.32,9,2024,,,
Alexandria,577,788526.84,10,2024,,,
Alexandria,595,860030,11,2024,,,
Alexandria,603,810518,12,2024,,,
Alexandria,611,869459,1,2025,,,
Alexandria,630,931097,2,2025,,,
Alexandria,623,793094,3,2025,,,
Alexandria,629,845682,4,2025,,,
Alexandria,649,924968,5,2025,,,
Alexandria,647,932524,6,2025,,,
Alleghany,33,7761,7,2017,,,
Alleghany,27,5454,8,2017,,,
Alleghany,26,4532,9,2017,,,
Alleghany,20,2711,10,2017,,,
Alleghany,25,4132,11,2017,,,
Alleghany,16,2882,12,2017,,,
Alleghany,12,2705,1,2018,,,
Alleghany,13,2629,2,2018,,,
Alleghany,12,2943,3,2018,,,
Alleghany,12,2591,4,2018,,,
Alleghany,13,2779,5,2018,,,
Alleghany,11,2279,6,2018,,,
Alleghany,12,3212,7,2018,,,
Alleghany,10,3024,8,2018,,,
Alleghany,11,3154,9,2018,,,
Alleghany,12,2864,10,2018,,,
Alleghany,11,3596,11,2018,,,
Alleghany,11,2595,12,2018,,,
Alleghany,13,2611,1,2019,,,
Alleghany,15,3680,2,2019,,,
Alleghany,15,3595,3,2019,,,
Alleghany,16,4755,4,2019,,,
Alleghany,17,3944,5,2019,,,
Alleghany,15,4184,6,2019,,,
Alleghany,14,5197,7,2019,,,
Alleghany,17,4979,8,2019,,,
Alleghany,17,4991,9,2019,,,
Alleghany,19,6304,10,2019,,,
Alleghany,20,7689,11,2019,,,
Alleghany,20,5335,12,2019,,,
Alleghany,24,4409,1,2020,,,
Alleghany,24,5918,2,2020,,,
Alleghany,24,5727,3,2020,,,
Alleghany,18,1962,4,2020,,,
Alleghany,REDACTED,491,5,2020,,,
Alleghany,17,6041,6,2020,,,
Alleghany,23,10828,7,2020,,,
Alleghany,22,12256,8,2020,,,
Alleghany,REDACTED,1845,9,2020,,,
Alleghany,REDACTED,754,10,2020,,,
Alleghany,REDACTED,1062,11,2020,,,
Alleghany,REDACTED,1116,12,2020,,,
Alleghany,REDACTED,378,1,2021,,,
Alleghany,REDACTED,406,2,2021,,,
Alleghany,REDACTED,1342,3,2021,,,
Alleghany,REDACTED,938,4,2021,,,
Alleghany,REDACTED,1606,5,2021,,,
Alleghany,REDACTED,964,6,2021,,,
Alleghany,REDACTED,2926,7,2021,,,
Alleghany,REDACTED,3182,8,2021,,,
Alleghany,REDACTED,3916,9,2021,,,
Alleghany,REDACTED,3810,10,2021,,,
Alleghany,REDACTED,3257,11,2021,,,
Alleghany,REDACTED,3475,12,2021,,,
Alleghany,REDACTED,2738,1,2022,,,
Alleghany,10,4964,2,2022,,,
Alleghany,12,4651,3,2022,,,
Alleghany,12,6550,4,2022,,,
Alleghany,11,4965,5,2022,,,
Alleghany,11,5097,6,2022,,,
Alleghany,12,5064,7,2022,,,
Alleghany,REDACTED,4515,8,2022,,,
Alleghany,10,4530,9,2022,,,
Alleghany,13,4148,10,2022,,,
Alleghany,13,7367,11,2022,,,
Alleghany,16,12792,12,2022,,,
Alleghany,26,18811,1,2023,,,
Alleghany,38,29099,2,2023,,,
Alleghany,43,31285,3,2023,,,
Alleghany,52,37312,4,2023,,,
Alleghany,63,42983,5,2023,,,
Alleghany,73,54769,6,2023,,,
Alleghany,78,54618,7,2023,,,
Alleghany,78,54237,8,2023,,,
Alleghany,81,49980,9,2023,,,
Alleghany,80,50031,10,2023,,,
Alleghany,82,63588,11,2023,,,
Alleghany,85,64852,12,2023,,,
Alleghany,81,56485,1,2024,,,
Alleghany,82,69447,2,2024,,,
Alleghany,79,63900,3,2024,,,
Alleghany,81,61759,4,2024,,,
Alleghany,90,67563,5,2024,,,
Alleghany,80,66427,6,2024,,,
Alleghany,80,66292,7,2024,,,
Alleghany,79,65956,8,2024,,,
Alleghany,77,57415,9,2024,,,
Alleghany,71,52594,10,2024,,,
Alleghany,80,62240,11,2024,,,
Alleghany,79,60995,12,2024,,,
Alleghany,76,65924,1,2025,,,
Alleghany,83,69310,2,2025,,,
Alleghany,74,54006,3,2025,,,
Alleghany,79,62834,4,2025,,,
Alleghany,80,65158,5,2025,,,
Alleghany,77,63137,6,2025,,,
Amelia,11,3991,7,2017,,,
Amelia,14,4586,8,2017,,,
Amelia,18,5011,9,2017,,,
Amelia,19,3692,10,2017,,,
Amelia,10,3149,11,2017,,,
Amelia,13,2808,12,2017,,,
Amelia,12,3707,1,2018,,,
Amelia,10,3115,2,2018,,,
Amelia,REDACTED,3023,3,2018,,,
Amelia,REDACTED,3283,4,2018,,,
Amelia,REDACTED,2439,5,2018,,,
Amelia,REDACTED,2226,6,2018,,,
Amelia,REDACTED,1846,7,2018,,,
Amelia,REDACTED,4532,8,2018,,,
Amelia,REDACTED,6154,9,2018,,,
Amelia,REDACTED,3736,10,2018,,,
Amelia,REDACTED,4120,11,2018,,,
Amelia,REDACTED,3215,12,2018,,,
Amelia,REDACTED,3090,1,2019,,,
Amelia,REDACTED,3539,2,2019,,,
Amelia,REDACTED,2843,3,2019,,,
Amelia,REDACTED,3047,4,2019,,,
Amelia,REDACTED,2669,5,2019,,,
Amelia,REDACTED,2724,6,2019,,,
Amelia,REDACTED,3939,7,2019,,,
Amelia,REDACTED,3043,8,2019,,,
Amelia,REDACTED,2938,9,2019,,,
Amelia,REDACTED,2743,10,2019,,,
Amelia,REDACTED,2863,11,2019,,,
Amelia,REDACTED,2743,12,2019,,,
Amelia,REDACTED,2893,1,2020,,,
Amelia,REDACTED,3043,2,2020,,,
Amelia,REDACTED,3043,3,2020,,,
Amelia,REDACTED,3101,4,2020,,,
Amelia,REDACTED,5985,5,2020,,,
Amelia,REDACTED,6130,6,2020,,,
Amelia,REDACTED,6461,7,2020,,,
Amelia,REDACTED,5312,8,2020,,,
Amelia,REDACTED,3109,9,2020,,,
Amelia,REDACTED,3129,10,2020,,,
Amelia,REDACTED,3036.55,11,2020,,,
Amelia,REDACTED,3047.75,12,2020,,,
Amelia,REDACTED,3346.05,1,2021,,,
Amelia,REDACTED,1108.7,2,2021,,,
Amelia,REDACTED,2353.8,3,2021,,,
Amelia,REDACTED,3312.85,4,2021,,,
Amelia,REDACTED,3457.7,5,2021,,,
Amelia,REDACTED,3248.35,6,2021,,,
Amelia,REDACTED,7877.94,7,2021,,,
Amelia,REDACTED,7287.94,8,2021,,,
Amelia,REDACTED,5900.22,9,2021,,,
Amelia,REDACTED,6794.6,10,2021,,,
Amelia,REDACTED,6390.3,11,2021,,,
Amelia,11,8053.6,12,2021,,,
Amelia,12,8966.1,1,2022,,,
Amelia,10,10164.3,2,2022,,,
Amelia,11,8771,3,2022,,,
Amelia,11,10333.9,4,2022,,,
Amelia,13,10180.7,5,2022,,,
Amelia,14,11491.95,6,2022,,,
Amelia,16,10731.3,7,2022,,,
Amelia,14,9266.55,8,2022,,,
Amelia,15,10760.45,9,2022,,,
Amelia,14,9748.3,10,2022,,,
Amelia,12,10469.15,11,2022,,,
Amelia,15,12168.3,12,2022,,,
Amelia,13,9645.65,1,2023,,,
Amelia,15,11862.3,2,2023,,,
Amelia,15,11503,3,2023,,,
Amelia,16,13804.45,4,2023,,,
Amelia,17,12723,5,2023,,,
Amelia,21,19959.45,6,2023,,,
Amelia,26,22300.3,7,2023,,,
Amelia,26,20176.15,8,2023,,,
Amelia,22,15989,9,2023,,,
Amelia,19,16297.48,10,2023,,,
Amelia,21,14260.77,11,2023,,,
Amelia,17,13518.61,12,2023,,,
Amelia,20,11423,1,2024,,,
Amelia,13,11866,2,2024,,,
Amelia,14,11382,3,2024,,,
Amelia,12,9797,4,2024,,,
Amelia,17,12759,5,2024,,,
Amelia,17,15274,6,2024,,,
Amelia,16,13732,7,2024,,,
Amelia,19,15833,8,2024,,,
Amelia,20,14819,9,2024,,,
Amelia,11,11146,10,2024,,,
Amelia,13,12593,11,2024,,,
Amelia,16,15395,12,2024,,,
Amelia,16,13696,1,2025,,,
Amelia,21,18077,2,2025,,,
Amelia,17,15459,3,2025,,,
Amelia,22,15877,4,2025,,,
Amelia,18,16828,5,2025,,,
Amelia,20,16837,6,2025,,,
Amherst,80,25830,7,2017,,,
Amherst,80,26019,8,2017,,,
Amherst,85,29294,9,2017,,,
Amherst,59,14153,10,2017,,,
Amherst,77,22208,11,2017,,,
Amherst,56,13121,12,2017,,,
Amherst,60,22470,1,2018,,,
Amherst,56,15013,2,2018,,,
Amherst,69,18624,3,2018,,,
Amherst,72,21905,4,2018,,,
Amherst,67,15303,5,2018,,,
Amherst,69,25912,6,2018,,,
Amherst,75,29012,7,2018,,,
Amherst,81,32568,8,2018,,,
Amherst,89,37633,9,2018,,,
Amherst,89,30960,10,2018,,,
Amherst,93,36388,11,2018,,,
Amherst,91,33779,12,2018,,,
Amherst,94,30496,1,2019,,,
Amherst,103,43111,2,2019,,,
Amherst,109,37490,3,2019,,,
Amherst,119,43338,4,2019,,,
Amherst,125,45006,5,2019,,,
Amherst,114,43728,6,2019,,,
Amherst,118,46098,7,2019,,,
Amherst,129,49642,8,2019,,,
Amherst,134,40124.6,9,2019,,,
Amherst,142,41840.4,10,2019,,,
Amherst,127,51874.2,11,2019,,,
Amherst,118,35519,12,2019,,,
Amherst,126,37924.9,1,2020,,,
Amherst,129,43738.6,2,2020,,,
Amherst,126,35582.1,3,2020,,,
Amherst,125,36028.9,4,2020,,,
Amherst,112,35675,5,2020,,,
Amherst,116,50043.4,6,2020,,,
Amherst,122,65520.6,7,2020,,,
Amherst,110,38329,8,2020,,,
Amherst,118,38884,9,2020,,,
Amherst,94,26571,10,2020,,,
Amherst,101,33736,11,2020,,,
Amherst,96,30430.2,12,2020,,,
Amherst,101,35487,1,2021,,,
Amherst,97,29281,2,2021,,,
Amherst,88,26774,3,2021,,,
Amherst,102,36594,4,2021,,,
Amherst,97,35809,5,2021,,,
Amherst,123,41856,6,2021,,,
Amherst,128,62974,7,2021,,,
Amherst,142,75504,8,2021,,,
Amherst,144,62429,9,2021,,,
Amherst,187,89495,10,2021,,,
Amherst,194,80683,11,2021,,,
Amherst,198,84609,12,2021,,,
Amherst,207,96591,1,2022,,,
Amherst,203,87633,2,2022,,,
Amherst,205,79201,3,2022,,,
Amherst,229,102666,4,2022,,,
Amherst,243,110881,5,2022,,,
Amherst,246,105571,6,2022,,,
Amherst,246,123670,7,2022,,,
Amherst,231,107255,8,2022,,,
Amherst,254,116236,9,2022,,,
Amherst,226,94362,10,2022,,,
Amherst,228,144601,11,2022,,,
Amherst,229,166672,12,2022,,,
Amherst,231,169448,1,2023,,,
Amherst,234,158919,2,2023,,,
Amherst,226,136208,3,2023,,,
Amherst,244,169106,4,2023,,,
Amherst,252,152230,5,2023,,,
Amherst,255,169802,6,2023,,,
Amherst,273,208110,7,2023,,,
Amherst,274,195953,8,2023,,,
Amherst,282,190652,9,2023,,,
Amherst,261,160694,10,2023,,,
Amherst,259,177558,11,2023,,,
Amherst,268,190080,12,2023,,,
Amherst,282,191354.33,1,2024,,,
Amherst,277,187065.33,2,2024,,,
Amherst,272,167830,3,2024,,,
Amherst,279,177372,4,2024,,,
Amherst,280,195809,5,2024,,,
Amherst,270,188171,6,2024,,,
Amherst,286,216225,7,2024,,,
Amherst,289,223018,8,2024,,,
Amherst,285,186571,9,2024,,,
Amherst,280,184888,10,2024,,,
Amherst,270,181646,11,2024,,,
Amherst,265,157060,12,2024,,,
Amherst,257,162376,1,2025,,,
Amherst,268,189984,2,2025,,,
Amherst,258,148407,3,2025,,,
Amherst,272,170102,4,2025,,,
Amherst,284,176563,5,2025,,,
Amherst,272,178758,6,2025,,,
Appomattox,18,4257,7,2017,,,
Appomattox,19,6434,8,2017,,,
Appomattox,17,4677,9,2017,,,
Appomattox,14,3113,10,2017,,,
Appomattox,15,4012,11,2017,,,
Appomattox,17,2723,12,2017,,,
Appomattox,19,3633,1,2018,,,
Appomattox,17,4054,2,2018,,,
Appomattox,14,3602,3,2018,,,
Appomattox,16,1702,4,2018,,,
Appomattox,REDACTED,2731,5,2018,,,
Appomattox,10,1681,6,2018,,,
Appomattox,18,5197,7,2018,,,
Appomattox,16,3782,8,2018,,,
Appomattox,19,3077,9,2018,,,
Appomattox,20,4644,10,2018,,,
Appomattox,17,3551,11,2018,,,
Appomattox,19,3926,12,2018,,,
Appomattox,19,4269,1,2019,,,
Appomattox,20,5094,2,2019,,,
Appomattox,19,3403,3,2019,,,
Appomattox,23,5716,4,2019,,,
Appomattox,25,8276,5,2019,,,
Appomattox,22,6169,6,2019,,,
Appomattox,28,7340,7,2019,,,
Appomattox,37,10324,8,2019,,,
Appomattox,39,8548,9,2019,,,
Appomattox,34,7862,10,2019,,,
Appomattox,38,9733,11,2019,,,
Appomattox,37,7968,12,2019,,,
Appomattox,40,8784,1,2020,,,
Appomattox,40,9146,2,2020,,,
Appomattox,36,6901,3,2020,,,
Appomattox,33,7207,4,2020,,,
Appomattox,28,7656,5,2020,,,
Appomattox,33,11530,6,2020,,,
Appomattox,37,13244,7,2020,,,
Appomattox,39,14401,8,2020,,,
Appomattox,38,13256,9,2020,,,
Appomattox,42,12140,10,2020,,,
Appomattox,36,11958,11,2020,,,
Appomattox,38,10952,12,2020,,,
Appomattox,41,11903,1,2021,,,
Appomattox,41,12709,2,2021,,,
Appomattox,42,10691,3,2021,,,
Appomattox,38,11846,4,2021,,,
Appomattox,43,14328,5,2021,,,
Appomattox,41,14010,6,2021,,,
Appomattox,50,21798,7,2021,,,
Appomattox,47,21042,8,2021,,,
Appomattox,61,24021,9,2021,,,
Appomattox,55,20329,10,2021,,,
Appomattox,56,20367,11,2021,,,
Appomattox,58,22327,12,2021,,,
Appomattox,58,25986,1,2022,,,
Appomattox,58,18620,2,2022,,,
Appomattox,55,17809,3,2022,,,
Appomattox,58,18984,4,2022,,,
Appomattox,54,21034,5,2022,,,
Appomattox,54,20485,6,2022,,,
Appomattox,56,23298,7,2022,,,
Appomattox,60,21712,8,2022,,,
Appomattox,77,30163,9,2022,,,
Appomattox,71,25056,10,2022,,,
Appomattox,72,44635,11,2022,,,
Appomattox,73,54454,12,2022,,,
Appomattox,76,56046,1,2023,,,
Appomattox,87,59859,2,2023,,,
Appomattox,82,52874,3,2023,,,
Appomattox,83,61202,4,2023,,,
Appomattox,85,53476,5,2023,,,
Appomattox,91,62960,6,2023,,,
Appomattox,95,72753,7,2023,,,
Appomattox,104,64654,8,2023,,,
Appomattox,104,72095,9,2023,,,
Appomattox,94,62793,10,2023,,,
Appomattox,94,66139,11,2023,,,
Appomattox,91,67065,12,2023,,,
Appomattox,101,65806,1,2024,,,
Appomattox,103,71145,2,2024,,,
Appomattox,103,71059,3,2024,,,
Appomattox,106,69337,4,2024,,,
Appomattox,99,71287,5,2024,,,
Appomattox,105,76091,6,2024,,,
Appomattox,122,82451,7,2024,,,
Appomattox,124,99280,8,2024,,,
Appomattox,128,79159,9,2024,,,
Appomattox,120,71883,10,2024,,,
Appomattox,119,82348,11,2024,,,
Appomattox,125,76611,12,2024,,,
Appomattox,123,79509,1,2025,,,
Appomattox,127,87711,2,2025,,,
Appomattox,122,74356,3,2025,,,
Appomattox,120,75803,4,2025,,,
Appomattox,122,82898,5,2025,,,
Appomattox,120,79847,6,2025,,,
Arlington,192,167478,7,2017,,,
Arlington,179,156297,8,2017,,,
Arlington,172,146752,9,2017,,,
Arlington,165,125379,10,2017,,,
Arlington,185,153897,11,2017,,,
Arlington,186,150602,12,2017,,,
Arlington,178,134208,1,2018,,,
Arlington,175,141468,2,2018,,,
Arlington,173,134577,3,2018,,,
Arlington,187,148599,4,2018,,,
Arlington,176,147606,5,2018,,,
Arlington,163,153630,6,2018,,,
Arlington,181,204877,7,2018,,,
Arlington,159,209134,8,2018,,,
Arlington,152,194797,9,2018,,,
Arlington,131,136283,10,2018,,,
Arlington,124,155753,11,2018,,,
Arlington,121,147708,12,2018,,,
Arlington,124,133910,1,2019,,,
Arlington,130,155217,2,2019,,,
Arlington,125,142801,3,2019,,,
Arlington,148,176925,4,2019,,,
Arlington,183,205773,5,2019,,,
Arlington,169,225639,6,2019,,,
Arlington,168,181999.8,7,2019,,,
Arlington,171,208007.4,8,2019,,,
Arlington,179,200051.2,9,2019,,,
Arlington,175,179096,10,2019,,,
Arlington,180,199364.8,11,2019,,,
Arlington,181,196380.7,12,2019,,,
Arlington,195,208270.4,1,2020,,,
Arlington,211,233631,2,2020,,,
Arlington,203,205899,3,2020,,,
Arlington,202,158878.8,4,2020,,,
Arlington,155,173780,5,2020,,,
Arlington,194,263016,6,2020,,,
Arlington,182,262391.6,7,2020,,,
Arlington,143,168267,8,2020,,,
Arlington,144,165899.8,9,2020,,,
Arlington,144,132361,10,2020,,,
Arlington,124,141190,11,2020,,,
Arlington,124,135566,12,2020,,,
Arlington,117,137423,1,2021,,,
Arlington,128,133678.9,2,2021,,,
Arlington,116,122042,3,2021,,,
Arlington,128,147525,4,2021,,,
Arlington,131,170323.2,5,2021,,,
Arlington,145,175705.03,6,2021,,,
Arlington,164,226587.88,7,2021,,,
Arlington,163,218624.84,8,2021,,,
Arlington,175,202787.2,9,2021,,,
Arlington,200,223535.39,10,2021,,,
Arlington,224,262371.68,11,2021,,,
Arlington,232,307566.79,12,2021,,,
Arlington,247,323043.94,1,2022,,,
Arlington,268,331035.3,2,2022,,,
Arlington,270,323268.16,3,2022,,,
Arlington,309,426073.48,4,2022,,,
Arlington,311,390382.92,5,2022,,,
Arlington,315,414800.56,6,2022,,,
Arlington,321,432407.35,7,2022,,,
Arlington,301,413313.1,8,2022,,,
Arlington,314,437641.16,9,2022,,,
Arlington,309,395614.13,10,2022,,,
Arlington,311,418508.59,11,2022,,,
Arlington,318,447555.76,12,2022,,,
Arlington,328,449006.27,1,2023,,,
Arlington,331,466335.52,2,2023,,,
Arlington,349,438421.21,3,2023,,,
Arlington,367,523116.48,4,2023,,,
Arlington,346,465197.1,5,2023,,,
Arlington,368,571174.75,6,2023,,,
Arlington,388,602961.5,7,2023,,,
Arlington,373,548036.1,8,2023,,,
Arlington,398,605007.57,9,2023,,,
Arlington,393,546474.11,10,2023,,,
Arlington,359,561338.64,11,2023,,,
Arlington,386,577222.99,12,2023,,,
Arlington,366,514471.18,1,2024,,,
Arlington,378,603321.92,2,2024,,,
Arlington,382,577613.24,3,2024,,,
Arlington,400,593376.69,4,2024,,,
Arlington,396,613846.44,5,2024,,,
Arlington,423,697676.66,6,2024,,,
Arlington,420,610713.2,7,2024,,,
Arlington,439,742118.96,8,2024,,,
Arlington,422,629560.3,9,2024,,,
Arlington,353,510742.76,10,2024,,,
Arlington,353,545800,11,2024,,,
Arlington,337,491195,12,2024,,,
Arlington,347,507082,1,2025,,,
Arlington,363,593267,2,2025,,,
Arlington,372,521814,3,2025,,,
Arlington,388,571510,4,2025,,,
Arlington,402,619100,5,2025,,,
Arlington,404,636924,6,2025,,,
Augusta,99,45296,7,2017,,,
Augusta,106,41730,8,2017,,,
Augusta,100,40341,9,2017,,,
Augusta,103,29708,10,2017,,,
Augusta,106,39729,11,2017,,,
Augusta,116,39191,12,2017,,,
Augusta,104,37130,1,2018,,,
Augusta,100,43492,2,2018,,,
Augusta,83,28336,3,2018,,,
Augusta,99,32727,4,2018,,,
Augusta,95,35572,5,2018,,,
Augusta,103,37114,6,2018,,,
Augusta,100,53813,7,2018,,,
Augusta,88,47327,8,2018,,,
Augusta,85,36726,9,2018,,,
Augusta,89,36634,10,2018,,,
Augusta,78,35054,11,2018,,,
Augusta,69,28123,12,2018,,,
Augusta,66,27471,1,2019,,,
Augusta,69,38260,2,2019,,,
Augusta,77,29996,3,2019,,,
Augusta,82,31519,4,2019,,,
Augusta,82,33531,5,2019,,,
Augusta,91,38591,6,2019,,,
Augusta,96,48177,7,2019,,,
Augusta,95,49431,8,2019,,,
Augusta,95,37699,9,2019,,,
Augusta,83,36971,10,2019,,,
Augusta,82,40393,11,2019,,,
Augusta,85,37079,12,2019,,,
Augusta,83,38465,1,2020,,,
Augusta,89,45062,2,2020,,,
Augusta,88,37519.8,3,2020,,,
Augusta,91,39895.6,4,2020,,,
Augusta,79,37650,5,2020,,,
Augusta,80,40346,6,2020,,,
Augusta,87,58656,7,2020,,,
Augusta,86,51455,8,2020,,,
Augusta,87,50686,9,2020,,,
Augusta,90,42095,10,2020,,,
Augusta,85,35749.82,11,2020,,,
Augusta,86,37205.89,12,2020,,,
Augusta,79,33236.71,1,2021,,,
Augusta,74,32534.02,2,2021,,,
Augusta,72,28002.09,3,2021,,,
Augusta,75,34873.64,4,2021,,,
Augusta,80,38932.44,5,2021,,,
Augusta,82,41082.78,6,2021,,,
Augusta,87,55556.02,7,2021,,,
Augusta,86,50065.54,8,2021,,,
Augusta,92,45838.1,9,2021,,,
Augusta,93,52083.59,10,2021,,,
Augusta,84,45919.52,11,2021,,,
Augusta,83,40951.54,12,2021,,,
Augusta,87,56395.17,1,2022,,,
Augusta,94,48276.03,2,2022,,,
Augusta,81,38607.72,3,2022,,,
Augusta,82,50257.03,4,2022,,,
Augusta,95,60671.81,5,2022,,,
Augusta,96,51399.42,6,2022,,,
Augusta,91,54358.22,7,2022,,,
Augusta,117,78371.81,8,2022,,,
Augusta,121,65517.33,9,2022,,,
Augusta,134,70677.42,10,2022,,,
Augusta,122,93445.27,11,2022,,,
Augusta,122,99650.14,12,2022,,,
Augusta,125,98988.14,1,2023,,,
Augusta,135,100262.18,2,2023,,,
Augusta,120,80520.6,3,2023,,,
Augusta,138,115541.69,4,2023,,,
Augusta,133,90260.28,5,2023,,,
Augusta,151,126934.19,6,2023,,,
Augusta,146,125830.19,7,2023,,,
Augusta,170,149911.25,8,2023,,,
Augusta,163,119377.9,9,2023,,,
Augusta,143,101026.62,10,2023,,,
Augusta,144,110158.2,11,2023,,,
Augusta,152,112843.72,12,2023,,,
Augusta,148,117325.34,1,2024,,,
Augusta,161,128659.01,2,2024,,,
Augusta,161,111130.73,3,2024,,,
Augusta,159,106912.06,4,2024,,,
Augusta,159,119280.76,5,2024,,,
Augusta,149,116048.66,6,2024,,,
Augusta,167,155305.92,7,2024,,,
Augusta,155,141475.53,8,2024,,,
Augusta,151,101171.92,9,2024,,,
Augusta,137,88520,10,2024,,,
Augusta,133,102761,11,2024,,,
Augusta,133,86710,12,2024,,,
Augusta,132,97819,1,2025,,,
Augusta,143,110251,2,2025,,,
Augusta,137,81947,3,2025,,,
Augusta,143,96156,4,2025,,,
Augusta,137,91945,5,2025,,,
Augusta,136,92667,6,2025,,,
Bath,REDACTED,298,4,2018,,,
Bath,REDACTED,1451,5,2018,,,
Bath,REDACTED,196,7,2018,,,
Bath,REDACTED,290,8,2022,,,
Bath,REDACTED,570,9,2022,,,
Bath,REDACTED,270,10,2022,,,
Bath,REDACTED,369,11,2022,,,
Bath,REDACTED,820,12,2022,,,
Bath,REDACTED,697,1,2023,,,
Bath,REDACTED,678,2,2023,,,
Bath,REDACTED,596,3,2023,,,
Bath,REDACTED,678,4,2023,,,
Bath,REDACTED,268,5,2023,,,
Bath,REDACTED,1006,6,2023,,,
Bath,REDACTED,637,7,2023,,,
Bath,REDACTED,1028,8,2023,,,
Bath,REDACTED,1340,9,2023,,,
Bath,REDACTED,1287,10,2023,,,
Bath,REDACTED,1043,2,2024,,,
Bath,REDACTED,861,3,2024,,,
Bath,REDACTED,861,4,2024,,,
Bath,REDACTED,1048,7,2024,,,
Bath,REDACTED,5359,8,2024,,,
Bath,REDACTED,5997,9,2024,,,
Bath,REDACTED,4947,10,2024,,,
Bath,REDACTED,5970,11,2024,,,
Bath,REDACTED,4680,12,2024,,,
Bath,REDACTED,4764,1,2025,,,
Bath,REDACTED,6706,2,2025,,,
Bath,REDACTED,7212,3,2025,,,
Bath,10,9201,4,2025,,,
Bath,11,9273,5,2025,,,
Bath,11,9179,6,2025,,,
Bedford County,80,28832,7,2017,,,
Bedford County,92,34756,8,2017,,,
Bedford County,88,27237,9,2017,,,
Bedford County,79,24099,10,2017,,,
Bedford County,65,20378,11,2017,,,
Bedford County,87,33590,12,2017,,,
Bedford County,86,33970,1,2018,,,
Bedford County,82,34002,2,2018,,,
Bedford County,92,31707,3,2018,,,
Bedford County,82,33228,4,2018,,,
Bedford County,90,32131,5,2018,,,
Bedford County,86,30392,6,2018,,,
Bedford County,81,35742,7,2018,,,
Bedford County,77,33084,8,2018,,,
Bedford County,69,24665,9,2018,,,
Bedford County,66,29259,10,2018,,,
Bedford County,58,29258,11,2018,,,
Bedford County,60,24586,12,2018,,,
Bedford County,59,23633,1,2019,,,
Bedford County,63,26266,2,2019,,,
Bedford County,61,20764,3,2019,,,
Bedford County,69,28459,4,2019,,,
Bedford County,78,30302,5,2019,,,
Bedford County,90,32479,6,2019,,,
Bedford County,94,46020,7,2019,,,
Bedford County,99,52198,8,2019,,,
Bedford County,90,39665.8,9,2019,,,
Bedford County,89,38305.2,10,2019,,,
Bedford County,89,38827.8,11,2019,,,
Bedford County,87,36924.2,12,2019,,,
Bedford County,88,38411.2,1,2020,,,
Bedford County,102,47328.4,2,2020,,,
Bedford County,101,39319.4,3,2020,,,
Bedford County,89,39993.6,4,2020,,,
Bedford County,73,35927.6,5,2020,,,
Bedford County,84,46127.2,6,2020,,,
Bedford County,94,59417.2,7,2020,,,
Bedford County,96,48291,8,2020,,,
Bedford County,97,46726.6,9,2020,,,
Bedford County,99,41998.8,10,2020,,,
Bedford County,78,35505.4,11,2020,,,
Bedford County,72,30934.8,12,2020,,,
Bedford County,77,36514.6,1,2021,,,
Bedford County,77,34658.6,2,2021,,,
Bedford County,78,34752.6,3,2021,,,
Bedford County,84,41482.8,4,2021,,,
Bedford County,95,51326.2,5,2021,,,
Bedford County,97,48920,6,2021,,,
Bedford County,106,75256,7,2021,,,
Bedford County,121,71370,8,2021,,,
Bedford County,133,70652.2,9,2021,,,
Bedford County,145,77662,10,2021,,,
Bedford County,154,77285.8,11,2021,,,
Bedford County,156,84376.8,12,2021,,,
Bedford County,166,92532.6,1,2022,,,
Bedford County,167,80113,2,2022,,,
Bedford County,175,81232.4,3,2022,,,
Bedford County,180,95227,4,2022,,,
Bedford County,192,111618.8,5,2022,,,
Bedford County,190,96805.2,6,2022,,,
Bedford County,211,138224.6,7,2022,,,
Bedford County,218,117145.8,8,2022,,,
Bedford County,230,113677.6,9,2022,,,
Bedford County,212,108633.4,10,2022,,,
Bedford County,220,147597,11,2022,,,
Bedford County,216,160324.8,12,2022,,,
Bedford County,234,182590.1,1,2023,,,
Bedford County,236,160087.76,2,2023,,,
Bedford County,245,146180.63,3,2023,,,
Bedford County,238,165899.84,4,2023,,,
Bedford County,231,135935.6,5,2023,,,
Bedford County,220,156896.84,6,2023,,,
Bedford County,231,189128.76,7,2023,,,
Bedford County,241,168199.68,8,2023,,,
Bedford County,268,192853.84,9,2023,,,
Bedford County,237,152450.68,10,2023,,,
Bedford County,229,155808.14,11,2023,,,
Bedford County,227,158500.79,12,2023,,,
Bedford County,235,151975.73,1,2024,,,
Bedford County,244,168483.16,2,2024,,,
Bedford County,239,154219.32,3,2024,,,
Bedford County,237,153270.65,4,2024,,,
Bedford County,236,167013.3,5,2024,,,
Bedford County,255,175251.19,6,2024,,,
Bedford County,255,191709.75,7,2024,,,
Bedford County,265,206076.23,8,2024,,,
Bedford County,261,171578.72,9,2024,,,
Bedford County,230,145758.71,10,2024,,,
Bedford County,244,166334,11,2024,,,
Bedford County,229,145812,12,2024,,,
Bedford County,234,153538,1,2025,,,
Bedford County,244,172847,2,2025,,,
Bedford County,240,136886,3,2025,,,
Bedford County,248,160603,4,2025,,,
Bedford County,252,164111,5,2025,,,
Bedford County,249,161636,6,2025,,,
Bland,REDACTED,1611,7,2017,,,
Bland,REDACTED,1751,8,2017,,,
Bland,11,1590,9,2017,,,
Bland,REDACTED,362,10,2017,,,
Bland,REDACTED,374,11,2017,,,
Bland,REDACTED,356,12,2017,,,
Bland,REDACTED,296,1,2018,,,
Bland,REDACTED,423,2,2018,,,
Bland,REDACTED,721,3,2018,,,
Bland,REDACTED,1058,4,2018,,,
Bland,REDACTED,1446,5,2018,,,
Bland,REDACTED,1029,6,2018,,,
Bland,REDACTED,1176,7,2018,,,
Bland,REDACTED,1351,8,2018,,,
Bland,REDACTED,621,9,2018,,,
Bland,REDACTED,1212,10,2018,,,
Bland,REDACTED,1130,11,2018,,,
Bland,REDACTED,712,12,2018,,,
Bland,REDACTED,664,1,2019,,,
Bland,10,3051,2,2019,,,
Bland,11,3084,3,2019,,,
Bland,11,2558,4,2019,,,
Bland,11,2111,5,2019,,,
Bland,11,2055,6,2019,,,
Bland,12,2240,7,2019,,,
Bland,11,2200,8,2019,,,
Bland,10,1940,9,2019,,,
Bland,REDACTED,1573,10,2019,,,
Bland,REDACTED,1729,11,2019,,,
Bland,REDACTED,1283,12,2019,,,
Bland,REDACTED,1336,1,2020,,,
Bland,REDACTED,1549,2,2020,,,
Bland,REDACTED,1404,3,2020,,,
Bland,REDACTED,1111,4,2020,,,
Bland,REDACTED,1115,5,2020,,,
Bland,REDACTED,1041,6,2020,,,
Bland,REDACTED,1486,7,2020,,,
Bland,REDACTED,2343.8,8,2020,,,
Bland,REDACTED,938,9,2020,,,
Bland,REDACTED,1533,10,2020,,,
Bland,REDACTED,1403.4,11,2020,,,
Bland,REDACTED,1041,12,2020,,,
Bland,REDACTED,485.6,1,2021,,,
Bland,REDACTED,174,2,2021,,,
Bland,REDACTED,348,3,2021,,,
Bland,REDACTED,792.8,4,2021,,,
Bland,REDACTED,788.8,5,2021,,,
Bland,REDACTED,883.4,6,2021,,,
Bland,REDACTED,2337.6,7,2021,,,
Bland,REDACTED,2019.6,8,2021,,,
Bland,REDACTED,2784.6,9,2021,,,
Bland,REDACTED,2647.4,10,2021,,,
Bland,REDACTED,2647,11,2021,,,
Bland,REDACTED,2020.6,12,2021,,,
Bland,REDACTED,1418.4,1,2022,,,
Bland,REDACTED,1977.4,2,2022,,,
Bland,REDACTED,1619,3,2022,,,
Bland,REDACTED,1424,4,2022,,,
Bland,REDACTED,1911,5,2022,,,
Bland,REDACTED,2389,6,2022,,,
Bland,REDACTED,3214,7,2022,,,
Bland,REDACTED,3087,8,2022,,,
Bland,REDACTED,2735,9,2022,,,
Bland,REDACTED,2691,10,2022,,,
Bland,REDACTED,6720,11,2022,,,
Bland,REDACTED,6871,12,2022,,,
Bland,REDACTED,6195,1,2023,,,
Bland,REDACTED,4978,2,2023,,,
Bland,REDACTED,4502,3,2023,,,
Bland,REDACTED,6504,4,2023,,,
Bland,REDACTED,5256,5,2023,,,
Bland,10,9269,6,2023,,,
Bland,REDACTED,8010,7,2023,,,
Bland,REDACTED,7605,8,2023,,,
Bland,REDACTED,11122,9,2023,,,
Bland,10,9340,10,2023,,,
Bland,10,10158,11,2023,,,
Bland,11,8046,12,2023,,,
Bland,11,9259,1,2024,,,
Bland,10,9547,2,2024,,,
Bland,13,8423,3,2024,,,
Bland,11,7903,4,2024,,,
Bland,11,8026,5,2024,,,
Bland,12,10410,6,2024,,,
Bland,13,9606,7,2024,,,
Bland,13,8749,8,2024,,,
Bland,13,6638,9,2024,,,
Bland,12,11023,10,2024,,,
Bland,11,6643,11,2024,,,
Bland,REDACTED,6158,12,2024,,,
Bland,10,6854,1,2025,,,
Bland,REDACTED,6433,2,2025,,,
Bland,REDACTED,5020,3,2025,,,
Bland,11,8331,4,2025,,,
Bland,12,9516,5,2025,,,
Bland,11,4645,6,2025,,,
Botetourt,67,30931,7,2017,,,
Botetourt,66,36135,8,2017,,,
Botetourt,61,23912,9,2017,,,
Botetourt,55,19357,10,2017,,,
Botetourt,50,24818,11,2017,,,
Botetourt,47,20023,12,2017,,,
Botetourt,52,19749,1,2018,,,
Botetourt,58,28270,2,2018,,,
Botetourt,54,23964,3,2018,,,
Botetourt,55,19306,4,2018,,,
Botetourt,51,19087,5,2018,,,
Botetourt,44,18747,6,2018,,,
Botetourt,49,27606,7,2018,,,
Botetourt,60,34969,8,2018,,,
Botetourt,63,32004,9,2018,,,
Botetourt,56,29647,10,2018,,,
Botetourt,47,29086,11,2018,,,
Botetourt,50,26929,12,2018,,,
Botetourt,49,21108,1,2019,,,
Botetourt,55,33740,2,2019,,,
Botetourt,54,30375,3,2019,,,
Botetourt,50,26344,4,2019,,,
Botetourt,57,30485,5,2019,,,
Botetourt,52,26808,6,2019,,,
Botetourt,51,28314,7,2019,,,
Botetourt,50,32935.6,8,2019,,,
Botetourt,47,26305.6,9,2019,,,
Botetourt,45,21294.4,10,2019,,,
Botetourt,38,20785.8,11,2019,,,
Botetourt,38,19106.6,12,2019,,,
Botetourt,42,19278.6,1,2020,,,
Botetourt,42,22348.6,2,2020,,,
Botetourt,42,19062.6,3,2020,,,
Botetourt,43,18586.6,4,2020,,,
Botetourt,34,15140.8,5,2020,,,
Botetourt,37,22046.6,6,2020,,,
Botetourt,40,28322.6,7,2020,,,
Botetourt,39,23561,8,2020,,,
Botetourt,36,20033.8,9,2020,,,
Botetourt,29,13207.6,10,2020,,,
Botetourt,27,14047.2,11,2020,,,
Botetourt,35,19834,12,2020,,,
Botetourt,31,15627.2,1,2021,,,
Botetourt,30,16038.4,2,2021,,,
Botetourt,33,13249.6,3,2021,,,
Botetourt,32,15954,4,2021,,,
Botetourt,35,20590.8,5,2021,,,
Botetourt,42,22242.6,6,2021,,,
Botetourt,46,33444,7,2021,,,
Botetourt,51,31446,8,2021,,,
Botetourt,61,31336.4,9,2021,,,
Botetourt,57,27569,10,2021,,,
Botetourt,60,28566.8,11,2021,,,
Botetourt,56,26939.6,12,2021,,,
Botetourt,57,30549.6,1,2022,,,
Botetourt,56,30442.6,2,2022,,,
Botetourt,58,28991.8,3,2022,,,
Botetourt,58,32541.8,4,2022,,,
Botetourt,63,30314.6,5,2022,,,
Botetourt,64,35401.4,6,2022,,,
Botetourt,65,40081.2,7,2022,,,
Botetourt,72,40580.6,8,2022,,,
Botetourt,76,39285.4,9,2022,,,
Botetourt,75,40773.2,10,2022,,,
Botetourt,82,56061.27,11,2022,,,
Botetourt,86,62116.14,12,2022,,,
Botetourt,90,65416.14,1,2023,,,
Botetourt,92,63605.32,2,2023,,,
Botetourt,90,57394.2,3,2023,,,
Botetourt,93,69179.88,4,2023,,,
Botetourt,96,55274.3,5,2023,,,
Botetourt,95,67692.88,6,2023,,,
Botetourt,91,71532.73,7,2023,,,
Botetourt,85,58392.14,8,2023,,,
Botetourt,85,56801.45,9,2023,,,
Botetourt,83,59178.66,10,2023,,,
Botetourt,88,57882.72,11,2023,,,
Botetourt,88,57651.32,12,2023,,,
Botetourt,87,55785.6,1,2024,,,
Botetourt,89,64006.38,2,2024,,,
Botetourt,90,56712.07,3,2024,,,
Botetourt,88,57460.15,4,2024,,,
Botetourt,85,57721,5,2024,,,
Botetourt,89,63420.45,6,2024,,,
Botetourt,92,68563.5,7,2024,,,
Botetourt,87,77252.45,8,2024,,,
Botetourt,87,60574.65,9,2024,,,
Botetourt,83,58180.5,10,2024,,,
Botetourt,81,59144,11,2024,,,
Botetourt,72,52728,12,2024,,,
Botetourt,80,56574,1,2025,,,
Botetourt,77,60492,2,2025,,,
Botetourt,85,51085,3,2025,,,
Botetourt,87,56665,4,2025,,,
Botetourt,77,55737,5,2025,,,
Botetourt,77,54410,6,2025,,,
Bristol,110,42389,7,2017,,,
Bristol,106,39171,8,2017,,,
Bristol,114,33913,9,2017,,,
Bristol,118,31868,10,2017,,,
Bristol,116,40019,11,2017,,,
Bristol,111,33642,12,2017,,,
Bristol,99,24539,1,2018,,,
Bristol,109,36492,2,2018,,,
Bristol,110,33389,3,2018,,,
Bristol,107,28148,4,2018,,,
Bristol,117,40344,5,2018,,,
Bristol,113,34518,6,2018,,,
Bristol,124,45298,7,2018,,,
Bristol,128,47268,8,2018,,,
Bristol,131,55585,9,2018,,,
Bristol,125,39535,10,2018,,,
Bristol,118,42368,11,2018,,,
Bristol,108,41292,12,2018,,,
Bristol,113,40630,1,2019,,,
Bristol,111,38815,2,2019,,,
Bristol,106,38280,3,2019,,,
Bristol,103,38673,4,2019,,,
Bristol,105,36859,5,2019,,,
Bristol,113,46392,6,2019,,,
Bristol,98,39211,7,2019,,,
Bristol,114,41593.2,8,2019,,,
Bristol,110,41455.4,9,2019,,,
Bristol,120,40665.75,10,2019,,,
Bristol,111,42078,11,2019,,,
Bristol,107,36375.95,12,2019,,,
Bristol,120,44019.95,1,2020,,,
Bristol,124,45237.95,2,2020,,,
Bristol,114,36402.85,3,2020,,,
Bristol,107,29869.75,4,2020,,,
Bristol,64,20536.1,5,2020,,,
Bristol,113,55766.5,6,2020,,,
Bristol,91,39232.3,7,2020,,,
Bristol,102,57284.8,8,2020,,,
Bristol,70,36925.4,9,2020,,,
Bristol,73,26113.2,10,2020,,,
Bristol,71,23632,11,2020,,,
Bristol,66,18901.4,12,2020,,,
Bristol,63,20432.6,1,2021,,,
Bristol,64,17274,2,2021,,,
Bristol,54,18980.4,3,2021,,,
Bristol,50,18713.8,4,2021,,,
Bristol,57,23528.6,5,2021,,,
Bristol,61,21982.6,6,2021,,,
Bristol,60,31359.2,7,2021,,,
Bristol,67,28398.8,8,2021,,,
Bristol,70,28344.6,9,2021,,,
Bristol,74,31632.4,10,2021,,,
Bristol,75,30063,11,2021,,,
Bristol,74,30032.8,12,2021,,,
Bristol,79,34141,1,2022,,,
Bristol,83,34027.8,2,2022,,,
Bristol,92,33846.4,3,2022,,,
Bristol,93,36955,4,2022,,,
Bristol,89,34821.6,5,2022,,,
Bristol,78,31982.2,6,2022,,,
Bristol,89,45701.8,7,2022,,,
Bristol,79,37236,8,2022,,,
Bristol,79,33312,9,2022,,,
Bristol,72,29690.8,10,2022,,,
Bristol,91,65388,11,2022,,,
Bristol,83,68902,12,2022,,,
Bristol,88,69116,1,2023,,,
Bristol,101,75538,2,2023,,,
Bristol,99,64159,3,2023,,,
Bristol,91,67037,4,2023,,,
Bristol,93,60123,5,2023,,,
Bristol,102,71920,6,2023,,,
Bristol,97,80365,7,2023,,,
Bristol,101,74534,8,2023,,,
Bristol,105,82493,9,2023,,,
Bristol,106,75398,10,2023,,,
Bristol,94,70740,11,2023,,,
Bristol,91,70029,12,2023,,,
Bristol,96,75291,1,2024,,,
Bristol,99,74402,2,2024,,,
Bristol,105,79470,3,2024,,,
Bristol,102,76978,4,2024,,,
Bristol,103,75227,5,2024,,,
Bristol,97,81331,6,2024,,,
Bristol,103,86577,7,2024,,,
Bristol,104,98610,8,2024,,,
Bristol,108,84936,9,2024,,,
Bristol,107,81186,10,2024,,,
Bristol,108,85251,11,2024,,,
Bristol,103,79870,12,2024,,,
Bristol,114,86538,1,2025,,,
Bristol,114,92424,2,2025,,,
Bristol,112,81916,3,2025,,,
Bristol,111,82124,4,2025,,,
Bristol,109,84250,5,2025,,,
Bristol,115,88815,6,2025,,,
Brunswick,18,5540,7,2017,,,
Brunswick,18,5552,8,2017,,,
Brunswick,18,5170,9,2017,,,
Brunswick,16,4402,10,2017,,,
Brunswick,17,4683,11,2017,,,
Brunswick,15,4497,12,2017,,,
Brunswick,14,3215,1,2018,,,
Brunswick,14,4166,2,2018,,,
Brunswick,14,3875,3,2018,,,
Brunswick,14,4201,4,2018,,,
Brunswick,16,4444,5,2018,,,
Brunswick,15,4971,6,2018,,,
Brunswick,18,6608,7,2018,,,
Brunswick,18,6289,8,2018,,,
Brunswick,19,5676,9,2018,,,
Brunswick,14,3824,10,2018,,,
Brunswick,18,6039,11,2018,,,
Brunswick,18,6079,12,2018,,,
Brunswick,16,3401,1,2019,,,
Brunswick,16,5015,2,2019,,,
Brunswick,22,4755,3,2019,,,
Brunswick,21,6404,4,2019,,,
Brunswick,21,5501,5,2019,,,
Brunswick,18,5451,6,2019,,,
Brunswick,20,5162,7,2019,,,
Brunswick,22,4544,8,2019,,,
Brunswick,19,3684,9,2019,,,
Brunswick,12,2642,10,2019,,,
Brunswick,18,3692,11,2019,,,
Brunswick,19,4798,12,2019,,,
Brunswick,20,4274,1,2020,,,
Brunswick,16,4539,2,2020,,,
Brunswick,18,4375,3,2020,,,
Brunswick,18,4467,4,2020,,,
Brunswick,18,5685,5,2020,,,
Brunswick,18,9398,6,2020,,,
Brunswick,17,6879,7,2020,,,
Brunswick,16,5171,8,2020,,,
Brunswick,21,6301,9,2020,,,
Brunswick,20,5248,10,2020,,,
Brunswick,15,4534.21,11,2020,,,
Brunswick,14,4114.6,12,2020,,,
Brunswick,12,3769,1,2021,,,
Brunswick,14,2599,2,2021,,,
Brunswick,16,3759,3,2021,,,
Brunswick,16,4472,4,2021,,,
Brunswick,16,4917,5,2021,,,
Brunswick,19,5770.18,6,2021,,,
Brunswick,19,7146.19,7,2021,,,
Brunswick,24,9714.34,8,2021,,,
Brunswick,27,9253.52,9,2021,,,
Brunswick,29,9707.12,10,2021,,,
Brunswick,36,11548.66,11,2021,,,
Brunswick,36,15048.12,12,2021,,,
Brunswick,37,16124.58,1,2022,,,
Brunswick,38,13386.66,2,2022,,,
Brunswick,38,13655.09,3,2022,,,
Brunswick,43,17744.73,4,2022,,,
Brunswick,40,14893.55,5,2022,,,
Brunswick,42,17512.74,6,2022,,,
Brunswick,45,19023.71,7,2022,,,
Brunswick,40,17537.94,8,2022,,,
Brunswick,39,15424.54,9,2022,,,
Brunswick,38,15501.18,10,2022,,,
Brunswick,46,29359.4,11,2022,,,
Brunswick,49,34841.67,12,2022,,,
Brunswick,50,38512.83,1,2023,,,
Brunswick,49,34904.02,2,2023,,,
Brunswick,52,31895.63,3,2023,,,
Brunswick,55,37011.83,4,2023,,,
Brunswick,54,33253.16,5,2023,,,
Brunswick,52,39125.52,6,2023,,,
Brunswick,50,40886.6,7,2023,,,
Brunswick,51,37649.3,8,2023,,,
Brunswick,53,38280.95,9,2023,,,
Brunswick,55,36083.89,10,2023,,,
Brunswick,53,37412.48,11,2023,,,
Brunswick,52,36314.8,12,2023,,,
Brunswick,53,38308.4,1,2024,,,
Brunswick,59,46754.99,2,2024,,,
Brunswick,58,41860.63,3,2024,,,
Brunswick,56,40502.73,4,2024,,,
Brunswick,57,42493.86,5,2024,,,
Brunswick,59,46250.99,6,2024,,,
Brunswick,63,49079.6,7,2024,,,
Brunswick,65,54297.99,8,2024,,,
Brunswick,68,48398.23,9,2024,,,
Brunswick,68,45288.67,10,2024,,,
Brunswick,58,48203,11,2024,,,
Brunswick,62,43812,12,2024,,,
Brunswick,57,44363,1,2025,,,
Brunswick,52,44458,2,2025,,,
Brunswick,52,34790,3,2025,,,
Brunswick,52,37474,4,2025,,,
Brunswick,49,36376,5,2025,,,
Brunswick,49,39109,6,2025,,,
Buchanan,REDACTED,22,11,2017,,,
Buchanan,REDACTED,48,12,2017,,,
Buchanan,REDACTED,334,1,2018,,,
Buchanan,REDACTED,100,2,2018,,,
Buchanan,REDACTED,308,3,2018,,,
Buchanan,REDACTED,282,4,2018,,,
Buchanan,REDACTED,22,5,2018,,,
Buchanan,REDACTED,364,8,2018,,,
Buchanan,REDACTED,595,9,2018,,,
Buchanan,REDACTED,910,10,2018,,,
Buchanan,REDACTED,1312,12,2018,,,
Buchanan,REDACTED,995,1,2019,,,
Buchanan,REDACTED,832,2,2019,,,
Buchanan,REDACTED,680,3,2019,,,
Buchanan,REDACTED,652,4,2019,,,
Buchanan,REDACTED,888,5,2019,,,
Buchanan,REDACTED,848,6,2019,,,
Buchanan,REDACTED,205,7,2019,,,
Buchanan,REDACTED,571,8,2019,,,
Buchanan,REDACTED,586,9,2019,,,
Buchanan,REDACTED,669,10,2019,,,
Buchanan,REDACTED,861,11,2019,,,
Buchanan,REDACTED,574,12,2019,,,
Buchanan,REDACTED,519,1,2020,,,
Buchanan,REDACTED,806,2,2020,,,
Buchanan,REDACTED,670,3,2020,,,
Buchanan,REDACTED,341,4,2020,,,
Buchanan,REDACTED,105,12,2021,,,
Buchanan,REDACTED,231,1,2022,,,
Buckingham,REDACTED,438,7,2017,,,
Buckingham,REDACTED,1507,8,2017,,,
Buckingham,REDACTED,1105,9,2017,,,
Buckingham,REDACTED,791,10,2017,,,
Buckingham,REDACTED,2722,11,2017,,,
Buckingham,REDACTED,1280,12,2017,,,
Buckingham,REDACTED,1047,1,2018,,,
Buckingham,REDACTED,3082,2,2018,,,
Buckingham,REDACTED,1097,3,2018,,,
Buckingham,REDACTED,1247,4,2018,,,
Buckingham,REDACTED,1574,5,2018,,,
Buckingham,REDACTED,1374,6,2018,,,
Buckingham,REDACTED,1579,7,2018,,,
Buckingham,REDACTED,1360,8,2018,,,
Buckingham,REDACTED,1605,9,2018,,,
Buckingham,REDACTED,1099,10,2018,,,
Buckingham,REDACTED,2139,11,2018,,,
Buckingham,REDACTED,1539,12,2018,,,
Buckingham,REDACTED,1301,1,2019,,,
Buckingham,REDACTED,2124,2,2019,,,
Buckingham,REDACTED,1689,3,2019,,,
Buckingham,REDACTED,2271,4,2019,,,
Buckingham,REDACTED,3106,5,2019,,,
Buckingham,REDACTED,2847,6,2019,,,
Buckingham,REDACTED,2086,7,2019,,,
Buckingham,REDACTED,2275,8,2019,,,
Buckingham,REDACTED,1752.8,9,2019,,,
Buckingham,REDACTED,2616.4,10,2019,,,
Buckingham,REDACTED,3703.8,11,2019,,,
Buckingham,REDACTED,1743,12,2019,,,
Buckingham,REDACTED,4282.6,1,2020,,,
Buckingham,REDACTED,4123.4,2,2020,,,
Buckingham,REDACTED,3415,3,2020,,,
Buckingham,REDACTED,2723.2,4,2020,,,
Buckingham,REDACTED,194,5,2020,,,
Buckingham,REDACTED,2291.4,6,2020,,,
Buckingham,REDACTED,3952,7,2020,,,
Buckingham,REDACTED,505,6,2021,,,
Buckingham,REDACTED,1135,7,2021,,,
Buckingham,REDACTED,990,8,2021,,,
Buckingham,REDACTED,2646,9,2021,,,
Buckingham,REDACTED,5285,10,2021,,,
Buckingham,REDACTED,6613,11,2021,,,
Buckingham,12,8052,12,2021,,,
Buckingham,11,8691,1,2022,,,
Buckingham,13,10518,2,2022,,,
Buckingham,17,11666,3,2022,,,
Buckingham,17,13978,4,2022,,,
Buckingham,19,13611,5,2022,,,
Buckingham,20,14893,6,2022,,,
Buckingham,21,15349,7,2022,,,
Buckingham,19,13796,8,2022,,,
Buckingham,22,16157,9,2022,,,
Buckingham,20,16252,10,2022,,,
Buckingham,22,21532,11,2022,,,
Buckingham,23,23819,12,2022,,,
Buckingham,21,23955,1,2023,,,
Buckingham,25,24009,2,2023,,,
Buckingham,27,23162,3,2023,,,
Buckingham,27,25990,4,2023,,,
Buckingham,27,23422,5,2023,,,
Buckingham,32,31949,6,2023,,,
Buckingham,32,30286,7,2023,,,
Buckingham,32,27645,8,2023,,,
Buckingham,30,27701.45,9,2023,,,
Buckingham,23,22487.3,10,2023,,,
Buckingham,29,23490,11,2023,,,
Buckingham,30,31828,12,2023,,,
Buckingham,29,25180,1,2024,,,
Buckingham,34,30594,2,2024,,,
Buckingham,33,28389,3,2024,,,
Buckingham,31,25107,4,2024,,,
Buckingham,35,30602,5,2024,,,
Buckingham,33,34146,6,2024,,,
Buckingham,40,36344,7,2024,,,
Buckingham,40,38733,8,2024,,,
Buckingham,38,37697,9,2024,,,
Buckingham,30,30529,10,2024,,,
Buckingham,28,30378,11,2024,,,
Buckingham,27,25923,12,2024,,,
Buckingham,22,19895,1,2025,,,
Buckingham,18,17888,2,2025,,,
Buckingham,22,15052,3,2025,,,
Buckingham,19,17453,4,2025,,,
Buckingham,20,20632,5,2025,,,
Buckingham,22,24894,6,2025,,,
Buena Vista,REDACTED,800,7,2017,,,
Buena Vista,REDACTED,1049,8,2017,,,
Buena Vista,REDACTED,819,9,2017,,,
Buena Vista,REDACTED,1718,10,2017,,,
Buena Vista,REDACTED,1459,11,2017,,,
Buena Vista,REDACTED,970,12,2017,,,
Buena Vista,REDACTED,502,1,2018,,,
Buena Vista,REDACTED,938,2,2018,,,
Buena Vista,REDACTED,626,3,2018,,,
Buena Vista,REDACTED,1014,4,2018,,,
Buena Vista,REDACTED,1014,5,2018,,,
Buena Vista,REDACTED,790,6,2018,,,
Buena Vista,REDACTED,1076,7,2018,,,
Buena Vista,REDACTED,1545,8,2018,,,
Buena Vista,REDACTED,448,9,2018,,,
Buena Vista,REDACTED,478,10,2018,,,
Buena Vista,REDACTED,1078,11,2018,,,
Buena Vista,REDACTED,538,12,2018,,,
Buena Vista,REDACTED,418,1,2019,,,
Buena Vista,REDACTED,418,2,2019,,,
Buena Vista,REDACTED,328,3,2019,,,
Buena Vista,REDACTED,260,4,2019,,,
Buena Vista,REDACTED,350,5,2019,,,
Buena Vista,REDACTED,410,6,2019,,,
Buena Vista,REDACTED,450,7,2019,,,
Buena Vista,REDACTED,1433,8,2019,,,
Buena Vista,REDACTED,459,9,2019,,,
Buena Vista,REDACTED,1021,10,2019,,,
Buena Vista,REDACTED,1151.2,11,2019,,,
Buena Vista,REDACTED,957.6,12,2019,,,
Buena Vista,REDACTED,797,1,2020,,,
Buena Vista,REDACTED,1650,2,2020,,,
Buena Vista,REDACTED,1030.6,3,2020,,,
Buena Vista,REDACTED,401.8,4,2020,,,
Buena Vista,REDACTED,870,6,2020,,,
Buena Vista,REDACTED,624,7,2020,,,
Buena Vista,REDACTED,3057,8,2020,,,
Buena Vista,REDACTED,4570,9,2020,,,
Buena Vista,REDACTED,1122,10,2020,,,
Buena Vista,REDACTED,1717.84,11,2020,,,
Buena Vista,REDACTED,1495.86,12,2020,,,
Buena Vista,REDACTED,837.81,1,2021,,,
Buena Vista,REDACTED,1595.37,2,2021,,,
Buena Vista,REDACTED,1473.39,3,2021,,,
Buena Vista,REDACTED,1993.41,4,2021,,,
Buena Vista,REDACTED,1582.53,5,2021,,,
Buena Vista,REDACTED,1958.59,6,2021,,,
Buena Vista,REDACTED,3832.15,7,2021,,,
Buena Vista,REDACTED,3149.18,8,2021,,,
Buena Vista,REDACTED,2603.48,9,2021,,,
Buena Vista,REDACTED,3184.98,10,2021,,,
Buena Vista,REDACTED,3165.69,11,2021,,,
Buena Vista,REDACTED,2750.97,12,2021,,,
Buena Vista,REDACTED,2064.03,1,2022,,,
Buena Vista,REDACTED,2359.35,2,2022,,,
Buena Vista,REDACTED,2247,3,2022,,,
Buena Vista,REDACTED,2584.05,4,2022,,,
Buena Vista,REDACTED,2359.35,5,2022,,,
Buena Vista,REDACTED,1977.36,6,2022,,,
Buena Vista,REDACTED,4874.39,7,2022,,,
Buena Vista,REDACTED,4100.88,8,2022,,,
Buena Vista,REDACTED,3223.36,9,2022,,,
Buena Vista,REDACTED,3812.38,10,2022,,,
Buena Vista,REDACTED,6969.39,11,2022,,,
Buena Vista,REDACTED,6693.95,12,2022,,,
Buena Vista,REDACTED,7404.26,1,2023,,,
Buena Vista,REDACTED,7551.4,2,2023,,,
Buena Vista,REDACTED,5889.2,3,2023,,,
Buena Vista,REDACTED,6594.58,4,2023,,,
Buena Vista,REDACTED,5367.1,5,2023,,,
Buena Vista,REDACTED,5712.58,6,2023,,,
Buena Vista,REDACTED,7330.08,7,2023,,,
Buena Vista,REDACTED,4133.76,8,2023,,,
Buena Vista,REDACTED,4513.92,9,2023,,,
Buena Vista,REDACTED,3072.04,10,2023,,,
Buena Vista,REDACTED,5844.27,11,2023,,,
Buena Vista,REDACTED,5577.64,12,2023,,,
Buena Vista,REDACTED,3723.57,1,2024,,,
Buena Vista,REDACTED,4578.25,2,2024,,,
Buena Vista,REDACTED,4446.8,3,2024,,,
Buena Vista,REDACTED,5644.8,4,2024,,,
Buena Vista,REDACTED,5783.24,5,2024,,,
Buena Vista,REDACTED,6579.57,6,2024,,,
Buena Vista,11,6592.5,7,2024,,,
Buena Vista,10,8338.08,8,2024,,,
Buena Vista,12,7295.97,9,2024,,,
Buena Vista,REDACTED,6039.3,10,2024,,,
Buena Vista,REDACTED,7186,11,2024,,,
Buena Vista,REDACTED,6679,12,2024,,,
Buena Vista,11,7610,1,2025,,,
Buena Vista,REDACTED,5042,2,2025,,,
Buena Vista,REDACTED,6153,3,2025,,,
Buena Vista,10,6777,4,2025,,,
Buena Vista,10,7449,5,2025,,,
Buena Vista,10,7595,6,2025,,,
Campbell,121,40889,7,2017,,,
Campbell,128,39462,8,2017,,,
Campbell,116,32404,9,2017,,,
Campbell,135,30878,10,2017,,,
Campbell,137,35871,11,2017,,,
Campbell,141,39006,12,2017,,,
Campbell,147,39021,1,2018,,,
Campbell,142,39927,2,2018,,,
Campbell,137,30576,3,2018,,,
Campbell,127,33284,4,2018,,,
Campbell,139,35927,5,2018,,,
Campbell,145,37372,6,2018,,,
Campbell,155,64867,7,2018,,,
Campbell,142,58082,8,2018,,,
Campbell,153,49283,9,2018,,,
Campbell,141,43687,10,2018,,,
Campbell,138,53777,11,2018,,,
Campbell,139,48169,12,2018,,,
Campbell,140,46915,1,2019,,,
Campbell,141,56215,2,2019,,,
Campbell,146,46718,3,2019,,,
Campbell,147,50170,4,2019,,,
Campbell,147,53225,5,2019,,,
Campbell,147,53511,6,2019,,,
Campbell,165,64002.6,7,2019,,,
Campbell,159,62343.8,8,2019,,,
Campbell,178,53209.2,9,2019,,,
Campbell,180,49575.6,10,2019,,,
Campbell,177,58300.2,11,2019,,,
Campbell,174,46632,12,2019,,,
Campbell,172,48723.2,1,2020,,,
Campbell,180,58474.4,2,2020,,,
Campbell,170,45987.8,3,2020,,,
Campbell,172,37211.4,4,2020,,,
Campbell,160,45677.2,5,2020,,,
Campbell,136,45644.2,6,2020,,,
Campbell,174,120712.6,7,2020,,,
Campbell,164,67843,8,2020,,,
Campbell,145,51977,9,2020,,,
Campbell,147,44374.2,10,2020,,,
Campbell,140,49441.4,11,2020,,,
Campbell,146,47864.8,12,2020,,,
Campbell,133,45375,1,2021,,,
Campbell,128,39047,2,2021,,,
Campbell,137,40138,3,2021,,,
Campbell,131,46961,4,2021,,,
Campbell,142,55803,5,2021,,,
Campbell,151,60342,6,2021,,,
Campbell,189,100172.8,7,2021,,,
Campbell,206,102587,8,2021,,,
Campbell,237,97510.6,9,2021,,,
Campbell,221,92674.8,10,2021,,,
Campbell,235,93045.2,11,2021,,,
Campbell,246,100826.4,12,2021,,,
Campbell,247,110911,1,2022,,,
Campbell,257,101394,2,2022,,,
Campbell,270,105877,3,2022,,,
Campbell,279,120704,4,2022,,,
Campbell,285,115767,5,2022,,,
Campbell,292,118384,6,2022,,,
Campbell,305,162635,7,2022,,,
Campbell,315,144486,8,2022,,,
Campbell,332,141955,9,2022,,,
Campbell,311,128578,10,2022,,,
Campbell,323,211772,11,2022,,,
Campbell,345,240062,12,2022,,,
Campbell,346,252606.58,1,2023,,,
Campbell,380,250247.69,2,2023,,,
Campbell,375,231467,3,2023,,,
Campbell,373,263502.94,4,2023,,,
Campbell,375,229242.15,5,2023,,,
Campbell,377,268551.23,6,2023,,,
Campbell,427,338926.44,7,2023,,,
Campbell,403,302756.75,8,2023,,,
Campbell,412,282031.38,9,2023,,,
Campbell,402,255405.74,10,2023,,,
Campbell,409,282359.23,11,2023,,,
Campbell,405,285146.46,12,2023,,,
Campbell,405,276214.09,1,2024,,,
Campbell,412,300955.01,2,2024,,,
Campbell,415,273531.32,3,2024,,,
Campbell,432,282762.76,4,2024,,,
Campbell,450,312162.25,5,2024,,,
Campbell,449,322924.76,6,2024,,,
Campbell,475,351671.21,7,2024,,,
Campbell,456,362794.7,8,2024,,,
Campbell,461,300645.44,9,2024,,,
Campbell,423,277582.86,10,2024,,,
Campbell,429,295253,11,2024,,,
Campbell,449,288925,12,2024,,,
Campbell,447,295661,1,2025,,,
Campbell,477,342946,2,2025,,,
Campbell,478,281420,3,2025,,,
Campbell,463,297739,4,2025,,,
Campbell,465,311356,5,2025,,,
Campbell,451,289957,6,2025,,,
Caroline,98,52277,7,2017,,,
Caroline,97,47516,8,2017,,,
Caroline,99,48352,9,2017,,,
Caroline,102,43829,10,2017,,,
Caroline,96,43791,11,2017,,,
Caroline,97,40596,12,2017,,,
Caroline,85,36576,1,2018,,,
Caroline,80,41027,2,2018,,,
Caroline,86,37189,3,2018,,,
Caroline,82,39426,4,2018,,,
Caroline,79,36440,5,2018,,,
Caroline,96,40375,6,2018,,,
Caroline,92,51772,7,2018,,,
Caroline,95,49380,8,2018,,,
Caroline,97,47467,9,2018,,,
Caroline,101,39900,10,2018,,,
Caroline,96,47172,11,2018,,,
Caroline,92,41415,12,2018,,,
Caroline,99,40828,1,2019,,,
Caroline,96,50388,2,2019,,,
Caroline,101,41475,3,2019,,,
Caroline,100,44078,4,2019,,,
Caroline,103,49395,5,2019,,,
Caroline,97,46618,6,2019,,,
Caroline,99,47444.8,7,2019,,,
Caroline,99,50566,8,2019,,,
Caroline,100,41622.6,9,2019,,,
Caroline,101,38216,10,2019,,,
Caroline,97,39772.4,11,2019,,,
Caroline,102,35689.2,12,2019,,,
Caroline,99,42130,1,2020,,,
Caroline,99,44698,2,2020,,,
Caroline,106,38796.4,3,2020,,,
Caroline,99,44862.2,4,2020,,,
Caroline,78,44697.4,5,2020,,,
Caroline,84,43734.8,6,2020,,,
Caroline,83,50754.2,7,2020,,,
Caroline,75,37019.2,8,2020,,,
Caroline,68,27735.8,9,2020,,,
Caroline,89,37222.4,10,2020,,,
Caroline,81,36457.4,11,2020,,,
Caroline,73,33455.2,12,2020,,,
Caroline,62,29510.8,1,2021,,,
Caroline,57,26626,2,2021,,,
Caroline,57,21888,3,2021,,,
Caroline,59,25368.6,4,2021,,,
Caroline,51,24200.4,5,2021,,,
Caroline,51,24845.2,6,2021,,,
Caroline,59,39025.8,7,2021,,,
Caroline,69,46614.8,8,2021,,,
Caroline,85,45869.6,9,2021,,,
Caroline,87,46751.6,10,2021,,,
Caroline,87,44810.4,11,2021,,,
Caroline,93,50238.8,12,2021,,,
Caroline,98,57960.8,1,2022,,,
Caroline,111,53763.2,2,2022,,,
Caroline,116,63378.4,3,2022,,,
Caroline,117,65636.2,4,2022,,,
Caroline,112,59968.4,5,2022,,,
Caroline,110,60593.8,6,2022,,,
Caroline,114,75337.8,7,2022,,,
Caroline,115,69620.4,8,2022,,,
Caroline,124,71965.6,9,2022,,,
Caroline,123,68588.8,10,2022,,,
Caroline,132,108213,11,2022,,,
Caroline,132,123823,12,2022,,,
Caroline,128,125545.84,1,2023,,,
Caroline,138,119450.36,2,2023,,,
Caroline,145,115197.86,3,2023,,,
Caroline,156,142331.06,4,2023,,,
Caroline,163,131604.4,5,2023,,,
Caroline,156,143309.06,6,2023,,,
Caroline,161,161492.84,7,2023,,,
Caroline,155,145174.1,8,2023,,,
Caroline,161,138242,9,2023,,,
Caroline,138,114233,10,2023,,,
Caroline,137,127839,11,2023,,,
Caroline,143,123466,12,2023,,,
Caroline,133,118243,1,2024,,,
Caroline,146,128813,2,2024,,,
Caroline,139,117117,3,2024,,,
Caroline,142,119424,4,2024,,,
Caroline,151,136692,5,2024,,,
Caroline,162,154927,6,2024,,,
Caroline,174,169708,7,2024,,,
Caroline,177,180694.95,8,2024,,,
Caroline,185,154374.7,9,2024,,,
Caroline,159,136312.85,10,2024,,,
Caroline,166,153280,11,2024,,,
Caroline,162,141274,12,2024,,,
Caroline,164,151535,1,2025,,,
Caroline,179,166088,2,2025,,,
Caroline,177,138618,3,2025,,,
Caroline,176,151227,4,2025,,,
Caroline,188,172316,5,2025,,,
Caroline,195,177030,6,2025,,,
Carroll,126,34034,7,2017,,,
Carroll,109,27383,8,2017,,,
Carroll,98,22016,9,2017,,,
Carroll,87,20147,10,2017,,,
Carroll,81,20780,11,2017,,,
Carroll,78,18481,12,2017,,,
Carroll,79,18340,1,2018,,,
Carroll,86,21223,2,2018,,,
Carroll,79,20573,3,2018,,,
Carroll,81,19179,4,2018,,,
Carroll,80,18951,5,2018,,,
Carroll,76,22508,6,2018,,,
Carroll,74,27763,7,2018,,,
Carroll,79,28676,8,2018,,,
Carroll,86,25595,9,2018,,,
Carroll,77,21759,10,2018,,,
Carroll,71,23147,11,2018,,,
Carroll,77,25552,12,2018,,,
Carroll,89,29759,1,2019,,,
Carroll,86,29818,2,2019,,,
Carroll,87,27284,3,2019,,,
Carroll,84,24743,4,2019,,,
Carroll,83,26623,5,2019,,,
Carroll,94,34459,6,2019,,,
Carroll,109,36806.8,7,2019,,,
Carroll,108,40214.4,8,2019,,,
Carroll,113,35196.6,9,2019,,,
Carroll,92,29765.4,10,2019,,,
Carroll,98,32680.6,11,2019,,,
Carroll,88,26750.8,12,2019,,,
Carroll,98,29584.6,1,2020,,,
Carroll,110,33475.6,2,2020,,,
Carroll,96,26680.6,3,2020,,,
Carroll,101,31631.8,4,2020,,,
Carroll,96,39601,5,2020,,,
Carroll,93,39152.6,6,2020,,,
Carroll,110,43452,7,2020,,,
Carroll,104,42041,8,2020,,,
Carroll,87,26410.8,9,2020,,,
Carroll,89,26903.6,10,2020,,,
Carroll,84,25468.2,11,2020,,,
Carroll,77,23417.4,12,2020,,,
Carroll,79,26435.2,1,2021,,,
Carroll,70,24187.2,2,2021,,,
Carroll,62,21937.4,3,2021,,,
Carroll,62,23355.4,4,2021,,,
Carroll,72,29610.2,5,2021,,,
Carroll,82,32516,6,2021,,,
Carroll,83,42982,7,2021,,,
Carroll,86,40382,8,2021,,,
Carroll,97,36406,9,2021,,,
Carroll,97,39029,10,2021,,,
Carroll,94,35149,11,2021,,,
Carroll,91,36600,12,2021,,,
Carroll,103,42562.4,1,2022,,,
Carroll,106,35720.8,2,2022,,,
Carroll,98,35777,3,2022,,,
Carroll,111,46498.4,4,2022,,,
Carroll,115,43302.6,5,2022,,,
Carroll,120,49467.2,6,2022,,,
Carroll,133,64648.6,7,2022,,,
Carroll,129,52992.8,8,2022,,,
Carroll,130,49490,9,2022,,,
Carroll,122,45505,10,2022,,,
Carroll,124,85002,11,2022,,,
Carroll,137,94841,12,2022,,,
Carroll,143,100469,1,2023,,,
Carroll,152,101611,2,2023,,,
Carroll,147,87330,3,2023,,,
Carroll,153,107480,4,2023,,,
Carroll,158,93183,5,2023,,,
Carroll,156,109291,6,2023,,,
Carroll,161,128769,7,2023,,,
Carroll,161,114193,8,2023,,,
Carroll,157,109611,9,2023,,,
Carroll,141,92558,10,2023,,,
Carroll,146,100931,11,2023,,,
Carroll,148,106441,12,2023,,,
Carroll,140,94702,1,2024,,,
Carroll,143,106988,2,2024,,,
Carroll,142,91844,3,2024,,,
Carroll,134,91870,4,2024,,,
Carroll,128,95943,5,2024,,,
Carroll,139,112716,6,2024,,,
Carroll,137,98611,7,2024,,,
Carroll,139,124174,8,2024,,,
Carroll,138,105292,9,2024,,,
Carroll,133,94351,10,2024,,,
Carroll,129,103488,11,2024,,,
Carroll,131,100103,12,2024,,,
Carroll,123,99576,1,2025,,,
Carroll,134,109509,2,2025,,,
Carroll,138,90113,3,2025,,,
Carroll,136,102224,4,2025,,,
Carroll,136,105727,5,2025,,,
Carroll,148,110173,6,2025,,,
Charles City,22,8777,7,2017,,,
Charles City,22,8960,8,2017,,,
Charles City,24,10902,9,2017,,,
Charles City,20,6803,10,2017,,,
Charles City,16,6607,11,2017,,,
Charles City,15,6245,12,2017,,,
Charles City,15,5325,1,2018,,,
Charles City,15,7027,2,2018,,,
Charles City,15,5625,3,2018,,,
Charles City,14,5898,4,2018,,,
Charles City,16,6403,5,2018,,,
Charles City,14,5611,6,2018,,,
Charles City,14,7854,7,2018,,,
Charles City,14,7412,8,2018,,,
Charles City,14,7519,9,2018,,,
Charles City,16,5560,10,2018,,,
Charles City,18,7655,11,2018,,,
Charles City,19,8086,12,2018,,,
Charles City,22,10058,1,2019,,,
Charles City,22,10957,2,2019,,,
Charles City,24,8409,3,2019,,,
Charles City,23,9516,4,2019,,,
Charles City,24,12840,5,2019,,,
Charles City,25,14030,6,2019,,,
Charles City,24,13193,7,2019,,,
Charles City,26,16415,8,2019,,,
Charles City,25,16929,9,2019,,,
Charles City,25,11976,10,2019,,,
Charles City,24,12029,11,2019,,,
Charles City,25,11918,12,2019,,,
Charles City,25,13429,1,2020,,,
Charles City,29,13853,2,2020,,,
Charles City,27,11570,3,2020,,,
Charles City,23,9675,4,2020,,,
Charles City,22,7144,5,2020,,,
Charles City,11,3357,6,2020,,,
Charles City,24,22677,7,2020,,,
Charles City,25,16674,8,2020,,,
Charles City,21,11430,9,2020,,,
Charles City,23,10260,10,2020,,,
Charles City,16,7784,11,2020,,,
Charles City,18,7355,12,2020,,,
Charles City,18,8117,1,2021,,,
Charles City,18,8634,2,2021,,,
Charles City,17,6769,3,2021,,,
Charles City,17,8929,4,2021,,,
Charles City,17,8507,5,2021,,,
Charles City,17,8924,6,2021,,,
Charles City,22,11995,7,2021,,,
Charles City,32,19327,8,2021,,,
Charles City,32,22166,9,2021,,,
Charles City,32,17259,10,2021,,,
Charles City,30,14834,11,2021,,,
Charles City,30,15461,12,2021,,,
Charles City,26,15498,1,2022,,,
Charles City,23,11298,2,2022,,,
Charles City,23,10285,3,2022,,,
Charles City,23,11166,4,2022,,,
Charles City,24,8101,5,2022,,,
Charles City,22,8155,6,2022,,,
Charles City,20,9996,7,2022,,,
Charles City,23,12918,8,2022,,,
Charles City,19,11860,9,2022,,,
Charles City,20,10928,10,2022,,,
Charles City,22,17027,11,2022,,,
Charles City,21,17496,12,2022,,,
Charles City,23,20247,1,2023,,,
Charles City,23,18547,2,2023,,,
Charles City,26,17678,3,2023,,,
Charles City,29,22089,4,2023,,,
Charles City,29,20153,5,2023,,,
Charles City,31,26948,6,2023,,,
Charles City,40,30272,7,2023,,,
Charles City,42,32911,8,2023,,,
Charles City,39,35050,9,2023,,,
Charles City,34,26727,10,2023,,,
Charles City,37,31776,11,2023,,,
Charles City,36,33337,12,2023,,,
Charles City,33,28332,1,2024,,,
Charles City,34,30994,2,2024,,,
Charles City,40,31287,3,2024,,,
Charles City,38,31205,4,2024,,,
Charles City,39,32841,5,2024,,,
Charles City,42,36078,6,2024,,,
Charles City,46,34297,7,2024,,,
Charles City,43,40907,8,2024,,,
Charles City,43,34910,9,2024,,,
Charles City,46,36783,10,2024,,,
Charles City,52,40246,11,2024,,,
Charles City,51,36782,12,2024,,,
Charles City,51,41564,1,2025,,,
Charles City,54,44372,2,2025,,,
Charles City,55,36005,3,2025,,,
Charles City,46,34332,4,2025,,,
Charles City,49,37971,5,2025,,,
Charles City,47,38201,6,2025,,,
Charlotte,REDACTED,2496,7,2017,,,
Charlotte,REDACTED,2277,8,2017,,,
Charlotte,REDACTED,2700,9,2017,,,
Charlotte,12,2247,10,2017,,,
Charlotte,REDACTED,2088,11,2017,,,
Charlotte,REDACTED,1653,12,2017,,,
Charlotte,REDACTED,1658,1,2018,,,
Charlotte,REDACTED,3627,2,2018,,,
Charlotte,REDACTED,2262,3,2018,,,
Charlotte,REDACTED,2657,4,2018,,,
Charlotte,REDACTED,2592,5,2018,,,
Charlotte,10,3055,6,2018,,,
Charlotte,12,4167,7,2018,,,
Charlotte,12,4365,8,2018,,,
Charlotte,12,4461,9,2018,,,
Charlotte,11,3557,10,2018,,,
Charlotte,12,4438,11,2018,,,
Charlotte,11,3873,12,2018,,,
Charlotte,12,3681,1,2019,,,
Charlotte,12,3650,2,2019,,,
Charlotte,11,3881,3,2019,,,
Charlotte,11,4233,4,2019,,,
Charlotte,12,3340,5,2019,,,
Charlotte,12,4751,6,2019,,,
Charlotte,12,4052,7,2019,,,
Charlotte,11,3982,8,2019,,,
Charlotte,12,4482,9,2019,,,
Charlotte,12,3502.4,10,2019,,,
Charlotte,10,3271,11,2019,,,
Charlotte,12,3379,12,2019,,,
Charlotte,12,3661,1,2020,,,
Charlotte,12,3314,2,2020,,,
Charlotte,12,2850,3,2020,,,
Charlotte,12,4414,4,2020,,,
Charlotte,12,4724,5,2020,,,
Charlotte,12,4585,6,2020,,,
Charlotte,12,4801,7,2020,,,
Charlotte,14,5149,8,2020,,,
Charlotte,15,4830,9,2020,,,
Charlotte,14,4511,10,2020,,,
Charlotte,12,4609,11,2020,,,
Charlotte,12,4336,12,2020,,,
Charlotte,12,4814,1,2021,,,
Charlotte,15,4694,2,2021,,,
Charlotte,15,5392,3,2021,,,
Charlotte,15,6048,4,2021,,,
Charlotte,11,4374,5,2021,,,
Charlotte,14,7004,6,2021,,,
Charlotte,14,6304,7,2021,,,
Charlotte,15,6236,8,2021,,,
Charlotte,16,6172,9,2021,,,
Charlotte,16,6725,10,2021,,,
Charlotte,14,5668,11,2021,,,
Charlotte,14,6116,12,2021,,,
Charlotte,13,6783,1,2022,,,
Charlotte,14,5724,2,2022,,,
Charlotte,15,5187,3,2022,,,
Charlotte,13,5311,4,2022,,,
Charlotte,13,4795,5,2022,,,
Charlotte,13,4613,6,2022,,,
Charlotte,18,6772,7,2022,,,
Charlotte,18,7236,8,2022,,,
Charlotte,REDACTED,2093,9,2022,,,
Charlotte,REDACTED,1518,10,2022,,,
Charlotte,REDACTED,855,11,2022,,,
Charlotte,REDACTED,1379,12,2022,,,
Charlotte,REDACTED,1875,1,2023,,,
Charlotte,REDACTED,1468,2,2023,,,
Charlotte,REDACTED,720,3,2023,,,
Charlotte,REDACTED,837,4,2023,,,
Charlotte,REDACTED,1670,5,2023,,,
Charlotte,REDACTED,2843,6,2023,,,
Charlotte,REDACTED,5140,7,2023,,,
Charlotte,REDACTED,6347,8,2023,,,
Charlotte,REDACTED,3842,9,2023,,,
Charlotte,REDACTED,3502,10,2023,,,
Charlotte,REDACTED,4716,11,2023,,,
Charlotte,REDACTED,1970,12,2023,,,
Charlotte,REDACTED,1116,1,2024,,,
Charlotte,REDACTED,1228,2,2024,,,
Charlotte,REDACTED,1663,3,2024,,,
Charlotte,REDACTED,843,4,2024,,,
Charlotte,REDACTED,886,5,2024,,,
Charlotte,11,5457,6,2024,,,
Charlotte,12,7659,7,2024,,,
Charlotte,REDACTED,6825,8,2024,,,
Charlotte,REDACTED,1810,9,2024,,,
Charlotte,REDACTED,843,10,2024,,,
Charlotte,REDACTED,929,11,2024,,,
Charlotte,REDACTED,1503,12,2024,,,
Charlotte,REDACTED,2862,1,2025,,,
Charlotte,REDACTED,3818,2,2025,,,
Charlotte,REDACTED,4880,3,2025,,,
Charlotte,REDACTED,10033,4,2025,,,
Charlotte,REDACTED,7178,5,2025,,,
Charlotte,10,9289,6,2025,,,
Charlottesville,121,62241,7,2017,,,
Charlottesville,127,78238,8,2017,,,
Charlottesville,112,60920,9,2017,,,
Charlottesville,112,57119,10,2017,,,
Charlottesville,116,73878,11,2017,,,
Charlottesville,117,57283,12,2017,,,
Charlottesville,112,45521,1,2018,,,
Charlottesville,121,64224,2,2018,,,
Charlottesville,125,72199,3,2018,,,
Charlottesville,118,63582,4,2018,,,
Charlottesville,127,65803,5,2018,,,
Charlottesville,122,66614,6,2018,,,
Charlottesville,114,71894,7,2018,,,
Charlottesville,114,74373,8,2018,,,
Charlottesville,118,69337,9,2018,,,
Charlottesville,101,62748,10,2018,,,
Charlottesville,105,70905,11,2018,,,
Charlottesville,103,67480,12,2018,,,
Charlottesville,103,82825,1,2019,,,
Charlottesville,99,60595,2,2019,,,
Charlottesville,102,79200,3,2019,,,
Charlottesville,100,66259,4,2019,,,
Charlottesville,113,86578,5,2019,,,
Charlottesville,111,84445,6,2019,,,
Charlottesville,105,76418,7,2019,,,
Charlottesville,109,82057.6,8,2019,,,
Charlottesville,109,65777.6,9,2019,,,
Charlottesville,113,63979.2,10,2019,,,
Charlottesville,103,82576.4,11,2019,,,
Charlottesville,83,48177,12,2019,,,
Charlottesville,103,67706.8,1,2020,,,
Charlottesville,101,67740,2,2020,,,
Charlottesville,94,61953.6,3,2020,,,
Charlottesville,101,46466.8,4,2020,,,
Charlottesville,48,31030,5,2020,,,
Charlottesville,90,81118.2,6,2020,,,
Charlottesville,83,86395,7,2020,,,
Charlottesville,90,70281.8,8,2020,,,
Charlottesville,78,57700.2,9,2020,,,
Charlottesville,82,58053.2,10,2020,,,
Charlottesville,83,57717,11,2020,,,
Charlottesville,90,63183,12,2020,,,
Charlottesville,81,55460,1,2021,,,
Charlottesville,81,52472,2,2021,,,
Charlottesville,81,49207,3,2021,,,
Charlottesville,78,59583,4,2021,,,
Charlottesville,83,61775,5,2021,,,
Charlottesville,85,56979,6,2021,,,
Charlottesville,82,65944.8,7,2021,,,
Charlottesville,78,63247,8,2021,,,
Charlottesville,84,61552,9,2021,,,
Charlottesville,79,51463.6,10,2021,,,
Charlottesville,86,58732.2,11,2021,,,
Charlottesville,101,74166.6,12,2021,,,
Charlottesville,100,72820.4,1,2022,,,
Charlottesville,104,87118,2,2022,,,
Charlottesville,110,74282.6,3,2022,,,
Charlottesville,113,86782.2,4,2022,,,
Charlottesville,115,81653,5,2022,,,
Charlottesville,108,81533,6,2022,,,
Charlottesville,104,75897.6,7,2022,,,
Charlottesville,103,70389,8,2022,,,
Charlottesville,109,77205.2,9,2022,,,
Charlottesville,105,75850,10,2022,,,
Charlottesville,119,95744,11,2022,,,
Charlottesville,120,105000,12,2022,,,
Charlottesville,117,106940,1,2023,,,
Charlottesville,117,100314.6,2,2023,,,
Charlottesville,112,84861,3,2023,,,
Charlottesville,121,104174,4,2023,,,
Charlottesville,119,85701,5,2023,,,
Charlottesville,115,96973,6,2023,,,
Charlottesville,119,101113,7,2023,,,
Charlottesville,122,101227,8,2023,,,
Charlottesville,119,97469.32,9,2023,,,
Charlottesville,104,86844.81,10,2023,,,
Charlottesville,101,97090.8,11,2023,,,
Charlottesville,100,96842.8,12,2023,,,
Charlottesville,104,92118.49,1,2024,,,
Charlottesville,106,103591.45,2,2024,,,
Charlottesville,98,87516.34,3,2024,,,
Charlottesville,93,79866.64,4,2024,,,
Charlottesville,102,91617.68,5,2024,,,
Charlottesville,97,95017.67,6,2024,,,
Charlottesville,97,81169.6,7,2024,,,
Charlottesville,99,108685,8,2024,,,
Charlottesville,124,112498.8,9,2024,,,
Charlottesville,107,101816.7,10,2024,,,
Charlottesville,107,116207,11,2024,,,
Charlottesville,100,99018,12,2024,,,
Charlottesville,103,104226,1,2025,,,
Charlottesville,100,109774,2,2025,,,
Charlottesville,102,94133,3,2025,,,
Charlottesville,102,103666,4,2025,,,
Charlottesville,105,105790,5,2025,,,
Charlottesville,103,105907,6,2025,,,
Chesapeake,713,347339,7,2017,,,
Chesapeake,666,291732,8,2017,,,
Chesapeake,642,294660,9,2017,,,
Chesapeake,683,260654,10,2017,,,
Chesapeake,672,280015,11,2017,,,
Chesapeake,658,277398,12,2017,,,
Chesapeake,673,255039,1,2018,,,
Chesapeake,699,280875,2,2018,,,
Chesapeake,706,270891,3,2018,,,
Chesapeake,719,308078,4,2018,,,
Chesapeake,711,281273,5,2018,,,
Chesapeake,715,312605,6,2018,,,
Chesapeake,734,439424,7,2018,,,
Chesapeake,670,399019,8,2018,,,
Chesapeake,676,424633,9,2018,,,
Chesapeake,668,309253,10,2018,,,
Chesapeake,742,424579,11,2018,,,
Chesapeake,757,421536,12,2018,,,
Chesapeake,776,401629,1,2019,,,
Chesapeake,784,486528,2,2019,,,
Chesapeake,811,431404,3,2019,,,
Chesapeake,823,468494,4,2019,,,
Chesapeake,864,511824,5,2019,,,
Chesapeake,875,545079,6,2019,,,
Chesapeake,920,558620.6,7,2019,,,
Chesapeake,881,559613.8,8,2019,,,
Chesapeake,857,518559.29,9,2019,,,
Chesapeake,911,461067.6,10,2019,,,
Chesapeake,923,541258.66,11,2019,,,
Chesapeake,932,497781.99,12,2019,,,
Chesapeake,939,497010.34,1,2020,,,
Chesapeake,934,549612.38,2,2020,,,
Chesapeake,936,465083.35,3,2020,,,
Chesapeake,925,455325.25,4,2020,,,
Chesapeake,698,431853.85,5,2020,,,
Chesapeake,756,505688.8,6,2020,,,
Chesapeake,779,622027.5,7,2020,,,
Chesapeake,743,535370.02,8,2020,,,
Chesapeake,688,393819.58,9,2020,,,
Chesapeake,774,411601.84,10,2020,,,
Chesapeake,658,390813.22,11,2020,,,
Chesapeake,638,358733.02,12,2020,,,
Chesapeake,608,336985.02,1,2021,,,
Chesapeake,608,335114.4,2,2021,,,
Chesapeake,581,302557.8,3,2021,,,
Chesapeake,588,378097.22,4,2021,,,
Chesapeake,648,416223.6,5,2021,,,
Chesapeake,713,453788.74,6,2021,,,
Chesapeake,828,644273.64,7,2021,,,
Chesapeake,868,634112.64,8,2021,,,
Chesapeake,909,658853.8,9,2021,,,
Chesapeake,1000,639838.2,10,2021,,,
Chesapeake,999,623864.81,11,2021,,,
Chesapeake,1044,704262.42,12,2021,,,
Chesapeake,1069,768393.03,1,2022,,,
Chesapeake,1081,681437.81,2,2022,,,
Chesapeake,1101,685167.05,3,2022,,,
Chesapeake,1136,811083.14,4,2022,,,
Chesapeake,1132,742154.18,5,2022,,,
Chesapeake,1107,769674.39,6,2022,,,
Chesapeake,1166,903330.5,7,2022,,,
Chesapeake,1133,802468.84,8,2022,,,
Chesapeake,1134,850810.05,9,2022,,,
Chesapeake,1226,802014.87,10,2022,,,
Chesapeake,1217,944227.62,11,2022,,,
Chesapeake,1229,1029554.7,12,2022,,,
Chesapeake,1265,1061476.31,1,2023,,,
Chesapeake,1270,1007440.92,2,2023,,,
Chesapeake,1271,900295,3,2023,,,
Chesapeake,1284,1061822.25,4,2023,,,
Chesapeake,1293,931399.2,5,2023,,,
Chesapeake,1321,1072871.16,6,2023,,,
Chesapeake,1369,1189772.24,7,2023,,,
Chesapeake,1338,1083931.95,8,2023,,,
Chesapeake,1381,1194819.14,9,2023,,,
Chesapeake,1347,989452.18,10,2023,,,
Chesapeake,1367,1067918.7,11,2023,,,
Chesapeake,1351,1096496.08,12,2023,,,
Chesapeake,1372,1056017.79,1,2024,,,
Chesapeake,1408,1182247.14,2,2024,,,
Chesapeake,1419,1084477.88,3,2024,,,
Chesapeake,1454,1125084.41,4,2024,,,
Chesapeake,1550,1258655.62,5,2024,,,
Chesapeake,1551,1309617.83,6,2024,,,
Chesapeake,1609,1302089.2,7,2024,,,
Chesapeake,1553,1427918.23,8,2024,,,
Chesapeake,1504,1253935.22,9,2024,,,
Chesapeake,1444,1084339.99,10,2024,,,
Chesapeake,1481,1227316,11,2024,,,
Chesapeake,1484,1146076,12,2024,,,
Chesapeake,1531,1215318,1,2025,,,
Chesapeake,1581,1312138,2,2025,,,
Chesapeake,1561,1118517,3,2025,,,
Chesapeake,1600,1179730,4,2025,,,
Chesapeake,1616,1295388,5,2025,,,
Chesapeake,1623,1296079,6,2025,,,
Chesterfield,446,259655,7,2017,,,
Chesterfield,423,242400,8,2017,,,
Chesterfield,416,257865,9,2017,,,
Chesterfield,452,193203,10,2017,,,
Chesterfield,417,208485,11,2017,,,
Chesterfield,433,225216,12,2017,,,
Chesterfield,429,206319,1,2018,,,
Chesterfield,441,226323,2,2018,,,
Chesterfield,446,208587,3,2018,,,
Chesterfield,447,225128,4,2018,,,
Chesterfield,459,228015,5,2018,,,
Chesterfield,459,243162,6,2018,,,
Chesterfield,460,335746,7,2018,,,
Chesterfield,443,337565,8,2018,,,
Chesterfield,430,331110,9,2018,,,
Chesterfield,430,256135,10,2018,,,
Chesterfield,419,281335,11,2018,,,
Chesterfield,431,296921,12,2018,,,
Chesterfield,426,278992,1,2019,,,
Chesterfield,441,322630,2,2019,,,
Chesterfield,445,283322,3,2019,,,
Chesterfield,455,289159,4,2019,,,
Chesterfield,484,349085,5,2019,,,
Chesterfield,501,358875,6,2019,,,
Chesterfield,513,364404.6,7,2019,,,
Chesterfield,570,440841.8,8,2019,,,
Chesterfield,608,430062.2,9,2019,,,
Chesterfield,602,348767.6,10,2019,,,
Chesterfield,631,411848.2,11,2019,,,
Chesterfield,620,376998.3,12,2019,,,
Chesterfield,623,365190.4,1,2020,,,
Chesterfield,644,458311.4,2,2020,,,
Chesterfield,645,389171.6,3,2020,,,
Chesterfield,649,382449.2,4,2020,,,
Chesterfield,536,373884.6,5,2020,,,
Chesterfield,586,462027,6,2020,,,
Chesterfield,600,534780.2,7,2020,,,
Chesterfield,575,461755.6,8,2020,,,
Chesterfield,512,364092.8,9,2020,,,
Chesterfield,555,355093.2,10,2020,,,
Chesterfield,495,341402.32,11,2020,,,
Chesterfield,502,320764.26,12,2020,,,
Chesterfield,483,351301.45,1,2021,,,
Chesterfield,486,281816.34,2,2021,,,
Chesterfield,484,265794.59,3,2021,,,
Chesterfield,503,331300.69,4,2021,,,
Chesterfield,524,386270.09,5,2021,,,
Chesterfield,561,391468.55,6,2021,,,
Chesterfield,625,533081.7,7,2021,,,
Chesterfield,635,535893.08,8,2021,,,
Chesterfield,695,528654.19,9,2021,,,
Chesterfield,679,506170.61,10,2021,,,
Chesterfield,730,508957.82,11,2021,,,
Chesterfield,772,586573.65,12,2021,,,
Chesterfield,796,655696.14,1,2022,,,
Chesterfield,870,655657.93,2,2022,,,
Chesterfield,887,610490.3,3,2022,,,
Chesterfield,949,761521.7,4,2022,,,
Chesterfield,998,736587.26,5,2022,,,
Chesterfield,1012,776178,6,2022,,,
Chesterfield,1074,899475.28,7,2022,,,
Chesterfield,1071,862907.99,8,2022,,,
Chesterfield,1157,933074.44,9,2022,,,
Chesterfield,1225,944675.32,10,2022,,,
Chesterfield,1320,1061687.97,11,2022,,,
Chesterfield,1363,1195566.29,12,2022,,,
Chesterfield,1383,1209450.25,1,2023,,,
Chesterfield,1389,1156097.27,2,2023,,,
Chesterfield,1429,1035291.78,3,2023,,,
Chesterfield,1477,1232435.03,4,2023,,,
Chesterfield,1489,1109333.22,5,2023,,,
Chesterfield,1543,1289738.15,6,2023,,,
Chesterfield,1606,1507851.48,7,2023,,,
Chesterfield,1574,1335910.03,8,2023,,,
Chesterfield,1686,1417954.53,9,2023,,,
Chesterfield,1616,1242009.77,10,2023,,,
Chesterfield,1610,1328007.08,11,2023,,,
Chesterfield,1644,1392649.18,12,2023,,,
Chesterfield,1701,1353658.3,1,2024,,,
Chesterfield,1741,1520911.54,2,2024,,,
Chesterfield,1756,1371505.11,3,2024,,,
Chesterfield,1786,1381547.73,4,2024,,,
Chesterfield,1742,1459640.54,5,2024,,,
Chesterfield,1802,1608626.28,6,2024,,,
Chesterfield,1783,1571290.69,7,2024,,,
Chesterfield,1812,1723631.8,8,2024,,,
Chesterfield,1854,1490137.3,9,2024,,,
Chesterfield,1720,1299227.14,10,2024,,,
Chesterfield,1719,1425422.99,11,2024,,,
Chesterfield,1707,1320467.99,12,2024,,,
Chesterfield,1690,1375584.99,1,2025,,,
Chesterfield,1693,1419030.99,2,2025,,,
Chesterfield,1671,1186447.99,3,2025,,,
Chesterfield,1678,1284119.99,4,2025,,,
Chesterfield,1702,1374464,5,2025,,,
Chesterfield,1684,1335274,6,2025,,,
Clarke,13,5588,7,2017,,,
Clarke,12,5618,8,2017,,,
Clarke,12,6747,9,2017,,,
Clarke,14,6238,10,2017,,,
Clarke,12,5908,11,2017,,,
Clarke,12,6303,12,2017,,,
Clarke,13,5959,1,2018,,,
Clarke,12,6603,2,2018,,,
Clarke,12,6175,3,2018,,,
Clarke,12,5902,4,2018,,,
Clarke,14,6503,5,2018,,,
Clarke,16,9894,6,2018,,,
Clarke,17,10720,7,2018,,,
Clarke,15,9633,8,2018,,,
Clarke,15,9894,9,2018,,,
Clarke,12,5039,10,2018,,,
Clarke,10,5392,11,2018,,,
Clarke,12,5039,12,2018,,,
Clarke,12,4907,1,2019,,,
Clarke,12,6775,2,2019,,,
Clarke,13,5566,3,2019,,,
Clarke,12,6223,4,2019,,,
Clarke,11,7296,5,2019,,,
Clarke,12,6816,6,2019,,,
Clarke,17,9924.6,7,2019,,,
Clarke,20,11372.6,8,2019,,,
Clarke,18,9443.2,9,2019,,,
Clarke,13,5640.2,10,2019,,,
Clarke,15,6638.2,11,2019,,,
Clarke,17,6891.8,12,2019,,,
Clarke,16,6912.6,1,2020,,,
Clarke,16,9130.2,2,2020,,,
Clarke,17,5845.8,3,2020,,,
Clarke,13,5937.8,4,2020,,,
Clarke,12,5008,5,2020,,,
Clarke,13,11065.6,6,2020,,,
Clarke,11,9634,7,2020,,,
Clarke,12,9594,8,2020,,,
Clarke,11,5925.4,9,2020,,,
Clarke,11,4781.8,10,2020,,,
Clarke,REDACTED,5885.8,11,2020,,,
Clarke,REDACTED,3561,12,2020,,,
Clarke,REDACTED,3920,1,2021,,,
Clarke,REDACTED,4184,2,2021,,,
Clarke,10,4644,3,2021,,,
Clarke,REDACTED,5558,4,2021,,,
Clarke,12,7566,5,2021,,,
Clarke,15,9021,6,2021,,,
Clarke,16,14368,7,2021,,,
Clarke,16,13108,8,2021,,,
Clarke,17,12593,9,2021,,,
Clarke,17,11529,10,2021,,,
Clarke,19,11766,11,2021,,,
Clarke,19,11567,12,2021,,,
Clarke,15,9624,1,2022,,,
Clarke,16,9403,2,2022,,,
Clarke,14,8819,3,2022,,,
Clarke,13,9274,4,2022,,,
Clarke,14,9133,5,2022,,,
Clarke,16,9685,6,2022,,,
Clarke,16,12442,7,2022,,,
Clarke,17,11769.4,8,2022,,,
Clarke,22,16569.2,9,2022,,,
Clarke,25,17846.4,10,2022,,,
Clarke,21,14099,11,2022,,,
Clarke,21,17719,12,2022,,,
Clarke,22,23324,1,2023,,,
Clarke,21,15970,2,2023,,,
Clarke,24,15784,3,2023,,,
Clarke,23,20209,4,2023,,,
Clarke,20,15272,5,2023,,,
Clarke,26,18927,6,2023,,,
Clarke,22,19488,7,2023,,,
Clarke,18,15528,8,2023,,,
Clarke,15,13391,9,2023,,,
Clarke,13,11431,10,2023,,,
Clarke,16,12356,11,2023,,,
Clarke,14,11313,12,2023,,,
Clarke,16,13083,1,2024,,,
Clarke,15,12553,2,2024,,,
Clarke,20,14206,3,2024,,,
Clarke,20,15370,4,2024,,,
Clarke,21,19376,5,2024,,,
Clarke,21,20194,6,2024,,,
Clarke,21,18733,7,2024,,,
Clarke,20,19273,8,2024,,,
Clarke,20,17338,9,2024,,,
Clarke,20,15840,10,2024,,,
Clarke,20,16232,11,2024,,,
Clarke,18,14274,12,2024,,,
Clarke,12,10296,1,2025,,,
Clarke,13,13923,2,2025,,,
Clarke,15,14696,3,2025,,,
Clarke,13,10936,4,2025,,,
Clarke,15,14250,5,2025,,,
Clarke,18,16246,6,2025,,,
Colonial Heights,36,15791,7,2017,,,
Colonial Heights,27,10328,8,2017,,,
Colonial Heights,22,11867,9,2017,,,
Colonial Heights,27,11611,10,2017,,,
Colonial Heights,33,11392,11,2017,,,
Colonial Heights,30,11842,12,2017,,,
Colonial Heights,30,11611,1,2018,,,
Colonial Heights,30,12628,2,2018,,,
Colonial Heights,32,13749,3,2018,,,
Colonial Heights,33,14092,4,2018,,,
Colonial Heights,40,17871,5,2018,,,
Colonial Heights,42,21434,6,2018,,,
Colonial Heights,43,25238,7,2018,,,
Colonial Heights,41,23916,8,2018,,,
Colonial Heights,42,27115,9,2018,,,
Colonial Heights,39,19965,10,2018,,,
Colonial Heights,39,20659,11,2018,,,
Colonial Heights,32,20081,12,2018,,,
Colonial Heights,31,16613,1,2019,,,
Colonial Heights,33,21633,2,2019,,,
Colonial Heights,34,19581,3,2019,,,
Colonial Heights,31,18576,4,2019,,,
Colonial Heights,40,24550,5,2019,,,
Colonial Heights,40,26501,6,2019,,,
Colonial Heights,42,23143.4,7,2019,,,
Colonial Heights,41,24194,8,2019,,,
Colonial Heights,41,22284.6,9,2019,,,
Colonial Heights,44,21034.6,10,2019,,,
Colonial Heights,46,25385.2,11,2019,,,
Colonial Heights,46,22200.4,12,2019,,,
Colonial Heights,51,24599.4,1,2020,,,
Colonial Heights,54,29940.6,2,2020,,,
Colonial Heights,52,24913,3,2020,,,
Colonial Heights,50,28020.6,4,2020,,,
Colonial Heights,44,28827.2,5,2020,,,
Colonial Heights,44,30456.6,6,2020,,,
Colonial Heights,47,34189.6,7,2020,,,
Colonial Heights,45,31442.8,8,2020,,,
Colonial Heights,46,24790.2,9,2020,,,
Colonial Heights,41,21442.8,10,2020,,,
Colonial Heights,41,19610.2,11,2020,,,
Colonial Heights,48,22324.2,12,2020,,,
Colonial Heights,37,19795.2,1,2021,,,
Colonial Heights,46,22146.8,2,2021,,,
Colonial Heights,40,18583.6,3,2021,,,
Colonial Heights,34,20429,4,2021,,,
Colonial Heights,39,25503.6,5,2021,,,
Colonial Heights,43,27272.6,6,2021,,,
Colonial Heights,46,36131.6,7,2021,,,
Colonial Heights,51,36060,8,2021,,,
Colonial Heights,48,32513.8,9,2021,,,
Colonial Heights,54,32406.2,10,2021,,,
Colonial Heights,60,32408.6,11,2021,,,
Colonial Heights,66,39526.2,12,2021,,,
Colonial Heights,62,43334.4,1,2022,,,
Colonial Heights,68,40679.2,2,2022,,,
Colonial Heights,72,39743.8,3,2022,,,
Colonial Heights,76,49554.2,4,2022,,,
Colonial Heights,78,45979,5,2022,,,
Colonial Heights,76,51758.8,6,2022,,,
Colonial Heights,81,57780.2,7,2022,,,
Colonial Heights,84,55635.8,8,2022,,,
Colonial Heights,85,63605.6,9,2022,,,
Colonial Heights,87,57263.2,10,2022,,,
Colonial Heights,95,75902,11,2022,,,
Colonial Heights,97,81423,12,2022,,,
Colonial Heights,97,83620.58,1,2023,,,
Colonial Heights,97,79378.44,2,2023,,,
Colonial Heights,97,74813.32,3,2023,,,
Colonial Heights,99,78360.72,4,2023,,,
Colonial Heights,103,71953.4,5,2023,,,
Colonial Heights,99,79974.24,6,2023,,,
Colonial Heights,101,93018.69,7,2023,,,
Colonial Heights,109,89617.24,8,2023,,,
Colonial Heights,113,93541.06,9,2023,,,
Colonial Heights,110,81210.62,10,2023,,,
Colonial Heights,114,90716.84,11,2023,,,
Colonial Heights,110,90594.84,12,2023,,,
Colonial Heights,105,81576.62,1,2024,,,
Colonial Heights,114,99961.62,2,2024,,,
Colonial Heights,121,89309,3,2024,,,
Colonial Heights,115,85884,4,2024,,,
Colonial Heights,118,94078,5,2024,,,
Colonial Heights,115,99916,6,2024,,,
Colonial Heights,119,95650,7,2024,,,
Colonial Heights,119,109404,8,2024,,,
Colonial Heights,126,101471,9,2024,,,
Colonial Heights,123,93563,10,2024,,,
Colonial Heights,122,99378,11,2024,,,
Colonial Heights,126,90567,12,2024,,,
Colonial Heights,123,92884,1,2025,,,
Colonial Heights,122,100610,2,2025,,,
Colonial Heights,120,84834,3,2025,,,
Colonial Heights,122,91927,4,2025,,,
Colonial Heights,122,94178,5,2025,,,
Colonial Heights,122,92494,6,2025,,,
Covington,12,3382,7,2017,,,
Covington,18,2673,8,2017,,,
Covington,18,2947,9,2017,,,
Covington,19,1959,10,2017,,,
Covington,18,4579,11,2017,,,
Covington,18,3478,12,2017,,,
Covington,17,2397,1,2018,,,
Covington,18,3782,2,2018,,,
Covington,14,2680,3,2018,,,
Covington,17,2163,4,2018,,,
Covington,22,4676,5,2018,,,
Covington,22,2336,6,2018,,,
Covington,19,3727,7,2018,,,
Covington,20,4108,8,2018,,,
Covington,22,7030,9,2018,,,
Covington,19,6091,10,2018,,,
Covington,23,6776,11,2018,,,
Covington,24,3992,12,2018,,,
Covington,22,3356,1,2019,,,
Covington,27,5388,2,2019,,,
Covington,24,6414,3,2019,,,
Covington,23,5026,4,2019,,,
Covington,23,4875,5,2019,,,
Covington,24,6232,6,2019,,,
Covington,30,7454,7,2019,,,
Covington,35,11703,8,2019,,,
Covington,34,7690,9,2019,,,
Covington,38,11840,10,2019,,,
Covington,31,11800,11,2019,,,
Covington,30,6702,12,2019,,,
Covington,19,2827,1,2020,,,
Covington,18,4114,2,2020,,,
Covington,17,3333,3,2020,,,
Covington,15,1300,4,2020,,,
Covington,REDACTED,600,5,2020,,,
Covington,23,8168,6,2020,,,
Covington,25,10794,7,2020,,,
Covington,25,14112,8,2020,,,
Covington,REDACTED,1066,9,2020,,,
Covington,REDACTED,206,10,2020,,,
Covington,10,1704,11,2020,,,
Covington,REDACTED,176,3,2021,,,
Covington,REDACTED,227,4,2021,,,
Covington,REDACTED,3597,5,2021,,,
Covington,REDACTED,1239,6,2021,,,
Covington,REDACTED,2549,7,2021,,,
Covington,REDACTED,1012,8,2021,,,
Covington,REDACTED,1207,9,2021,,,
Covington,REDACTED,2205,10,2021,,,
Covington,REDACTED,2089,11,2021,,,
Covington,REDACTED,2838,12,2021,,,
Covington,REDACTED,3458,1,2022,,,
Covington,REDACTED,2258,2,2022,,,
Covington,REDACTED,2880,3,2022,,,
Covington,REDACTED,3068,4,2022,,,
Covington,REDACTED,2610,5,2022,,,
Covington,REDACTED,3049,6,2022,,,
Covington,REDACTED,2156,7,2022,,,
Covington,REDACTED,1806,8,2022,,,
Covington,REDACTED,1846,9,2022,,,
Covington,10,2732,10,2022,,,
Covington,14,8067,11,2022,,,
Covington,20,12829,12,2022,,,
Covington,34,26509,1,2023,,,
Covington,39,28413,2,2023,,,
Covington,44,30100,3,2023,,,
Covington,41,30503,4,2023,,,
Covington,46,30668,5,2023,,,
Covington,47,35909,6,2023,,,
Covington,55,41903,7,2023,,,
Covington,59,43720,8,2023,,,
Covington,56,40573,9,2023,,,
Covington,52,35660,10,2023,,,
Covington,51,37361,11,2023,,,
Covington,50,36851,12,2023,,,
Covington,46,31081,1,2024,,,
Covington,50,36482,2,2024,,,
Covington,45,35076,3,2024,,,
Covington,50,35005,4,2024,,,
Covington,49,35959,5,2024,,,
Covington,45,35992,6,2024,,,
Covington,46,36904,7,2024,,,
Covington,46,38792,8,2024,,,
Covington,47,28899,9,2024,,,
Covington,35,25673,10,2024,,,
Covington,42,35812,11,2024,,,
Covington,39,32814,12,2024,,,
Covington,40,34910,1,2025,,,
Covington,47,39659,2,2025,,,
Covington,48,34976,3,2025,,,
Covington,49,38336,4,2025,,,
Covington,50,40602,5,2025,,,
Covington,51,41523,6,2025,,,
Craig,31,11926,7,2017,,,
Craig,29,9861,8,2017,,,
Craig,34,11072,9,2017,,,
Craig,34,9795,10,2017,,,
Craig,35,10395,11,2017,,,
Craig,36,11581,12,2017,,,
Craig,36,10590,1,2018,,,
Craig,37,11970,2,2018,,,
Craig,34,9316,3,2018,,,
Craig,36,8120,4,2018,,,
Craig,32,10131,5,2018,,,
Craig,36,11379,6,2018,,,
Craig,41,19927,7,2018,,,
Craig,42,16350,8,2018,,,
Craig,41,17469,9,2018,,,
Craig,31,12452,10,2018,,,
Craig,30,14929,11,2018,,,
Craig,36,14826,12,2018,,,
Craig,37,14413,1,2019,,,
Craig,42,16257,2,2019,,,
Craig,32,12320,3,2019,,,
Craig,33,12473,4,2019,,,
Craig,39,12798,5,2019,,,
Craig,40,12484,6,2019,,,
Craig,38,13317,7,2019,,,
Craig,35,13136,8,2019,,,
Craig,37,10814,9,2019,,,
Craig,33,8684,10,2019,,,
Craig,32,9807,11,2019,,,
Craig,35,8186,12,2019,,,
Craig,32,7882,1,2020,,,
Craig,31,10064,2,2020,,,
Craig,29,7727,3,2020,,,
Craig,29,2821,4,2020,,,
Craig,REDACTED,20,5,2020,,,
Craig,28,14021,6,2020,,,
Craig,29,21944,7,2020,,,
Craig,15,4351,8,2020,,,
Craig,21,4699,9,2020,,,
Craig,22,6847,10,2020,,,
Craig,18,5925,11,2020,,,
Craig,16,5016,12,2020,,,
Craig,17,5086,1,2021,,,
Craig,18,4420,2,2021,,,
Craig,18,3999,3,2021,,,
Craig,17,4601,4,2021,,,
Craig,19,6555,5,2021,,,
Craig,25,10762,6,2021,,,
Craig,33,16326.76,7,2021,,,
Craig,40,16917.83,8,2021,,,
Craig,44,16377.84,9,2021,,,
Craig,41,16487.34,10,2021,,,
Craig,43,16822.85,11,2021,,,
Craig,44,17384.83,12,2021,,,
Craig,42,19476.55,1,2022,,,
Craig,46,18576.28,2,2022,,,
Craig,43,16626.41,3,2022,,,
Craig,51,20335.5,4,2022,,,
Craig,50,19758.32,5,2022,,,
Craig,46,19637.13,6,2022,,,
Craig,48,20036.82,7,2022,,,
Craig,44,18381.18,8,2022,,,
Craig,45,17870.09,9,2022,,,
Craig,40,16136.44,10,2022,,,
Craig,37,26193.49,11,2022,,,
Craig,41,28428.42,12,2022,,,
Craig,39,28685.78,1,2023,,,
Craig,38,27626.36,2,2023,,,
Craig,38,24007.11,3,2023,,,
Craig,41,28009.56,4,2023,,,
Craig,41,24738.51,5,2023,,,
Craig,41,28365.91,6,2023,,,
Craig,42,32397.38,7,2023,,,
Craig,53,31041.37,8,2023,,,
Craig,53,31876.68,9,2023,,,
Craig,43,27894.54,10,2023,,,
Craig,44,28895.73,11,2023,,,
Craig,49,31694.77,12,2023,,,
Craig,48,31754.59,1,2024,,,
Craig,55,35051.51,2,2024,,,
Craig,50,29232.4,3,2024,,,
Craig,48,27372.79,4,2024,,,
Craig,47,30056.17,5,2024,,,
Craig,46,31692.23,6,2024,,,
Craig,50,35419.77,7,2024,,,
Craig,55,42344.77,8,2024,,,
Craig,57,38155.14,9,2024,,,
Craig,48,28788.35,10,2024,,,
Craig,55,32167,11,2024,,,
Craig,59,32280,12,2024,,,
Craig,55,35327,1,2025,,,
Craig,58,38186,2,2025,,,
Craig,64,33190,3,2025,,,
Craig,64,35722,4,2025,,,
Craig,59,35073,5,2025,,,
Craig,60,35091,6,2025,,,
Culpeper,404,222445,7,2017,,,
Culpeper,379,174819,8,2017,,,
Culpeper,374,142482,9,2017,,,
Culpeper,352,130568,10,2017,,,
Culpeper,312,126788,11,2017,,,
Culpeper,342,135203,12,2017,,,
Culpeper,325,114189,1,2018,,,
Culpeper,353,145772,2,2018,,,
Culpeper,350,119861,3,2018,,,
Culpeper,339,123487,4,2018,,,
Culpeper,355,125450,5,2018,,,
Culpeper,355,132056,6,2018,,,
Culpeper,368,229198,7,2018,,,
Culpeper,351,231720,8,2018,,,
Culpeper,359,173214,9,2018,,,
Culpeper,327,146911,10,2018,,,
Culpeper,328,162889,11,2018,,,
Culpeper,340,159980,12,2018,,,
Culpeper,342,140032,1,2019,,,
Culpeper,345,142826,2,2019,,,
Culpeper,341,138217,3,2019,,,
Culpeper,343,158477,4,2019,,,
Culpeper,355,170649,5,2019,,,
Culpeper,343,161108,6,2019,,,
Culpeper,384,233502,7,2019,,,
Culpeper,370,247403.8,8,2019,,,
Culpeper,342,141846.8,9,2019,,,
Culpeper,354,160667.2,10,2019,,,
Culpeper,361,178223.2,11,2019,,,
Culpeper,325,134475.4,12,2019,,,
Culpeper,359,173966.2,1,2020,,,
Culpeper,365,179956.8,2,2020,,,
Culpeper,348,155186.8,3,2020,,,
Culpeper,334,105124.8,4,2020,,,
Culpeper,233,117803,5,2020,,,
Culpeper,345,240525.6,6,2020,,,
Culpeper,359,288098,7,2020,,,
Culpeper,331,278639,8,2020,,,
Culpeper,314,155211,9,2020,,,
Culpeper,267,132953.6,10,2020,,,
Culpeper,259,149131.8,11,2020,,,
Culpeper,255,125489.4,12,2020,,,
Culpeper,238,119104.6,1,2021,,,
Culpeper,240,109110.6,2,2021,,,
Culpeper,236,101941.2,3,2021,,,
Culpeper,237,143602.6,4,2021,,,
Culpeper,248,163939.4,5,2021,,,
Culpeper,261,167574.4,6,2021,,,
Culpeper,298,240445.6,7,2021,,,
Culpeper,289,220620.6,8,2021,,,
Culpeper,357,209846.2,9,2021,,,
Culpeper,356,234921.8,10,2021,,,
Culpeper,368,233842.2,11,2021,,,
Culpeper,370,253156.6,12,2021,,,
Culpeper,366,251686.48,1,2022,,,
Culpeper,404,259158.8,2,2022,,,
Culpeper,403,248711.6,3,2022,,,
Culpeper,414,284518,4,2022,,,
Culpeper,413,266337.4,5,2022,,,
Culpeper,415,272170.8,6,2022,,,
Culpeper,435,311407.4,7,2022,,,
Culpeper,402,289083,8,2022,,,
Culpeper,423,249654.6,9,2022,,,
Culpeper,454,279236.5,10,2022,,,
Culpeper,447,350670,11,2022,,,
Culpeper,449,379437.2,12,2022,,,
Culpeper,459,391415,1,2023,,,
Culpeper,458,358833,2,2023,,,
Culpeper,475,323401,3,2023,,,
Culpeper,482,393561,4,2023,,,
Culpeper,484,357257,5,2023,,,
Culpeper,505,405580,6,2023,,,
Culpeper,490,487362,7,2023,,,
Culpeper,485,417497,8,2023,,,
Culpeper,506,365069,9,2023,,,
Culpeper,494,374522,10,2023,,,
Culpeper,500,404641,11,2023,,,
Culpeper,494,412871,12,2023,,,
Culpeper,493,378956,1,2024,,,
Culpeper,509,435508,2,2024,,,
Culpeper,508,404548,3,2024,,,
Culpeper,504,399972,4,2024,,,
Culpeper,525,428505,5,2024,,,
Culpeper,529,452497,6,2024,,,
Culpeper,470,446496,7,2024,,,
Culpeper,452,442279,8,2024,,,
Culpeper,443,316154,9,2024,,,
Culpeper,437,326838,10,2024,,,
Culpeper,437,358791,11,2024,,,
Culpeper,429,332958,12,2024,,,
Culpeper,440,360515,1,2025,,,
Culpeper,432,376384,2,2025,,,
Culpeper,428,305412,3,2025,,,
Culpeper,443,333568,4,2025,,,
Culpeper,456,380081,5,2025,,,
Culpeper,459,369707,6,2025,,,
Cumberland,REDACTED,2027,7,2017,,,
Cumberland,12,7261,8,2017,,,
Cumberland,12,4353,9,2017,,,
Cumberland,REDACTED,2453,10,2017,,,
Cumberland,REDACTED,1934,11,2017,,,
Cumberland,REDACTED,2052,12,2017,,,
Cumberland,REDACTED,2255,1,2018,,,
Cumberland,REDACTED,1233,2,2018,,,
Cumberland,REDACTED,872,3,2018,,,
Cumberland,REDACTED,1204,4,2018,,,
Cumberland,12,2316,5,2018,,,
Cumberland,14,4054,6,2018,,,
Cumberland,16,8717,7,2018,,,
Cumberland,24,9421,8,2018,,,
Cumberland,19,7450,9,2018,,,
Cumberland,REDACTED,4456,10,2018,,,
Cumberland,REDACTED,5138,11,2018,,,
Cumberland,REDACTED,4418,12,2018,,,
Cumberland,12,4217,1,2019,,,
Cumberland,10,4293,2,2019,,,
Cumberland,10,4085,3,2019,,,
Cumberland,12,5618,4,2019,,,
Cumberland,15,6449,5,2019,,,
Cumberland,15,7001,6,2019,,,
Cumberland,21,14130,7,2019,,,
Cumberland,21,9936,8,2019,,,
Cumberland,25,11402,9,2019,,,
Cumberland,18,6059,10,2019,,,
Cumberland,14,6854,11,2019,,,
Cumberland,15,6593,12,2019,,,
Cumberland,19,7982,1,2020,,,
Cumberland,23,8291,2,2020,,,
Cumberland,19,7173,3,2020,,,
Cumberland,16,5865,4,2020,,,
Cumberland,14,4724,5,2020,,,
Cumberland,15,7413,6,2020,,,
Cumberland,15,11046,7,2020,,,
Cumberland,15,9116,8,2020,,,
Cumberland,15,6934,9,2020,,,
Cumberland,REDACTED,4035,10,2020,,,
Cumberland,REDACTED,3726,11,2020,,,
Cumberland,REDACTED,4159,12,2020,,,
Cumberland,REDACTED,3268,1,2021,,,
Cumberland,REDACTED,2714,2,2021,,,
Cumberland,REDACTED,2249,3,2021,,,
Cumberland,REDACTED,1474,4,2021,,,
Cumberland,REDACTED,1897,5,2021,,,
Cumberland,REDACTED,938,6,2021,,,
Cumberland,REDACTED,1034,7,2021,,,
Cumberland,REDACTED,1232,8,2021,,,
Cumberland,REDACTED,1366,9,2021,,,
Cumberland,REDACTED,1956,10,2021,,,
Cumberland,REDACTED,1776,11,2021,,,
Cumberland,REDACTED,5317,12,2021,,,
Cumberland,REDACTED,2221,1,2022,,,
Cumberland,10,4122,2,2022,,,
Cumberland,13,6172,3,2022,,,
Cumberland,REDACTED,3981,4,2022,,,
Cumberland,REDACTED,2639,5,2022,,,
Cumberland,REDACTED,2920,6,2022,,,
Cumberland,11,5223,7,2022,,,
Cumberland,REDACTED,4389,8,2022,,,
Cumberland,REDACTED,2231,9,2022,,,
Cumberland,REDACTED,2707,10,2022,,,
Cumberland,REDACTED,4393,11,2022,,,
Cumberland,REDACTED,4587,12,2022,,,
Cumberland,REDACTED,5326,1,2023,,,
Cumberland,REDACTED,4390,2,2023,,,
Cumberland,REDACTED,2920,3,2023,,,
Cumberland,REDACTED,4208,4,2023,,,
Cumberland,REDACTED,1510,5,2023,,,
Cumberland,REDACTED,7285,6,2023,,,
Cumberland,REDACTED,5144,7,2023,,,
Cumberland,REDACTED,710,8,2023,,,
Cumberland,REDACTED,1728,10,2023,,,
Cumberland,REDACTED,1816,11,2023,,,
Cumberland,REDACTED,1816,12,2023,,,
Cumberland,REDACTED,1728,1,2024,,,
Cumberland,REDACTED,1947,2,2024,,,
Cumberland,REDACTED,2041,3,2024,,,
Cumberland,REDACTED,1543,4,2024,,,
Cumberland,REDACTED,2642,5,2024,,,
Cumberland,REDACTED,5089,6,2024,,,
Cumberland,REDACTED,5914,7,2024,,,
Cumberland,10,9215,8,2024,,,
Cumberland,REDACTED,4819,9,2024,,,
Cumberland,REDACTED,4752,10,2024,,,
Cumberland,REDACTED,7143,11,2024,,,
Cumberland,REDACTED,6157,12,2024,,,
Cumberland,REDACTED,6642,1,2025,,,
Cumberland,REDACTED,6770,2,2025,,,
Cumberland,REDACTED,5060,3,2025,,,
Cumberland,REDACTED,7388,4,2025,,,
Cumberland,11,8852,5,2025,,,
Cumberland,REDACTED,6523,6,2025,,,
Danville,246,82356,7,2017,,,
Danville,215,51089,8,2017,,,
Danville,205,51365,9,2017,,,
Danville,202,39204,10,2017,,,
Danville,204,46826,11,2017,,,
Danville,199,51682,12,2017,,,
Danville,176,38812,1,2018,,,
Danville,184,44753,2,2018,,,
Danville,179,40138,3,2018,,,
Danville,183,41358,4,2018,,,
Danville,168,36652,5,2018,,,
Danville,188,45415,6,2018,,,
Danville,176,67048,7,2018,,,
Danville,188,55349,8,2018,,,
Danville,188,55753,9,2018,,,
Danville,188,49943,10,2018,,,
Danville,183,50524,11,2018,,,
Danville,181,60218,12,2018,,,
Danville,179,43055,1,2019,,,
Danville,187,54019,2,2019,,,
Danville,186,48574,3,2019,,,
Danville,183,52444,4,2019,,,
Danville,175,50115,5,2019,,,
Danville,175,54242,6,2019,,,
Danville,173,72093,7,2019,,,
Danville,195,71193.6,8,2019,,,
Danville,213,69376.8,9,2019,,,
Danville,234,73695,10,2019,,,
Danville,235,78002.6,11,2019,,,
Danville,230,70613.6,12,2019,,,
Danville,227,59690.4,1,2020,,,
Danville,231,78625.2,2,2020,,,
Danville,236,65931.6,3,2020,,,
Danville,243,64473.2,4,2020,,,
Danville,173,46923,5,2020,,,
Danville,157,55695,6,2020,,,
Danville,189,95106,7,2020,,,
Danville,136,36361,8,2020,,,
Danville,160,66010.8,9,2020,,,
Danville,163,47759.8,10,2020,,,
Danville,147,52379.6,11,2020,,,
Danville,150,45113,12,2020,,,
Danville,138,44579,1,2021,,,
Danville,143,44553,2,2021,,,
Danville,143,37426,3,2021,,,
Danville,135,44643,4,2021,,,
Danville,129,46513,5,2021,,,
Danville,128,44822,6,2021,,,
Danville,150,77397,7,2021,,,
Danville,162,76502,8,2021,,,
Danville,183,71956,9,2021,,,
Danville,155,62702.5,10,2021,,,
Danville,187,64664.5,11,2021,,,
Danville,206,83290,12,2021,,,
Danville,208,95178,1,2022,,,
Danville,214,81144,2,2022,,,
Danville,215,78230.5,3,2022,,,
Danville,226,96568.5,4,2022,,,
Danville,248,96286.5,5,2022,,,
Danville,269,111226.73,6,2022,,,
Danville,289,144882.42,7,2022,,,
Danville,282,123015.81,8,2022,,,
Danville,297,120856.03,9,2022,,,
Danville,292,113835.08,10,2022,,,
Danville,314,197345.06,11,2022,,,
Danville,326,224603.42,12,2022,,,
Danville,308,223759.52,1,2023,,,
Danville,319,205379.96,2,2023,,,
Danville,322,191662.24,3,2023,,,
Danville,328,228574.41,4,2023,,,
Danville,341,203906.84,5,2023,,,
Danville,330,227751.52,6,2023,,,
Danville,332,254695.22,7,2023,,,
Danville,326,230440.18,8,2023,,,
Danville,359,247187.27,9,2023,,,
Danville,341,233829.03,10,2023,,,
Danville,356,241457,11,2023,,,
Danville,334,224736.42,12,2023,,,
Danville,298,179164.99,1,2024,,,
Danville,292,204002.16,2,2024,,,
Danville,285,181336.9,3,2024,,,
Danville,278,184591.86,4,2024,,,
Danville,267,181906.24,5,2024,,,
Danville,256,183520.53,6,2024,,,
Danville,275,201785.23,7,2024,,,
Danville,279,227964.92,8,2024,,,
Danville,273,179435.07,9,2024,,,
Danville,242,156554.54,10,2024,,,
Danville,240,163401,11,2024,,,
Danville,244,151877,12,2024,,,
Danville,264,171984,1,2025,,,
Danville,271,181511,2,2025,,,
Danville,288,171912,3,2025,,,
Danville,286,182070,4,2025,,,
Danville,288,200450,5,2025,,,
Danville,287,198775,6,2025,,,
Dickenson,12,2785,7,2017,,,
Dickenson,15,3385,8,2017,,,
Dickenson,17,4461,9,2017,,,
Dickenson,15,2453,10,2017,,,
Dickenson,14,3080,11,2017,,,
Dickenson,13,2094,12,2017,,,
Dickenson,13,1659,1,2018,,,
Dickenson,11,2021,2,2018,,,
Dickenson,11,1505,3,2018,,,
Dickenson,10,1800,4,2018,,,
Dickenson,11,2064,5,2018,,,
Dickenson,13,2268,6,2018,,,
Dickenson,10,3495,7,2018,,,
Dickenson,13,4045,8,2018,,,
Dickenson,11,1683,9,2018,,,
Dickenson,REDACTED,1153,10,2018,,,
Dickenson,10,2660,11,2018,,,
Dickenson,10,1194,12,2018,,,
Dickenson,REDACTED,784,1,2019,,,
Dickenson,REDACTED,710,2,2019,,,
Dickenson,REDACTED,6746,3,2019,,,
Dickenson,REDACTED,1863,4,2019,,,
Dickenson,REDACTED,2161,5,2019,,,
Dickenson,10,4394,6,2019,,,
Dickenson,13,5531,7,2019,,,
Dickenson,14,6123,8,2019,,,
Dickenson,12,4507,9,2019,,,
Dickenson,13,3994,10,2019,,,
Dickenson,12,4150,11,2019,,,
Dickenson,12,3418,12,2019,,,
Dickenson,12,3090,1,2020,,,
Dickenson,11,3321,2,2020,,,
Dickenson,11,2497,3,2020,,,
Dickenson,11,960,4,2020,,,
Dickenson,10,2693,5,2020,,,
Dickenson,REDACTED,4484,6,2020,,,
Dickenson,REDACTED,2477,7,2020,,,
Dickenson,REDACTED,3827,8,2020,,,
Dickenson,REDACTED,512,9,2020,,,
Dickenson,REDACTED,154,6,2021,,,
Dickenson,REDACTED,506,7,2021,,,
Dickenson,REDACTED,660,8,2021,,,
Dickenson,REDACTED,968,9,2021,,,
Dickenson,REDACTED,968,10,2021,,,
Dickenson,REDACTED,1503,11,2021,,,
Dickenson,REDACTED,2072,12,2021,,,
Dickenson,REDACTED,2537,1,2022,,,
Dickenson,REDACTED,2600,2,2022,,,
Dickenson,REDACTED,2892,3,2022,,,
Dickenson,REDACTED,3324,4,2022,,,
Dickenson,REDACTED,3367,5,2022,,,
Dickenson,13,5126,6,2022,,,
Dickenson,14,5978,7,2022,,,
Dickenson,13,5790,8,2022,,,
Dickenson,13,6232,9,2022,,,
Dickenson,12,4151,10,2022,,,
Dickenson,10,7587,11,2022,,,
Dickenson,12,7961,12,2022,,,
Dickenson,14,9233,1,2023,,,
Dickenson,13,9702,2,2023,,,
Dickenson,13,7798,3,2023,,,
Dickenson,15,10006,4,2023,,,
Dickenson,14,8923,5,2023,,,
Dickenson,16,10097,6,2023,,,
Dickenson,19,11774,7,2023,,,
Dickenson,21,12459,8,2023,,,
Dickenson,21,11590,9,2023,,,
Dickenson,16,9347,10,2023,,,
Dickenson,16,8848,11,2023,,,
Dickenson,15,8173,12,2023,,,
Dickenson,14,7736,1,2024,,,
Dickenson,12,7407,2,2024,,,
Dickenson,12,6317,3,2024,,,
Dickenson,11,6090,4,2024,,,
Dickenson,REDACTED,5236,5,2024,,,
Dickenson,10,5148,6,2024,,,
Dickenson,10,4922,7,2024,,,
Dickenson,14,8007,8,2024,,,
Dickenson,REDACTED,4176,9,2024,,,
Dickenson,REDACTED,3396,10,2024,,,
Dickenson,REDACTED,3632,11,2024,,,
Dickenson,REDACTED,4047,12,2024,,,
Dickenson,REDACTED,4178,1,2025,,,
Dickenson,REDACTED,3931,2,2025,,,
Dickenson,REDACTED,2848,3,2025,,,
Dickenson,REDACTED,2924,4,2025,,,
Dickenson,REDACTED,4077,5,2025,,,
Dickenson,REDACTED,3969,6,2025,,,
Dinwiddie,33,13634,7,2017,,,
Dinwiddie,33,13267,8,2017,,,
Dinwiddie,36,12014,9,2017,,,
Dinwiddie,31,7632,10,2017,,,
Dinwiddie,25,6933,11,2017,,,
Dinwiddie,22,7156,12,2017,,,
Dinwiddie,26,7410,1,2018,,,
Dinwiddie,24,8336,2,2018,,,
Dinwiddie,25,8942,3,2018,,,
Dinwiddie,29,11150,4,2018,,,
Dinwiddie,39,14393,5,2018,,,
Dinwiddie,39,16017,6,2018,,,
Dinwiddie,42,20387,7,2018,,,
Dinwiddie,41,21231,8,2018,,,
Dinwiddie,39,19988,9,2018,,,
Dinwiddie,35,13535,10,2018,,,
Dinwiddie,37,14867,11,2018,,,
Dinwiddie,33,13349,12,2018,,,
Dinwiddie,40,14875,1,2019,,,
Dinwiddie,40,17151,2,2019,,,
Dinwiddie,41,15243,3,2019,,,
Dinwiddie,42,16715,4,2019,,,
Dinwiddie,44,17820,5,2019,,,
Dinwiddie,44,18995,6,2019,,,
Dinwiddie,46,16126,7,2019,,,
Dinwiddie,48,19864,8,2019,,,
Dinwiddie,45,19485,9,2019,,,
Dinwiddie,50,15401,10,2019,,,
Dinwiddie,44,14782,11,2019,,,
Dinwiddie,45,13884,12,2019,,,
Dinwiddie,47,14658,1,2020,,,
Dinwiddie,50,16287,2,2020,,,
Dinwiddie,45,13159,3,2020,,,
Dinwiddie,49,16142.8,4,2020,,,
Dinwiddie,44,21591,5,2020,,,
Dinwiddie,44,21061.4,6,2020,,,
Dinwiddie,44,26274,7,2020,,,
Dinwiddie,42,20541,8,2020,,,
Dinwiddie,38,17355,9,2020,,,
Dinwiddie,44,17194,10,2020,,,
Dinwiddie,41,16263,11,2020,,,
Dinwiddie,42,16460,12,2020,,,
Dinwiddie,41,18274,1,2021,,,
Dinwiddie,43,16553,2,2021,,,
Dinwiddie,39,13508,3,2021,,,
Dinwiddie,40,19443,4,2021,,,
Dinwiddie,45,23847,5,2021,,,
Dinwiddie,48,19831,6,2021,,,
Dinwiddie,59,32722.6,7,2021,,,
Dinwiddie,59,32504.8,8,2021,,,
Dinwiddie,74,39656.84,9,2021,,,
Dinwiddie,79,42862.92,10,2021,,,
Dinwiddie,80,40237.4,11,2021,,,
Dinwiddie,83,43943.4,12,2021,,,
Dinwiddie,86,49071.8,1,2022,,,
Dinwiddie,89,44989.4,2,2022,,,
Dinwiddie,94,43775,3,2022,,,
Dinwiddie,100,51988.8,4,2022,,,
Dinwiddie,98,52390,5,2022,,,
Dinwiddie,107,60258,6,2022,,,
Dinwiddie,116,63825,7,2022,,,
Dinwiddie,114,60877,8,2022,,,
Dinwiddie,128,71159,9,2022,,,
Dinwiddie,123,66311.6,10,2022,,,
Dinwiddie,128,94172,11,2022,,,
Dinwiddie,139,103246,12,2022,,,
Dinwiddie,145,112417,1,2023,,,
Dinwiddie,153,112988,2,2023,,,
Dinwiddie,154,103846,3,2023,,,
Dinwiddie,160,124488,4,2023,,,
Dinwiddie,155,104980,5,2023,,,
Dinwiddie,163,127288,6,2023,,,
Dinwiddie,171,146343,7,2023,,,
Dinwiddie,163,125936,8,2023,,,
Dinwiddie,158,132383,9,2023,,,
Dinwiddie,145,106255,10,2023,,,
Dinwiddie,144,111713,11,2023,,,
Dinwiddie,143,117414,12,2023,,,
Dinwiddie,146,111734,1,2024,,,
Dinwiddie,137,121867,2,2024,,,
Dinwiddie,148,113905,3,2024,,,
Dinwiddie,150,118196,4,2024,,,
Dinwiddie,149,122846,5,2024,,,
Dinwiddie,148,128530,6,2024,,,
Dinwiddie,156,129828,7,2024,,,
Dinwiddie,159,145467,8,2024,,,
Dinwiddie,161,126499,9,2024,,,
Dinwiddie,150,112226,10,2024,,,
Dinwiddie,145,125916,11,2024,,,
Dinwiddie,150,109653,12,2024,,,
Dinwiddie,142,116270,1,2025,,,
Dinwiddie,145,121441,2,2025,,,
Dinwiddie,142,104177,3,2025,,,
Dinwiddie,143,111378,4,2025,,,
Dinwiddie,140,116936,5,2025,,,
Dinwiddie,142,115648,6,2025,,,
Essex,63,31089,7,2017,,,
Essex,61,22477,8,2017,,,
Essex,55,25356,9,2017,,,
Essex,63,22718,10,2017,,,
Essex,52,20897,11,2017,,,
Essex,49,18750,12,2017,,,
Essex,50,19032,1,2018,,,
Essex,53,21804,2,2018,,,
Essex,51,17683,3,2018,,,
Essex,59,21169,4,2018,,,
Essex,61,22944,5,2018,,,
Essex,56,23805,6,2018,,,
Essex,53,28719,7,2018,,,
Essex,57,33863,8,2018,,,
Essex,55,32026,9,2018,,,
Essex,56,21036,10,2018,,,
Essex,49,25884,11,2018,,,
Essex,54,27994,12,2018,,,
Essex,56,28566,1,2019,,,
Essex,53,25854,2,2019,,,
Essex,48,20813,3,2019,,,
Essex,57,25007,4,2019,,,
Essex,54,27381,5,2019,,,
Essex,52,32580,6,2019,,,
Essex,59,21461,7,2019,,,
Essex,60,32758,8,2019,,,
Essex,61,28861,9,2019,,,
Essex,60,26554,10,2019,,,
Essex,59,28804,11,2019,,,
Essex,61,27519,12,2019,,,
Essex,70,32232.2,1,2020,,,
Essex,69,33776.6,2,2020,,,
Essex,75,29607,3,2020,,,
Essex,66,32687.6,4,2020,,,
Essex,62,30571.2,5,2020,,,
Essex,62,33163.4,6,2020,,,
Essex,59,34346,7,2020,,,
Essex,63,35985,8,2020,,,
Essex,57,28693,9,2020,,,
Essex,57,28199,10,2020,,,
Essex,55,29415,11,2020,,,
Essex,63,36333,12,2020,,,
Essex,51,27000.2,1,2021,,,
Essex,49,25810.4,2,2021,,,
Essex,47,23327.4,3,2021,,,
Essex,53,27373,4,2021,,,
Essex,49,30310,5,2021,,,
Essex,50,27279,6,2021,,,
Essex,54,32694,7,2021,,,
Essex,65,36165,8,2021,,,
Essex,64,38192,9,2021,,,
Essex,64,32307,10,2021,,,
Essex,68,34388,11,2021,,,
Essex,78,41342,12,2021,,,
Essex,85,48328,1,2022,,,
Essex,86,43840,2,2022,,,
Essex,85,43648,3,2022,,,
Essex,91,52111,4,2022,,,
Essex,94,49935,5,2022,,,
Essex,109,58968,6,2022,,,
Essex,105,63946,7,2022,,,
Essex,114,65670,8,2022,,,
Essex,113,64948,9,2022,,,
Essex,104,59898,10,2022,,,
Essex,104,83373,11,2022,,,
Essex,106,88275,12,2022,,,
Essex,105,91727,1,2023,,,
Essex,107,87963,2,2023,,,
Essex,96,76196,3,2023,,,
Essex,108,96530,4,2023,,,
Essex,107,84847,5,2023,,,
Essex,108,92396,6,2023,,,
Essex,108,93861,7,2023,,,
Essex,113,93980,8,2023,,,
Essex,120,103483,9,2023,,,
Essex,122,103590,10,2023,,,
Essex,120,101965,11,2023,,,
Essex,123,103046,12,2023,,,
Essex,115,95912,1,2024,,,
Essex,131,109744,2,2024,,,
Essex,122,99389,3,2024,,,
Essex,127,104485,4,2024,,,
Essex,116,101665,5,2024,,,
Essex,122,119609,6,2024,,,
Essex,126,116400,7,2024,,,
Essex,133,123584,8,2024,,,
Essex,128,108470,9,2024,,,
Essex,136,105533,10,2024,,,
Essex,136,114354,11,2024,,,
Essex,137,107653,12,2024,,,
Essex,141,118076,1,2025,,,
Essex,142,118276,2,2025,,,
Essex,135,100863,3,2025,,,
Essex,144,114491,4,2025,,,
Essex,144,121339,5,2025,,,
Essex,135,115035,6,2025,,,
Fairfax County,2493,1925000,7,2017,,,
Fairfax County,2390,1808017,8,2017,,,
Fairfax County,2424,1842253,9,2017,,,
Fairfax County,2516,1569467,10,2017,,,
Fairfax County,2376,1631819,11,2017,,,
Fairfax County,2382,1716842,12,2017,,,
Fairfax County,2308,1580539,1,2018,,,
Fairfax County,2342,1789760,2,2018,,,
Fairfax County,2299,1515244,3,2018,,,
Fairfax County,2294,1641157,4,2018,,,
Fairfax County,2277,1583368,5,2018,,,
Fairfax County,2256,1701564,6,2018,,,
Fairfax County,2298,2331330,7,2018,,,
Fairfax County,2210,2376460,8,2018,,,
Fairfax County,2169,2288454,9,2018,,,
Fairfax County,2020,1788110,10,2018,,,
Fairfax County,1957,1986175,11,2018,,,
Fairfax County,1943,1901171,12,2018,,,
Fairfax County,1927,1844762,1,2019,,,
Fairfax County,1900,2024236,2,2019,,,
Fairfax County,1903,1716536,3,2019,,,
Fairfax County,1980,1869665,4,2019,,,
Fairfax County,2090,2086857,5,2019,,,
Fairfax County,2131,2197629,6,2019,,,
Fairfax County,2201,2073417.41,7,2019,,,
Fairfax County,2209,2320342.89,8,2019,,,
Fairfax County,2225,2156462.29,9,2019,,,
Fairfax County,2288,2003934.29,10,2019,,,
Fairfax County,2316,2239421.82,11,2019,,,
Fairfax County,2328,2097368.96,12,2019,,,
Fairfax County,2377,2234400.46,1,2020,,,
Fairfax County,2417,2455883.06,2,2020,,,
Fairfax County,2371,2082962.64,3,2020,,,
Fairfax County,2337,1908966.66,4,2020,,,
Fairfax County,1689,1708637.75,5,2020,,,
Fairfax County,1963,2219320.94,6,2020,,,
Fairfax County,1999,2707679.87,7,2020,,,
Fairfax County,1915,2154646.6,8,2020,,,
Fairfax County,1796,1858997.4,9,2020,,,
Fairfax County,1910,1765120.4,10,2020,,,
Fairfax County,1727,1752016.8,11,2020,,,
Fairfax County,1716,1676539.3,12,2020,,,
Fairfax County,1642,1682994.9,1,2021,,,
Fairfax County,1627,1549171.1,2,2021,,,
Fairfax County,1639,1480076.12,3,2021,,,
Fairfax County,1652,1797130.1,4,2021,,,
Fairfax County,1689,1936290.49,5,2021,,,
Fairfax County,1815,2005373.31,6,2021,,,
Fairfax County,1974,2553205.9,7,2021,,,
Fairfax County,2047,2521077.1,8,2021,,,
Fairfax County,2211,2526471.1,9,2021,,,
Fairfax County,2277,2531745.71,10,2021,,,
Fairfax County,2308,2481773.45,11,2021,,,
Fairfax County,2394,2796655.58,12,2021,,,
Fairfax County,2485,3057473.47,1,2022,,,
Fairfax County,2548,2811788.67,2,2022,,,
Fairfax County,2603,2727064.98,3,2022,,,
Fairfax County,2727,3330732.38,4,2022,,,
Fairfax County,2791,3146247.3,5,2022,,,
Fairfax County,2828,3263232,6,2022,,,
Fairfax County,2894,3751954.99,7,2022,,,
Fairfax County,2781,3369969.47,8,2022,,,
Fairfax County,2923,3560328.19,9,2022,,,
Fairfax County,2880,3300775.08,10,2022,,,
Fairfax County,2956,3624409.32,11,2022,,,
Fairfax County,3048,3896529.05,12,2022,,,
Fairfax County,3099,4058037.52,1,2023,,,
Fairfax County,3176,3923291.98,2,2023,,,
Fairfax County,3181,3583204.51,3,2023,,,
Fairfax County,3250,4234817.46,4,2023,,,
Fairfax County,3320,3846503.55,5,2023,,,
Fairfax County,3390,4424634.64,6,2023,,,
Fairfax County,3502,4749201.52,7,2023,,,
Fairfax County,3479,4445757.6,8,2023,,,
Fairfax County,3596,5144925.66,9,2023,,,
Fairfax County,3422,4407741,10,2023,,,
Fairfax County,3502,4723245.61,11,2023,,,
Fairfax County,3592,5038315.22,12,2023,,,
Fairfax County,3699,4933691.42,1,2024,,,
Fairfax County,3787,5401536.18,2,2024,,,
Fairfax County,3820,4955572.15,3,2024,,,
Fairfax County,3904,5197733.94,4,2024,,,
Fairfax County,3988,5505145.38,5,2024,,,
Fairfax County,4051,5870181.96,6,2024,,,
Fairfax County,4173,5742007.53,7,2024,,,
Fairfax County,4227,6503051.4,8,2024,,,
Fairfax County,4256,5657520.44,9,2024,,,
Fairfax County,4013,5071018.98,10,2024,,,
Fairfax County,3994,5636287,11,2024,,,
Fairfax County,4047,5318430,12,2024,,,
Fairfax County,4129,5646976,1,2025,,,
Fairfax County,4190,5968376,2,2025,,,
Fairfax County,4219,5196604,3,2025,,,
Fairfax County,4300,5537792,4,2025,,,
Fairfax County,4356,6017847,5,2025,,,
Fairfax County,4268,5848413,6,2025,,,
Fauquier,94,53758,7,2017,,,
Fauquier,94,47253,8,2017,,,
Fauquier,94,43214,9,2017,,,
Fauquier,82,35434,10,2017,,,
Fauquier,85,41393,11,2017,,,
Fauquier,83,33470,12,2017,,,
Fauquier,84,30732,1,2018,,,
Fauquier,91,40982,2,2018,,,
Fauquier,91,32450,3,2018,,,
Fauquier,89,32934,4,2018,,,
Fauquier,96,42374,5,2018,,,
Fauquier,88,41909,6,2018,,,
Fauquier,83,55931,7,2018,,,
Fauquier,83,56945,8,2018,,,
Fauquier,77,43269,9,2018,,,
Fauquier,70,35000,10,2018,,,
Fauquier,67,42116,11,2018,,,
Fauquier,67,41001,12,2018,,,
Fauquier,69,43315,1,2019,,,
Fauquier,68,42957,2,2019,,,
Fauquier,70,38301,3,2019,,,
Fauquier,68,41760,4,2019,,,
Fauquier,84,50909,5,2019,,,
Fauquier,83,51430,6,2019,,,
Fauquier,100,68942.8,7,2019,,,
Fauquier,96,65069,8,2019,,,
Fauquier,85,44892.2,9,2019,,,
Fauquier,87,44499.4,10,2019,,,
Fauquier,89,56402.8,11,2019,,,
Fauquier,88,47809.4,12,2019,,,
Fauquier,85,50357.4,1,2020,,,
Fauquier,82,54881.6,2,2020,,,
Fauquier,90,53787.8,3,2020,,,
Fauquier,92,50877.8,4,2020,,,
Fauquier,61,43041.8,5,2020,,,
Fauquier,86,71934,6,2020,,,
Fauquier,70,64347.4,7,2020,,,
Fauquier,77,51312.2,8,2020,,,
Fauquier,79,48930.6,9,2020,,,
Fauquier,80,51931,10,2020,,,
Fauquier,80,64271,11,2020,,,
Fauquier,68,44867.8,12,2020,,,
Fauquier,71,44944.8,1,2021,,,
Fauquier,67,42146.4,2,2021,,,
Fauquier,69,43315.6,3,2021,,,
Fauquier,69,48155.2,4,2021,,,
Fauquier,66,43961,5,2021,,,
Fauquier,67,44309.2,6,2021,,,
Fauquier,72,65060.6,7,2021,,,
Fauquier,73,64211,8,2021,,,
Fauquier,81,54256.4,9,2021,,,
Fauquier,87,61864.2,10,2021,,,
Fauquier,84,62351.4,11,2021,,,
Fauquier,86,67721.05,12,2021,,,
Fauquier,93,72123.45,1,2022,,,
Fauquier,97,67608.25,2,2022,,,
Fauquier,99,65339.55,3,2022,,,
Fauquier,109,87102.55,4,2022,,,
Fauquier,112,82981.85,5,2022,,,
Fauquier,114,86644.5,6,2022,,,
Fauquier,105,98778.6,7,2022,,,
Fauquier,109,91533.6,8,2022,,,
Fauquier,113,85381.3,9,2022,,,
Fauquier,121,86340.3,10,2022,,,
Fauquier,127,109238,11,2022,,,
Fauquier,137,123046,12,2022,,,
Fauquier,138,128178,1,2023,,,
Fauquier,146,121899,2,2023,,,
Fauquier,150,107504,3,2023,,,
Fauquier,155,139973,4,2023,,,
Fauquier,161,119306,5,2023,,,
Fauquier,157,143323,6,2023,,,
Fauquier,175,172696,7,2023,,,
Fauquier,169,148375,8,2023,,,
Fauquier,186,148711,9,2023,,,
Fauquier,177,144982,10,2023,,,
Fauquier,185,153066,11,2023,,,
Fauquier,189,163941,12,2023,,,
Fauquier,185,152542,1,2024,,,
Fauquier,190,173492,2,2024,,,
Fauquier,185,158883,3,2024,,,
Fauquier,190,156569,4,2024,,,
Fauquier,198,174687,5,2024,,,
Fauquier,186,170946,6,2024,,,
Fauquier,176,167525,7,2024,,,
Fauquier,179,181593,8,2024,,,
Fauquier,167,138199,9,2024,,,
Fauquier,158,126841,10,2024,,,
Fauquier,149,135864,11,2024,,,
Fauquier,147,124331,12,2024,,,
Fauquier,150,133383,1,2025,,,
Fauquier,160,152793,2,2025,,,
Fauquier,156,122959,3,2025,,,
Fauquier,158,139808,4,2025,,,
Fauquier,164,145561,5,2025,,,
Fauquier,166,149867,6,2025,,,
Floyd,REDACTED,957,7,2017,,,
Floyd,REDACTED,850,8,2017,,,
Floyd,REDACTED,1001,9,2017,,,
Floyd,REDACTED,738,10,2017,,,
Floyd,REDACTED,719,11,2017,,,
Floyd,REDACTED,576,12,2017,,,
Floyd,REDACTED,956,1,2018,,,
Floyd,REDACTED,1828,2,2018,,,
Floyd,REDACTED,897,3,2018,,,
Floyd,REDACTED,1377,4,2018,,,
Floyd,REDACTED,1383,5,2018,,,
Floyd,REDACTED,1445,6,2018,,,
Floyd,REDACTED,2841,7,2018,,,
Floyd,REDACTED,2262,8,2018,,,
Floyd,REDACTED,2824,9,2018,,,
Floyd,REDACTED,2972,10,2018,,,
Floyd,REDACTED,3318,11,2018,,,
Floyd,REDACTED,3216,12,2018,,,
Floyd,10,3062,1,2019,,,
Floyd,REDACTED,2518,2,2019,,,
Floyd,11,5209,3,2019,,,
Floyd,10,4588,4,2019,,,
Floyd,14,5893,5,2019,,,
Floyd,14,8069,6,2019,,,
Floyd,17,6062,7,2019,,,
Floyd,19,8847,8,2019,,,
Floyd,16,7006,9,2019,,,
Floyd,16,7103,10,2019,,,
Floyd,18,8291,11,2019,,,
Floyd,16,6295,12,2019,,,
Floyd,15,5995,1,2020,,,
Floyd,16,7425,2,2020,,,
Floyd,20,7608,3,2020,,,
Floyd,18,6166,4,2020,,,
Floyd,14,5767,5,2020,,,
Floyd,15,5805,6,2020,,,
Floyd,19,15081,7,2020,,,
Floyd,21,11637,8,2020,,,
Floyd,16,6184,9,2020,,,
Floyd,15,7245,10,2020,,,
Floyd,17,8091.59,11,2020,,,
Floyd,18,8419.06,12,2020,,,
Floyd,19,6461.37,1,2021,,,
Floyd,13,5942.58,2,2021,,,
Floyd,16,5170.97,3,2021,,,
Floyd,14,6252.27,4,2021,,,
Floyd,14,6115.78,5,2021,,,
Floyd,14,7038.32,6,2021,,,
Floyd,23,15634.11,7,2021,,,
Floyd,21,13399.78,8,2021,,,
Floyd,22,13985.31,9,2021,,,
Floyd,26,15360.66,10,2021,,,
Floyd,26,14326.84,11,2021,,,
Floyd,25,13169.03,12,2021,,,
Floyd,26,14477.85,1,2022,,,
Floyd,33,16327.58,2,2022,,,
Floyd,34,17472,3,2022,,,
Floyd,38,22013.19,4,2022,,,
Floyd,36,20203.06,5,2022,,,
Floyd,36,20093.08,6,2022,,,
Floyd,36,20105.67,7,2022,,,
Floyd,35,19386.33,8,2022,,,
Floyd,29,15844.19,9,2022,,,
Floyd,31,17362.55,10,2022,,,
Floyd,34,24980.24,11,2022,,,
Floyd,38,25750.07,12,2022,,,
Floyd,34,23278.46,1,2023,,,
Floyd,31,22223.12,2,2023,,,
Floyd,33,19399.17,3,2023,,,
Floyd,34,23855.21,4,2023,,,
Floyd,36,23921.34,5,2023,,,
Floyd,36,26652.82,6,2023,,,
Floyd,42,30317.74,7,2023,,,
Floyd,37,28211.22,8,2023,,,
Floyd,35,26490.3,9,2023,,,
Floyd,34,25422.52,10,2023,,,
Floyd,41,32090.43,11,2023,,,
Floyd,46,33163.62,12,2023,,,
Floyd,41,31211.62,1,2024,,,
Floyd,47,38824.48,2,2024,,,
Floyd,49,32615.49,3,2024,,,
Floyd,47,33443.22,4,2024,,,
Floyd,45,35006.3,5,2024,,,
Floyd,44,35770.69,6,2024,,,
Floyd,46,32742.63,7,2024,,,
Floyd,43,35406.37,8,2024,,,
Floyd,48,26594.38,9,2024,,,
Floyd,42,27583.56,10,2024,,,
Floyd,39,26122,11,2024,,,
Floyd,38,22615,12,2024,,,
Floyd,37,24597,1,2025,,,
Floyd,36,22985,2,2025,,,
Floyd,36,18801,3,2025,,,
Floyd,38,22612,4,2025,,,
Floyd,39,24512,5,2025,,,
Floyd,37,23068,6,2025,,,
Fluvanna,28,15863,7,2017,,,
Fluvanna,31,14189,8,2017,,,
Fluvanna,27,13385,9,2017,,,
Fluvanna,26,10703,10,2017,,,
Fluvanna,25,14394,11,2017,,,
Fluvanna,25,11897,12,2017,,,
Fluvanna,22,9487,1,2018,,,
Fluvanna,26,10724,2,2018,,,
Fluvanna,26,11227,3,2018,,,
Fluvanna,26,10023,4,2018,,,
Fluvanna,25,9770,5,2018,,,
Fluvanna,25,12531,6,2018,,,
Fluvanna,21,10582,7,2018,,,
Fluvanna,24,13792,8,2018,,,
Fluvanna,24,12580,9,2018,,,
Fluvanna,21,8919,10,2018,,,
Fluvanna,23,12584,11,2018,,,
Fluvanna,24,11257,12,2018,,,
Fluvanna,24,10970,1,2019,,,
Fluvanna,25,14125,2,2019,,,
Fluvanna,25,12749,3,2019,,,
Fluvanna,22,12046,4,2019,,,
Fluvanna,24,13849,5,2019,,,
Fluvanna,27,15252,6,2019,,,
Fluvanna,24,13621.6,7,2019,,,
Fluvanna,28,19953.4,8,2019,,,
Fluvanna,33,16274.8,9,2019,,,
Fluvanna,36,17053.6,10,2019,,,
Fluvanna,34,17632,11,2019,,,
Fluvanna,30,12573,12,2019,,,
Fluvanna,34,14344.6,1,2020,,,
Fluvanna,36,17235.8,2,2020,,,
Fluvanna,37,15665,3,2020,,,
Fluvanna,33,13034.6,4,2020,,,
Fluvanna,27,13372.5,5,2020,,,
Fluvanna,31,17560.7,6,2020,,,
Fluvanna,30,19720.8,7,2020,,,
Fluvanna,25,12663,8,2020,,,
Fluvanna,26,12712,9,2020,,,
Fluvanna,29,12633,10,2020,,,
Fluvanna,27,13484,11,2020,,,
Fluvanna,25,11782,12,2020,,,
Fluvanna,25,11944,1,2021,,,
Fluvanna,26,12254,2,2021,,,
Fluvanna,26,11138,3,2021,,,
Fluvanna,24,13181,4,2021,,,
Fluvanna,23,12606,5,2021,,,
Fluvanna,24,11948,6,2021,,,
Fluvanna,30,20678.4,7,2021,,,
Fluvanna,35,21435.4,8,2021,,,
Fluvanna,30,15817.6,9,2021,,,
Fluvanna,38,19748.2,10,2021,,,
Fluvanna,40,22949.6,11,2021,,,
Fluvanna,41,26158.4,12,2021,,,
Fluvanna,42,27854.2,1,2022,,,
Fluvanna,46,27499.6,2,2022,,,
Fluvanna,52,31731.4,3,2022,,,
Fluvanna,53,35080.6,4,2022,,,
Fluvanna,60,35982.6,5,2022,,,
Fluvanna,69,44428.8,6,2022,,,
Fluvanna,72,53246.2,7,2022,,,
Fluvanna,72,47492,8,2022,,,
Fluvanna,83,48565.6,9,2022,,,
Fluvanna,69,43601.2,10,2022,,,
Fluvanna,70,59764,11,2022,,,
Fluvanna,74,67421,12,2022,,,
Fluvanna,79,77610.8,1,2023,,,
Fluvanna,88,73820.53,2,2023,,,
Fluvanna,88,70935.7,3,2023,,,
Fluvanna,87,76275.7,4,2023,,,
Fluvanna,86,64739.81,5,2023,,,
Fluvanna,89,78694.06,6,2023,,,
Fluvanna,97,92172.24,7,2023,,,
Fluvanna,87,73137.82,8,2023,,,
Fluvanna,102,83854.55,9,2023,,,
Fluvanna,94,75112.07,10,2023,,,
Fluvanna,91,77683.94,11,2023,,,
Fluvanna,87,75703.94,12,2023,,,
Fluvanna,90,71381.28,1,2024,,,
Fluvanna,87,80057,2,2024,,,
Fluvanna,90,74782,3,2024,,,
Fluvanna,92,76811,4,2024,,,
Fluvanna,91,79108,5,2024,,,
Fluvanna,84,77166,6,2024,,,
Fluvanna,89,79977,7,2024,,,
Fluvanna,85,87226,8,2024,,,
Fluvanna,77,65031,9,2024,,,
Fluvanna,68,54430,10,2024,,,
Fluvanna,75,60485,11,2024,,,
Fluvanna,69,55980,12,2024,,,
Fluvanna,64,56608,1,2025,,,
Fluvanna,68,65865,2,2025,,,
Fluvanna,65,50861,3,2025,,,
Fluvanna,64,51729,4,2025,,,
Fluvanna,77,66751,5,2025,,,
Fluvanna,79,66646,6,2025,,,
Franklin City,33,11997,7,2017,,,
Franklin City,39,13737,8,2017,,,
Franklin City,43,16205,9,2017,,,
Franklin City,35,10413,10,2017,,,
Franklin City,38,13851,11,2017,,,
Franklin City,34,13966,12,2017,,,
Franklin City,34,9817,1,2018,,,
Franklin City,33,11470,2,2018,,,
Franklin City,40,12747,3,2018,,,
Franklin City,37,13869,4,2018,,,
Franklin City,39,12491,5,2018,,,
Franklin City,38,14174,6,2018,,,
Franklin City,38,17539,7,2018,,,
Franklin City,46,19247,8,2018,,,
Franklin City,48,24086,9,2018,,,
Franklin City,41,18044,10,2018,,,
Franklin City,36,18427,11,2018,,,
Franklin City,37,19122,12,2018,,,
Franklin City,36,11636,1,2019,,,
Franklin City,37,19910,2,2019,,,
Franklin City,33,14812,3,2019,,,
Franklin City,35,17008,4,2019,,,
Franklin City,40,17064,5,2019,,,
Franklin City,47,23037,6,2019,,,
Franklin City,53,22477,7,2019,,,
Franklin City,50,26133,8,2019,,,
Franklin City,51,24971,9,2019,,,
Franklin City,50,22492,10,2019,,,
Franklin City,45,24049,11,2019,,,
Franklin City,50,24313,12,2019,,,
Franklin City,45,20606,1,2020,,,
Franklin City,49,26366,2,2020,,,
Franklin City,48,25771,3,2020,,,
Franklin City,52,24745,4,2020,,,
Franklin City,37,19584,5,2020,,,
Franklin City,56,35641,6,2020,,,
Franklin City,49,26320,7,2020,,,
Franklin City,43,33090,8,2020,,,
Franklin City,39,21437,9,2020,,,
Franklin City,42,20163,10,2020,,,
Franklin City,32,16203,11,2020,,,
Franklin City,29,14288,12,2020,,,
Franklin City,27,14428,1,2021,,,
Franklin City,28,13933,2,2021,,,
Franklin City,27,12422,3,2021,,,
Franklin City,28,15173,4,2021,,,
Franklin City,27,14696,5,2021,,,
Franklin City,26,15464,6,2021,,,
Franklin City,29,17158,7,2021,,,
Franklin City,33,21531,8,2021,,,
Franklin City,34,21798,9,2021,,,
Franklin City,30,19283,10,2021,,,
Franklin City,33,19850,11,2021,,,
Franklin City,35,21472,12,2021,,,
Franklin City,41,25644,1,2022,,,
Franklin City,40,23888,2,2022,,,
Franklin City,42,24851,3,2022,,,
Franklin City,42,27959,4,2022,,,
Franklin City,44,25552,5,2022,,,
Franklin City,43,26580.41,6,2022,,,
Franklin City,47,27985.32,7,2022,,,
Franklin City,54,30338.16,8,2022,,,
Franklin City,56,37433.4,9,2022,,,
Franklin City,59,32048.51,10,2022,,,
Franklin City,56,42041.78,11,2022,,,
Franklin City,55,41957.39,12,2022,,,
Franklin City,58,40726.41,1,2023,,,
Franklin City,61,47083.76,2,2023,,,
Franklin City,60,40489.6,3,2023,,,
Franklin City,60,44927.34,4,2023,,,
Franklin City,63,37785.27,5,2023,,,
Franklin City,64,48608.58,6,2023,,,
Franklin City,75,55074.72,7,2023,,,
Franklin City,81,62195.21,8,2023,,,
Franklin City,82,66651.61,9,2023,,,
Franklin City,71,46289.96,10,2023,,,
Franklin City,71,51996.74,11,2023,,,
Franklin City,68,57356.66,12,2023,,,
Franklin City,75,54979.16,1,2024,,,
Franklin City,73,60705.96,2,2024,,,
Franklin City,72,54844.03,3,2024,,,
Franklin City,77,62767.37,4,2024,,,
Franklin City,87,73203.72,5,2024,,,
Franklin City,83,76094.31,6,2024,,,
Franklin City,108,86073,7,2024,,,
Franklin City,101,94764.29,8,2024,,,
Franklin City,103,89385.18,9,2024,,,
Franklin City,102,87688.9,10,2024,,,
Franklin City,106,91684,11,2024,,,
Franklin City,96,78176,12,2024,,,
Franklin City,103,82488,1,2025,,,
Franklin City,100,85176,2,2025,,,
Franklin City,103,81993,3,2025,,,
Franklin City,108,89380,4,2025,,,
Franklin City,105,91078,5,2025,,,
Franklin City,115,92432,6,2025,,,
Franklin County,120,41458,7,2017,,,
Franklin County,113,34889,8,2017,,,
Franklin County,115,33452,9,2017,,,
Franklin County,114,29693,10,2017,,,
Franklin County,107,32823,11,2017,,,
Franklin County,118,37096,12,2017,,,
Franklin County,115,33511,1,2018,,,
Franklin County,117,36100,2,2018,,,
Franklin County,114,33465,3,2018,,,
Franklin County,120,34606,4,2018,,,
Franklin County,124,38522,5,2018,,,
Franklin County,122,36438,6,2018,,,
Franklin County,112,43223,7,2018,,,
Franklin County,99,34326,8,2018,,,
Franklin County,95,32286,9,2018,,,
Franklin County,83,22222,10,2018,,,
Franklin County,86,29790,11,2018,,,
Franklin County,87,27960,12,2018,,,
Franklin County,84,26053,1,2019,,,
Franklin County,87,28076,2,2019,,,
Franklin County,87,26588,3,2019,,,
Franklin County,105,27929,4,2019,,,
Franklin County,106,27976,5,2019,,,
Franklin County,118,31902,6,2019,,,
Franklin County,135,40437.4,7,2019,,,
Franklin County,135,44463,8,2019,,,
Franklin County,143,38464.6,9,2019,,,
Franklin County,129,34453.8,10,2019,,,
Franklin County,140,39189.8,11,2019,,,
Franklin County,144,37487,12,2019,,,
Franklin County,144,37843.4,1,2020,,,
Franklin County,150,43062.4,2,2020,,,
Franklin County,145,38471.6,3,2020,,,
Franklin County,154,42606.6,4,2020,,,
Franklin County,120,48449,5,2020,,,
Franklin County,124,50383,6,2020,,,
Franklin County,115,50355,7,2020,,,
Franklin County,109,42643,8,2020,,,
Franklin County,114,46494,9,2020,,,
Franklin County,123,41964,10,2020,,,
Franklin County,111,37656.56,11,2020,,,
Franklin County,124,45528.68,12,2020,,,
Franklin County,119,42389.84,1,2021,,,
Franklin County,121,41884.42,2,2021,,,
Franklin County,119,33863.86,3,2021,,,
Franklin County,118,43239.4,4,2021,,,
Franklin County,131,47924.1,5,2021,,,
Franklin County,132,49258.4,6,2021,,,
Franklin County,158,74939.54,7,2021,,,
Franklin County,153,77413.24,8,2021,,,
Franklin County,160,66322.44,9,2021,,,
Franklin County,141,60666.4,10,2021,,,
Franklin County,141,57327.24,11,2021,,,
Franklin County,148,63961.24,12,2021,,,
Franklin County,156,73346.59,1,2022,,,
Franklin County,181,82374.31,2,2022,,,
Franklin County,181,69048.56,3,2022,,,
Franklin County,186,79708.76,4,2022,,,
Franklin County,195,76126.68,5,2022,,,
Franklin County,196,82124.34,6,2022,,,
Franklin County,196,102573.76,7,2022,,,
Franklin County,197,91050.98,8,2022,,,
Franklin County,224,93755.66,9,2022,,,
Franklin County,221,93094.66,10,2022,,,
Franklin County,231,156589.59,11,2022,,,
Franklin County,227,166967.81,12,2022,,,
Franklin County,237,165741.75,1,2023,,,
Franklin County,255,160191.88,2,2023,,,
Franklin County,248,149472.59,3,2023,,,
Franklin County,257,183698.4,4,2023,,,
Franklin County,258,155903.59,5,2023,,,
Franklin County,258,176199.19,6,2023,,,
Franklin County,259,197691.78,7,2023,,,
Franklin County,253,181764.99,8,2023,,,
Franklin County,286,172681.93,9,2023,,,
Franklin County,249,160397.53,10,2023,,,
Franklin County,260,166186.89,11,2023,,,
Franklin County,265,178063.58,12,2023,,,
Franklin County,275,170632.86,1,2024,,,
Franklin County,290,197300.61,2,2024,,,
Franklin County,283,190599.1,3,2024,,,
Franklin County,293,184296.23,4,2024,,,
Franklin County,290,196606.71,5,2024,,,
Franklin County,289,196712.36,6,2024,,,
Franklin County,289,198297.15,7,2024,,,
Franklin County,293,232870.11,8,2024,,,
Franklin County,295,181803.31,9,2024,,,
Franklin County,255,147601.14,10,2024,,,
Franklin County,272,179784,11,2024,,,
Franklin County,282,172227,12,2024,,,
Franklin County,292,188568,1,2025,,,
Franklin County,308,206892,2,2025,,,
Franklin County,301,175298,3,2025,,,
Franklin County,283,179333,4,2025,,,
Franklin County,291,190426,5,2025,,,
Franklin County,290,183113,6,2025,,,
Frederick,147,52996,7,2017,,,
Frederick,127,48667,8,2017,,,
Frederick,134,52775,9,2017,,,
Frederick,120,43129,10,2017,,,
Frederick,128,49307,11,2017,,,
Frederick,116,47181,12,2017,,,
Frederick,115,44205,1,2018,,,
Frederick,122,51392,2,2018,,,
Frederick,113,38912,3,2018,,,
Frederick,105,42106,4,2018,,,
Frederick,110,43422,5,2018,,,
Frederick,116,50720,6,2018,,,
Frederick,113,72504,7,2018,,,
Frederick,115,68979,8,2018,,,
Frederick,115,59120,9,2018,,,
Frederick,94,48977,10,2018,,,
Frederick,92,53919,11,2018,,,
Frederick,94,52257,12,2018,,,
Frederick,93,47902,1,2019,,,
Frederick,87,55235,2,2019,,,
Frederick,98,50608,3,2019,,,
Frederick,103,57807,4,2019,,,
Frederick,115,63316,5,2019,,,
Frederick,119,71969,6,2019,,,
Frederick,127,73164.4,7,2019,,,
Frederick,135,75697.8,8,2019,,,
Frederick,142,70769.4,9,2019,,,
Frederick,135,74721.2,10,2019,,,
Frederick,130,77477.2,11,2019,,,
Frederick,126,68902,12,2019,,,
Frederick,129,69217.2,1,2020,,,
Frederick,127,72488.6,2,2020,,,
Frederick,125,61205,3,2020,,,
Frederick,124,65449,4,2020,,,
Frederick,99,63853.4,5,2020,,,
Frederick,124,72034,6,2020,,,
Frederick,116,82379.8,7,2020,,,
Frederick,111,71893.8,8,2020,,,
Frederick,123,76386,9,2020,,,
Frederick,111,44842,10,2020,,,
Frederick,106,64482,11,2020,,,
Frederick,84,47464,12,2020,,,
Frederick,85,49894.4,1,2021,,,
Frederick,90,47239.4,2,2021,,,
Frederick,85,40112,3,2021,,,
Frederick,80,48650.2,4,2021,,,
Frederick,83,48967.2,5,2021,,,
Frederick,78,45437.4,6,2021,,,
Frederick,93,65240,7,2021,,,
Frederick,93,66770.6,8,2021,,,
Frederick,108,68212,9,2021,,,
Frederick,89,61229.6,10,2021,,,
Frederick,94,60032.6,11,2021,,,
Frederick,103,74176.4,12,2021,,,
Frederick,111,83978,1,2022,,,
Frederick,121,78434.8,2,2022,,,
Frederick,127,85847,3,2022,,,
Frederick,132,96980.2,4,2022,,,
Frederick,153,120456,5,2022,,,
Frederick,143,96016,6,2022,,,
Frederick,155,105379.6,7,2022,,,
Frederick,153,103296.4,8,2022,,,
Frederick,151,110261.4,9,2022,,,
Frederick,128,85948.4,10,2022,,,
Frederick,129,105292,11,2022,,,
Frederick,132,115729,12,2022,,,
Frederick,131,115343,1,2023,,,
Frederick,137,113603,2,2023,,,
Frederick,145,110946,3,2023,,,
Frederick,157,138447,4,2023,,,
Frederick,158,124440,5,2023,,,
Frederick,159,139320,6,2023,,,
Frederick,164,155349,7,2023,,,
Frederick,174,140775,8,2023,,,
Frederick,199,159084,9,2023,,,
Frederick,179,150447,10,2023,,,
Frederick,176,155597,11,2023,,,
Frederick,176,159535,12,2023,,,
Frederick,180,157855,1,2024,,,
Frederick,195,178837,2,2024,,,
Frederick,188,156882,3,2024,,,
Frederick,193,156782,4,2024,,,
Frederick,204,178658,5,2024,,,
Frederick,200,186164,6,2024,,,
Frederick,225,197857,7,2024,,,
Frederick,233,219593,8,2024,,,
Frederick,229,184355,9,2024,,,
Frederick,195,162954,10,2024,,,
Frederick,191,172602,11,2024,,,
Frederick,204,168523,12,2024,,,
Frederick,196,171677,1,2025,,,
Frederick,201,172298,2,2025,,,
Frederick,205,172508,3,2025,,,
Frederick,207,170376,4,2025,,,
Frederick,204,185449,5,2025,,,
Frederick,215,181443,6,2025,,,
Fredericksburg,155,89470,7,2017,,,
Fredericksburg,151,82776,8,2017,,,
Fredericksburg,149,83666,9,2017,,,
Fredericksburg,156,65265,10,2017,,,
Fredericksburg,149,79101,11,2017,,,
Fredericksburg,141,71281,12,2017,,,
Fredericksburg,144,69194,1,2018,,,
Fredericksburg,158,80709,2,2018,,,
Fredericksburg,159,78513,3,2018,,,
Fredericksburg,150,77962,4,2018,,,
Fredericksburg,153,69700,5,2018,,,
Fredericksburg,167,93112,6,2018,,,
Fredericksburg,160,106257,7,2018,,,
Fredericksburg,152,106092,8,2018,,,
Fredericksburg,162,113624,9,2018,,,
Fredericksburg,148,78483,10,2018,,,
Fredericksburg,138,87645,11,2018,,,
Fredericksburg,135,80285,12,2018,,,
Fredericksburg,133,74623,1,2019,,,
Fredericksburg,130,87625,2,2019,,,
Fredericksburg,138,74464,3,2019,,,
Fredericksburg,133,82504,4,2019,,,
Fredericksburg,146,102854,5,2019,,,
Fredericksburg,153,97654,6,2019,,,
Fredericksburg,150,94798.68,7,2019,,,
Fredericksburg,158,104384,8,2019,,,
Fredericksburg,157,94043.04,9,2019,,,
Fredericksburg,163,92875.44,10,2019,,,
Fredericksburg,165,114297.52,11,2019,,,
Fredericksburg,166,101948.68,12,2019,,,
Fredericksburg,170,110951.96,1,2020,,,
Fredericksburg,172,120275.8,2,2020,,,
Fredericksburg,181,112669.76,3,2020,,,
Fredericksburg,184,108771.8,4,2020,,,
Fredericksburg,141,105329.8,5,2020,,,
Fredericksburg,154,107282,6,2020,,,
Fredericksburg,157,124196,7,2020,,,
Fredericksburg,165,126711,8,2020,,,
Fredericksburg,167,116636.6,9,2020,,,
Fredericksburg,164,107888,10,2020,,,
Fredericksburg,162,113123.16,11,2020,,,
Fredericksburg,161,110016.16,12,2020,,,
Fredericksburg,155,106972.12,1,2021,,,
Fredericksburg,140,88438.12,2,2021,,,
Fredericksburg,149,88277.28,3,2021,,,
Fredericksburg,155,113019.72,4,2021,,,
Fredericksburg,162,112474.46,5,2021,,,
Fredericksburg,155,105023.86,6,2021,,,
Fredericksburg,170,151324.48,7,2021,,,
Fredericksburg,163,132727.88,8,2021,,,
Fredericksburg,167,112700.92,9,2021,,,
Fredericksburg,140,104265.84,10,2021,,,
Fredericksburg,149,98991.7,11,2021,,,
Fredericksburg,147,114980.4,12,2021,,,
Fredericksburg,149,119448.54,1,2022,,,
Fredericksburg,154,108387.86,2,2022,,,
Fredericksburg,161,116251,3,2022,,,
Fredericksburg,175,136613.28,4,2022,,,
Fredericksburg,175,128262.36,5,2022,,,
Fredericksburg,186,133371.72,6,2022,,,
Fredericksburg,189,149995.64,7,2022,,,
Fredericksburg,193,144983.44,8,2022,,,
Fredericksburg,220,167038.72,9,2022,,,
Fredericksburg,244,183876.68,10,2022,,,
Fredericksburg,242,221484.5,11,2022,,,
Fredericksburg,264,249283,12,2022,,,
Fredericksburg,270,260779.8,1,2023,,,
Fredericksburg,272,254422.88,2,2023,,,
Fredericksburg,269,226800.8,3,2023,,,
Fredericksburg,266,271660.92,4,2023,,,
Fredericksburg,263,219411.52,5,2023,,,
Fredericksburg,254,243827.6,6,2023,,,
Fredericksburg,258,286694.08,7,2023,,,
Fredericksburg,268,253037.5,8,2023,,,
Fredericksburg,291,273237.55,9,2023,,,
Fredericksburg,283,248784.85,10,2023,,,
Fredericksburg,285,277898.7,11,2023,,,
Fredericksburg,287,281746.7,12,2023,,,
Fredericksburg,289,263270.35,1,2024,,,
Fredericksburg,286,283286.05,2,2024,,,
Fredericksburg,279,257157.79,3,2024,,,
Fredericksburg,290,269885.71,4,2024,,,
Fredericksburg,292,282532.67,5,2024,,,
Fredericksburg,315,324200.68,6,2024,,,
Fredericksburg,312,321775.2,7,2024,,,
Fredericksburg,335,361387.18,8,2024,,,
Fredericksburg,333,298657.52,9,2024,,,
Fredericksburg,299,271040.36,10,2024,,,
Fredericksburg,312,313086,11,2024,,,
Fredericksburg,316,292289,12,2024,,,
Fredericksburg,339,333165,1,2025,,,
Fredericksburg,342,355659,2,2025,,,
Fredericksburg,350,312399,3,2025,,,
Fredericksburg,355,337454,4,2025,,,
Fredericksburg,351,341830,5,2025,,,
Fredericksburg,367,352958,6,2025,,,
Galax,18,4544,7,2017,,,
Galax,18,4074,8,2017,,,
Galax,19,4151,9,2017,,,
Galax,14,3329,10,2017,,,
Galax,17,3203,11,2017,,,
Galax,14,2536,12,2017,,,
Galax,18,3083,1,2018,,,
Galax,14,2510,2,2018,,,
Galax,13,2770,3,2018,,,
Galax,12,2406,4,2018,,,
Galax,11,2301,5,2018,,,
Galax,14,3283,6,2018,,,
Galax,15,4022,7,2018,,,
Galax,17,4154,8,2018,,,
Galax,13,3187,9,2018,,,
Galax,REDACTED,2078,10,2018,,,
Galax,REDACTED,2604,11,2018,,,
Galax,11,3621,12,2018,,,
Galax,10,3918,1,2019,,,
Galax,11,4559,2,2019,,,
Galax,12,2790,3,2019,,,
Galax,REDACTED,2210,4,2019,,,
Galax,11,3559,5,2019,,,
Galax,12,4311,6,2019,,,
Galax,10,3128,7,2019,,,
Galax,10,3924,8,2019,,,
Galax,10,3181,9,2019,,,
Galax,REDACTED,3051,10,2019,,,
Galax,REDACTED,3433,11,2019,,,
Galax,REDACTED,2875,12,2019,,,
Galax,REDACTED,2867,1,2020,,,
Galax,REDACTED,3140,2,2020,,,
Galax,REDACTED,2451,3,2020,,,
Galax,REDACTED,2745,4,2020,,,
Galax,REDACTED,2964,5,2020,,,
Galax,REDACTED,2835,6,2020,,,
Galax,REDACTED,3070,7,2020,,,
Galax,REDACTED,2952,8,2020,,,
Galax,REDACTED,2706,9,2020,,,
Galax,REDACTED,2740,10,2020,,,
Galax,REDACTED,2819,11,2020,,,
Galax,REDACTED,2559,12,2020,,,
Galax,REDACTED,2995,1,2021,,,
Galax,REDACTED,2591,2,2021,,,
Galax,REDACTED,2371,3,2021,,,
Galax,REDACTED,2791,4,2021,,,
Galax,REDACTED,3732.2,5,2021,,,
Galax,10,4344,6,2021,,,
Galax,10,5868,7,2021,,,
Galax,16,7706,8,2021,,,
Galax,20,8768,9,2021,,,
Galax,23,9946,10,2021,,,
Galax,26,10093,11,2021,,,
Galax,30,12380,12,2021,,,
Galax,33,14847,1,2022,,,
Galax,32,13319,2,2022,,,
Galax,42,15950,3,2022,,,
Galax,40,18476,4,2022,,,
Galax,43,17209,5,2022,,,
Galax,44,18993,6,2022,,,
Galax,50,26397,7,2022,,,
Galax,50,22552,8,2022,,,
Galax,46,20911,9,2022,,,
Galax,43,18510,10,2022,,,
Galax,48,34967,11,2022,,,
Galax,43,32179,12,2022,,,
Galax,43,32839,1,2023,,,
Galax,40,30589,2,2023,,,
Galax,39,25932,3,2023,,,
Galax,41,29271,4,2023,,,
Galax,45,27423,5,2023,,,
Galax,44,32376,6,2023,,,
Galax,53,40477,7,2023,,,
Galax,51,33637,8,2023,,,
Galax,49,38527,9,2023,,,
Galax,43,30908,10,2023,,,
Galax,54,38680,11,2023,,,
Galax,52,36122,12,2023,,,
Galax,53,38411,1,2024,,,
Galax,55,43179,2,2024,,,
Galax,51,38284,3,2024,,,
Galax,57,38196,4,2024,,,
Galax,49,34303,5,2024,,,
Galax,51,42386,6,2024,,,
Galax,59,41337,7,2024,,,
Galax,54,46023,8,2024,,,
Galax,56,39506,9,2024,,,
Galax,46,34600,10,2024,,,
Galax,46,37971,11,2024,,,
Galax,52,37273,12,2024,,,
Galax,63,46569,1,2025,,,
Galax,57,44902,2,2025,,,
Galax,55,39414,3,2025,,,
Galax,58,43116,4,2025,,,
Galax,59,46449,5,2025,,,
Galax,64,48554,6,2025,,,
Giles,23,8623,7,2017,,,
Giles,23,7354,8,2017,,,
Giles,23,9905,9,2017,,,
Giles,21,6367,10,2017,,,
Giles,23,7742,11,2017,,,
Giles,22,6905,12,2017,,,
Giles,23,7162,1,2018,,,
Giles,20,8462,2,2018,,,
Giles,22,7613,3,2018,,,
Giles,22,8056,4,2018,,,
Giles,28,10328,5,2018,,,
Giles,30,10954,6,2018,,,
Giles,30,12835,7,2018,,,
Giles,36,15821,8,2018,,,
Giles,37,17981,9,2018,,,
Giles,33,12810,10,2018,,,
Giles,33,12445,11,2018,,,
Giles,32,12184,12,2018,,,
Giles,32,11161,1,2019,,,
Giles,32,12146,2,2019,,,
Giles,30,10170,3,2019,,,
Giles,41,14443,4,2019,,,
Giles,42,16388,5,2019,,,
Giles,39,16021,6,2019,,,
Giles,42,16710,7,2019,,,
Giles,44,18810,8,2019,,,
Giles,43,14991.4,9,2019,,,
Giles,34,11078.2,10,2019,,,
Giles,31,12939.8,11,2019,,,
Giles,32,11098.6,12,2019,,,
Giles,32,12271.6,1,2020,,,
Giles,31,14970.6,2,2020,,,
Giles,31,10815.2,3,2020,,,
Giles,44,15378,4,2020,,,
Giles,37,16483,5,2020,,,
Giles,38,18117,6,2020,,,
Giles,41,23969.4,7,2020,,,
Giles,43,19291.8,8,2020,,,
Giles,46,18408.8,9,2020,,,
Giles,46,15171.6,10,2020,,,
Giles,38,15014,11,2020,,,
Giles,43,17228,12,2020,,,
Giles,52,24052.6,1,2021,,,
Giles,49,19477.4,2,2021,,,
Giles,49,16002.6,3,2021,,,
Giles,55,23096.8,4,2021,,,
Giles,60,24618.4,5,2021,,,
Giles,70,30537.6,6,2021,,,
Giles,79,45009.6,7,2021,,,
Giles,82,41172,8,2021,,,
Giles,93,43171.2,9,2021,,,
Giles,98,44304.8,10,2021,,,
Giles,93,38539,11,2021,,,
Giles,95,43032,12,2021,,,
Giles,101,50468.8,1,2022,,,
Giles,104,43091,2,2022,,,
Giles,108,43179.6,3,2022,,,
Giles,108,46200.4,4,2022,,,
Giles,110,44358.4,5,2022,,,
Giles,115,49420.2,6,2022,,,
Giles,109,58967.8,7,2022,,,
Giles,108,54049,8,2022,,,
Giles,101,50225.6,9,2022,,,
Giles,104,41840.8,10,2022,,,
Giles,85,53376,11,2022,,,
Giles,79,53771,12,2022,,,
Giles,95,71800,1,2023,,,
Giles,104,78451,2,2023,,,
Giles,109,58087,3,2023,,,
Giles,119,70403,4,2023,,,
Giles,112,60123,5,2023,,,
Giles,116,72927,6,2023,,,
Giles,123,88483,7,2023,,,
Giles,124,82872,8,2023,,,
Giles,111,74701.26,9,2023,,,
Giles,99,57274.59,10,2023,,,
Giles,94,59717.38,11,2023,,,
Giles,91,60717.38,12,2023,,,
Giles,94,63129.59,1,2024,,,
Giles,99,69971.17,2,2024,,,
Giles,101,58769.47,3,2024,,,
Giles,97,65540.71,4,2024,,,
Giles,102,69244.49,5,2024,,,
Giles,107,74962.8,6,2024,,,
Giles,116,74719,7,2024,,,
Giles,121,95934.98,8,2024,,,
Giles,113,77809.79,9,2024,,,
Giles,98,56252.6,10,2024,,,
Giles,96,61761,11,2024,,,
Giles,93,56422,12,2024,,,
Giles,95,68367,1,2025,,,
Giles,101,72863,2,2025,,,
Giles,105,63495,3,2025,,,
Giles,106,66597,4,2025,,,
Giles,109,72188,5,2025,,,
Giles,106,69416,6,2025,,,
Gloucester,102,47168,7,2017,,,
Gloucester,89,37694,8,2017,,,
Gloucester,86,39069,9,2017,,,
Gloucester,79,29009,10,2017,,,
Gloucester,66,26000,11,2017,,,
Gloucester,64,26442,12,2017,,,
Gloucester,73,29005,1,2018,,,
Gloucester,73,28258,2,2018,,,
Gloucester,63,22300,3,2018,,,
Gloucester,67,26583,4,2018,,,
Gloucester,67,27142,5,2018,,,
Gloucester,68,30520,6,2018,,,
Gloucester,74,36370,7,2018,,,
Gloucester,68,31568,8,2018,,,
Gloucester,63,30406,9,2018,,,
Gloucester,56,21450,10,2018,,,
Gloucester,48,24271,11,2018,,,
Gloucester,51,21862,12,2018,,,
Gloucester,51,19889,1,2019,,,
Gloucester,55,25133,2,2019,,,
Gloucester,59,23445,3,2019,,,
Gloucester,52,22606,4,2019,,,
Gloucester,62,28436,5,2019,,,
Gloucester,65,29547,6,2019,,,
Gloucester,70,30087.2,7,2019,,,
Gloucester,82,36969.8,8,2019,,,
Gloucester,87,42762.2,9,2019,,,
Gloucester,79,25479.4,10,2019,,,
Gloucester,76,29978.6,11,2019,,,
Gloucester,80,26002.4,12,2019,,,
Gloucester,74,24360.6,1,2020,,,
Gloucester,78,30827.8,2,2020,,,
Gloucester,79,27455.4,3,2020,,,
Gloucester,75,27090.4,4,2020,,,
Gloucester,65,32933.2,5,2020,,,
Gloucester,67,38063.8,6,2020,,,
Gloucester,68,45947,7,2020,,,
Gloucester,66,32922.6,8,2020,,,
Gloucester,58,25755,9,2020,,,
Gloucester,66,27629.8,10,2020,,,
Gloucester,57,29934,11,2020,,,
Gloucester,57,25709.6,12,2020,,,
Gloucester,53,24410,1,2021,,,
Gloucester,51,21995,2,2021,,,
Gloucester,51,20889.6,3,2021,,,
Gloucester,55,26582.8,4,2021,,,
Gloucester,62,32106,5,2021,,,
Gloucester,65,30840,6,2021,,,
Gloucester,74,48994.6,7,2021,,,
Gloucester,79,46682.8,8,2021,,,
Gloucester,86,50503,9,2021,,,
Gloucester,81,41443,10,2021,,,
Gloucester,77,40457,11,2021,,,
Gloucester,80,42351.4,12,2021,,,
Gloucester,81,51387,1,2022,,,
Gloucester,79,41384,2,2022,,,
Gloucester,82,43792,3,2022,,,
Gloucester,93,54007,4,2022,,,
Gloucester,90,50598,5,2022,,,
Gloucester,91,51444,6,2022,,,
Gloucester,92,49067.6,7,2022,,,
Gloucester,89,51776.4,8,2022,,,
Gloucester,90,56646,9,2022,,,
Gloucester,92,52414,10,2022,,,
Gloucester,94,63921,11,2022,,,
Gloucester,90,88728,12,2022,,,
Gloucester,88,79733,1,2023,,,
Gloucester,98,74329,2,2023,,,
Gloucester,99,69695,3,2023,,,
Gloucester,100,86420,4,2023,,,
Gloucester,104,72421,5,2023,,,
Gloucester,101,82226,6,2023,,,
Gloucester,116,104217,7,2023,,,
Gloucester,115,89778,8,2023,,,
Gloucester,107,83831,9,2023,,,
Gloucester,81,61372,10,2023,,,
Gloucester,87,66225,11,2023,,,
Gloucester,79,62107,12,2023,,,
Gloucester,77,59097.73,1,2024,,,
Gloucester,82,67037.99,2,2024,,,
Gloucester,79,55197.7,3,2024,,,
Gloucester,87,64424.15,4,2024,,,
Gloucester,92,69863.3,5,2024,,,
Gloucester,96,77705.15,6,2024,,,
Gloucester,100,74128.5,7,2024,,,
Gloucester,116,94181.65,8,2024,,,
Gloucester,118,85538,9,2024,,,
Gloucester,117,92676.27,10,2024,,,
Gloucester,101,76575,11,2024,,,
Gloucester,95,65988,12,2024,,,
Gloucester,101,84040,1,2025,,,
Gloucester,102,80400,2,2025,,,
Gloucester,108,65543,3,2025,,,
Gloucester,100,69129,4,2025,,,
Gloucester,101,74962,5,2025,,,
Gloucester,100,75196,6,2025,,,
Goochland,27,18375,7,2017,,,
Goochland,27,15528,8,2017,,,
Goochland,24,14044,9,2017,,,
Goochland,24,10394,10,2017,,,
Goochland,23,12503,11,2017,,,
Goochland,23,11008,12,2017,,,
Goochland,22,11729,1,2018,,,
Goochland,24,12806,2,2018,,,
Goochland,25,11610,3,2018,,,
Goochland,25,13132,4,2018,,,
Goochland,27,12650,5,2018,,,
Goochland,23,11519,6,2018,,,
Goochland,27,18861,7,2018,,,
Goochland,25,16176,8,2018,,,
Goochland,23,17222,9,2018,,,
Goochland,17,9360,10,2018,,,
Goochland,13,10090,11,2018,,,
Goochland,REDACTED,6032,12,2018,,,
Goochland,12,6671,1,2019,,,
Goochland,12,7194,2,2019,,,
Goochland,15,8173,3,2019,,,
Goochland,14,8982,4,2019,,,
Goochland,16,9867,5,2019,,,
Goochland,13,9675,6,2019,,,
Goochland,13,6971,7,2019,,,
Goochland,16,12041,8,2019,,,
Goochland,15,9911.4,9,2019,,,
Goochland,12,7822.2,10,2019,,,
Goochland,15,11009,11,2019,,,
Goochland,16,7562,12,2019,,,
Goochland,15,8093.8,1,2020,,,
Goochland,17,7889.2,2,2020,,,
Goochland,13,6810.2,3,2020,,,
Goochland,12,6670,4,2020,,,
Goochland,13,8108,5,2020,,,
Goochland,10,6979,6,2020,,,
Goochland,11,9229,7,2020,,,
Goochland,11,7942,8,2020,,,
Goochland,10,4962,9,2020,,,
Goochland,REDACTED,5414,10,2020,,,
Goochland,10,5299.2,11,2020,,,
Goochland,14,8371.2,12,2020,,,
Goochland,15,8960.8,1,2021,,,
Goochland,12,6956.4,2,2021,,,
Goochland,REDACTED,4993.8,3,2021,,,
Goochland,REDACTED,6150.2,4,2021,,,
Goochland,REDACTED,5567.6,5,2021,,,
Goochland,REDACTED,5609.6,6,2021,,,
Goochland,17,11181.8,7,2021,,,
Goochland,15,13426,8,2021,,,
Goochland,16,12290.4,9,2021,,,
Goochland,11,9015,10,2021,,,
Goochland,REDACTED,7022.4,11,2021,,,
Goochland,REDACTED,7454.2,12,2021,,,
Goochland,13,11340.8,1,2022,,,
Goochland,13,8466,2,2022,,,
Goochland,11,7625.4,3,2022,,,
Goochland,11,9857,4,2022,,,
Goochland,15,10198.8,5,2022,,,
Goochland,15,12645.8,6,2022,,,
Goochland,17,14640,7,2022,,,
Goochland,16,14830,8,2022,,,
Goochland,19,15122.8,9,2022,,,
Goochland,19,13834.4,10,2022,,,
Goochland,19,17258,11,2022,,,
Goochland,21,16538,12,2022,,,
Goochland,23,23493.8,1,2023,,,
Goochland,22,17572.9,2,2023,,,
Goochland,21,15108.7,3,2023,,,
Goochland,22,18075.84,4,2023,,,
Goochland,23,15985.9,5,2023,,,
Goochland,17,15054.91,6,2023,,,
Goochland,16,16825.74,7,2023,,,
Goochland,15,11661.57,8,2023,,,
Goochland,14,14971.91,9,2023,,,
Goochland,16,12905.57,10,2023,,,
Goochland,19,14973.74,11,2023,,,
Goochland,22,19439.16,12,2023,,,
Goochland,22,19694.99,1,2024,,,
Goochland,24,21465.55,2,2024,,,
Goochland,25,21035.76,3,2024,,,
Goochland,25,21672.76,4,2024,,,
Goochland,24,22038.32,5,2024,,,
Goochland,29,31054.88,6,2024,,,
Goochland,31,26317.2,7,2024,,,
Goochland,31,30674.88,8,2024,,,
Goochland,33,27792.32,9,2024,,,
Goochland,34,26466.02,10,2024,,,
Goochland,33,27439,11,2024,,,
Goochland,34,27642,12,2024,,,
Goochland,33,28024,1,2025,,,
Goochland,30,28619,2,2025,,,
Goochland,33,28929,3,2025,,,
Goochland,28,25211,4,2025,,,
Goochland,27,27827,5,2025,,,
Goochland,28,22446,6,2025,,,
Grayson,15,4223,7,2017,,,
Grayson,16,4654,8,2017,,,
Grayson,20,4919,9,2017,,,
Grayson,11,2309,10,2017,,,
Grayson,12,2712,11,2017,,,
Grayson,13,2825,12,2017,,,
Grayson,12,2288,1,2018,,,
Grayson,12,2416,2,2018,,,
Grayson,16,3517,3,2018,,,
Grayson,14,2464,4,2018,,,
Grayson,13,2514,5,2018,,,
Grayson,11,2137,6,2018,,,
Grayson,REDACTED,2839,7,2018,,,
Grayson,REDACTED,2989,8,2018,,,
Grayson,REDACTED,2943,9,2018,,,
Grayson,REDACTED,2327,10,2018,,,
Grayson,REDACTED,2743,11,2018,,,
Grayson,REDACTED,1765,12,2018,,,
Grayson,REDACTED,1961,1,2019,,,
Grayson,REDACTED,2437,2,2019,,,
Grayson,REDACTED,2297,3,2019,,,
Grayson,REDACTED,2477,4,2019,,,
Grayson,11,2810,5,2019,,,
Grayson,11,3671,6,2019,,,
Grayson,12,3206,7,2019,,,
Grayson,11,3380,8,2019,,,
Grayson,13,2209,9,2019,,,
Grayson,REDACTED,1696,10,2019,,,
Grayson,10,2701,11,2019,,,
Grayson,REDACTED,2089,12,2019,,,
Grayson,10,2472,1,2020,,,
Grayson,11,2637,2,2020,,,
Grayson,REDACTED,2301,3,2020,,,
Grayson,REDACTED,2505,4,2020,,,
Grayson,REDACTED,1265,5,2020,,,
Grayson,REDACTED,1763,6,2020,,,
Grayson,12,3467,7,2020,,,
Grayson,11,3936,8,2020,,,
Grayson,11,3326,9,2020,,,
Grayson,REDACTED,2557,10,2020,,,
Grayson,REDACTED,2160,11,2020,,,
Grayson,REDACTED,1980,12,2020,,,
Grayson,REDACTED,2300,1,2021,,,
Grayson,REDACTED,3408,2,2021,,,
Grayson,12,3215,3,2021,,,
Grayson,REDACTED,3263,4,2021,,,
Grayson,REDACTED,3387,5,2021,,,
Grayson,10,3379,6,2021,,,
Grayson,10,4876,7,2021,,,
Grayson,10,4576,8,2021,,,
Grayson,11,4749,9,2021,,,
Grayson,10,3775,10,2021,,,
Grayson,10,3892,11,2021,,,
Grayson,REDACTED,2848,12,2021,,,
Grayson,10,3553,1,2022,,,
Grayson,REDACTED,2412,2,2022,,,
Grayson,REDACTED,2286,3,2022,,,
Grayson,REDACTED,2128,4,2022,,,
Grayson,REDACTED,2886,5,2022,,,
Grayson,REDACTED,3896,6,2022,,,
Grayson,14,6119,7,2022,,,
Grayson,15,5911,8,2022,,,
Grayson,16,6112,9,2022,,,
Grayson,13,5175.6,10,2022,,,
Grayson,14,8202,11,2022,,,
Grayson,16,12713,12,2022,,,
Grayson,20,16459,1,2023,,,
Grayson,20,14570,2,2023,,,
Grayson,20,10975,3,2023,,,
Grayson,18,12328,4,2023,,,
Grayson,18,10535,5,2023,,,
Grayson,20,12350,6,2023,,,
Grayson,21,15428,7,2023,,,
Grayson,23,14354,8,2023,,,
Grayson,22,14549,9,2023,,,
Grayson,REDACTED,5560,10,2023,,,
Grayson,17,10344,11,2023,,,
Grayson,19,12446,12,2023,,,
Grayson,21,11197,1,2024,,,
Grayson,26,18920,2,2024,,,
Grayson,24,18257,3,2024,,,
Grayson,24,17765,4,2024,,,
Grayson,24,20792,5,2024,,,
Grayson,31,20291,6,2024,,,
Grayson,29,21011,7,2024,,,
Grayson,27,22259,8,2024,,,
Grayson,27,16883,9,2024,,,
Grayson,22,15945,10,2024,,,
Grayson,25,15173,11,2024,,,
Grayson,21,13151,12,2024,,,
Grayson,21,13748,1,2025,,,
Grayson,21,15146,2,2025,,,
Grayson,24,13214,3,2025,,,
Grayson,24,20100,4,2025,,,
Grayson,26,20659,5,2025,,,
Grayson,22,19380,6,2025,,,
Greene,19,9582,7,2017,,,
Greene,17,8667,8,2017,,,
Greene,17,6107,9,2017,,,
Greene,16,5716,10,2017,,,
Greene,16,7743,11,2017,,,
Greene,19,8429,12,2017,,,
Greene,19,10585,1,2018,,,
Greene,19,10017,2,2018,,,
Greene,19,10660,3,2018,,,
Greene,19,9156,4,2018,,,
Greene,21,10675,5,2018,,,
Greene,20,10987,6,2018,,,
Greene,21,14759,7,2018,,,
Greene,21,12100,8,2018,,,
Greene,17,9378,9,2018,,,
Greene,17,11840,10,2018,,,
Greene,19,10100,11,2018,,,
Greene,19,9766,12,2018,,,
Greene,19,9625,1,2019,,,
Greene,19,9289,2,2019,,,
Greene,19,8544,3,2019,,,
Greene,19,8663,4,2019,,,
Greene,19,9197,5,2019,,,
Greene,19,9306,6,2019,,,
Greene,15,7201,7,2019,,,
Greene,16,7910,8,2019,,,
Greene,16,6415,9,2019,,,
Greene,15,6056,10,2019,,,
Greene,16,6715,11,2019,,,
Greene,17,6764,12,2019,,,
Greene,18,8424.2,1,2020,,,
Greene,20,12817.4,2,2020,,,
Greene,18,7109,3,2020,,,
Greene,20,10322.6,4,2020,,,
Greene,18,4860,5,2020,,,
Greene,REDACTED,3753,6,2020,,,
Greene,18,6760,7,2020,,,
Greene,18,11498,8,2020,,,
Greene,17,8665,9,2020,,,
Greene,21,6904,10,2020,,,
Greene,13,5560,11,2020,,,
Greene,16,7093,12,2020,,,
Greene,15,7369,1,2021,,,
Greene,15,6169,2,2021,,,
Greene,14,5167,3,2021,,,
Greene,15,8314,4,2021,,,
Greene,16,10128,5,2021,,,
Greene,15,8685,6,2021,,,
Greene,16,10249,7,2021,,,
Greene,15,9936,8,2021,,,
Greene,16,9391,9,2021,,,
Greene,18,10302,10,2021,,,
Greene,19,9844,11,2021,,,
Greene,16,10198,12,2021,,,
Greene,16,10710,1,2022,,,
Greene,18,10681,2,2022,,,
Greene,16,9213,3,2022,,,
Greene,20,12136,4,2022,,,
Greene,23,13755,5,2022,,,
Greene,30,16712,6,2022,,,
Greene,35,25983,7,2022,,,
Greene,45,28869,8,2022,,,
Greene,50,32166,9,2022,,,
Greene,47,32644,10,2022,,,
Greene,49,41961,11,2022,,,
Greene,60,49964,12,2022,,,
Greene,58,53744.9,1,2023,,,
Greene,57,49518,2,2023,,,
Greene,59,46723.75,3,2023,,,
Greene,66,58860.9,4,2023,,,
Greene,71,55238,5,2023,,,
Greene,80,79924.9,6,2023,,,
Greene,80,76821.6,7,2023,,,
Greene,79,70513.3,8,2023,,,
Greene,83,68559.66,9,2023,,,
Greene,78,60405.14,10,2023,,,
Greene,81,70737.3,11,2023,,,
Greene,99,78521.11,12,2023,,,
Greene,94,59340.64,1,2024,,,
Greene,52,54620.12,2,2024,,,
Greene,55,44530.29,3,2024,,,
Greene,102,154336.09,4,2024,,,
Greene,103,80033.38,5,2024,,,
Greene,109,90201.01,6,2024,,,
Greene,102,86437.61,7,2024,,,
Greene,101,90862.35,8,2024,,,
Greene,97,71623.77,9,2024,,,
Greene,90,67872.99,10,2024,,,
Greene,88,73532.34,11,2024,,,
Greene,83,64990.68,12,2024,,,
Greene,89,64698.34,1,2025,,,
Greene,84,70420.34,2,2025,,,
Greene,90,59332.34,3,2025,,,
Greene,92,65852,4,2025,,,
Greene,88,68328,5,2025,,,
Greene,91,69151,6,2025,,,
Greensville,88,19742,7,2017,,,
Greensville,81,19913,8,2017,,,
Greensville,75,19209,9,2017,,,
Greensville,83,20567,10,2017,,,
Greensville,78,22305,11,2017,,,
Greensville,76,21272,12,2017,,,
Greensville,74,18930,1,2018,,,
Greensville,67,17740,2,2018,,,
Greensville,64,18204,3,2018,,,
Greensville,63,16970,4,2018,,,
Greensville,61,17811,5,2018,,,
Greensville,60,19469,6,2018,,,
Greensville,58,21946,7,2018,,,
Greensville,56,21089,8,2018,,,
Greensville,59,24028,9,2018,,,
Greensville,57,17926,10,2018,,,
Greensville,54,26442,11,2018,,,
Greensville,52,18752,12,2018,,,
Greensville,43,14912,1,2019,,,
Greensville,55,26192,2,2019,,,
Greensville,55,22943,3,2019,,,
Greensville,54,23968,4,2019,,,
Greensville,58,24236,5,2019,,,
Greensville,52,27783,6,2019,,,
Greensville,55,23096,7,2019,,,
Greensville,64,30187,8,2019,,,
Greensville,61,22978,9,2019,,,
Greensville,63,21434,10,2019,,,
Greensville,63,23109,11,2019,,,
Greensville,67,22200,12,2019,,,
Greensville,67,22637,1,2020,,,
Greensville,71,27815,2,2020,,,
Greensville,66,20069,3,2020,,,
Greensville,64,21748,4,2020,,,
Greensville,59,23646,5,2020,,,
Greensville,60,23020,6,2020,,,
Greensville,56,24440,7,2020,,,
Greensville,55,24388,8,2020,,,
Greensville,56,24553,9,2020,,,
Greensville,56,16600.8,10,2020,,,
Greensville,44,16725.2,11,2020,,,
Greensville,39,12317,12,2020,,,
Greensville,36,12069,1,2021,,,
Greensville,31,11071,2,2021,,,
Greensville,32,10332,3,2021,,,
Greensville,34,12716,4,2021,,,
Greensville,31,12106,5,2021,,,
Greensville,31,12155,6,2021,,,
Greensville,35,15701.8,7,2021,,,
Greensville,31,13532,8,2021,,,
Greensville,36,16785,9,2021,,,
Greensville,41,17368.6,10,2021,,,
Greensville,40,18074.8,11,2021,,,
Greensville,36,17348,12,2021,,,
Greensville,35,17354.4,1,2022,,,
Greensville,37,16578,2,2022,,,
Greensville,41,17036.4,3,2022,,,
Greensville,46,21872.2,4,2022,,,
Greensville,48,20381.6,5,2022,,,
Greensville,50,23313.2,6,2022,,,
Greensville,56,25124.4,7,2022,,,
Greensville,57,25434.4,8,2022,,,
Greensville,57,29282.8,9,2022,,,
Greensville,65,28157.4,10,2022,,,
Greensville,63,42389,11,2022,,,
Greensville,72,49342,12,2022,,,
Greensville,78,53041,1,2023,,,
Greensville,84,55288.6,2,2023,,,
Greensville,84,52696,3,2023,,,
Greensville,79,53212,4,2023,,,
Greensville,76,42978,5,2023,,,
Greensville,76,51224,6,2023,,,
Greensville,72,52996,7,2023,,,
Greensville,63,47473,8,2023,,,
Greensville,67,53134,9,2023,,,
Greensville,76,58684,10,2023,,,
Greensville,74,56510,11,2023,,,
Greensville,82,61460,12,2023,,,
Greensville,89,68792,1,2024,,,
Greensville,92,77965,2,2024,,,
Greensville,86,63126,3,2024,,,
Greensville,90,64735,4,2024,,,
Greensville,93,73745,5,2024,,,
Greensville,101,80933,6,2024,,,
Greensville,102,83465,7,2024,,,
Greensville,102,91361,8,2024,,,
Greensville,97,74408,9,2024,,,
Greensville,89,64218,10,2024,,,
Greensville,94,72453,11,2024,,,
Greensville,98,75245,12,2024,,,
Greensville,100,78201,1,2025,,,
Greensville,99,82939,2,2025,,,
Greensville,101,69884,3,2025,,,
Greensville,103,73503,4,2025,,,
Greensville,104,80979,5,2025,,,
Greensville,103,81000,6,2025,,,
Halifax,38,14398,7,2017,,,
Halifax,42,13515,8,2017,,,
Halifax,51,18175,9,2017,,,
Halifax,55,14663,10,2017,,,
Halifax,51,15173,11,2017,,,
Halifax,45,13239,12,2017,,,
Halifax,41,11518,1,2018,,,
Halifax,40,11941,2,2018,,,
Halifax,38,11235,3,2018,,,
Halifax,36,11654,4,2018,,,
Halifax,36,11350,5,2018,,,
Halifax,39,12807,6,2018,,,
Halifax,43,21864,7,2018,,,
Halifax,41,19760,8,2018,,,
Halifax,43,16167,9,2018,,,
Halifax,42,14630,10,2018,,,
Halifax,35,13458,11,2018,,,
Halifax,34,12225,12,2018,,,
Halifax,39,12196,1,2019,,,
Halifax,36,14454,2,2019,,,
Halifax,38,12801,3,2019,,,
Halifax,38,15169,4,2019,,,
Halifax,42,15450,5,2019,,,
Halifax,45,17551,6,2019,,,
Halifax,44,21257,7,2019,,,
Halifax,48,22171,8,2019,,,
Halifax,52,20609,9,2019,,,
Halifax,50,20810,10,2019,,,
Halifax,50,21718,11,2019,,,
Halifax,50,20272,12,2019,,,
Halifax,49,20400,1,2020,,,
Halifax,53,22497,2,2020,,,
Halifax,50,18376,3,2020,,,
Halifax,49,19864,4,2020,,,
Halifax,49,23962,5,2020,,,
Halifax,49,23332,6,2020,,,
Halifax,55,30034,7,2020,,,
Halifax,55,24062,8,2020,,,
Halifax,38,12409,9,2020,,,
Halifax,36,14264,10,2020,,,
Halifax,30,12469,11,2020,,,
Halifax,31,13197,12,2020,,,
Halifax,27,13229,1,2021,,,
Halifax,35,14596,2,2021,,,
Halifax,32,12125,3,2021,,,
Halifax,35,17363,4,2021,,,
Halifax,42,21988,5,2021,,,
Halifax,47,21462,6,2021,,,
Halifax,51,30020,7,2021,,,
Halifax,59,29311,8,2021,,,
Halifax,76,34938,9,2021,,,
Halifax,77,32832,10,2021,,,
Halifax,80,35272,11,2021,,,
Halifax,82,35903,12,2021,,,
Halifax,84,39757,1,2022,,,
Halifax,89,35228,2,2022,,,
Halifax,81,31540,3,2022,,,
Halifax,93,39912,4,2022,,,
Halifax,91,36915,5,2022,,,
Halifax,93,39192,6,2022,,,
Halifax,99,54149,7,2022,,,
Halifax,107,52890,8,2022,,,
Halifax,102,48658,9,2022,,,
Halifax,95,38166,10,2022,,,
Halifax,95,59298,11,2022,,,
Halifax,96,67464,12,2022,,,
Halifax,98,67918.06,1,2023,,,
Halifax,101,65647.98,2,2023,,,
Halifax,100,62597.99,3,2023,,,
Halifax,102,75140.79,4,2023,,,
Halifax,103,61055.6,5,2023,,,
Halifax,98,71688.14,6,2023,,,
Halifax,115,99839.06,7,2023,,,
Halifax,115,85922.33,8,2023,,,
Halifax,111,85356.79,9,2023,,,
Halifax,99,66583.34,10,2023,,,
Halifax,97,70826.07,11,2023,,,
Halifax,96,66999.07,12,2023,,,
Halifax,110,74665.34,1,2024,,,
Halifax,108,80458.8,2,2024,,,
Halifax,107,69221.33,3,2024,,,
Halifax,102,63211.33,4,2024,,,
Halifax,99,68625.06,5,2024,,,
Halifax,99,72083.79,6,2024,,,
Halifax,112,88440.6,7,2024,,,
Halifax,117,91250.79,8,2024,,,
Halifax,114,68252.38,9,2024,,,
Halifax,90,59340,10,2024,,,
Halifax,107,74832,11,2024,,,
Halifax,109,74200,12,2024,,,
Halifax,105,75725,1,2025,,,
Halifax,103,73648,2,2025,,,
Halifax,103,59572,3,2025,,,
Halifax,93,61539,4,2025,,,
Halifax,91,61932,5,2025,,,
Halifax,95,64460,6,2025,,,
Hampton,506,232890,7,2017,,,
Hampton,467,189718,8,2017,,,
Hampton,469,209833,9,2017,,,
Hampton,487,165593,10,2017,,,
Hampton,460,190803,11,2017,,,
Hampton,430,173227,12,2017,,,
Hampton,441,158379,1,2018,,,
Hampton,434,170302,2,2018,,,
Hampton,428,157825,3,2018,,,
Hampton,448,180899,4,2018,,,
Hampton,499,186255,5,2018,,,
Hampton,490,204945,6,2018,,,
Hampton,485,271387,7,2018,,,
Hampton,467,251391,8,2018,,,
Hampton,457,247468,9,2018,,,
Hampton,438,197214,10,2018,,,
Hampton,451,257926,11,2018,,,
Hampton,457,232659,12,2018,,,
Hampton,465,224263,1,2019,,,
Hampton,474,268776,2,2019,,,
Hampton,489,244647,3,2019,,,
Hampton,524,279010,4,2019,,,
Hampton,559,306806,5,2019,,,
Hampton,559,332019,6,2019,,,
Hampton,581,283052.55,7,2019,,,
Hampton,594,315498.15,8,2019,,,
Hampton,596,294083.4,9,2019,,,
Hampton,594,260740.3,10,2019,,,
Hampton,622,308860.55,11,2019,,,
Hampton,595,269356.7,12,2019,,,
Hampton,640,280684.7,1,2020,,,
Hampton,647,315579.6,2,2020,,,
Hampton,630,256860.5,3,2020,,,
Hampton,586,217014,4,2020,,,
Hampton,390,176233.3,5,2020,,,
Hampton,466,274379.4,6,2020,,,
Hampton,494,317767.2,7,2020,,,
Hampton,482,284163.4,8,2020,,,
Hampton,469,233021.4,9,2020,,,
Hampton,470,207943.6,10,2020,,,
Hampton,424,213498.36,11,2020,,,
Hampton,428,217984.05,12,2020,,,
Hampton,403,192971.35,1,2021,,,
Hampton,410,198004.4,2,2021,,,
Hampton,421,189609.85,3,2021,,,
Hampton,431,228794.59,4,2021,,,
Hampton,442,230057.33,5,2021,,,
Hampton,460,246235.74,6,2021,,,
Hampton,493,353924.46,7,2021,,,
Hampton,500,326962.4,8,2021,,,
Hampton,537,331234.99,9,2021,,,
Hampton,569,332985.92,10,2021,,,
Hampton,567,341353,11,2021,,,
Hampton,607,380776.74,12,2021,,,
Hampton,589,391832.62,1,2022,,,
Hampton,613,367787.18,2,2022,,,
Hampton,639,371930.57,3,2022,,,
Hampton,695,457133.18,4,2022,,,
Hampton,687,416720.28,5,2022,,,
Hampton,712,450267.91,6,2022,,,
Hampton,785,547089.57,7,2022,,,
Hampton,790,525740.63,8,2022,,,
Hampton,807,525949.2,9,2022,,,
Hampton,815,506611.58,10,2022,,,
Hampton,856,640722.92,11,2022,,,
Hampton,865,694925.21,12,2022,,,
Hampton,881,707600.57,1,2023,,,
Hampton,892,683098.52,2,2023,,,
Hampton,861,601681.22,3,2023,,,
Hampton,929,739520.3,4,2023,,,
Hampton,907,629524.56,5,2023,,,
Hampton,924,744749.03,6,2023,,,
Hampton,981,853771.43,7,2023,,,
Hampton,989,772605.5,8,2023,,,
Hampton,1031,833810.66,9,2023,,,
Hampton,901,699498.84,10,2023,,,
Hampton,874,723896.51,11,2023,,,
Hampton,919,756327.28,12,2023,,,
Hampton,903,709469.99,1,2024,,,
Hampton,942,805222.37,2,2024,,,
Hampton,928,731052.37,3,2024,,,
Hampton,937,724485.5,4,2024,,,
Hampton,947,779407.38,5,2024,,,
Hampton,962,839178.19,6,2024,,,
Hampton,1013,833472.68,7,2024,,,
Hampton,1003,888292.14,8,2024,,,
Hampton,1012,800057.53,9,2024,,,
Hampton,895,694408.22,10,2024,,,
Hampton,864,730037.4,11,2024,,,
Hampton,845,656517,12,2024,,,
Hampton,832,684632,1,2025,,,
Hampton,835,694709,2,2025,,,
Hampton,824,589750,3,2025,,,
Hampton,846,632803,4,2025,,,
Hampton,846,676362,5,2025,,,
Hampton,861,685788,6,2025,,,
Hanover,163,97013,7,2017,,,
Hanover,155,84676,8,2017,,,
Hanover,167,107606,9,2017,,,
Hanover,182,73437,10,2017,,,
Hanover,169,75177,11,2017,,,
Hanover,161,71767,12,2017,,,
Hanover,160,72484,1,2018,,,
Hanover,155,73119,2,2018,,,
Hanover,153,69481,3,2018,,,
Hanover,162,86773,4,2018,,,
Hanover,150,64992,5,2018,,,
Hanover,142,70352,6,2018,,,
Hanover,150,106527,7,2018,,,
Hanover,142,101814,8,2018,,,
Hanover,146,92568,9,2018,,,
Hanover,168,101208,10,2018,,,
Hanover,162,106257,11,2018,,,
Hanover,162,101979,12,2018,,,
Hanover,167,96910,1,2019,,,
Hanover,176,116179,2,2019,,,
Hanover,183,99951,3,2019,,,
Hanover,182,119539,4,2019,,,
Hanover,185,116773,5,2019,,,
Hanover,187,127793,6,2019,,,
Hanover,175,106328.8,7,2019,,,
Hanover,200,143941.2,8,2019,,,
Hanover,204,140285.2,9,2019,,,
Hanover,204,96640.2,10,2019,,,
Hanover,214,136073,11,2019,,,
Hanover,221,113284.2,12,2019,,,
Hanover,212,116036.6,1,2020,,,
Hanover,224,132325.2,2,2020,,,
Hanover,219,113255.6,3,2020,,,
Hanover,216,122583,4,2020,,,
Hanover,192,139663.6,5,2020,,,
Hanover,196,138923.4,6,2020,,,
Hanover,182,157314.2,7,2020,,,
Hanover,183,132317.8,8,2020,,,
Hanover,166,113992.6,9,2020,,,
Hanover,151,87249.2,10,2020,,,
Hanover,142,82266,11,2020,,,
Hanover,150,101136.2,12,2020,,,
Hanover,136,93144.6,1,2021,,,
Hanover,140,83046,2,2021,,,
Hanover,146,75390.8,3,2021,,,
Hanover,143,94167.6,4,2021,,,
Hanover,145,96970.4,5,2021,,,
Hanover,143,90597.8,6,2021,,,
Hanover,165,130049.4,7,2021,,,
Hanover,167,131147.6,8,2021,,,
Hanover,193,147956.2,9,2021,,,
Hanover,213,151316,10,2021,,,
Hanover,205,154180.8,11,2021,,,
Hanover,216,168813,12,2021,,,
Hanover,224,182052,1,2022,,,
Hanover,223,165477.4,2,2022,,,
Hanover,241,171912.6,3,2022,,,
Hanover,243,191158,4,2022,,,
Hanover,263,190314.6,5,2022,,,
Hanover,266,197512,6,2022,,,
Hanover,276,211153,7,2022,,,
Hanover,264,218449.4,8,2022,,,
Hanover,285,233269.2,9,2022,,,
Hanover,290,214410.6,10,2022,,,
Hanover,299,230296,11,2022,,,
Hanover,297,243090,12,2022,,,
Hanover,303,263442,1,2023,,,
Hanover,312,241222,2,2023,,,
Hanover,307,207845,3,2023,,,
Hanover,321,246649,4,2023,,,
Hanover,317,218661,5,2023,,,
Hanover,316,249205,6,2023,,,
Hanover,328,279958,7,2023,,,
Hanover,326,269983,8,2023,,,
Hanover,341,282782,9,2023,,,
Hanover,323,250365,10,2023,,,
Hanover,322,256140,11,2023,,,
Hanover,329,261454,12,2023,,,
Hanover,339,252570,1,2024,,,
Hanover,339,283070,2,2024,,,
Hanover,354,261123,3,2024,,,
Hanover,337,238647,4,2024,,,
Hanover,339,267434,5,2024,,,
Hanover,352,299720,6,2024,,,
Hanover,347,277455,7,2024,,,
Hanover,344,320531,8,2024,,,
Hanover,362,295519,9,2024,,,
Hanover,329,258442,10,2024,,,
Hanover,328,270033,11,2024,,,
Hanover,326,254918,12,2024,,,
Hanover,340,272257,1,2025,,,
Hanover,339,287110,2,2025,,,
Hanover,335,240448,3,2025,,,
Hanover,340,258472,4,2025,,,
Hanover,341,280005,5,2025,,,
Hanover,337,275600,6,2025,,,
Harrisonburg,129,44459,7,2017,,,
Harrisonburg,111,43869,8,2017,,,
Harrisonburg,118,44799,9,2017,,,
Harrisonburg,113,41315,10,2017,,,
Harrisonburg,118,47745,11,2017,,,
Harrisonburg,116,37136,12,2017,,,
Harrisonburg,117,37641,1,2018,,,
Harrisonburg,124,44351,2,2018,,,
Harrisonburg,126,40934,3,2018,,,
Harrisonburg,109,37724,4,2018,,,
Harrisonburg,108,43618,5,2018,,,
Harrisonburg,104,39748,6,2018,,,
Harrisonburg,106,44947,7,2018,,,
Harrisonburg,99,53756,8,2018,,,
Harrisonburg,96,43835,9,2018,,,
Harrisonburg,98,45952,10,2018,,,
Harrisonburg,105,53789,11,2018,,,
Harrisonburg,111,44078,12,2018,,,
Harrisonburg,106,44247,1,2019,,,
Harrisonburg,116,58456,2,2019,,,
Harrisonburg,114,53380,3,2019,,,
Harrisonburg,114,52828,4,2019,,,
Harrisonburg,120,59221,5,2019,,,
Harrisonburg,128,65531,6,2019,,,
Harrisonburg,137,55275,7,2019,,,
Harrisonburg,134,70771,8,2019,,,
Harrisonburg,146,60432,9,2019,,,
Harrisonburg,127,56526,10,2019,,,
Harrisonburg,133,67132,11,2019,,,
Harrisonburg,130,52979,12,2019,,,
Harrisonburg,136,52607.6,1,2020,,,
Harrisonburg,131,55832.6,2,2020,,,
Harrisonburg,125,46597.2,3,2020,,,
Harrisonburg,122,40168,4,2020,,,
Harrisonburg,78,41476.8,5,2020,,,
Harrisonburg,78,44568.6,6,2020,,,
Harrisonburg,99,77289.4,7,2020,,,
Harrisonburg,93,55039,8,2020,,,
Harrisonburg,94,44097.2,9,2020,,,
Harrisonburg,119,51257.4,10,2020,,,
Harrisonburg,93,47908.01,11,2020,,,
Harrisonburg,90,42930.8,12,2020,,,
Harrisonburg,89,39896.1,1,2021,,,
Harrisonburg,90,43995.66,2,2021,,,
Harrisonburg,81,32443.28,3,2021,,,
Harrisonburg,91,47522.68,4,2021,,,
Harrisonburg,86,44159.52,5,2021,,,
Harrisonburg,94,44915.23,6,2021,,,
Harrisonburg,111,68557.97,7,2021,,,
Harrisonburg,104,63396.71,8,2021,,,
Harrisonburg,111,55549.46,9,2021,,,
Harrisonburg,95,51080.83,10,2021,,,
Harrisonburg,98,50654.13,11,2021,,,
Harrisonburg,104,58153.97,12,2021,,,
Harrisonburg,105,60118.19,1,2022,,,
Harrisonburg,107,58387.71,2,2022,,,
Harrisonburg,114,61081.74,3,2022,,,
Harrisonburg,128,76513.19,4,2022,,,
Harrisonburg,122,67279.84,5,2022,,,
Harrisonburg,127,67818.46,6,2022,,,
Harrisonburg,147,84148.83,7,2022,,,
Harrisonburg,130,69112.96,8,2022,,,
Harrisonburg,140,79422.45,9,2022,,,
Harrisonburg,112,60647,10,2022,,,
Harrisonburg,114,87400.17,11,2022,,,
Harrisonburg,122,102575.74,12,2022,,,
Harrisonburg,118,100182.1,1,2023,,,
Harrisonburg,124,101570.98,2,2023,,,
Harrisonburg,124,88426.64,3,2023,,,
Harrisonburg,121,115432.95,4,2023,,,
Harrisonburg,127,92590.43,5,2023,,,
Harrisonburg,130,112575.99,6,2023,,,
Harrisonburg,141,114071.58,7,2023,,,
Harrisonburg,127,103685.39,8,2023,,,
Harrisonburg,131,96277.69,9,2023,,,
Harrisonburg,127,104381.26,10,2023,,,
Harrisonburg,128,110075.16,11,2023,,,
Harrisonburg,124,110456.61,12,2023,,,
Harrisonburg,132,108363.38,1,2024,,,
Harrisonburg,139,122220.4,2,2024,,,
Harrisonburg,132,115001.62,3,2024,,,
Harrisonburg,144,116857.34,4,2024,,,
Harrisonburg,142,116260.48,5,2024,,,
Harrisonburg,139,125931.55,6,2024,,,
Harrisonburg,143,108241.68,7,2024,,,
Harrisonburg,143,140277.24,8,2024,,,
Harrisonburg,164,134176.09,9,2024,,,
Harrisonburg,162,135928.47,10,2024,,,
Harrisonburg,156,143751.75,11,2024,,,
Harrisonburg,150,131637.11,12,2024,,,
Harrisonburg,135,120567.22,1,2025,,,
Harrisonburg,154,149173.84,2,2025,,,
Harrisonburg,148,124887.48,3,2025,,,
Harrisonburg,151,131577.16,4,2025,,,
Harrisonburg,157,140159.74,5,2025,,,
Harrisonburg,157,143516.35,6,2025,,,
Henrico,971,508621,7,2017,,,
Henrico,963,509665,8,2017,,,
Henrico,988,512041,9,2017,,,
Henrico,1041,437856,10,2017,,,
Henrico,1002,472103,11,2017,,,
Henrico,1006,492942.5,12,2017,,,
Henrico,1042,443595,1,2018,,,
Henrico,1102,590455,2,2018,,,
Henrico,1084,489850,3,2018,,,
Henrico,1046,496847,4,2018,,,
Henrico,1107,533271,5,2018,,,
Henrico,1096,511591,6,2018,,,
Henrico,1068,683315,7,2018,,,
Henrico,1022,705390,8,2018,,,
Henrico,987,721726,9,2018,,,
Henrico,994,574653,10,2018,,,
Henrico,984,662477,11,2018,,,
Henrico,988,664126,12,2018,,,
Henrico,1016,619897,1,2019,,,
Henrico,1048,748672,2,2019,,,
Henrico,1095,691070,3,2019,,,
Henrico,1124,710844,4,2019,,,
Henrico,1181,807694,5,2019,,,
Henrico,1205,847191,6,2019,,,
Henrico,1218,755968.2,7,2019,,,
Henrico,1216,854578.2,8,2019,,,
Henrico,1192,770151,9,2019,,,
Henrico,1268,718471,10,2019,,,
Henrico,1271,820791.8,11,2019,,,
Henrico,1295,743219.8,12,2019,,,
Henrico,1287,775553.3,1,2020,,,
Henrico,1321,867458.6,2,2020,,,
Henrico,1300,727714.7,3,2020,,,
Henrico,1265,687769.8,4,2020,,,
Henrico,1025,651391,5,2020,,,
Henrico,1077,724921.8,6,2020,,,
Henrico,1093,895843.6,7,2020,,,
Henrico,1120,807191.6,8,2020,,,
Henrico,1034,661799.8,9,2020,,,
Henrico,1087,637531,10,2020,,,
Henrico,1006,636813.6,11,2020,,,
Henrico,960,609198,12,2020,,,
Henrico,923,624468.2,1,2021,,,
Henrico,896,526868.8,2,2021,,,
Henrico,915,489756,3,2021,,,
Henrico,948,670623.6,4,2021,,,
Henrico,986,710119.63,5,2021,,,
Henrico,1062,726821.57,6,2021,,,
Henrico,1196,971555.6,7,2021,,,
Henrico,1269,986211.4,8,2021,,,
Henrico,1336,1014922.2,9,2021,,,
Henrico,1475,1033491,10,2021,,,
Henrico,1563,1044434.8,11,2021,,,
Henrico,1657,1207687.8,12,2021,,,
Henrico,1715,1325836.4,1,2022,,,
Henrico,1740,1210277.6,2,2022,,,
Henrico,1841,1253868.4,3,2022,,,
Henrico,1960,1473611,4,2022,,,
Henrico,2009,1421290.8,5,2022,,,
Henrico,2046,1504131.04,6,2022,,,
Henrico,2087,1596534.64,7,2022,,,
Henrico,2040,1558374.17,8,2022,,,
Henrico,2089,1662912.16,9,2022,,,
Henrico,2051,1486978.24,10,2022,,,
Henrico,2207,1738020.43,11,2022,,,
Henrico,2240,1860205.06,12,2022,,,
Henrico,2236,1901880.08,1,2023,,,
Henrico,2306,1872241.08,2,2023,,,
Henrico,2332,1693305.54,3,2023,,,
Henrico,2387,1985644.55,4,2023,,,
Henrico,2381,1760531.11,5,2023,,,
Henrico,2383,2004707.22,6,2023,,,
Henrico,2436,2195863.25,7,2023,,,
Henrico,2379,2025216.12,8,2023,,,
Henrico,2496,2086810.14,9,2023,,,
Henrico,2512,1948295.01,10,2023,,,
Henrico,2545,2103728.97,11,2023,,,
Henrico,2621,2171814.71,12,2023,,,
Henrico,2665,2075454.93,1,2024,,,
Henrico,2767,2384132.05,2,2024,,,
Henrico,2791,2143774.42,3,2024,,,
Henrico,2816,2193585.41,4,2024,,,
Henrico,2928,2459153.2,5,2024,,,
Henrico,2901,2524108.41,6,2024,,,
Henrico,2865,2496399.18,7,2024,,,
Henrico,2902,2701820.74,8,2024,,,
Henrico,2982,2412429.02,9,2024,,,
Henrico,2840,2186225.32,10,2024,,,
Henrico,2830,2400261,11,2024,,,
Henrico,2838,2203136,12,2024,,,
Henrico,2802,2300089,1,2025,,,
Henrico,2823,2380772,2,2025,,,
Henrico,2854,2079751,3,2025,,,
Henrico,2888,2234533,4,2025,,,
Henrico,2911,2366468,5,2025,,,
Henrico,2931,2345929,6,2025,,,
Henry,89,18443,7,2017,,,
Henry,77,14627,8,2017,,,
Henry,97,22343,9,2017,,,
Henry,88,17142,10,2017,,,
Henry,88,18507,11,2017,,,
Henry,101,18737,12,2017,,,
Henry,85,15658,1,2018,,,
Henry,85,17830,2,2018,,,
Henry,90,15419,3,2018,,,
Henry,89,16720,4,2018,,,
Henry,81,14406,5,2018,,,
Henry,88,16016,6,2018,,,
Henry,90,21571,7,2018,,,
Henry,103,27174,8,2018,,,
Henry,93,20837,9,2018,,,
Henry,78,13959,10,2018,,,
Henry,86,22260,11,2018,,,
Henry,63,14322,12,2018,,,
Henry,84,21078,1,2019,,,
Henry,69,15975,2,2019,,,
Henry,77,14549,3,2019,,,
Henry,88,28514,4,2019,,,
Henry,84,16617,5,2019,,,
Henry,93,23257,6,2019,,,
Henry,88,21391.6,7,2019,,,
Henry,92,23129.8,8,2019,,,
Henry,99,18920.8,9,2019,,,
Henry,89,21626,10,2019,,,
Henry,87,20342.4,11,2019,,,
Henry,84,16301.6,12,2019,,,
Henry,81,14631.2,1,2020,,,
Henry,85,19044.8,2,2020,,,
Henry,84,16016.2,3,2020,,,
Henry,88,14848,4,2020,,,
Henry,47,11486.2,5,2020,,,
Henry,80,31074,6,2020,,,
Henry,75,21880.4,7,2020,,,
Henry,78,26262,8,2020,,,
Henry,72,16984,9,2020,,,
Henry,76,17153,10,2020,,,
Henry,60,13608,11,2020,,,
Henry,55,11365,12,2020,,,
Henry,50,12620,1,2021,,,
Henry,49,11841,2,2021,,,
Henry,48,10679,3,2021,,,
Henry,45,13038,4,2021,,,
Henry,41,12740,5,2021,,,
Henry,52,14906,6,2021,,,
Henry,51,23061,7,2021,,,
Henry,67,25259,8,2021,,,
Henry,100,31725.6,9,2021,,,
Henry,115,39887.6,10,2021,,,
Henry,119,39823.4,11,2021,,,
Henry,118,37094,12,2021,,,
Henry,132,43131,1,2022,,,
Henry,142,44457.6,2,2022,,,
Henry,133,38495.4,3,2022,,,
Henry,144,49576,4,2022,,,
Henry,156,48226.4,5,2022,,,
Henry,159,48468.4,6,2022,,,
Henry,171,59944.2,7,2022,,,
Henry,188,78654.6,8,2022,,,
Henry,195,61590.2,9,2022,,,
Henry,179,56759.8,10,2022,,,
Henry,173,107050.92,11,2022,,,
Henry,198,138763.38,12,2022,,,
Henry,206,143548.21,1,2023,,,
Henry,210,143105.3,2,2023,,,
Henry,198,122066.19,3,2023,,,
Henry,209,155949.34,4,2023,,,
Henry,197,120852.3,5,2023,,,
Henry,244,168040.46,6,2023,,,
Henry,244,180508.82,7,2023,,,
Henry,246,182418.46,8,2023,,,
Henry,256,179966.3,9,2023,,,
Henry,249,175493.9,10,2023,,,
Henry,256,200346.72,11,2023,,,
Henry,258,216495.74,12,2023,,,
Henry,261,180424.73,1,2024,,,
Henry,272,219953.31,2,2024,,,
Henry,266,191721.44,3,2024,,,
Henry,276,199631.31,4,2024,,,
Henry,298,214426.46,5,2024,,,
Henry,294,224310.88,6,2024,,,
Henry,312,228867.47,7,2024,,,
Henry,295,254952.71,8,2024,,,
Henry,315,218356.96,9,2024,,,
Henry,293,194704.92,10,2024,,,
Henry,290,214009,11,2024,,,
Henry,291,192023,12,2024,,,
Henry,290,207783,1,2025,,,
Henry,286,218158,2,2025,,,
Henry,305,181942,3,2025,,,
Henry,316,210151,4,2025,,,
Henry,323,224809,5,2025,,,
Henry,348,234503,6,2025,,,
Highland,REDACTED,540,1,2020,,,
Highland,REDACTED,2062,2,2020,,,
Highland,REDACTED,1016,3,2020,,,
Highland,REDACTED,1346,4,2020,,,
Highland,REDACTED,660,5,2020,,,
Highland,REDACTED,1410,6,2020,,,
Highland,REDACTED,2160,7,2020,,,
Highland,REDACTED,2096,8,2020,,,
Highland,REDACTED,2696,9,2020,,,
Highland,REDACTED,2176,10,2020,,,
Highland,REDACTED,284,11,2020,,,
Highland,REDACTED,554,7,2021,,,
Highland,REDACTED,3280,8,2021,,,
Highland,REDACTED,3080,9,2021,,,
Highland,REDACTED,2864,10,2021,,,
Highland,REDACTED,2102,11,2021,,,
Highland,REDACTED,2504,12,2021,,,
Highland,REDACTED,3426,1,2022,,,
Highland,REDACTED,3714,2,2022,,,
Highland,REDACTED,3536,3,2022,,,
Highland,REDACTED,4045,4,2022,,,
Highland,REDACTED,3398,5,2022,,,
Highland,10,5444,6,2022,,,
Highland,14,8640,7,2022,,,
Highland,13,8294,8,2022,,,
Highland,17,9902,9,2022,,,
Highland,15,8509,10,2022,,,
Highland,16,13960,11,2022,,,
Highland,17,13508,12,2022,,,
Highland,15,13878,1,2023,,,
Highland,13,12814,2,2023,,,
Highland,14,10563,3,2023,,,
Highland,13,11461,4,2023,,,
Highland,12,8531,5,2023,,,
Highland,13,14527,6,2023,,,
Highland,15,12408,7,2023,,,
Highland,15,9596,8,2023,,,
Highland,15,10389,9,2023,,,
Highland,10,7710,10,2023,,,
Highland,14,11627,11,2023,,,
Highland,16,12898,12,2023,,,
Highland,16,12471,1,2024,,,
Highland,16,11639,2,2024,,,
Highland,14,10161,3,2024,,,
Highland,15,11487,4,2024,,,
Highland,13,10316,5,2024,,,
Highland,13,10946,6,2024,,,
Highland,14,9520,7,2024,,,
Highland,16,12417,8,2024,,,
Highland,14,11943,9,2024,,,
Highland,15,8937,10,2024,,,
Highland,15,10855,11,2024,,,
Highland,15,9550,12,2024,,,
Highland,15,10671,1,2025,,,
Highland,14,11015,2,2025,,,
Highland,14,10457,3,2025,,,
Highland,15,9744,4,2025,,,
Highland,14,9508,5,2025,,,
Highland,14,11152,6,2025,,,
Hopewell,151,59809,7,2017,,,
Hopewell,160,53041,8,2017,,,
Hopewell,154,54315,9,2017,,,
Hopewell,153,41818,10,2017,,,
Hopewell,155,46277,11,2017,,,
Hopewell,138,44125,12,2017,,,
Hopewell,132,38663,1,2018,,,
Hopewell,121,37685,2,2018,,,
Hopewell,125,33778,3,2018,,,
Hopewell,132,40629,4,2018,,,
Hopewell,137,40369,5,2018,,,
Hopewell,131,42571,6,2018,,,
Hopewell,138,68271,7,2018,,,
Hopewell,127,65937,8,2018,,,
Hopewell,130,68581,9,2018,,,
Hopewell,122,47744,10,2018,,,
Hopewell,133,63737,11,2018,,,
Hopewell,129,61564,12,2018,,,
Hopewell,127,55293,1,2019,,,
Hopewell,133,67428,2,2019,,,
Hopewell,134,57111,3,2019,,,
Hopewell,149,62712,4,2019,,,
Hopewell,157,70001,5,2019,,,
Hopewell,163,76826,6,2019,,,
Hopewell,171,77665.2,7,2019,,,
Hopewell,164,77766,8,2019,,,
Hopewell,155,75046.2,9,2019,,,
Hopewell,168,63625.4,10,2019,,,
Hopewell,160,71218.2,11,2019,,,
Hopewell,154,63793.8,12,2019,,,
Hopewell,156,61724.4,1,2020,,,
Hopewell,158,72885.8,2,2020,,,
Hopewell,160,61006.4,3,2020,,,
Hopewell,161,64602.4,4,2020,,,
Hopewell,146,69907.2,5,2020,,,
Hopewell,162,79635.4,6,2020,,,
Hopewell,148,89487.4,7,2020,,,
Hopewell,154,70971,8,2020,,,
Hopewell,138,61364.8,9,2020,,,
Hopewell,153,61625.2,10,2020,,,
Hopewell,135,61064.4,11,2020,,,
Hopewell,134,57790,12,2020,,,
Hopewell,128,59776.4,1,2021,,,
Hopewell,129,57295.4,2,2021,,,
Hopewell,126,49015.75,3,2021,,,
Hopewell,125,65450.35,4,2021,,,
Hopewell,125,65764.9,5,2021,,,
Hopewell,123,63193.6,6,2021,,,
Hopewell,138,84900.4,7,2021,,,
Hopewell,138,74827.2,8,2021,,,
Hopewell,136,66731.4,9,2021,,,
Hopewell,139,70784.4,10,2021,,,
Hopewell,135,66090.4,11,2021,,,
Hopewell,143,69866.4,12,2021,,,
Hopewell,144,79185.4,1,2022,,,
Hopewell,149,67839.4,2,2022,,,
Hopewell,146,65695.8,3,2022,,,
Hopewell,161,91067.4,4,2022,,,
Hopewell,157,72954.8,5,2022,,,
Hopewell,160,78939.8,6,2022,,,
Hopewell,171,92182.6,7,2022,,,
Hopewell,170,86583.6,8,2022,,,
Hopewell,175,87339.8,9,2022,,,
Hopewell,175,88399.2,10,2022,,,
Hopewell,172,118779,11,2022,,,
Hopewell,178,122429,12,2022,,,
Hopewell,174,128848,1,2023,,,
Hopewell,172,119921,2,2023,,,
Hopewell,175,106505,3,2023,,,
Hopewell,183,137231,4,2023,,,
Hopewell,187,112685,5,2023,,,
Hopewell,181,128534,6,2023,,,
Hopewell,192,154473,7,2023,,,
Hopewell,197,136783,8,2023,,,
Hopewell,188,137487,9,2023,,,
Hopewell,189,130215,10,2023,,,
Hopewell,192,136072,11,2023,,,
Hopewell,193,140397,12,2023,,,
Hopewell,207,147383,1,2024,,,
Hopewell,217,166353,2,2024,,,
Hopewell,219,144118,3,2024,,,
Hopewell,226,163773,4,2024,,,
Hopewell,229,171656,5,2024,,,
Hopewell,217,177138,6,2024,,,
Hopewell,240,177681,7,2024,,,
Hopewell,251,215787,8,2024,,,
Hopewell,253,197942,9,2024,,,
Hopewell,257,189569,10,2024,,,
Hopewell,249,209452,11,2024,,,
Hopewell,240,171045,12,2024,,,
Hopewell,238,181472,1,2025,,,
Hopewell,236,179095,2,2025,,,
Hopewell,242,157719,3,2025,,,
Hopewell,236,167091,4,2025,,,
Hopewell,241,174347,5,2025,,,
Hopewell,245,178216,6,2025,,,
Isle of Wight,28,8828,7,2017,,,
Isle of Wight,22,9159,8,2017,,,
Isle of Wight,20,8275,9,2017,,,
Isle of Wight,22,7633,10,2017,,,
Isle of Wight,21,9064,11,2017,,,
Isle of Wight,21,8265,12,2017,,,
Isle of Wight,24,6966,1,2018,,,
Isle of Wight,20,7425,2,2018,,,
Isle of Wight,19,7079,3,2018,,,
Isle of Wight,19,7511,4,2018,,,
Isle of Wight,18,5782,5,2018,,,
Isle of Wight,17,7253,6,2018,,,
Isle of Wight,15,6608,7,2018,,,
Isle of Wight,16,7809,8,2018,,,
Isle of Wight,14,6759,9,2018,,,
Isle of Wight,12,4683,10,2018,,,
Isle of Wight,11,4520,11,2018,,,
Isle of Wight,11,4917,12,2018,,,
Isle of Wight,10,3404,1,2019,,,
Isle of Wight,10,5431,2,2019,,,
Isle of Wight,10,4695,3,2019,,,
Isle of Wight,12,3978,4,2019,,,
Isle of Wight,15,7006,5,2019,,,
Isle of Wight,18,8914,6,2019,,,
Isle of Wight,18,7724,7,2019,,,
Isle of Wight,29,13016,8,2019,,,
Isle of Wight,28,13642,9,2019,,,
Isle of Wight,23,9004,10,2019,,,
Isle of Wight,27,12096.4,11,2019,,,
Isle of Wight,26,10619.2,12,2019,,,
Isle of Wight,28,10002.4,1,2020,,,
Isle of Wight,28,12876.4,2,2020,,,
Isle of Wight,26,10068.8,3,2020,,,
Isle of Wight,26,8208,4,2020,,,
Isle of Wight,16,9063.4,5,2020,,,
Isle of Wight,25,13119.4,6,2020,,,
Isle of Wight,20,10521.2,7,2020,,,
Isle of Wight,22,11849.6,8,2020,,,
Isle of Wight,27,10951.6,9,2020,,,
Isle of Wight,18,7070.1,10,2020,,,
Isle of Wight,15,7442.5,11,2020,,,
Isle of Wight,16,5699.6,12,2020,,,
Isle of Wight,16,6716.7,1,2021,,,
Isle of Wight,18,7192.7,2,2021,,,
Isle of Wight,19,8319.4,3,2021,,,
Isle of Wight,19,9956.7,4,2021,,,
Isle of Wight,22,10500.2,5,2021,,,
Isle of Wight,20,11752.2,6,2021,,,
Isle of Wight,21,15638,7,2021,,,
Isle of Wight,21,13954,8,2021,,,
Isle of Wight,29,16997,9,2021,,,
Isle of Wight,35,20265,10,2021,,,
Isle of Wight,38,20395,11,2021,,,
Isle of Wight,38,23289,12,2021,,,
Isle of Wight,34,21644,1,2022,,,
Isle of Wight,35,20523,2,2022,,,
Isle of Wight,33,18102,3,2022,,,
Isle of Wight,34,21590,4,2022,,,
Isle of Wight,36,21590,5,2022,,,
Isle of Wight,37,22900.28,6,2022,,,
Isle of Wight,47,27101.54,7,2022,,,
Isle of Wight,48,28622.37,8,2022,,,
Isle of Wight,49,30266.87,9,2022,,,
Isle of Wight,44,25348.35,10,2022,,,
Isle of Wight,54,41790,11,2022,,,
Isle of Wight,52,40085,12,2022,,,
Isle of Wight,56,41959,1,2023,,,
Isle of Wight,58,44536,2,2023,,,
Isle of Wight,63,45133,3,2023,,,
Isle of Wight,63,52553,4,2023,,,
Isle of Wight,64,40113,5,2023,,,
Isle of Wight,63,47857,6,2023,,,
Isle of Wight,78,57290,7,2023,,,
Isle of Wight,76,57788,8,2023,,,
Isle of Wight,70,59847,9,2023,,,
Isle of Wight,66,46080,10,2023,,,
Isle of Wight,69,50679.98,11,2023,,,
Isle of Wight,70,53728.68,12,2023,,,
Isle of Wight,66,46879.74,1,2024,,,
Isle of Wight,64,55514.94,2,2024,,,
Isle of Wight,68,55666.1,3,2024,,,
Isle of Wight,79,58245.1,4,2024,,,
Isle of Wight,83,69572.2,5,2024,,,
Isle of Wight,81,70162.3,6,2024,,,
Isle of Wight,85,58381,7,2024,,,
Isle of Wight,81,70193,8,2024,,,
Isle of Wight,80,71298,9,2024,,,
Isle of Wight,82,64926,10,2024,,,
Isle of Wight,78,71957,11,2024,,,
Isle of Wight,91,67830,12,2024,,,
Isle of Wight,93,71597,1,2025,,,
Isle of Wight,94,81329,2,2025,,,
Isle of Wight,97,68361,3,2025,,,
Isle of Wight,95,68949,4,2025,,,
Isle of Wight,94,70731,5,2025,,,
Isle of Wight,88,72475,6,2025,,,
James City,117,54781,7,2017,,,
James City,112,52019,8,2017,,,
James City,98,42861,9,2017,,,
James City,89,39994,10,2017,,,
James City,88,45129,11,2017,,,
James City,77,31830,12,2017,,,
James City,82,36505,1,2018,,,
James City,87,38732,2,2018,,,
James City,95,38464,3,2018,,,
James City,92,43143,4,2018,,,
James City,86,33814,5,2018,,,
James City,83,37223,6,2018,,,
James City,86,53714,7,2018,,,
James City,84,64224,8,2018,,,
James City,91,60483,9,2018,,,
James City,86,41277,10,2018,,,
James City,85,51201,11,2018,,,
James City,83,43693,12,2018,,,
James City,81,45310,1,2019,,,
James City,84,53349,2,2019,,,
James City,84,42153,3,2019,,,
James City,93,50198,4,2019,,,
James City,96,57813,5,2019,,,
James City,107,70337,6,2019,,,
James City,105,63666.1,7,2019,,,
James City,119,75224.2,8,2019,,,
James City,103,66640.8,9,2019,,,
James City,97,46962.6,10,2019,,,
James City,101,54866,11,2019,,,
James City,99,41356.4,12,2019,,,
James City,106,62724.7,1,2020,,,
James City,114,75355.3,2,2020,,,
James City,116,62909.2,3,2020,,,
James City,111,57256,4,2020,,,
James City,74,37530,5,2020,,,
James City,72,47157,6,2020,,,
James City,81,66720.2,7,2020,,,
James City,86,56745.8,8,2020,,,
James City,89,51931.2,9,2020,,,
James City,107,47613.6,10,2020,,,
James City,86,52576.2,11,2020,,,
James City,90,57003.6,12,2020,,,
James City,86,53950.8,1,2021,,,
James City,99,56152.4,2,2021,,,
James City,83,41453.2,3,2021,,,
James City,83,47705,4,2021,,,
James City,79,44230.4,5,2021,,,
James City,80,55299.8,6,2021,,,
James City,94,69476,7,2021,,,
James City,99,74538.52,8,2021,,,
James City,98,73021.76,9,2021,,,
James City,81,50070.6,10,2021,,,
James City,75,46163.2,11,2021,,,
James City,66,46711.88,12,2021,,,
James City,79,54736.64,1,2022,,,
James City,89,61247.2,2,2022,,,
James City,97,61891.52,3,2022,,,
James City,91,70358.28,4,2022,,,
James City,94,63622.6,5,2022,,,
James City,92,63591,6,2022,,,
James City,103,80505,7,2022,,,
James City,120,82098,8,2022,,,
James City,128,89882,9,2022,,,
James City,123,83515.4,10,2022,,,
James City,133,100796,11,2022,,,
James City,142,109380,12,2022,,,
James City,151,119193,1,2023,,,
James City,150,114068,2,2023,,,
James City,153,104663,3,2023,,,
James City,156,119720,4,2023,,,
James City,153,104196,5,2023,,,
James City,153,118056,6,2023,,,
James City,164,130686,7,2023,,,
James City,168,129496,8,2023,,,
James City,176,143106,9,2023,,,
James City,169,123304,10,2023,,,
James City,165,125072,11,2023,,,
James City,163,121022,12,2023,,,
James City,156,117724,1,2024,,,
James City,161,127712,2,2024,,,
James City,158,110961,3,2024,,,
James City,149,127092,4,2024,,,
James City,158,124540,5,2024,,,
James City,159,129098,6,2024,,,
James City,176,129675,7,2024,,,
James City,165,145905,8,2024,,,
James City,160,124555,9,2024,,,
James City,151,106903,10,2024,,,
James City,148,113488,11,2024,,,
James City,143,106056,12,2024,,,
James City,145,115362,1,2025,,,
James City,150,120801,2,2025,,,
James City,133,90020,3,2025,,,
James City,135,101125,4,2025,,,
James City,134,109098,5,2025,,,
James City,142,108404,6,2025,,,
King and Queen,12,4292,7,2017,,,
King and Queen,11,4815,8,2017,,,
King and Queen,20,7821,9,2017,,,
King and Queen,19,6991,10,2017,,,
King and Queen,18,7164,11,2017,,,
King and Queen,17,7585,12,2017,,,
King and Queen,18,6761,1,2018,,,
King and Queen,17,5987,2,2018,,,
King and Queen,13,3820,3,2018,,,
King and Queen,18,5899,4,2018,,,
King and Queen,18,8003,5,2018,,,
King and Queen,18,9139,6,2018,,,
King and Queen,20,10480,7,2018,,,
King and Queen,19,10064,8,2018,,,
King and Queen,20,11627,9,2018,,,
King and Queen,16,5717,10,2018,,,
King and Queen,14,6033,11,2018,,,
King and Queen,13,5235,12,2018,,,
King and Queen,16,5632,1,2019,,,
King and Queen,13,5634,2,2019,,,
King and Queen,16,5255,3,2019,,,
King and Queen,19,9350,4,2019,,,
King and Queen,29,15188,5,2019,,,
King and Queen,29,16316,6,2019,,,
King and Queen,31,14930.6,7,2019,,,
King and Queen,31,14209.8,8,2019,,,
King and Queen,30,12633.2,9,2019,,,
King and Queen,27,11034.2,10,2019,,,
King and Queen,23,8895,11,2019,,,
King and Queen,22,7719.6,12,2019,,,
King and Queen,22,8401.8,1,2020,,,
King and Queen,22,9681.8,2,2020,,,
King and Queen,22,7936.6,3,2020,,,
King and Queen,20,7981,4,2020,,,
King and Queen,18,8511,5,2020,,,
King and Queen,18,8764,6,2020,,,
King and Queen,22,12674,7,2020,,,
King and Queen,24,9886,8,2020,,,
King and Queen,21,9343,9,2020,,,
King and Queen,25,8373,10,2020,,,
King and Queen,19,8858,11,2020,,,
King and Queen,23,6940,12,2020,,,
King and Queen,21,9940,1,2021,,,
King and Queen,22,9895,2,2021,,,
King and Queen,21,8730,3,2021,,,
King and Queen,17,9012,4,2021,,,
King and Queen,17,9669,5,2021,,,
King and Queen,18,9128,6,2021,,,
King and Queen,17,10447,7,2021,,,
King and Queen,18,10122,8,2021,,,
King and Queen,17,9144,9,2021,,,
King and Queen,13,7474,10,2021,,,
King and Queen,14,8495,11,2021,,,
King and Queen,15,8574,12,2021,,,
King and Queen,15,9596,1,2022,,,
King and Queen,15,7196,2,2022,,,
King and Queen,15,7202,3,2022,,,
King and Queen,25,12085,4,2022,,,
King and Queen,24,12833,5,2022,,,
King and Queen,23,11760,6,2022,,,
King and Queen,20,11490,7,2022,,,
King and Queen,20,11709,8,2022,,,
King and Queen,20,12437,9,2022,,,
King and Queen,20,11350,10,2022,,,
King and Queen,19,12374,11,2022,,,
King and Queen,16,11802,12,2022,,,
King and Queen,19,13993,1,2023,,,
King and Queen,20,15332,2,2023,,,
King and Queen,20,11881,3,2023,,,
King and Queen,22,16530,4,2023,,,
King and Queen,19,9384,5,2023,,,
King and Queen,19,13843,6,2023,,,
King and Queen,22,16674,7,2023,,,
King and Queen,26,18355,8,2023,,,
King and Queen,28,21922,9,2023,,,
King and Queen,23,18026,10,2023,,,
King and Queen,24,18869,11,2023,,,
King and Queen,22,16274,12,2023,,,
King and Queen,20,11611,1,2024,,,
King and Queen,20,14018,2,2024,,,
King and Queen,19,12947,3,2024,,,
King and Queen,23,13830,4,2024,,,
King and Queen,24,15246,5,2024,,,
King and Queen,23,15904,6,2024,,,
King and Queen,31,21582,7,2024,,,
King and Queen,29,23061,8,2024,,,
King and Queen,27,17653,9,2024,,,
King and Queen,22,14455,10,2024,,,
King and Queen,27,18941,11,2024,,,
King and Queen,25,16578,12,2024,,,
King and Queen,27,16444,1,2025,,,
King and Queen,26,16284,2,2025,,,
King and Queen,27,15468,3,2025,,,
King and Queen,31,19619,4,2025,,,
King and Queen,29,19455,5,2025,,,
King and Queen,24,17933,6,2025,,,
King George,93,42864,7,2017,,,
King George,96,41873,8,2017,,,
King George,91,48680,9,2017,,,
King George,87,36322,10,2017,,,
King George,94,42951,11,2017,,,
King George,93,43266,12,2017,,,
King George,91,33776,1,2018,,,
King George,74,35005,2,2018,,,
King George,65,32800,3,2018,,,
King George,80,33295,4,2018,,,
King George,78,36259,5,2018,,,
King George,81,40625,6,2018,,,
King George,89,43324,7,2018,,,
King George,87,48615,8,2018,,,
King George,93,39701,9,2018,,,
King George,79,29619,10,2018,,,
King George,77,36750,11,2018,,,
King George,65,33664,12,2018,,,
King George,71,38959,1,2019,,,
King George,70,37200,2,2019,,,
King George,71,30188,3,2019,,,
King George,70,32934,4,2019,,,
King George,75,36396,5,2019,,,
King George,74,40563,6,2019,,,
King George,73,39218,7,2019,,,
King George,78,48778.4,8,2019,,,
King George,80,37875.6,9,2019,,,
King George,81,34958.2,10,2019,,,
King George,78,43414.2,11,2019,,,
King George,86,40477.2,12,2019,,,
King George,89,41626.6,1,2020,,,
King George,94,46614,2,2020,,,
King George,88,40427.6,3,2020,,,
King George,91,40312.6,4,2020,,,
King George,80,45828.2,5,2020,,,
King George,82,46747.2,6,2020,,,
King George,82,50240.2,7,2020,,,
King George,85,52648.2,8,2020,,,
King George,83,50104,9,2020,,,
King George,83,32043,10,2020,,,
King George,70,31912.76,11,2020,,,
King George,57,26255.68,12,2020,,,
King George,50,24912.2,1,2021,,,
King George,42,18628.68,2,2021,,,
King George,50,19676.52,3,2021,,,
King George,52,30320.84,4,2021,,,
King George,57,31947.6,5,2021,,,
King George,61,34617.36,6,2021,,,
King George,64,40790.16,7,2021,,,
King George,68,45794.76,8,2021,,,
King George,77,44213.76,9,2021,,,
King George,75,44110.76,10,2021,,,
King George,80,46946.68,11,2021,,,
King George,87,55051.08,12,2021,,,
King George,87,59465.64,1,2022,,,
King George,90,53033.48,2,2022,,,
King George,89,52995.6,3,2022,,,
King George,87,58936.04,4,2022,,,
King George,87,52139.68,5,2022,,,
King George,90,54103.36,6,2022,,,
King George,92,66160.56,7,2022,,,
King George,94,63035.48,8,2022,,,
King George,102,67229.94,9,2022,,,
King George,97,60000.96,10,2022,,,
King George,100,89987.51,11,2022,,,
King George,110,101349.82,12,2022,,,
King George,112,108105.82,1,2023,,,
King George,111,96787.67,2,2023,,,
King George,115,92232,3,2023,,,
King George,122,108343.5,4,2023,,,
King George,129,106052,5,2023,,,
King George,141,125738.5,6,2023,,,
King George,147,145439,7,2023,,,
King George,149,141145,8,2023,,,
King George,128,127243.5,9,2023,,,
King George,136,120379.5,10,2023,,,
King George,139,131723,11,2023,,,
King George,116,111305,12,2023,,,
King George,114,105875,1,2024,,,
King George,114,116444,2,2024,,,
King George,117,98089,3,2024,,,
King George,112,101351,4,2024,,,
King George,116,113922,5,2024,,,
King George,112,118918,6,2024,,,
King George,105,101698,7,2024,,,
King George,112,122343,8,2024,,,
King George,116,104982,9,2024,,,
King George,113,98222,10,2024,,,
King George,109,109330,11,2024,,,
King George,112,108787,12,2024,,,
King George,118,120178,1,2025,,,
King George,124,135065,2,2025,,,
King George,123,107523,3,2025,,,
King George,123,118508,4,2025,,,
King George,123,125853,5,2025,,,
King George,134,128603,6,2025,,,
King William,38,13396,7,2017,,,
King William,38,14382,8,2017,,,
King William,34,11407,9,2017,,,
King William,37,9324,10,2017,,,
King William,28,7738,11,2017,,,
King William,29,7509,12,2017,,,
King William,28,7855,1,2018,,,
King William,32,8954,2,2018,,,
King William,31,7553,3,2018,,,
King William,33,8414,4,2018,,,
King William,34,10781,5,2018,,,
King William,32,8413,6,2018,,,
King William,26,9735,7,2018,,,
King William,26,13604,8,2018,,,
King William,30,13598,9,2018,,,
King William,29,8271,10,2018,,,
King William,30,9660,11,2018,,,
King William,31,9106,12,2018,,,
King William,31,10177,1,2019,,,
King William,25,8468,2,2019,,,
King William,26,6765,3,2019,,,
King William,25,8269,4,2019,,,
King William,23,7751,5,2019,,,
King William,24,10015,6,2019,,,
King William,26,9332,7,2019,,,
King William,29,14111,8,2019,,,
King William,32,12158.8,9,2019,,,
King William,34,9455.4,10,2019,,,
King William,32,14368.8,11,2019,,,
King William,37,14692.8,12,2019,,,
King William,35,13514.2,1,2020,,,
King William,36,16091,2,2020,,,
King William,36,14187,3,2020,,,
King William,36,13572.6,4,2020,,,
King William,24,12204.2,5,2020,,,
King William,25,15400.2,6,2020,,,
King William,25,18091,7,2020,,,
King William,26,11080,8,2020,,,
King William,19,9938,9,2020,,,
King William,25,9761,10,2020,,,
King William,19,9358,11,2020,,,
King William,19,7233,12,2020,,,
King William,20,11110,1,2021,,,
King William,20,8629,2,2021,,,
King William,21,9497.4,3,2021,,,
King William,21,12589.2,4,2021,,,
King William,23,13826.2,5,2021,,,
King William,24,14028.6,6,2021,,,
King William,29,18024.2,7,2021,,,
King William,31,21030.2,8,2021,,,
King William,37,21657.2,9,2021,,,
King William,40,22545.2,10,2021,,,
King William,39,21603.6,11,2021,,,
King William,40,23155.6,12,2021,,,
King William,36,23684,1,2022,,,
King William,40,22243.8,2,2022,,,
King William,39,20062,3,2022,,,
King William,45,24202.8,4,2022,,,
King William,42,23227.6,5,2022,,,
King William,45,23177.8,6,2022,,,
King William,50,32718.4,7,2022,,,
King William,47,30847,8,2022,,,
King William,46,32132.6,9,2022,,,
King William,44,23455.8,10,2022,,,
King William,41,28344,11,2022,,,
King William,48,35668,12,2022,,,
King William,46,38545,1,2023,,,
King William,46,35289,2,2023,,,
King William,46,31951,3,2023,,,
King William,52,49089,4,2023,,,
King William,51,33834,5,2023,,,
King William,53,41080,6,2023,,,
King William,54,47155,7,2023,,,
King William,53,41987,8,2023,,,
King William,52,42914,9,2023,,,
King William,49,33355,10,2023,,,
King William,52,37289,11,2023,,,
King William,54,40521,12,2023,,,
King William,54,39842,1,2024,,,
King William,58,42238,2,2024,,,
King William,55,35657,3,2024,,,
King William,51,37715,4,2024,,,
King William,55,41721,5,2024,,,
King William,57,45608,6,2024,,,
King William,71,53539,7,2024,,,
King William,65,58133,8,2024,,,
King William,69,52266,9,2024,,,
King William,59,41874,10,2024,,,
King William,54,44366,11,2024,,,
King William,57,42163,12,2024,,,
King William,58,44736,1,2025,,,
King William,57,45413,2,2025,,,
King William,58,37368,3,2025,,,
King William,58,41806,4,2025,,,
King William,60,45430,5,2025,,,
King William,64,49620,6,2025,,,
Lancaster,12,4305,7,2017,,,
Lancaster,12,4154,8,2017,,,
Lancaster,13,4572,9,2017,,,
Lancaster,12,1736,10,2017,,,
Lancaster,REDACTED,1778,11,2017,,,
Lancaster,REDACTED,2241,12,2017,,,
Lancaster,10,2595,1,2018,,,
Lancaster,12,3631,2,2018,,,
Lancaster,12,2728,3,2018,,,
Lancaster,14,3459,4,2018,,,
Lancaster,15,3465,5,2018,,,
Lancaster,11,3349,6,2018,,,
Lancaster,15,6727,7,2018,,,
Lancaster,14,6042,8,2018,,,
Lancaster,13,6689,9,2018,,,
Lancaster,11,4562,10,2018,,,
Lancaster,13,6775,11,2018,,,
Lancaster,10,4375,12,2018,,,
Lancaster,REDACTED,4616,1,2019,,,
Lancaster,REDACTED,2387,2,2019,,,
Lancaster,REDACTED,1593,3,2019,,,
Lancaster,REDACTED,5312,4,2019,,,
Lancaster,REDACTED,2092,5,2019,,,
Lancaster,REDACTED,1032,6,2019,,,
Lancaster,REDACTED,380,8,2019,,,
Lancaster,REDACTED,116,9,2019,,,
Lancaster,REDACTED,662,10,2019,,,
Lancaster,REDACTED,1778,11,2019,,,
Lancaster,REDACTED,2057,12,2019,,,
Lancaster,REDACTED,1358,1,2020,,,
Lancaster,REDACTED,1376,2,2020,,,
Lancaster,REDACTED,1509,3,2020,,,
Lancaster,REDACTED,1522,4,2020,,,
Lancaster,REDACTED,87,5,2020,,,
Lancaster,REDACTED,327,6,2020,,,
Lancaster,REDACTED,899,7,2020,,,
Lancaster,REDACTED,879,8,2020,,,
Lancaster,REDACTED,676,9,2020,,,
Lancaster,REDACTED,1171,10,2020,,,
Lancaster,REDACTED,1189,11,2020,,,
Lancaster,REDACTED,1461,12,2020,,,
Lancaster,REDACTED,881,1,2021,,,
Lancaster,REDACTED,1296,2,2021,,,
Lancaster,REDACTED,377,3,2021,,,
Lancaster,REDACTED,1276,4,2021,,,
Lancaster,REDACTED,1443,5,2021,,,
Lancaster,REDACTED,1363,6,2021,,,
Lancaster,REDACTED,2707,7,2021,,,
Lancaster,REDACTED,2639,8,2021,,,
Lancaster,REDACTED,2561,9,2021,,,
Lancaster,REDACTED,2581,10,2021,,,
Lancaster,REDACTED,2489,11,2021,,,
Lancaster,REDACTED,1204,12,2021,,,
Lancaster,REDACTED,2693,1,2022,,,
Lancaster,REDACTED,2483,2,2022,,,
Lancaster,REDACTED,3152,3,2022,,,
Lancaster,REDACTED,4007,4,2022,,,
Lancaster,REDACTED,3707,5,2022,,,
Lancaster,REDACTED,4646,6,2022,,,
Lancaster,12,7205,7,2022,,,
Lancaster,17,9067,8,2022,,,
Lancaster,18,10404,9,2022,,,
Lancaster,24,11145,10,2022,,,
Lancaster,27,19090,11,2022,,,
Lancaster,24,19858,12,2022,,,
Lancaster,21,14729,1,2023,,,
Lancaster,30,21113,2,2023,,,
Lancaster,34,23947,3,2023,,,
Lancaster,44,34470,4,2023,,,
Lancaster,41,26209,5,2023,,,
Lancaster,44,32421,6,2023,,,
Lancaster,48,34996,7,2023,,,
Lancaster,48,34638,8,2023,,,
Lancaster,58,41695,9,2023,,,
Lancaster,56,39617,10,2023,,,
Lancaster,49,36538,11,2023,,,
Lancaster,54,41046,12,2023,,,
Lancaster,57,41513,1,2024,,,
Lancaster,51,43802,2,2024,,,
Lancaster,55,41737,3,2024,,,
Lancaster,53,41198,4,2024,,,
Lancaster,52,40491,5,2024,,,
Lancaster,52,42752,6,2024,,,
Lancaster,58,42007,7,2024,,,
Lancaster,51,47242,8,2024,,,
Lancaster,57,40541,9,2024,,,
Lancaster,53,37802,10,2024,,,
Lancaster,50,38311,11,2024,,,
Lancaster,53,37272,12,2024,,,
Lancaster,48,38856,1,2025,,,
Lancaster,56,40140,2,2025,,,
Lancaster,47,30723,3,2025,,,
Lancaster,51,32884,4,2025,,,
Lancaster,52,36684,5,2025,,,
Lancaster,52,34639,6,2025,,,
Lee,16,4036,7,2017,,,
Lee,15,3503,8,2017,,,
Lee,14,2421,9,2017,,,
Lee,10,2146,10,2017,,,
Lee,11,2999,11,2017,,,
Lee,11,2306,12,2017,,,
Lee,10,2101,1,2018,,,
Lee,10,1756,2,2018,,,
Lee,REDACTED,1543,3,2018,,,
Lee,REDACTED,1973,4,2018,,,
Lee,REDACTED,2335,5,2018,,,
Lee,REDACTED,2300,6,2018,,,
Lee,REDACTED,2890,7,2018,,,
Lee,11,3083,8,2018,,,
Lee,12,1845,9,2018,,,
Lee,REDACTED,770,10,2018,,,
Lee,REDACTED,1054,11,2018,,,
Lee,REDACTED,898,12,2018,,,
Lee,REDACTED,614,1,2019,,,
Lee,REDACTED,1228,2,2019,,,
Lee,REDACTED,1392,3,2019,,,
Lee,REDACTED,1651,4,2019,,,
Lee,REDACTED,1674,5,2019,,,
Lee,REDACTED,1779,6,2019,,,
Lee,REDACTED,1656,7,2019,,,
Lee,REDACTED,1928,8,2019,,,
Lee,REDACTED,1518,9,2019,,,
Lee,REDACTED,508,10,2019,,,
Lee,REDACTED,1880,11,2019,,,
Lee,REDACTED,1959,12,2019,,,
Lee,10,2412,1,2020,,,
Lee,10,3179.5,2,2020,,,
Lee,REDACTED,1772,3,2020,,,
Lee,REDACTED,1395.5,4,2020,,,
Lee,REDACTED,2222,6,2020,,,
Lee,REDACTED,1932,7,2020,,,
Lee,REDACTED,1610,8,2020,,,
Lee,REDACTED,1910,9,2020,,,
Lee,REDACTED,1603,10,2020,,,
Lee,REDACTED,1761,11,2020,,,
Lee,REDACTED,1291,12,2020,,,
Lee,REDACTED,1387,1,2021,,,
Lee,REDACTED,1545,2,2021,,,
Lee,REDACTED,1633,3,2021,,,
Lee,REDACTED,1897,4,2021,,,
Lee,REDACTED,1844,5,2021,,,
Lee,12,3006,6,2021,,,
Lee,13,4936,7,2021,,,
Lee,12,5588,8,2021,,,
Lee,13,3916,9,2021,,,
Lee,10,4162,10,2021,,,
Lee,11,4010,11,2021,,,
Lee,10,4066,12,2021,,,
Lee,10,4330,1,2022,,,
Lee,11,4256,2,2022,,,
Lee,12,4165,3,2022,,,
Lee,15,5498,4,2022,,,
Lee,15,5368,5,2022,,,
Lee,15,5708,6,2022,,,
Lee,14,5040,7,2022,,,
Lee,12,5441,8,2022,,,
Lee,13,5472,9,2022,,,
Lee,15,6208,10,2022,,,
Lee,17,11416,11,2022,,,
Lee,16,12396,12,2022,,,
Lee,16,12174,1,2023,,,
Lee,17,11198,2,2023,,,
Lee,14,9523,3,2023,,,
Lee,17,12067,4,2023,,,
Lee,18,10875,5,2023,,,
Lee,22,15034,6,2023,,,
Lee,20,15388,7,2023,,,
Lee,18,13833,8,2023,,,
Lee,17,12256,9,2023,,,
Lee,14,7970,10,2023,,,
Lee,14,9641,11,2023,,,
Lee,16,12589,12,2023,,,
Lee,24,13159,1,2024,,,
Lee,21,12931,2,2024,,,
Lee,11,7911,3,2024,,,
Lee,12,8312,4,2024,,,
Lee,14,7060,5,2024,,,
Lee,15,11917,6,2024,,,
Lee,17,13486,7,2024,,,
Lee,15,13140,8,2024,,,
Lee,16,9721,9,2024,,,
Lee,11,8251,10,2024,,,
Lee,11,8444,11,2024,,,
Lee,14,9172,12,2024,,,
Lee,13,9249,1,2025,,,
Lee,14,10229,2,2025,,,
Lee,16,10410,3,2025,,,
Lee,15,10454,4,2025,,,
Lee,16,11660,5,2025,,,
Lee,18,11606,6,2025,,,
Lexington,REDACTED,984,7,2017,,,
Lexington,REDACTED,549,8,2017,,,
Lexington,REDACTED,510,9,2017,,,
Lexington,REDACTED,801,10,2017,,,
Lexington,REDACTED,824,11,2017,,,
Lexington,REDACTED,774,12,2017,,,
Lexington,REDACTED,499,1,2018,,,
Lexington,REDACTED,704,2,2018,,,
Lexington,REDACTED,607,3,2018,,,
Lexington,REDACTED,903,4,2018,,,
Lexington,REDACTED,878,5,2018,,,
Lexington,REDACTED,2242,6,2018,,,
Lexington,REDACTED,3772,7,2018,,,
Lexington,REDACTED,3522,8,2018,,,
Lexington,REDACTED,2727,9,2018,,,
Lexington,REDACTED,4318,10,2018,,,
Lexington,REDACTED,4065,11,2018,,,
Lexington,REDACTED,3480,12,2018,,,
Lexington,REDACTED,1969,1,2019,,,
Lexington,REDACTED,4108,2,2019,,,
Lexington,REDACTED,3087,3,2019,,,
Lexington,REDACTED,3221,4,2019,,,
Lexington,REDACTED,3275,5,2019,,,
Lexington,REDACTED,1650,6,2019,,,
Lexington,REDACTED,3129,7,2019,,,
Lexington,10,3856,8,2019,,,
Lexington,10,3351,9,2019,,,
Lexington,REDACTED,3150,10,2019,,,
Lexington,11,4516.4,11,2019,,,
Lexington,11,4303.8,12,2019,,,
Lexington,11,2628.4,1,2020,,,
Lexington,11,4437.2,2,2020,,,
Lexington,12,4161.2,3,2020,,,
Lexington,11,1522,4,2020,,,
Lexington,REDACTED,2482,5,2020,,,
Lexington,REDACTED,2083.2,6,2020,,,
Lexington,REDACTED,9380,8,2020,,,
Lexington,REDACTED,7909,9,2020,,,
Lexington,REDACTED,2868,10,2020,,,
Lexington,REDACTED,3786.23,11,2020,,,
Lexington,REDACTED,4517.16,12,2020,,,
Lexington,REDACTED,2611.66,1,2021,,,
Lexington,REDACTED,3907.89,2,2021,,,
Lexington,REDACTED,3733.67,3,2021,,,
Lexington,REDACTED,4887.31,4,2021,,,
Lexington,REDACTED,4708,5,2021,,,
Lexington,REDACTED,4822.49,6,2021,,,
Lexington,10,6501.4,7,2021,,,
Lexington,14,8211.4,8,2021,,,
Lexington,12,6367.8,9,2021,,,
Lexington,REDACTED,3709.66,10,2021,,,
Lexington,REDACTED,3749.3,11,2021,,,
Lexington,REDACTED,3468.91,12,2021,,,
Lexington,REDACTED,3273.05,1,2022,,,
Lexington,REDACTED,3334.63,2,2022,,,
Lexington,REDACTED,2866.6,3,2022,,,
Lexington,REDACTED,3296.59,4,2022,,,
Lexington,REDACTED,2785.23,5,2022,,,
Lexington,REDACTED,3377.96,6,2022,,,
Lexington,REDACTED,3330.92,7,2022,,,
Lexington,REDACTED,2697.86,8,2022,,,
Lexington,REDACTED,2517.14,9,2022,,,
Lexington,REDACTED,2925.77,10,2022,,,
Lexington,REDACTED,2731.89,11,2022,,,
Lexington,REDACTED,2887.98,12,2022,,,
Lexington,REDACTED,2575.65,1,2023,,,
Lexington,REDACTED,4764.64,2,2023,,,
Lexington,REDACTED,3524.04,3,2023,,,
Lexington,REDACTED,1535.69,4,2023,,,
Lexington,REDACTED,2467.2,5,2023,,,
Lexington,REDACTED,4136.57,6,2023,,,
Lexington,10,11088.16,7,2023,,,
Lexington,10,9181.39,8,2023,,,
Lexington,12,9318.22,9,2023,,,
Lexington,REDACTED,6288.34,10,2023,,,
Lexington,REDACTED,7223.88,11,2023,,,
Lexington,REDACTED,8474.12,12,2023,,,
Lexington,10,9958.44,1,2024,,,
Lexington,REDACTED,8257.48,2,2024,,,
Lexington,REDACTED,7057.01,3,2024,,,
Lexington,REDACTED,7529.31,4,2024,,,
Lexington,REDACTED,8092.82,5,2024,,,
Lexington,REDACTED,8300.63,6,2024,,,
Lexington,10,9036.85,7,2024,,,
Lexington,10,10157.29,8,2024,,,
Lexington,12,7791.69,9,2024,,,
Lexington,12,10468.07,10,2024,,,
Lexington,12,9871,11,2024,,,
Lexington,11,8395,12,2024,,,
Lexington,11,7514,1,2025,,,
Lexington,11,9139,2,2025,,,
Lexington,10,6564,3,2025,,,
Lexington,11,6281,4,2025,,,
Lexington,10,7039,5,2025,,,
Lexington,11,6302,6,2025,,,
Loudoun,327,260050,7,2017,,,
Loudoun,303,224888,8,2017,,,
Loudoun,302,231691,9,2017,,,
Loudoun,306,185928,10,2017,,,
Loudoun,303,205594,11,2017,,,
Loudoun,312,221735,12,2017,,,
Loudoun,319,219268,1,2018,,,
Loudoun,306,234326,2,2018,,,
Loudoun,313,206436,3,2018,,,
Loudoun,319,224532,4,2018,,,
Loudoun,336,225249,5,2018,,,
Loudoun,342,269644,6,2018,,,
Loudoun,375,431021,7,2018,,,
Loudoun,362,429128,8,2018,,,
Loudoun,360,414447,9,2018,,,
Loudoun,325,312067,10,2018,,,
Loudoun,324,353195,11,2018,,,
Loudoun,318,340971,12,2018,,,
Loudoun,323,336753,1,2019,,,
Loudoun,320,350110,2,2019,,,
Loudoun,322,301697,3,2019,,,
Loudoun,329,345860,4,2019,,,
Loudoun,345,387446,5,2019,,,
Loudoun,355,411808,6,2019,,,
Loudoun,365,384183.18,7,2019,,,
Loudoun,373,444442.5,8,2019,,,
Loudoun,424,449830.15,9,2019,,,
Loudoun,425,408388.95,10,2019,,,
Loudoun,435,455744.45,11,2019,,,
Loudoun,436,411338.65,12,2019,,,
Loudoun,421,414467.3,1,2020,,,
Loudoun,423,453839.85,2,2020,,,
Loudoun,416,380673.65,3,2020,,,
Loudoun,412,316911.45,4,2020,,,
Loudoun,240,253095.2,5,2020,,,
Loudoun,355,436493.45,6,2020,,,
Loudoun,369,540396.65,7,2020,,,
Loudoun,332,409357,8,2020,,,
Loudoun,293,331062.95,9,2020,,,
Loudoun,331,328789.8,10,2020,,,
Loudoun,287,319195.82,11,2020,,,
Loudoun,274,311523.25,12,2020,,,
Loudoun,276,303378.15,1,2021,,,
Loudoun,268,278419.55,2,2021,,,
Loudoun,273,269039.7,3,2021,,,
Loudoun,285,337685.16,4,2021,,,
Loudoun,296,364755.62,5,2021,,,
Loudoun,314,370093.08,6,2021,,,
Loudoun,344,456512.2,7,2021,,,
Loudoun,365,479416.64,8,2021,,,
Loudoun,451,564398.53,9,2021,,,
Loudoun,482,579739.92,10,2021,,,
Loudoun,503,568604.54,11,2021,,,
Loudoun,544,667785.1,12,2021,,,
Loudoun,569,732942.89,1,2022,,,
Loudoun,599,687212.82,2,2022,,,
Loudoun,649,704922.72,3,2022,,,
Loudoun,673,872118.77,4,2022,,,
Loudoun,731,874068.29,5,2022,,,
Loudoun,690,844532.92,6,2022,,,
Loudoun,755,980035.34,7,2022,,,
Loudoun,752,1022892.62,8,2022,,,
Loudoun,797,1056400.7,9,2022,,,
Loudoun,801,1015344.8,10,2022,,,
Loudoun,816,1032210.19,11,2022,,,
Loudoun,860,1136321.95,12,2022,,,
Loudoun,918,1185334.68,1,2023,,,
Loudoun,925,1157308.15,2,2023,,,
Loudoun,954,1070575.12,3,2023,,,
Loudoun,981,1265964.69,4,2023,,,
Loudoun,997,1133992.4,5,2023,,,
Loudoun,1015,1320218.07,6,2023,,,
Loudoun,1084,1498326.34,7,2023,,,
Loudoun,1063,1355585.53,8,2023,,,
Loudoun,1148,1480486.39,9,2023,,,
Loudoun,1102,1297751.12,10,2023,,,
Loudoun,1125,1381108.68,11,2023,,,
Loudoun,1160,1451652.28,12,2023,,,
Loudoun,1198,1415373.58,1,2024,,,
Loudoun,1224,1560449.3,2,2024,,,
Loudoun,1230,1416111.57,3,2024,,,
Loudoun,1241,1508387.45,4,2024,,,
Loudoun,1264,1550382.4,5,2024,,,
Loudoun,1265,1662422.78,6,2024,,,
Loudoun,1307,1590343.16,7,2024,,,
Loudoun,1257,1768130.25,8,2024,,,
Loudoun,1302,1621773.18,9,2024,,,
Loudoun,1194,1355006.63,10,2024,,,
Loudoun,1175,1491350,11,2024,,,
Loudoun,1139,1344639,12,2024,,,
Loudoun,1137,1398820,1,2025,,,
Loudoun,1161,1488601,2,2025,,,
Loudoun,1143,1229102,3,2025,,,
Loudoun,1133,1290151,4,2025,,,
Loudoun,1142,1415719,5,2025,,,
Loudoun,1143,1376147,6,2025,,,
Louisa,29,10925,7,2017,,,
Louisa,20,7838,8,2017,,,
Louisa,14,5915,9,2017,,,
Louisa,12,6203,10,2017,,,
Louisa,13,6279,11,2017,,,
Louisa,13,6254,12,2017,,,
Louisa,REDACTED,3499,1,2018,,,
Louisa,REDACTED,4071,2,2018,,,
Louisa,REDACTED,4040,3,2018,,,
Louisa,13,6044,4,2018,,,
Louisa,14,7132,5,2018,,,
Louisa,14,6066,6,2018,,,
Louisa,15,8505,7,2018,,,
Louisa,12,8964,8,2018,,,
Louisa,13,5589,9,2018,,,
Louisa,REDACTED,6022,10,2018,,,
Louisa,16,10250,11,2018,,,
Louisa,17,8774,12,2018,,,
Louisa,12,5588,1,2019,,,
Louisa,18,10941,2,2019,,,
Louisa,15,8119,3,2019,,,
Louisa,17,9271,4,2019,,,
Louisa,18,10215,5,2019,,,
Louisa,16,10824,6,2019,,,
Louisa,13,9726,7,2019,,,
Louisa,19,10903.4,8,2019,,,
Louisa,19,12091,9,2019,,,
Louisa,23,9248.8,10,2019,,,
Louisa,22,11895.2,11,2019,,,
Louisa,21,9672.4,12,2019,,,
Louisa,21,9057.8,1,2020,,,
Louisa,23,11272.2,2,2020,,,
Louisa,24,11045.8,3,2020,,,
Louisa,24,10495.6,4,2020,,,
Louisa,20,10499.2,5,2020,,,
Louisa,15,9684,6,2020,,,
Louisa,27,20328.2,7,2020,,,
Louisa,25,18177.2,8,2020,,,
Louisa,20,10012,9,2020,,,
Louisa,28,13211.8,10,2020,,,
Louisa,23,13355.2,11,2020,,,
Louisa,25,13240.2,12,2020,,,
Louisa,20,12323.6,1,2021,,,
Louisa,17,9586,2,2021,,,
Louisa,15,7297.2,3,2021,,,
Louisa,19,9156.4,4,2021,,,
Louisa,17,10777.4,5,2021,,,
Louisa,25,13368.4,6,2021,,,
Louisa,28,18329.4,7,2021,,,
Louisa,39,24180.6,8,2021,,,
Louisa,41,24625.2,9,2021,,,
Louisa,39,22541.4,10,2021,,,
Louisa,44,23330.6,11,2021,,,
Louisa,42,22466.6,12,2021,,,
Louisa,46,32548,1,2022,,,
Louisa,44,28706.4,2,2022,,,
Louisa,48,29135.4,3,2022,,,
Louisa,45,28776.8,4,2022,,,
Louisa,53,31891,5,2022,,,
Louisa,57,31291.8,6,2022,,,
Louisa,67,43881,7,2022,,,
Louisa,76,46524.8,8,2022,,,
Louisa,76,44567,9,2022,,,
Louisa,64,40623,10,2022,,,
Louisa,77,69477,11,2022,,,
Louisa,75,67003,12,2022,,,
Louisa,71,66873,1,2023,,,
Louisa,79,68618,2,2023,,,
Louisa,91,71813,3,2023,,,
Louisa,90,84672,4,2023,,,
Louisa,94,73668,5,2023,,,
Louisa,89,82474,6,2023,,,
Louisa,104,92572,7,2023,,,
Louisa,105,90487,8,2023,,,
Louisa,110,92606,9,2023,,,
Louisa,112,93173.7,10,2023,,,
Louisa,116,93010,11,2023,,,
Louisa,126,103119,12,2023,,,
Louisa,130,96116,1,2024,,,
Louisa,124,116334,2,2024,,,
Louisa,133,106612,3,2024,,,
Louisa,123,106462,4,2024,,,
Louisa,123,107883,5,2024,,,
Louisa,134,112208,6,2024,,,
Louisa,139,114722,7,2024,,,
Louisa,126,119596,8,2024,,,
Louisa,121,92521,9,2024,,,
Louisa,106,84951,10,2024,,,
Louisa,101,91462,11,2024,,,
Louisa,107,82422,12,2024,,,
Louisa,108,86757,1,2025,,,
Louisa,103,98694,2,2025,,,
Louisa,104,83394,3,2025,,,
Louisa,110,93390,4,2025,,,
Louisa,108,93961,5,2025,,,
Louisa,114,92985,6,2025,,,
Lunenburg,REDACTED,535,7,2017,,,
Lunenburg,REDACTED,215,8,2017,,,
Lunenburg,REDACTED,247,9,2017,,,
Lunenburg,REDACTED,407,10,2017,,,
Lunenburg,REDACTED,231,11,2017,,,
Lunenburg,REDACTED,231,12,2017,,,
Lunenburg,REDACTED,215,1,2018,,,
Lunenburg,REDACTED,247,2,2018,,,
Lunenburg,REDACTED,199,3,2018,,,
Lunenburg,REDACTED,231,4,2018,,,
Lunenburg,REDACTED,255,5,2018,,,
Lunenburg,REDACTED,1887,6,2018,,,
Lunenburg,REDACTED,1279,7,2018,,,
Lunenburg,REDACTED,1134,8,2018,,,
Lunenburg,REDACTED,1351,9,2018,,,
Lunenburg,REDACTED,1130,10,2018,,,
Lunenburg,REDACTED,1351,11,2018,,,
Lunenburg,REDACTED,1239,12,2018,,,
Lunenburg,REDACTED,1035,1,2019,,,
Lunenburg,REDACTED,1351,2,2019,,,
Lunenburg,REDACTED,1198,3,2019,,,
Lunenburg,REDACTED,1264,4,2019,,,
Lunenburg,REDACTED,1284,5,2019,,,
Lunenburg,REDACTED,1350,6,2019,,,
Lunenburg,REDACTED,1198,7,2019,,,
Lunenburg,REDACTED,1166,8,2019,,,
Lunenburg,REDACTED,1012,9,2019,,,
Lunenburg,REDACTED,736,10,2019,,,
Lunenburg,REDACTED,1058,11,2019,,,
Lunenburg,REDACTED,805,12,2019,,,
Lunenburg,REDACTED,644,1,2020,,,
Lunenburg,REDACTED,1058,2,2020,,,
Lunenburg,REDACTED,874,3,2020,,,
Lunenburg,REDACTED,414,4,2020,,,
Lunenburg,REDACTED,2806,8,2020,,,
Lunenburg,REDACTED,420,11,2020,,,
Lunenburg,REDACTED,1354,12,2020,,,
Lunenburg,REDACTED,532,1,2021,,,
Lunenburg,REDACTED,1940,2,2021,,,
Lunenburg,REDACTED,1704,3,2021,,,
Lunenburg,REDACTED,1968,4,2021,,,
Lunenburg,REDACTED,1936,5,2021,,,
Lunenburg,REDACTED,1848,6,2021,,,
Lunenburg,REDACTED,2462,7,2021,,,
Lunenburg,REDACTED,2626,8,2021,,,
Lunenburg,REDACTED,4075,9,2021,,,
Lunenburg,REDACTED,3410,10,2021,,,
Lunenburg,10,4598,11,2021,,,
Lunenburg,REDACTED,3399,12,2021,,,
Lunenburg,REDACTED,3365,1,2022,,,
Lunenburg,REDACTED,3563,2,2022,,,
Lunenburg,REDACTED,3716,3,2022,,,
Lunenburg,REDACTED,4019,4,2022,,,
Lunenburg,11,3970,5,2022,,,
Lunenburg,11,4336,6,2022,,,
Lunenburg,11,5148,7,2022,,,
Lunenburg,11,4509,8,2022,,,
Lunenburg,11,5349,9,2022,,,
Lunenburg,13,5704,10,2022,,,
Lunenburg,10,9006,11,2022,,,
Lunenburg,REDACTED,5592,12,2022,,,
Lunenburg,REDACTED,5560,1,2023,,,
Lunenburg,REDACTED,6689,2,2023,,,
Lunenburg,REDACTED,6296,3,2023,,,
Lunenburg,13,9539,4,2023,,,
Lunenburg,14,11399,5,2023,,,
Lunenburg,19,14089,6,2023,,,
Lunenburg,16,11720,7,2023,,,
Lunenburg,12,7952,8,2023,,,
Lunenburg,16,11017,9,2023,,,
Lunenburg,16,13689,10,2023,,,
Lunenburg,16,13432,11,2023,,,
Lunenburg,19,14135,12,2023,,,
Lunenburg,20,14836,1,2024,,,
Lunenburg,21,16728,2,2024,,,
Lunenburg,17,14111,3,2024,,,
Lunenburg,16,14427,4,2024,,,
Lunenburg,17,13947,5,2024,,,
Lunenburg,19,15096,6,2024,,,
Lunenburg,19,13076,7,2024,,,
Lunenburg,18,16121,8,2024,,,
Lunenburg,12,10518,9,2024,,,
Lunenburg,11,8529,10,2024,,,
Lunenburg,11,12395,11,2024,,,
Lunenburg,11,9519,12,2024,,,
Lunenburg,12,10774,1,2025,,,
Lunenburg,11,11094,2,2025,,,
Lunenburg,14,10155,3,2025,,,
Lunenburg,11,10840,4,2025,,,
Lunenburg,11,11420,5,2025,,,
Lunenburg,18,13132,6,2025,,,
Lynchburg,328,105339,7,2017,,,
Lynchburg,316,97583,8,2017,,,
Lynchburg,325,99063,9,2017,,,
Lynchburg,311,78919,10,2017,,,
Lynchburg,315,94381,11,2017,,,
Lynchburg,303,84015,12,2017,,,
Lynchburg,295,72059,1,2018,,,
Lynchburg,286,84817,2,2018,,,
Lynchburg,263,67360,3,2018,,,
Lynchburg,252,66906,4,2018,,,
Lynchburg,248,71239,5,2018,,,
Lynchburg,247,67009,6,2018,,,
Lynchburg,238,95812,7,2018,,,
Lynchburg,247,98370,8,2018,,,
Lynchburg,265,98657,9,2018,,,
Lynchburg,247,88507,10,2018,,,
Lynchburg,267,104758,11,2018,,,
Lynchburg,284,100432,12,2018,,,
Lynchburg,285,105402,1,2019,,,
Lynchburg,289,116936,2,2019,,,
Lynchburg,295,108969,3,2019,,,
Lynchburg,307,120189,4,2019,,,
Lynchburg,320,127116,5,2019,,,
Lynchburg,293,125494,6,2019,,,
Lynchburg,315,128360.6,7,2019,,,
Lynchburg,335,138365.7,8,2019,,,
Lynchburg,351,112531.4,9,2019,,,
Lynchburg,305,108466.2,10,2019,,,
Lynchburg,326,114108.8,11,2019,,,
Lynchburg,325,107690.9,12,2019,,,
Lynchburg,329,110702.9,1,2020,,,
Lynchburg,347,127305.5,2,2020,,,
Lynchburg,337,111558,3,2020,,,
Lynchburg,352,113901.6,4,2020,,,
Lynchburg,289,113783.7,5,2020,,,
Lynchburg,286,114310,6,2020,,,
Lynchburg,295,148425,7,2020,,,
Lynchburg,301,144596.3,8,2020,,,
Lynchburg,253,105456,9,2020,,,
Lynchburg,275,96987.6,10,2020,,,
Lynchburg,231,92158.4,11,2020,,,
Lynchburg,228,90076.2,12,2020,,,
Lynchburg,224,88901.4,1,2021,,,
Lynchburg,220,83184,2,2021,,,
Lynchburg,225,86038,3,2021,,,
Lynchburg,209,89933,4,2021,,,
Lynchburg,237,96546,5,2021,,,
Lynchburg,263,113293,6,2021,,,
Lynchburg,287,153671.4,7,2021,,,
Lynchburg,332,166127.4,8,2021,,,
Lynchburg,340,147266.8,9,2021,,,
Lynchburg,325,151039.8,10,2021,,,
Lynchburg,340,146228,11,2021,,,
Lynchburg,335,154627.4,12,2021,,,
Lynchburg,340,166464,1,2022,,,
Lynchburg,364,153403,2,2022,,,
Lynchburg,368,159616,3,2022,,,
Lynchburg,376,182240,4,2022,,,
Lynchburg,387,172936,5,2022,,,
Lynchburg,405,178344,6,2022,,,
Lynchburg,392,216794,7,2022,,,
Lynchburg,404,192810,8,2022,,,
Lynchburg,434,196476,9,2022,,,
Lynchburg,405,184894,10,2022,,,
Lynchburg,431,288370,11,2022,,,
Lynchburg,464,335467,12,2022,,,
Lynchburg,456,337316.06,1,2023,,,
Lynchburg,483,334862.06,2,2023,,,
Lynchburg,497,312667.66,3,2023,,,
Lynchburg,482,370303.79,4,2023,,,
Lynchburg,527,340618.6,5,2023,,,
Lynchburg,523,389392.79,6,2023,,,
Lynchburg,555,456075.06,7,2023,,,
Lynchburg,567,419892.34,8,2023,,,
Lynchburg,558,407006.61,9,2023,,,
Lynchburg,552,385620.02,10,2023,,,
Lynchburg,587,442021.24,11,2023,,,
Lynchburg,590,441342.77,12,2023,,,
Lynchburg,605,424126.01,1,2024,,,
Lynchburg,625,468335.56,2,2024,,,
Lynchburg,620,423874.25,3,2024,,,
Lynchburg,621,431776.02,4,2024,,,
Lynchburg,639,471450.21,5,2024,,,
Lynchburg,653,491235.4,6,2024,,,
Lynchburg,658,507212,7,2024,,,
Lynchburg,672,560267,8,2024,,,
Lynchburg,666,484581,9,2024,,,
Lynchburg,619,425498,10,2024,,,
Lynchburg,619,470560,11,2024,,,
Lynchburg,624,441637,12,2024,,,
Lynchburg,627,458413,1,2025,,,
Lynchburg,606,475145,2,2025,,,
Lynchburg,608,411047,3,2025,,,
Lynchburg,629,450450,4,2025,,,
Lynchburg,636,485297,5,2025,,,
Lynchburg,642,479179,6,2025,,,
Madison,10,5215,7,2017,,,
Madison,11,6039,8,2017,,,
Madison,REDACTED,3914,9,2017,,,
Madison,REDACTED,3363,10,2017,,,
Madison,REDACTED,3982,11,2017,,,
Madison,10,4137,12,2017,,,
Madison,REDACTED,3729,1,2018,,,
Madison,13,4483,2,2018,,,
Madison,12,5214,3,2018,,,
Madison,16,9118,4,2018,,,
Madison,18,10507,5,2018,,,
Madison,18,10221,6,2018,,,
Madison,19,14366,7,2018,,,
Madison,19,11758,8,2018,,,
Madison,21,11366,9,2018,,,
Madison,15,7397,10,2018,,,
Madison,14,7813,11,2018,,,
Madison,14,9062,12,2018,,,
Madison,13,7138,1,2019,,,
Madison,13,8220,2,2019,,,
Madison,14,6305,3,2019,,,
Madison,12,5536,4,2019,,,
Madison,10,4718,5,2019,,,
Madison,REDACTED,4382,6,2019,,,
Madison,13,9855.6,7,2019,,,
Madison,13,7256.2,8,2019,,,
Madison,14,6843.8,9,2019,,,
Madison,12,6494.4,10,2019,,,
Madison,11,7191.2,11,2019,,,
Madison,11,5130,12,2019,,,
Madison,11,7325.8,1,2020,,,
Madison,11,7206.2,2,2020,,,
Madison,10,5801.2,3,2020,,,
Madison,10,5243.4,4,2020,,,
Madison,REDACTED,4338.8,5,2020,,,
Madison,10,4928.6,6,2020,,,
Madison,12,9026.4,7,2020,,,
Madison,12,9181.2,8,2020,,,
Madison,12,8637.4,9,2020,,,
Madison,14,8431.4,10,2020,,,
Madison,12,8112.4,11,2020,,,
Madison,12,8462.2,12,2020,,,
Madison,12,7750,1,2021,,,
Madison,12,5759.2,2,2021,,,
Madison,12,5912.6,3,2021,,,
Madison,14,5740.4,4,2021,,,
Madison,12,7255.6,5,2021,,,
Madison,10,5608.6,6,2021,,,
Madison,13,10408.2,7,2021,,,
Madison,13,9032.4,8,2021,,,
Madison,15,8948.8,9,2021,,,
Madison,11,8003.2,10,2021,,,
Madison,11,8045.6,11,2021,,,
Madison,11,8101.2,12,2021,,,
Madison,21,13822.4,1,2022,,,
Madison,21,13012,2,2022,,,
Madison,22,11850.4,3,2022,,,
Madison,22,13934.4,4,2022,,,
Madison,24,14963,5,2022,,,
Madison,22,15089.2,6,2022,,,
Madison,28,19752,7,2022,,,
Madison,30,19817.4,8,2022,,,
Madison,28,19140.8,9,2022,,,
Madison,24,15310.2,10,2022,,,
Madison,21,17965,11,2022,,,
Madison,22,20664,12,2022,,,
Madison,24,20945,1,2023,,,
Madison,23,19997,2,2023,,,
Madison,23,19524,3,2023,,,
Madison,27,23696,4,2023,,,
Madison,27,22216,5,2023,,,
Madison,30,26617,6,2023,,,
Madison,32,30465,7,2023,,,
Madison,33,26660,8,2023,,,
Madison,38,28833,9,2023,,,
Madison,31,22773,10,2023,,,
Madison,33,27754,11,2023,,,
Madison,33,26355,12,2023,,,
Madison,33,27811,1,2024,,,
Madison,32,30663,2,2024,,,
Madison,37,31134,3,2024,,,
Madison,44,34631,4,2024,,,
Madison,46,39782,5,2024,,,
Madison,51,43122,6,2024,,,
Madison,51,41821,7,2024,,,
Madison,51,49847,8,2024,,,
Madison,50,43329,9,2024,,,
Madison,37,35467,10,2024,,,
Madison,39,40363,11,2024,,,
Madison,49,42467,12,2024,,,
Madison,48,47885,1,2025,,,
Madison,54,49609,2,2025,,,
Madison,52,44183,3,2025,,,
Madison,53,43330,4,2025,,,
Madison,54,45447,5,2025,,,
Madison,50,43234,6,2025,,,
Manassas,169,121161,7,2017,,,
Manassas,161,108875,8,2017,,,
Manassas,164,112023,9,2017,,,
Manassas,187,92564,10,2017,,,
Manassas,187,111536,11,2017,,,
Manassas,182,111722,12,2017,,,
Manassas,174,107643,1,2018,,,
Manassas,184,115258,2,2018,,,
Manassas,192,108472,3,2018,,,
Manassas,179,114235,4,2018,,,
Manassas,188,117162,5,2018,,,
Manassas,197,126280,6,2018,,,
Manassas,193,177387,7,2018,,,
Manassas,186,185212,8,2018,,,
Manassas,182,170662,9,2018,,,
Manassas,179,134944,10,2018,,,
Manassas,169,148755,11,2018,,,
Manassas,169,136320,12,2018,,,
Manassas,180,154739,1,2019,,,
Manassas,175,155665,2,2019,,,
Manassas,168,130497,3,2019,,,
Manassas,176,146599,4,2019,,,
Manassas,167,145868,5,2019,,,
Manassas,159,138319,6,2019,,,
Manassas,156,126645.4,7,2019,,,
Manassas,161,157714,8,2019,,,
Manassas,154,123269.6,9,2019,,,
Manassas,154,112783.35,10,2019,,,
Manassas,164,128334.8,11,2019,,,
Manassas,160,114944.05,12,2019,,,
Manassas,150,108888.1,1,2020,,,
Manassas,146,115567.05,2,2020,,,
Manassas,142,94998.65,3,2020,,,
Manassas,138,107015.5,4,2020,,,
Manassas,118,108090.7,5,2020,,,
Manassas,119,111374.2,6,2020,,,
Manassas,124,127338.6,7,2020,,,
Manassas,118,112003.65,8,2020,,,
Manassas,126,130772,9,2020,,,
Manassas,139,101320.4,10,2020,,,
Manassas,126,93293.6,11,2020,,,
Manassas,116,97395.8,12,2020,,,
Manassas,112,101448.2,1,2021,,,
Manassas,110,96062.2,2,2021,,,
Manassas,115,91127,3,2021,,,
Manassas,123,107191.8,4,2021,,,
Manassas,131,130058.2,5,2021,,,
Manassas,146,131530,6,2021,,,
Manassas,157,162511.4,7,2021,,,
Manassas,181,169903.8,8,2021,,,
Manassas,192,167375.15,9,2021,,,
Manassas,195,164977.05,10,2021,,,
Manassas,193,162355.2,11,2021,,,
Manassas,191,174276.4,12,2021,,,
Manassas,203,189082.8,1,2022,,,
Manassas,200,173438.6,2,2022,,,
Manassas,196,160233.2,3,2022,,,
Manassas,200,183153,4,2022,,,
Manassas,197,170943,5,2022,,,
Manassas,216,186422.28,6,2022,,,
Manassas,222,215241.28,7,2022,,,
Manassas,216,208661.64,8,2022,,,
Manassas,238,208651.92,9,2022,,,
Manassas,234,202429.48,10,2022,,,
Manassas,242,225959,11,2022,,,
Manassas,247,250473.8,12,2022,,,
Manassas,251,258004,1,2023,,,
Manassas,249,241061,2,2023,,,
Manassas,251,220639,3,2023,,,
Manassas,264,265832,4,2023,,,
Manassas,270,247217,5,2023,,,
Manassas,269,287564,6,2023,,,
Manassas,269,310558,7,2023,,,
Manassas,266,274490,8,2023,,,
Manassas,271,285763,9,2023,,,
Manassas,273,263905,10,2023,,,
Manassas,287,277712,11,2023,,,
Manassas,276,284563.67,12,2023,,,
Manassas,270,262156,1,2024,,,
Manassas,283,302285,2,2024,,,
Manassas,280,272899,3,2024,,,
Manassas,288,283388,4,2024,,,
Manassas,296,298677,5,2024,,,
Manassas,304,328062,6,2024,,,
Manassas,315,338099,7,2024,,,
Manassas,306,359109,8,2024,,,
Manassas,316,290960,9,2024,,,
Manassas,291,266872,10,2024,,,
Manassas,293,291366,11,2024,,,
Manassas,289,267594,12,2024,,,
Manassas,286,273832,1,2025,,,
Manassas,291,282685,2,2025,,,
Manassas,285,245094,3,2025,,,
Manassas,282,250003,4,2025,,,
Manassas,284,270588,5,2025,,,
Manassas,286,264953,6,2025,,,
Manassas Park,25,15184,7,2017,,,
Manassas Park,19,12802,8,2017,,,
Manassas Park,22,12661,9,2017,,,
Manassas Park,28,12961,10,2017,,,
Manassas Park,19,11755,11,2017,,,
Manassas Park,23,11048,12,2017,,,
Manassas Park,23,13386,1,2018,,,
Manassas Park,25,14398,2,2018,,,
Manassas Park,26,12915,3,2018,,,
Manassas Park,30,16721,4,2018,,,
Manassas Park,36,19254,5,2018,,,
Manassas Park,39,21791,6,2018,,,
Manassas Park,42,34035,7,2018,,,
Manassas Park,35,33401,8,2018,,,
Manassas Park,33,32464,9,2018,,,
Manassas Park,33,24946,10,2018,,,
Manassas Park,32,25965,11,2018,,,
Manassas Park,29,23746,12,2018,,,
Manassas Park,28,22356,1,2019,,,
Manassas Park,29,23988,2,2019,,,
Manassas Park,38,24055,3,2019,,,
Manassas Park,36,32342,4,2019,,,
Manassas Park,34,32277,5,2019,,,
Manassas Park,35,32617,6,2019,,,
Manassas Park,36,33110.6,7,2019,,,
Manassas Park,35,36884,8,2019,,,
Manassas Park,34,31502.2,9,2019,,,
Manassas Park,36,31250.4,10,2019,,,
Manassas Park,39,35087.6,11,2019,,,
Manassas Park,39,31073.55,12,2019,,,
Manassas Park,43,39468.25,1,2020,,,
Manassas Park,43,36559.9,2,2020,,,
Manassas Park,36,29305.8,3,2020,,,
Manassas Park,34,28807.35,4,2020,,,
Manassas Park,29,31065.4,5,2020,,,
Manassas Park,28,28406.95,6,2020,,,
Manassas Park,31,35438,7,2020,,,
Manassas Park,32,35826.45,8,2020,,,
Manassas Park,29,28858.2,9,2020,,,
Manassas Park,32,28502.6,10,2020,,,
Manassas Park,29,30361.8,11,2020,,,
Manassas Park,29,28973.4,12,2020,,,
Manassas Park,28,30091.8,1,2021,,,
Manassas Park,36,32746,2,2021,,,
Manassas Park,36,34301,3,2021,,,
Manassas Park,37,38122,4,2021,,,
Manassas Park,40,45309.6,5,2021,,,
Manassas Park,47,45648.2,6,2021,,,
Manassas Park,45,54706.4,7,2021,,,
Manassas Park,46,49902,8,2021,,,
Manassas Park,45,50787.2,9,2021,,,
Manassas Park,45,52241.6,10,2021,,,
Manassas Park,47,50325.8,11,2021,,,
Manassas Park,53,60433.6,12,2021,,,
Manassas Park,51,64035.4,1,2022,,,
Manassas Park,54,58163,2,2022,,,
Manassas Park,51,52431,3,2022,,,
Manassas Park,51,58485.4,4,2022,,,
Manassas Park,58,56104.8,5,2022,,,
Manassas Park,53,58123.6,6,2022,,,
Manassas Park,54,63427.6,7,2022,,,
Manassas Park,50,56078.6,8,2022,,,
Manassas Park,61,67537.4,9,2022,,,
Manassas Park,58,67590.8,10,2022,,,
Manassas Park,61,69077,11,2022,,,
Manassas Park,60,69946,12,2022,,,
Manassas Park,58,69474,1,2023,,,
Manassas Park,57,61428,2,2023,,,
Manassas Park,60,58199,3,2023,,,
Manassas Park,57,65259,4,2023,,,
Manassas Park,62,58625,5,2023,,,
Manassas Park,60,66653,6,2023,,,
Manassas Park,59,72720,7,2023,,,
Manassas Park,65,66299,8,2023,,,
Manassas Park,79,77689,9,2023,,,
Manassas Park,78,75287,10,2023,,,
Manassas Park,80,86078,11,2023,,,
Manassas Park,77,86077,12,2023,,,
Manassas Park,71,77040,1,2024,,,
Manassas Park,72,87457,2,2024,,,
Manassas Park,79,81043,3,2024,,,
Manassas Park,82,88027,4,2024,,,
Manassas Park,81,93941,5,2024,,,
Manassas Park,84,97169,6,2024,,,
Manassas Park,76,82110,7,2024,,,
Manassas Park,75,89094,8,2024,,,
Manassas Park,70,81178,9,2024,,,
Manassas Park,62,61237,10,2024,,,
Manassas Park,60,67619,11,2024,,,
Manassas Park,57,61249,12,2024,,,
Manassas Park,56,65364,1,2025,,,
Manassas Park,65,69104,2,2025,,,
Manassas Park,71,68640,3,2025,,,
Manassas Park,75,79533,4,2025,,,
Manassas Park,72,77092,5,2025,,,
Manassas Park,82,83196,6,2025,,,
Martinsville,53,10894,7,2017,,,
Martinsville,48,9067,8,2017,,,
Martinsville,57,14965,9,2017,,,
Martinsville,71,13147,10,2017,,,
Martinsville,57,10152,11,2017,,,
Martinsville,67,12873,12,2017,,,
Martinsville,50,7581,1,2018,,,
Martinsville,51,10606,2,2018,,,
Martinsville,43,6654,3,2018,,,
Martinsville,45,8463,4,2018,,,
Martinsville,40,7842,5,2018,,,
Martinsville,46,8082,6,2018,,,
Martinsville,44,8316,7,2018,,,
Martinsville,55,14802,8,2018,,,
Martinsville,49,10164,9,2018,,,
Martinsville,42,8474,10,2018,,,
Martinsville,45,11766,11,2018,,,
Martinsville,38,8714,12,2018,,,
Martinsville,47,12884,1,2019,,,
Martinsville,43,10718,2,2019,,,
Martinsville,53,12293,3,2019,,,
Martinsville,40,10533,4,2019,,,
Martinsville,54,11888,5,2019,,,
Martinsville,59,16002,6,2019,,,
Martinsville,42,12487,7,2019,,,
Martinsville,68,22031.2,8,2019,,,
Martinsville,63,14828,9,2019,,,
Martinsville,82,19021.6,10,2019,,,
Martinsville,76,19755.6,11,2019,,,
Martinsville,62,15462.6,12,2019,,,
Martinsville,61,16673,1,2020,,,
Martinsville,65,19834.6,2,2020,,,
Martinsville,65,16309.6,3,2020,,,
Martinsville,77,20181.2,4,2020,,,
Martinsville,53,16298.2,5,2020,,,
Martinsville,54,17680,6,2020,,,
Martinsville,52,17241,7,2020,,,
Martinsville,55,18167,8,2020,,,
Martinsville,49,14392,9,2020,,,
Martinsville,43,12486,10,2020,,,
Martinsville,44,12230,11,2020,,,
Martinsville,46,13839,12,2020,,,
Martinsville,29,10082,1,2021,,,
Martinsville,30,8881,2,2021,,,
Martinsville,40,11660,3,2021,,,
Martinsville,43,11920,4,2021,,,
Martinsville,44,16066,5,2021,,,
Martinsville,47,15638,6,2021,,,
Martinsville,56,23202,7,2021,,,
Martinsville,63,26003,8,2021,,,
Martinsville,60,18395.8,9,2021,,,
Martinsville,56,17553,10,2021,,,
Martinsville,68,29101.12,11,2021,,,
Martinsville,53,17001.08,12,2021,,,
Martinsville,58,17961.22,1,2022,,,
Martinsville,51,15700.34,2,2022,,,
Martinsville,70,25863.4,3,2022,,,
Martinsville,68,23984.62,4,2022,,,
Martinsville,68,21677.54,5,2022,,,
Martinsville,72,23260.28,6,2022,,,
Martinsville,69,24903.68,7,2022,,,
Martinsville,67,23759.06,8,2022,,,
Martinsville,84,31972,9,2022,,,
Martinsville,63,19798.6,10,2022,,,
Martinsville,64,39963.82,11,2022,,,
Martinsville,66,46407.84,12,2022,,,
Martinsville,95,62104.36,1,2023,,,
Martinsville,91,71986.14,2,2023,,,
Martinsville,84,52859.13,3,2023,,,
Martinsville,88,66864.44,4,2023,,,
Martinsville,67,47226.7,5,2023,,,
Martinsville,84,65181.01,6,2023,,,
Martinsville,96,74719.02,7,2023,,,
Martinsville,90,71806.38,8,2023,,,
Martinsville,92,68835.17,9,2023,,,
Martinsville,95,61537.41,10,2023,,,
Martinsville,87,66907.74,11,2023,,,
Martinsville,91,69921.99,12,2023,,,
Martinsville,88,68528.98,1,2024,,,
Martinsville,93,81068.67,2,2024,,,
Martinsville,97,73901.15,3,2024,,,
Martinsville,101,76293.05,4,2024,,,
Martinsville,108,86147.72,5,2024,,,
Martinsville,107,86053.46,6,2024,,,
Martinsville,105,88455.44,7,2024,,,
Martinsville,107,94801.39,8,2024,,,
Martinsville,104,82093.36,9,2024,,,
Martinsville,98,73797.04,10,2024,,,
Martinsville,97,74193,11,2024,,,
Martinsville,89,65347,12,2024,,,
Martinsville,86,67804,1,2025,,,
Martinsville,92,76528,2,2025,,,
Martinsville,95,62563,3,2025,,,
Martinsville,90,63911,4,2025,,,
Martinsville,105,78830,5,2025,,,
Martinsville,113,85075,6,2025,,,
Mathews,REDACTED,2687,7,2017,,,
Mathews,10,3529,8,2017,,,
Mathews,REDACTED,2290,9,2017,,,
Mathews,REDACTED,2108,10,2017,,,
Mathews,REDACTED,1804,11,2017,,,
Mathews,REDACTED,1424,12,2017,,,
Mathews,REDACTED,2146,1,2018,,,
Mathews,REDACTED,2262,2,2018,,,
Mathews,REDACTED,1126,3,2018,,,
Mathews,REDACTED,2372,4,2018,,,
Mathews,REDACTED,1642,5,2018,,,
Mathews,REDACTED,3720,6,2018,,,
Mathews,REDACTED,3016,7,2018,,,
Mathews,REDACTED,1056,8,2018,,,
Mathews,REDACTED,1959,9,2018,,,
Mathews,REDACTED,64,10,2018,,,
Mathews,REDACTED,2181,11,2018,,,
Mathews,REDACTED,1424,12,2018,,,
Mathews,REDACTED,1644,1,2019,,,
Mathews,REDACTED,2238,2,2019,,,
Mathews,REDACTED,2161,3,2019,,,
Mathews,REDACTED,4986,4,2019,,,
Mathews,REDACTED,4590,5,2019,,,
Mathews,REDACTED,4134,6,2019,,,
Mathews,REDACTED,2025,7,2019,,,
Mathews,REDACTED,3769,8,2019,,,
Mathews,REDACTED,5087,9,2019,,,
Mathews,REDACTED,3932,10,2019,,,
Mathews,REDACTED,4438,11,2019,,,
Mathews,REDACTED,3728.4,12,2019,,,
Mathews,REDACTED,3709.6,1,2020,,,
Mathews,REDACTED,4671.8,2,2020,,,
Mathews,REDACTED,3501.2,3,2020,,,
Mathews,REDACTED,4283.4,4,2020,,,
Mathews,REDACTED,4489.6,5,2020,,,
Mathews,12,6082.4,6,2020,,,
Mathews,13,7630.2,7,2020,,,
Mathews,13,6927.8,8,2020,,,
Mathews,12,5073,9,2020,,,
Mathews,12,5135.6,10,2020,,,
Mathews,10,4335.6,11,2020,,,
Mathews,REDACTED,3583.4,12,2020,,,
Mathews,11,4402.6,1,2021,,,
Mathews,11,3876.2,2,2021,,,
Mathews,14,5112.8,3,2021,,,
Mathews,12,4618.4,4,2021,,,
Mathews,12,5884.4,5,2021,,,
Mathews,15,5337,6,2021,,,
Mathews,13,7306,7,2021,,,
Mathews,13,7204,8,2021,,,
Mathews,16,9980,9,2021,,,
Mathews,14,7942,10,2021,,,
Mathews,14,7770,11,2021,,,
Mathews,15,7831,12,2021,,,
Mathews,14,7781,1,2022,,,
Mathews,15,7639,2,2022,,,
Mathews,16,8619,3,2022,,,
Mathews,13,7599,4,2022,,,
Mathews,15,8671,5,2022,,,
Mathews,19,10873,6,2022,,,
Mathews,22,13151,7,2022,,,
Mathews,19,11019,8,2022,,,
Mathews,18,9067,9,2022,,,
Mathews,16,8347,10,2022,,,
Mathews,15,11254,11,2022,,,
Mathews,16,10017,12,2022,,,
Mathews,14,8891,1,2023,,,
Mathews,19,12344,2,2023,,,
Mathews,16,7010,3,2023,,,
Mathews,17,12678,4,2023,,,
Mathews,13,9796,5,2023,,,
Mathews,18,11680,6,2023,,,
Mathews,12,7901,7,2023,,,
Mathews,16,14358,8,2023,,,
Mathews,22,15208,9,2023,,,
Mathews,18,13376,10,2023,,,
Mathews,18,13553,11,2023,,,
Mathews,13,13053,12,2023,,,
Mathews,13,11236,1,2024,,,
Mathews,15,14544,2,2024,,,
Mathews,13,10946,3,2024,,,
Mathews,REDACTED,7140,4,2024,,,
Mathews,10,8039,5,2024,,,
Mathews,11,8606,6,2024,,,
Mathews,14,8543,7,2024,,,
Mathews,13,10126,8,2024,,,
Mathews,REDACTED,5434,9,2024,,,
Mathews,REDACTED,7093,10,2024,,,
Mathews,REDACTED,6516,11,2024,,,
Mathews,12,8214,12,2024,,,
Mathews,13,10821,1,2025,,,
Mathews,13,8181,2,2025,,,
Mathews,13,8770,3,2025,,,
Mathews,14,9791,4,2025,,,
Mathews,12,7212,5,2025,,,
Mathews,12,7884,6,2025,,,
Mecklenburg,30,7297,7,2017,,,
Mecklenburg,33,7879,8,2017,,,
Mecklenburg,31,4996,9,2017,,,
Mecklenburg,25,5253,10,2017,,,
Mecklenburg,26,6729,11,2017,,,
Mecklenburg,28,7106,12,2017,,,
Mecklenburg,26,6178,1,2018,,,
Mecklenburg,25,6264,2,2018,,,
Mecklenburg,24,3664,3,2018,,,
Mecklenburg,24,4535,4,2018,,,
Mecklenburg,22,4732,5,2018,,,
Mecklenburg,22,4872,6,2018,,,
Mecklenburg,19,6654,7,2018,,,
Mecklenburg,21,8171,8,2018,,,
Mecklenburg,22,8286,9,2018,,,
Mecklenburg,23,6858,10,2018,,,
Mecklenburg,28,9521,11,2018,,,
Mecklenburg,31,9216,12,2018,,,
Mecklenburg,29,7668,1,2019,,,
Mecklenburg,26,8217,2,2019,,,
Mecklenburg,29,9312,3,2019,,,
Mecklenburg,33,9253,4,2019,,,
Mecklenburg,30,10133,5,2019,,,
Mecklenburg,34,12386,6,2019,,,
Mecklenburg,37,9340,7,2019,,,
Mecklenburg,36,10567,8,2019,,,
Mecklenburg,39,9901,9,2019,,,
Mecklenburg,35,10080,10,2019,,,
Mecklenburg,30,8675,11,2019,,,
Mecklenburg,32,7219,12,2019,,,
Mecklenburg,30,7074,1,2020,,,
Mecklenburg,26,7181,2,2020,,,
Mecklenburg,24,5679,3,2020,,,
Mecklenburg,24,6298,4,2020,,,
Mecklenburg,22,8201,5,2020,,,
Mecklenburg,21,7512,6,2020,,,
Mecklenburg,19,6938,7,2020,,,
Mecklenburg,20,6905,8,2020,,,
Mecklenburg,23,7514,9,2020,,,
Mecklenburg,23,6656,10,2020,,,
Mecklenburg,22,7415,11,2020,,,
Mecklenburg,23,6654,12,2020,,,
Mecklenburg,22,6465,1,2021,,,
Mecklenburg,23,6038,2,2021,,,
Mecklenburg,18,4042,3,2021,,,
Mecklenburg,19,5363,4,2021,,,
Mecklenburg,22,6796,5,2021,,,
Mecklenburg,21,6710,6,2021,,,
Mecklenburg,29,8331,7,2021,,,
Mecklenburg,31,10899,8,2021,,,
Mecklenburg,37,11990,9,2021,,,
Mecklenburg,43,13632,10,2021,,,
Mecklenburg,46,12561,11,2021,,,
Mecklenburg,47,14373,12,2021,,,
Mecklenburg,47,14471,1,2022,,,
Mecklenburg,46,10952,2,2022,,,
Mecklenburg,49,13600,3,2022,,,
Mecklenburg,51,16637,4,2022,,,
Mecklenburg,53,15716,5,2022,,,
Mecklenburg,56,16931,6,2022,,,
Mecklenburg,62,18521,7,2022,,,
Mecklenburg,53,16604,8,2022,,,
Mecklenburg,66,20776,9,2022,,,
Mecklenburg,71,20517,10,2022,,,
Mecklenburg,83,48888,11,2022,,,
Mecklenburg,86,59127,12,2022,,,
Mecklenburg,87,59193,1,2023,,,
Mecklenburg,92,58956,2,2023,,,
Mecklenburg,99,56224,3,2023,,,
Mecklenburg,104,68149,4,2023,,,
Mecklenburg,105,56564,5,2023,,,
Mecklenburg,104,69622,6,2023,,,
Mecklenburg,112,73685,7,2023,,,
Mecklenburg,109,72076,8,2023,,,
Mecklenburg,104,71342,9,2023,,,
Mecklenburg,102,66357,10,2023,,,
Mecklenburg,101,65638,11,2023,,,
Mecklenburg,96,64883,12,2023,,,
Mecklenburg,99,66267,1,2024,,,
Mecklenburg,111,75535,2,2024,,,
Mecklenburg,103,68041,3,2024,,,
Mecklenburg,100,71233,4,2024,,,
Mecklenburg,113,79361,5,2024,,,
Mecklenburg,112,84441,6,2024,,,
Mecklenburg,125,81925,7,2024,,,
Mecklenburg,135,103691,8,2024,,,
Mecklenburg,137,84098,9,2024,,,
Mecklenburg,113,68023,10,2024,,,
Mecklenburg,97,70766,11,2024,,,
Mecklenburg,106,69261,12,2024,,,
Mecklenburg,111,73079,1,2025,,,
Mecklenburg,114,74790,2,2025,,,
Mecklenburg,107,62625,3,2025,,,
Mecklenburg,108,70692,4,2025,,,
Mecklenburg,111,74960,5,2025,,,
Mecklenburg,119,78650,6,2025,,,
Middlesex,43,14595,7,2017,,,
Middlesex,45,18333,8,2017,,,
Middlesex,41,16384,9,2017,,,
Middlesex,44,12559,10,2017,,,
Middlesex,38,13380,11,2017,,,
Middlesex,36,11846,12,2017,,,
Middlesex,35,10423,1,2018,,,
Middlesex,31,11170,2,2018,,,
Middlesex,32,7483,3,2018,,,
Middlesex,31,10161,4,2018,,,
Middlesex,31,10490,5,2018,,,
Middlesex,29,10789,6,2018,,,
Middlesex,34,17147,7,2018,,,
Middlesex,36,18339,8,2018,,,
Middlesex,35,17464,9,2018,,,
Middlesex,29,10531,10,2018,,,
Middlesex,29,12304,11,2018,,,
Middlesex,27,9627,12,2018,,,
Middlesex,26,10332,1,2019,,,
Middlesex,24,11726,2,2019,,,
Middlesex,26,11386,3,2019,,,
Middlesex,24,11950,4,2019,,,
Middlesex,27,13821,5,2019,,,
Middlesex,29,14134,6,2019,,,
Middlesex,37,16551.8,7,2019,,,
Middlesex,42,24018,8,2019,,,
Middlesex,43,21998,9,2019,,,
Middlesex,39,16124.4,10,2019,,,
Middlesex,37,17343,11,2019,,,
Middlesex,43,18453.8,12,2019,,,
Middlesex,48,20893.4,1,2020,,,
Middlesex,50,21833.8,2,2020,,,
Middlesex,48,18020.4,3,2020,,,
Middlesex,48,17171.8,4,2020,,,
Middlesex,24,12405.6,5,2020,,,
Middlesex,25,14402,6,2020,,,
Middlesex,30,15838,7,2020,,,
Middlesex,38,19785,8,2020,,,
Middlesex,46,20129,9,2020,,,
Middlesex,52,23046,10,2020,,,
Middlesex,40,20577,11,2020,,,
Middlesex,38,14827,12,2020,,,
Middlesex,38,19076,1,2021,,,
Middlesex,36,14588,2,2021,,,
Middlesex,36,13633,3,2021,,,
Middlesex,36,16031,4,2021,,,
Middlesex,40,17958,5,2021,,,
Middlesex,46,19557.2,6,2021,,,
Middlesex,53,32159,7,2021,,,
Middlesex,53,29723,8,2021,,,
Middlesex,52,23987,9,2021,,,
Middlesex,38,18032.2,10,2021,,,
Middlesex,44,17650,11,2021,,,
Middlesex,47,23051.2,12,2021,,,
Middlesex,48,24708,1,2022,,,
Middlesex,49,20562.2,2,2022,,,
Middlesex,53,23297.2,3,2022,,,
Middlesex,47,23874,4,2022,,,
Middlesex,51,23090.6,5,2022,,,
Middlesex,52,24811.4,6,2022,,,
Middlesex,75,40357.2,7,2022,,,
Middlesex,77,42537,8,2022,,,
Middlesex,78,40538,9,2022,,,
Middlesex,62,26762.4,10,2022,,,
Middlesex,63,38936,11,2022,,,
Middlesex,62,40684,12,2022,,,
Middlesex,64,45392,1,2023,,,
Middlesex,63,38093,2,2023,,,
Middlesex,65,36873,3,2023,,,
Middlesex,70,44336,4,2023,,,
Middlesex,70,41813,5,2023,,,
Middlesex,76,48703,6,2023,,,
Middlesex,86,64741,7,2023,,,
Middlesex,83,59457,8,2023,,,
Middlesex,81,55555,9,2023,,,
Middlesex,69,45517,10,2023,,,
Middlesex,68,46466,11,2023,,,
Middlesex,69,48858,12,2023,,,
Middlesex,67,47597,1,2024,,,
Middlesex,66,40529,2,2024,,,
Middlesex,46,28328,3,2024,,,
Middlesex,74,72294,4,2024,,,
Middlesex,70,49679,5,2024,,,
Middlesex,74,50712,6,2024,,,
Middlesex,76,55722,7,2024,,,
Middlesex,76,59135,8,2024,,,
Middlesex,83,52408,9,2024,,,
Middlesex,63,44777,10,2024,,,
Middlesex,59,48000,11,2024,,,
Middlesex,60,44133,12,2024,,,
Middlesex,64,50205,1,2025,,,
Middlesex,60,49335,2,2025,,,
Middlesex,63,41797,3,2025,,,
Middlesex,69,46049,4,2025,,,
Middlesex,65,49483,5,2025,,,
Middlesex,66,47603,6,2025,,,
Montgomery,129,55718,7,2017,,,
Montgomery,159,75057,8,2017,,,
Montgomery,158,67345,9,2017,,,
Montgomery,153,50862,10,2017,,,
Montgomery,160,65408,11,2017,,,
Montgomery,155,57098,12,2017,,,
Montgomery,155,49990,1,2018,,,
Montgomery,170,76279,2,2018,,,
Montgomery,166,62243,3,2018,,,
Montgomery,173,62849,4,2018,,,
Montgomery,174,68973,5,2018,,,
Montgomery,193,74152,6,2018,,,
Montgomery,174,100880,7,2018,,,
Montgomery,184,106897,8,2018,,,
Montgomery,195,105741,9,2018,,,
Montgomery,188,82688,10,2018,,,
Montgomery,179,96540,11,2018,,,
Montgomery,181,87587,12,2018,,,
Montgomery,187,90360,1,2019,,,
Montgomery,180,95622,2,2019,,,
Montgomery,191,81645,3,2019,,,
Montgomery,203,97862,4,2019,,,
Montgomery,204,95922,5,2019,,,
Montgomery,217,111939,6,2019,,,
Montgomery,220,100724.9,7,2019,,,
Montgomery,234,150459.6,8,2019,,,
Montgomery,252,107490,9,2019,,,
Montgomery,226,94472,10,2019,,,
Montgomery,228,117596.2,11,2019,,,
Montgomery,249,104632.6,12,2019,,,
Montgomery,245,104642.6,1,2020,,,
Montgomery,267,127961.6,2,2020,,,
Montgomery,255,108511.8,3,2020,,,
Montgomery,243,103380.8,4,2020,,,
Montgomery,201,107707,5,2020,,,
Montgomery,205,124937.6,6,2020,,,
Montgomery,221,134233.6,7,2020,,,
Montgomery,222,137430,8,2020,,,
Montgomery,210,119901.1,9,2020,,,
Montgomery,244,122301.2,10,2020,,,
Montgomery,203,106072.21,11,2020,,,
Montgomery,209,102807.65,12,2020,,,
Montgomery,191,95621,1,2021,,,
Montgomery,181,89411.07,2,2021,,,
Montgomery,180,80421.32,3,2021,,,
Montgomery,174,85455.21,4,2021,,,
Montgomery,175,100618.75,5,2021,,,
Montgomery,206,111369.52,6,2021,,,
Montgomery,201,148143.28,7,2021,,,
Montgomery,209,140048.9,8,2021,,,
Montgomery,241,136256.73,9,2021,,,
Montgomery,236,139427.77,10,2021,,,
Montgomery,246,143846.26,11,2021,,,
Montgomery,269,154770.15,12,2021,,,
Montgomery,273,172199.88,1,2022,,,
Montgomery,271,147329.67,2,2022,,,
Montgomery,290,149313.16,3,2022,,,
Montgomery,310,191569.51,4,2022,,,
Montgomery,321,175404.95,5,2022,,,
Montgomery,325,183682.32,6,2022,,,
Montgomery,329,222398,7,2022,,,
Montgomery,322,204350.91,8,2022,,,
Montgomery,345,207456.21,9,2022,,,
Montgomery,300,171572.88,10,2022,,,
Montgomery,307,220816.46,11,2022,,,
Montgomery,321,226000.2,12,2022,,,
Montgomery,315,219744.48,1,2023,,,
Montgomery,313,213338.55,2,2023,,,
Montgomery,323,197999.36,3,2023,,,
Montgomery,329,228248.45,4,2023,,,
Montgomery,325,200506.63,5,2023,,,
Montgomery,358,241707.02,6,2023,,,
Montgomery,345,270830.12,7,2023,,,
Montgomery,337,244679.18,8,2023,,,
Montgomery,353,235070.87,9,2023,,,
Montgomery,301,209382.57,10,2023,,,
Montgomery,303,228518.82,11,2023,,,
Montgomery,315,234141.84,12,2023,,,
Montgomery,314,211686.16,1,2024,,,
Montgomery,333,244611.85,2,2024,,,
Montgomery,328,224139.17,3,2024,,,
Montgomery,337,239870.41,4,2024,,,
Montgomery,346,261771.62,5,2024,,,
Montgomery,360,278696.7,6,2024,,,
Montgomery,354,286082.58,7,2024,,,
Montgomery,378,324947.71,8,2024,,,
Montgomery,385,258802.68,9,2024,,,
Montgomery,326,229313.52,10,2024,,,
Montgomery,340,257720,11,2024,,,
Montgomery,344,230465,12,2024,,,
Montgomery,344,238317,1,2025,,,
Montgomery,344,242330,2,2025,,,
Montgomery,340,209731,3,2025,,,
Montgomery,335,229056,4,2025,,,
Montgomery,350,253870,5,2025,,,
Montgomery,371,263049,6,2025,,,
Nelson,10,3728,7,2017,,,
Nelson,REDACTED,3036,8,2017,,,
Nelson,REDACTED,4014,9,2017,,,
Nelson,10,2615,10,2017,,,
Nelson,12,3707,11,2017,,,
Nelson,11,2735,12,2017,,,
Nelson,11,2691,1,2018,,,
Nelson,15,5235,2,2018,,,
Nelson,12,4083,3,2018,,,
Nelson,15,5785,4,2018,,,
Nelson,12,3556,5,2018,,,
Nelson,12,3464,6,2018,,,
Nelson,13,4031,7,2018,,,
Nelson,14,5273,8,2018,,,
Nelson,12,4596,9,2018,,,
Nelson,12,5377,10,2018,,,
Nelson,13,5404,11,2018,,,
Nelson,12,4879,12,2018,,,
Nelson,REDACTED,2743,1,2019,,,
Nelson,12,7386,2,2019,,,
Nelson,11,5620,3,2019,,,
Nelson,REDACTED,3550,4,2019,,,
Nelson,REDACTED,3542,5,2019,,,
Nelson,REDACTED,4168,6,2019,,,
Nelson,REDACTED,3762,7,2019,,,
Nelson,12,5861.8,8,2019,,,
Nelson,REDACTED,1737.2,9,2019,,,
Nelson,REDACTED,2556,10,2019,,,
Nelson,11,4035.2,11,2019,,,
Nelson,REDACTED,1230.6,12,2019,,,
Nelson,REDACTED,2639.6,1,2020,,,
Nelson,REDACTED,2579.4,2,2020,,,
Nelson,10,4078,3,2020,,,
Nelson,10,3383.8,4,2020,,,
Nelson,REDACTED,3032,5,2020,,,
Nelson,12,6255,6,2020,,,
Nelson,14,7164,7,2020,,,
Nelson,10,6535,8,2020,,,
Nelson,REDACTED,6137,9,2020,,,
Nelson,12,5859,10,2020,,,
Nelson,13,7479,11,2020,,,
Nelson,12,5950,12,2020,,,
Nelson,11,5756,1,2021,,,
Nelson,11,5056,2,2021,,,
Nelson,11,4691,3,2021,,,
Nelson,12,7244,4,2021,,,
Nelson,12,6966,5,2021,,,
Nelson,16,7031,6,2021,,,
Nelson,15,10260,7,2021,,,
Nelson,15,10208,8,2021,,,
Nelson,16,7508,9,2021,,,
Nelson,10,6181,10,2021,,,
Nelson,REDACTED,5105,11,2021,,,
Nelson,10,4798,12,2021,,,
Nelson,10,5462,1,2022,,,
Nelson,11,6270,2,2022,,,
Nelson,15,8160,3,2022,,,
Nelson,13,7035,4,2022,,,
Nelson,19,9574,5,2022,,,
Nelson,14,7739,6,2022,,,
Nelson,14,10740,7,2022,,,
Nelson,14,9009,8,2022,,,
Nelson,19,8446,9,2022,,,
Nelson,15,8161,10,2022,,,
Nelson,18,16145,11,2022,,,
Nelson,17,16731,12,2022,,,
Nelson,19,18132,1,2023,,,
Nelson,19,17665,2,2023,,,
Nelson,17,15074,3,2023,,,
Nelson,20,17950,4,2023,,,
Nelson,22,16989,5,2023,,,
Nelson,27,23350,6,2023,,,
Nelson,29,27772,7,2023,,,
Nelson,29,26760,8,2023,,,
Nelson,32,27470,9,2023,,,
Nelson,26,23378,10,2023,,,
Nelson,26,23628,11,2023,,,
Nelson,26,22381,12,2023,,,
Nelson,31,23526,1,2024,,,
Nelson,25,17223,2,2024,,,
Nelson,31,18546,3,2024,,,
Nelson,27,20708,4,2024,,,
Nelson,30,23803.8,5,2024,,,
Nelson,32,25560.03,6,2024,,,
Nelson,36,29140.4,7,2024,,,
Nelson,33,27397.21,8,2024,,,
Nelson,31,23107.94,9,2024,,,
Nelson,23,17048.67,10,2024,,,
Nelson,25,20022,11,2024,,,
Nelson,26,22988,12,2024,,,
Nelson,23,19158,1,2025,,,
Nelson,32,19342,2,2025,,,
Nelson,26,16516,3,2025,,,
Nelson,25,16131,4,2025,,,
Nelson,30,19791,5,2025,,,
Nelson,28,17605,6,2025,,,
New Kent,20,10759,7,2017,,,
New Kent,26,15294,8,2017,,,
New Kent,29,16542,9,2017,,,
New Kent,28,11960,10,2017,,,
New Kent,30,14494,11,2017,,,
New Kent,33,14277,12,2017,,,
New Kent,32,14746,1,2018,,,
New Kent,34,15876,2,2018,,,
New Kent,30,12424,3,2018,,,
New Kent,30,14509,4,2018,,,
New Kent,30,12897,5,2018,,,
New Kent,35,17278,6,2018,,,
New Kent,40,17646,7,2018,,,
New Kent,31,19403,8,2018,,,
New Kent,30,16149,9,2018,,,
New Kent,26,13689,10,2018,,,
New Kent,23,12149,11,2018,,,
New Kent,24,13727,12,2018,,,
New Kent,22,13453,1,2019,,,
New Kent,23,13544,2,2019,,,
New Kent,21,9376,3,2019,,,
New Kent,22,13353,4,2019,,,
New Kent,26,16600,5,2019,,,
New Kent,23,12350,6,2019,,,
New Kent,30,16561.6,7,2019,,,
New Kent,30,18663,8,2019,,,
New Kent,30,17358.8,9,2019,,,
New Kent,32,16973.4,10,2019,,,
New Kent,33,19891.8,11,2019,,,
New Kent,31,16165.4,12,2019,,,
New Kent,31,13735.2,1,2020,,,
New Kent,31,17071.2,2,2020,,,
New Kent,32,15387,3,2020,,,
New Kent,31,14842,4,2020,,,
New Kent,24,16666.8,5,2020,,,
New Kent,28,15301.2,6,2020,,,
New Kent,22,14735,7,2020,,,
New Kent,19,13145,8,2020,,,
New Kent,18,10486,9,2020,,,
New Kent,17,10162,10,2020,,,
New Kent,16,9963,11,2020,,,
New Kent,15,9272,12,2020,,,
New Kent,14,6552,1,2021,,,
New Kent,14,7624,2,2021,,,
New Kent,15,6512,3,2021,,,
New Kent,12,8788,4,2021,,,
New Kent,17,8800.6,5,2021,,,
New Kent,17,9666.4,6,2021,,,
New Kent,17,13211,7,2021,,,
New Kent,18,13789,8,2021,,,
New Kent,17,13075,9,2021,,,
New Kent,19,14837,10,2021,,,
New Kent,21,14994,11,2021,,,
New Kent,23,17578,12,2021,,,
New Kent,19,13761,1,2022,,,
New Kent,26,20466,2,2022,,,
New Kent,24,14699,3,2022,,,
New Kent,28,20579,4,2022,,,
New Kent,32,22605,5,2022,,,
New Kent,31,19010,6,2022,,,
New Kent,29,22419,7,2022,,,
New Kent,33,23304,8,2022,,,
New Kent,38,30819,9,2022,,,
New Kent,44,32010,10,2022,,,
New Kent,49,43387,11,2022,,,
New Kent,49,42982,12,2022,,,
New Kent,50,44809,1,2023,,,
New Kent,56,43105,2,2023,,,
New Kent,50,38795,3,2023,,,
New Kent,53,46907,4,2023,,,
New Kent,55,41847,5,2023,,,
New Kent,55,46263,6,2023,,,
New Kent,49,40797,7,2023,,,
New Kent,49,39545,8,2023,,,
New Kent,55,45845.99,9,2023,,,
New Kent,58,45963.56,10,2023,,,
New Kent,48,38848.86,11,2023,,,
New Kent,47,40979.86,12,2023,,,
New Kent,50,41745.73,1,2024,,,
New Kent,56,50084.99,2,2024,,,
New Kent,56,46128.73,3,2024,,,
New Kent,58,47251.73,4,2024,,,
New Kent,59,50737.86,5,2024,,,
New Kent,61,55184.99,6,2024,,,
New Kent,69,51864.6,7,2024,,,
New Kent,71,64843.99,8,2024,,,
New Kent,77,59434.86,9,2024,,,
New Kent,65,52572.73,10,2024,,,
New Kent,67,68992,11,2024,,,
New Kent,69,53847,12,2024,,,
New Kent,72,59181,1,2025,,,
New Kent,70,61603,2,2025,,,
New Kent,67,48552,3,2025,,,
New Kent,66,51371,4,2025,,,
New Kent,61,50334,5,2025,,,
New Kent,55,45415,6,2025,,,
Newport News,1288,495127,7,2017,,,
Newport News,1246,473351,8,2017,,,
Newport News,1254,494350,9,2017,,,
Newport News,1214,388308,10,2017,,,
Newport News,1151,406794,11,2017,,,
Newport News,1094,375800,12,2017,,,
Newport News,1058,339743,1,2018,,,
Newport News,1134,387312,2,2018,,,
Newport News,1111,359023,3,2018,,,
Newport News,1115,408413,4,2018,,,
Newport News,1134,386037,5,2018,,,
Newport News,1136,424064,6,2018,,,
Newport News,1135,496184,7,2018,,,
Newport News,1105,535468,8,2018,,,
Newport News,1052,529067,9,2018,,,
Newport News,1024,408603,10,2018,,,
Newport News,1077,543860,11,2018,,,
Newport News,1064,508173,12,2018,,,
Newport News,1039,453727,1,2019,,,
Newport News,1091,554844,2,2019,,,
Newport News,1113,489158,3,2019,,,
Newport News,1171,557865,4,2019,,,
Newport News,1246,602345,5,2019,,,
Newport News,1281,662855,6,2019,,,
Newport News,1280,530788.4,7,2019,,,
Newport News,1252,656009.8,8,2019,,,
Newport News,1234,609040.6,9,2019,,,
Newport News,1330,572890.1,10,2019,,,
Newport News,1334,669004.9,11,2019,,,
Newport News,1328,566895.2,12,2019,,,
Newport News,1325,584598.2,1,2020,,,
Newport News,1371,661992.8,2,2020,,,
Newport News,1348,562579.2,3,2020,,,
Newport News,1311,522025.8,4,2020,,,
Newport News,942,524972.4,5,2020,,,
Newport News,1045,579764.3,6,2020,,,
Newport News,1116,651370.1,7,2020,,,
Newport News,1149,676320,8,2020,,,
Newport News,1046,603287.7,9,2020,,,
Newport News,998,435188.4,10,2020,,,
Newport News,863,421545.2,11,2020,,,
Newport News,865,398376.3,12,2020,,,
Newport News,851,386079.4,1,2021,,,
Newport News,795,355629.55,2,2021,,,
Newport News,820,352937.2,3,2021,,,
Newport News,822,422065.5,4,2021,,,
Newport News,848,467132.1,5,2021,,,
Newport News,908,495780.2,6,2021,,,
Newport News,958,595643.18,7,2021,,,
Newport News,979,621168.38,8,2021,,,
Newport News,991,612413.28,9,2021,,,
Newport News,1076,602904.43,10,2021,,,
Newport News,1099,623848.83,11,2021,,,
Newport News,1123,686411.82,12,2021,,,
Newport News,1119,708108.27,1,2022,,,
Newport News,1177,668575.49,2,2022,,,
Newport News,1171,639375.32,3,2022,,,
Newport News,1247,769991.05,4,2022,,,
Newport News,1282,722835.1,5,2022,,,
Newport News,1287,759146.54,6,2022,,,
Newport News,1370,800304.91,7,2022,,,
Newport News,1284,781908.02,8,2022,,,
Newport News,1357,827335.12,9,2022,,,
Newport News,1357,800642.78,10,2022,,,
Newport News,1408,1016288.2,11,2022,,,
Newport News,1475,1141650.36,12,2022,,,
Newport News,1444,1120885.55,1,2023,,,
Newport News,1532,1141845.93,2,2023,,,
Newport News,1545,1032270.54,3,2023,,,
Newport News,1622,1240079.61,4,2023,,,
Newport News,1594,1094727.41,5,2023,,,
Newport News,1617,1266079.72,6,2023,,,
Newport News,1670,1279513.66,7,2023,,,
Newport News,1622,1225631.53,8,2023,,,
Newport News,1688,1308945.05,9,2023,,,
Newport News,1655,1182891.03,10,2023,,,
Newport News,1667,1270804.4,11,2023,,,
Newport News,1661,1258009.39,12,2023,,,
Newport News,1596,1154681.28,1,2024,,,
Newport News,1673,1326699.88,2,2024,,,
Newport News,1670,1205632.35,3,2024,,,
Newport News,1698,1212431.26,4,2024,,,
Newport News,1664,1275929.39,5,2024,,,
Newport News,1659,1344360.45,6,2024,,,
Newport News,1776,1248340.29,7,2024,,,
Newport News,1767,1520720.94,8,2024,,,
Newport News,1753,1337395.66,9,2024,,,
Newport News,1634,1161987.48,10,2024,,,
Newport News,1619,1265064.32,11,2024,,,
Newport News,1601,1152064,12,2024,,,
Newport News,1573,1181707,1,2025,,,
Newport News,1641,1311994,2,2025,,,
Newport News,1651,1133033,3,2025,,,
Newport News,1659,1201836,4,2025,,,
Newport News,1704,1317985,5,2025,,,
Newport News,1719,1302893,6,2025,,,
Norfolk,1146,498315,7,2017,,,
Norfolk,1100,439269,8,2017,,,
Norfolk,1119,483519,9,2017,,,
Norfolk,1108,350951,10,2017,,,
Norfolk,1118,412501,11,2017,,,
Norfolk,1150,432908,12,2017,,,
Norfolk,1165,405841,1,2018,,,
Norfolk,1080,379763,2,2018,,,
Norfolk,1116,381778,3,2018,,,
Norfolk,1099,416062,4,2018,,,
Norfolk,1109,407806,5,2018,,,
Norfolk,1103,436703,6,2018,,,
Norfolk,1106,641279,7,2018,,,
Norfolk,1121,631405,8,2018,,,
Norfolk,1052,594582,9,2018,,,
Norfolk,983,422881,10,2018,,,
Norfolk,985,538051,11,2018,,,
Norfolk,973,513163,12,2018,,,
Norfolk,1008,487995,1,2019,,,
Norfolk,1070,607006,2,2019,,,
Norfolk,1086,524598,3,2019,,,
Norfolk,1163,618817,4,2019,,,
Norfolk,1208,648811,5,2019,,,
Norfolk,1194,682556,6,2019,,,
Norfolk,1223,657033.55,7,2019,,,
Norfolk,1245,710354.05,8,2019,,,
Norfolk,1227,633065.9,9,2019,,,
Norfolk,1218,549462.65,10,2019,,,
Norfolk,1225,636980.5,11,2019,,,
Norfolk,1259,592144.7,12,2019,,,
Norfolk,1248,601166.15,1,2020,,,
Norfolk,1279,673877.3,2,2020,,,
Norfolk,1265,577481.3,3,2020,,,
Norfolk,1287,607412.5,4,2020,,,
Norfolk,1150,630833.75,5,2020,,,
Norfolk,1132,643076.05,6,2020,,,
Norfolk,1155,800325.4,7,2020,,,
Norfolk,1112,656521.2,8,2020,,,
Norfolk,1104,589891.2,9,2020,,,
Norfolk,1125,504272.4,10,2020,,,
Norfolk,932,489817.5,11,2020,,,
Norfolk,948,492612.6,12,2020,,,
Norfolk,956,512229,1,2021,,,
Norfolk,911,446778.05,2,2021,,,
Norfolk,890,416258.76,3,2021,,,
Norfolk,880,472169.4,4,2021,,,
Norfolk,896,528217.7,5,2021,,,
Norfolk,947,535759.82,6,2021,,,
Norfolk,1002,730191,7,2021,,,
Norfolk,1030,685510,8,2021,,,
Norfolk,1100,711649.4,9,2021,,,
Norfolk,1147,698085.12,10,2021,,,
Norfolk,1102,662563.12,11,2021,,,
Norfolk,1121,721027.64,12,2021,,,
Norfolk,1134,776036.16,1,2022,,,
Norfolk,1190,716981.44,2,2022,,,
Norfolk,1200,690767.78,3,2022,,,
Norfolk,1263,844876.38,4,2022,,,
Norfolk,1296,798750.01,5,2022,,,
Norfolk,1346,847192.97,6,2022,,,
Norfolk,1386,999475.48,7,2022,,,
Norfolk,1314,840794.15,8,2022,,,
Norfolk,1308,885211.24,9,2022,,,
Norfolk,1383,830286.08,10,2022,,,
Norfolk,1335,1012240.09,11,2022,,,
Norfolk,1387,1132548.21,12,2022,,,
Norfolk,1445,1172207.18,1,2023,,,
Norfolk,1473,1152637.68,2,2023,,,
Norfolk,1478,1042482.1,3,2023,,,
Norfolk,1497,1216786.51,4,2023,,,
Norfolk,1516,1068349.2,5,2023,,,
Norfolk,1551,1266105.01,6,2023,,,
Norfolk,1612,1428054.71,7,2023,,,
Norfolk,1554,1240734.43,8,2023,,,
Norfolk,1616,1391489.13,9,2023,,,
Norfolk,1464,1127421.21,10,2023,,,
Norfolk,1494,1237141.74,11,2023,,,
Norfolk,1542,1283111.32,12,2023,,,
Norfolk,1578,1228439.75,1,2024,,,
Norfolk,1616,1369721.07,2,2024,,,
Norfolk,1601,1251462.47,3,2024,,,
Norfolk,1675,1315276.99,4,2024,,,
Norfolk,1771,1455493.53,5,2024,,,
Norfolk,1761,1514219.6,6,2024,,,
Norfolk,1775,1498468.3,7,2024,,,
Norfolk,1735,1611373.64,8,2024,,,
Norfolk,1760,1419599.21,9,2024,,,
Norfolk,1647,1286570.38,10,2024,,,
Norfolk,1633,1422327,11,2024,,,
Norfolk,1655,1314273,12,2024,,,
Norfolk,1647,1353972,1,2025,,,
Norfolk,1652,1397557,2,2025,,,
Norfolk,1629,1200117,3,2025,,,
Norfolk,1659,1291744,4,2025,,,
Norfolk,1708,1401525,5,2025,,,
Norfolk,1709,1413941,6,2025,,,
Northampton,56,13416,7,2017,,,
Northampton,56,16476,8,2017,,,
Northampton,53,14480,9,2017,,,
Northampton,55,13244,10,2017,,,
Northampton,51,13770,11,2017,,,
Northampton,43,12226,12,2017,,,
Northampton,40,10769,1,2018,,,
Northampton,39,11289,2,2018,,,
Northampton,36,10026,3,2018,,,
Northampton,37,10398,4,2018,,,
Northampton,37,9030,5,2018,,,
Northampton,37,12320,6,2018,,,
Northampton,42,12020,7,2018,,,
Northampton,38,11550,8,2018,,,
Northampton,35,12439,9,2018,,,
Northampton,36,10187,10,2018,,,
Northampton,33,11054,11,2018,,,
Northampton,40,13016,12,2018,,,
Northampton,38,10883,1,2019,,,
Northampton,39,11589,2,2019,,,
Northampton,33,9525,3,2019,,,
Northampton,32,9667,4,2019,,,
Northampton,30,10534,5,2019,,,
Northampton,30,11224,6,2019,,,
Northampton,30,9574,7,2019,,,
Northampton,34,12029.5,8,2019,,,
Northampton,32,12956,9,2019,,,
Northampton,36,12174,10,2019,,,
Northampton,38,13860.5,11,2019,,,
Northampton,39,13350,12,2019,,,
Northampton,39,13612.5,1,2020,,,
Northampton,41,15127,2,2020,,,
Northampton,43,13657,3,2020,,,
Northampton,42,14819,4,2020,,,
Northampton,42,16457.5,5,2020,,,
Northampton,41,15015.5,6,2020,,,
Northampton,39,17238.5,7,2020,,,
Northampton,39,16339.5,8,2020,,,
Northampton,40,15568,9,2020,,,
Northampton,39,10674,10,2020,,,
Northampton,36,20486,11,2020,,,
Northampton,38,14649,12,2020,,,
Northampton,42,16719,1,2021,,,
Northampton,37,13385,2,2021,,,
Northampton,39,16402,3,2021,,,
Northampton,38,12475,4,2021,,,
Northampton,34,10650,5,2021,,,
Northampton,34,16336,6,2021,,,
Northampton,34,15532,7,2021,,,
Northampton,36,16364,8,2021,,,
Northampton,40,17834,9,2021,,,
Northampton,45,19848,10,2021,,,
Northampton,47,18325,11,2021,,,
Northampton,40,19958,12,2021,,,
Northampton,46,22634,1,2022,,,
Northampton,49,22305,2,2022,,,
Northampton,48,21725,3,2022,,,
Northampton,50,23052,4,2022,,,
Northampton,42,18381,5,2022,,,
Northampton,47,20856,6,2022,,,
Northampton,46,20971,7,2022,,,
Northampton,52,22464,8,2022,,,
Northampton,49,23722,9,2022,,,
Northampton,54,24138,10,2022,,,
Northampton,51,42220,11,2022,,,
Northampton,51,44042,12,2022,,,
Northampton,51,48284,1,2023,,,
Northampton,51,44650,2,2023,,,
Northampton,46,36325,3,2023,,,
Northampton,43,40234,4,2023,,,
Northampton,48,36528,5,2023,,,
Northampton,48,42612,6,2023,,,
Northampton,54,42166,7,2023,,,
Northampton,58,48046,8,2023,,,
Northampton,59,68666,9,2023,,,
Northampton,43,41426,10,2023,,,
Northampton,41,42516,11,2023,,,
Northampton,41,43449,12,2023,,,
Northampton,41,41832,1,2024,,,
Northampton,39,42527,2,2024,,,
Northampton,38,37122,3,2024,,,
Northampton,38,38670,4,2024,,,
Northampton,40,41704,5,2024,,,
Northampton,42,41922,6,2024,,,
Northampton,51,46986,7,2024,,,
Northampton,58,65436,8,2024,,,
Northampton,64,64878,9,2024,,,
Northampton,41,37197,10,2024,,,
Northampton,40,39319,11,2024,,,
Northampton,40,37679,12,2024,,,
Northampton,39,38544,1,2025,,,
Northampton,36,38713,2,2025,,,
Northampton,38,36230,3,2025,,,
Northampton,41,38043,4,2025,,,
Northampton,41,41718,5,2025,,,
Northampton,45,44006,6,2025,,,
Northumberland,REDACTED,2164,7,2017,,,
Northumberland,REDACTED,3006,8,2017,,,
Northumberland,REDACTED,2001,9,2017,,,
Northumberland,REDACTED,1251,10,2017,,,
Northumberland,REDACTED,867,11,2017,,,
Northumberland,REDACTED,394,12,2017,,,
Northumberland,REDACTED,233,1,2018,,,
Northumberland,REDACTED,3,3,2018,,,
Northumberland,REDACTED,515,4,2018,,,
Northumberland,10,3685,5,2018,,,
Northumberland,REDACTED,3788,6,2018,,,
Northumberland,10,3392,7,2018,,,
Northumberland,10,7278,8,2018,,,
Northumberland,10,5606,9,2018,,,
Northumberland,REDACTED,3302,10,2018,,,
Northumberland,REDACTED,3001,11,2018,,,
Northumberland,REDACTED,2476,12,2018,,,
Northumberland,REDACTED,2767,1,2019,,,
Northumberland,REDACTED,2735,2,2019,,,
Northumberland,REDACTED,2298,3,2019,,,
Northumberland,REDACTED,3269,4,2019,,,
Northumberland,12,3005,5,2019,,,
Northumberland,13,4615,6,2019,,,
Northumberland,15,4920,7,2019,,,
Northumberland,12,4122,8,2019,,,
Northumberland,12,4023,9,2019,,,
Northumberland,11,3355.5,10,2019,,,
Northumberland,11,3445.5,11,2019,,,
Northumberland,13,3194.5,12,2019,,,
Northumberland,12,3399,1,2020,,,
Northumberland,12,4045.5,2,2020,,,
Northumberland,12,4115.5,3,2020,,,
Northumberland,REDACTED,2314,4,2020,,,
Northumberland,REDACTED,2288,5,2020,,,
Northumberland,REDACTED,2109,6,2020,,,
Northumberland,REDACTED,3821,7,2020,,,
Northumberland,REDACTED,1992,8,2020,,,
Northumberland,REDACTED,1781,9,2020,,,
Northumberland,REDACTED,1664,10,2020,,,
Northumberland,REDACTED,1996,11,2020,,,
Northumberland,REDACTED,1721,12,2020,,,
Northumberland,REDACTED,1994,1,2021,,,
Northumberland,REDACTED,1916,2,2021,,,
Northumberland,REDACTED,2161,3,2021,,,
Northumberland,REDACTED,2654,4,2021,,,
Northumberland,REDACTED,2301,5,2021,,,
Northumberland,REDACTED,2225,6,2021,,,
Northumberland,REDACTED,3466,7,2021,,,
Northumberland,REDACTED,2957,8,2021,,,
Northumberland,REDACTED,1820,9,2021,,,
Northumberland,REDACTED,3510,10,2021,,,
Northumberland,REDACTED,2640,11,2021,,,
Northumberland,REDACTED,2783,12,2021,,,
Northumberland,REDACTED,2962,1,2022,,,
Northumberland,REDACTED,2625,2,2022,,,
Northumberland,REDACTED,2488,3,2022,,,
Northumberland,REDACTED,3863,4,2022,,,
Northumberland,REDACTED,4108,5,2022,,,
Northumberland,REDACTED,4458,6,2022,,,
Northumberland,14,7704,7,2022,,,
Northumberland,14,7186,8,2022,,,
Northumberland,20,8356,9,2022,,,
Northumberland,19,9465,10,2022,,,
Northumberland,23,16475,11,2022,,,
Northumberland,25,18144,12,2022,,,
Northumberland,24,19226,1,2023,,,
Northumberland,26,19309,2,2023,,,
Northumberland,24,16681,3,2023,,,
Northumberland,23,17460,4,2023,,,
Northumberland,22,15702,5,2023,,,
Northumberland,28,22347,6,2023,,,
Northumberland,33,29297,7,2023,,,
Northumberland,37,31244,8,2023,,,
Northumberland,41,32040,9,2023,,,
Northumberland,32,25842,10,2023,,,
Northumberland,32,25166,11,2023,,,
Northumberland,35,24576,12,2023,,,
Northumberland,32,25501,1,2024,,,
Northumberland,34,31151,2,2024,,,
Northumberland,38,28694,3,2024,,,
Northumberland,37,28559,4,2024,,,
Northumberland,32,26563,5,2024,,,
Northumberland,38,34480,6,2024,,,
Northumberland,42,31620,7,2024,,,
Northumberland,37,32022,8,2024,,,
Northumberland,38,27945,9,2024,,,
Northumberland,35,26704,10,2024,,,
Northumberland,33,29600,11,2024,,,
Northumberland,33,27382,12,2024,,,
Northumberland,36,29998,1,2025,,,
Northumberland,39,32155,2,2025,,,
Northumberland,39,29435,3,2025,,,
Northumberland,40,30980,4,2025,,,
Northumberland,37,32118,5,2025,,,
Northumberland,38,29455,6,2025,,,
Norton,REDACTED,593,7,2017,,,
Norton,REDACTED,333,8,2017,,,
Norton,REDACTED,2308,9,2017,,,
Norton,REDACTED,585,10,2017,,,
Norton,REDACTED,519,11,2017,,,
Norton,REDACTED,469,12,2017,,,
Norton,REDACTED,414,1,2018,,,
Norton,REDACTED,532,2,2018,,,
Norton,REDACTED,424,3,2018,,,
Norton,REDACTED,538,4,2018,,,
Norton,REDACTED,342,5,2018,,,
Norton,REDACTED,444,6,2018,,,
Norton,REDACTED,511,7,2018,,,
Norton,REDACTED,437,8,2018,,,
Norton,REDACTED,139,9,2018,,,
Norton,REDACTED,110,7,2020,,,
Norton,REDACTED,365,8,2020,,,
Norton,REDACTED,320,9,2020,,,
Norton,REDACTED,2220,7,2023,,,
Norton,REDACTED,3108,8,2023,,,
Norton,REDACTED,424,9,2023,,,
Norton,REDACTED,424,11,2023,,,
Norton,REDACTED,1484,12,2023,,,
Norton,REDACTED,1820,1,2024,,,
Norton,REDACTED,2452,2,2024,,,
Norton,REDACTED,714,3,2024,,,
Norton,REDACTED,2441,4,2024,,,
Norton,REDACTED,3920,5,2024,,,
Norton,REDACTED,3967,6,2024,,,
Norton,REDACTED,7417,7,2024,,,
Norton,REDACTED,8801,8,2024,,,
Norton,REDACTED,3568,9,2024,,,
Norton,REDACTED,2081,10,2024,,,
Norton,REDACTED,2827,11,2024,,,
Norton,REDACTED,5921,12,2024,,,
Norton,11,6967,1,2025,,,
Norton,10,18856,2,2025,,,
Norton,REDACTED,5954,3,2025,,,
Norton,REDACTED,6612,4,2025,,,
Norton,REDACTED,6323,5,2025,,,
Norton,REDACTED,7867,6,2025,,,
Nottoway,22,7193,7,2017,,,
Nottoway,20,5206,8,2017,,,
Nottoway,26,7173,9,2017,,,
Nottoway,25,5570,10,2017,,,
Nottoway,25,5603,11,2017,,,
Nottoway,25,5974,12,2017,,,
Nottoway,23,4847,1,2018,,,
Nottoway,18,4318,2,2018,,,
Nottoway,16,3920,3,2018,,,
Nottoway,23,5364,4,2018,,,
Nottoway,22,4482,5,2018,,,
Nottoway,23,5797,6,2018,,,
Nottoway,22,7176,7,2018,,,
Nottoway,19,3887,8,2018,,,
Nottoway,16,4047,9,2018,,,
Nottoway,16,3287,10,2018,,,
Nottoway,13,2820,11,2018,,,
Nottoway,12,2442,12,2018,,,
Nottoway,14,2316,1,2019,,,
Nottoway,15,3865,2,2019,,,
Nottoway,14,2801,3,2019,,,
Nottoway,16,3251,4,2019,,,
Nottoway,14,2826,5,2019,,,
Nottoway,14,2050,6,2019,,,
Nottoway,REDACTED,2651,7,2019,,,
Nottoway,REDACTED,1852,8,2019,,,
Nottoway,REDACTED,2216,9,2019,,,
Nottoway,REDACTED,1816,10,2019,,,
Nottoway,REDACTED,2556,11,2019,,,
Nottoway,REDACTED,1696,12,2019,,,
Nottoway,10,3749,1,2020,,,
Nottoway,REDACTED,5148,2,2020,,,
Nottoway,REDACTED,4808,3,2020,,,
Nottoway,REDACTED,3634,4,2020,,,
Nottoway,REDACTED,5948,5,2020,,,
Nottoway,12,4510,6,2020,,,
Nottoway,11,6072,7,2020,,,
Nottoway,11,5547,8,2020,,,
Nottoway,REDACTED,4065,9,2020,,,
Nottoway,10,5340,10,2020,,,
Nottoway,REDACTED,4399.4,11,2020,,,
Nottoway,REDACTED,4285.42,12,2020,,,
Nottoway,REDACTED,4559.68,1,2021,,,
Nottoway,REDACTED,2838.55,2,2021,,,
Nottoway,REDACTED,2294.39,3,2021,,,
Nottoway,REDACTED,1963.91,4,2021,,,
Nottoway,REDACTED,2523.94,5,2021,,,
Nottoway,REDACTED,3824.45,6,2021,,,
Nottoway,REDACTED,3621.95,7,2021,,,
Nottoway,12,8188.85,8,2021,,,
Nottoway,17,4665,9,2021,,,
Nottoway,16,6254,10,2021,,,
Nottoway,18,5397,11,2021,,,
Nottoway,17,6803,12,2021,,,
Nottoway,19,8009,1,2022,,,
Nottoway,22,7216,2,2022,,,
Nottoway,23,7776,3,2022,,,
Nottoway,23,8811,4,2022,,,
Nottoway,23,8364,5,2022,,,
Nottoway,26,11052,6,2022,,,
Nottoway,36,13315,7,2022,,,
Nottoway,35,14615,8,2022,,,
Nottoway,33,13996,9,2022,,,
Nottoway,31,10273,10,2022,,,
Nottoway,34,18639,11,2022,,,
Nottoway,34,19216,12,2022,,,
Nottoway,35,29295,1,2023,,,
Nottoway,31,22699,2,2023,,,
Nottoway,37,22795.45,3,2023,,,
Nottoway,38,29571.54,4,2023,,,
Nottoway,43,28300.6,5,2023,,,
Nottoway,44,35423.54,6,2023,,,
Nottoway,46,36336.56,7,2023,,,
Nottoway,49,34630.58,8,2023,,,
Nottoway,49,36558.54,9,2023,,,
Nottoway,44,31301.58,10,2023,,,
Nottoway,43,29881,11,2023,,,
Nottoway,46,32813,12,2023,,,
Nottoway,44,31115,1,2024,,,
Nottoway,45,35621,2,2024,,,
Nottoway,45,32338,3,2024,,,
Nottoway,45,31579,4,2024,,,
Nottoway,42,29593,5,2024,,,
Nottoway,38,30518,6,2024,,,
Nottoway,42,30780,7,2024,,,
Nottoway,42,36031,8,2024,,,
Nottoway,44,30453,9,2024,,,
Nottoway,34,25375,10,2024,,,
Nottoway,32,32391,11,2024,,,
Nottoway,35,28775,12,2024,,,
Nottoway,36,32012,1,2025,,,
Nottoway,46,40501,2,2025,,,
Nottoway,45,34996,3,2025,,,
Nottoway,51,40702,4,2025,,,
Nottoway,49,42511,5,2025,,,
Nottoway,45,39706,6,2025,,,
Orange,83,38802,7,2017,,,
Orange,81,31646,8,2017,,,
Orange,84,37499,9,2017,,,
Orange,77,27051,10,2017,,,
Orange,77,31464,11,2017,,,
Orange,83,33290,12,2017,,,
Orange,78,27711,1,2018,,,
Orange,81,30827,2,2018,,,
Orange,77,27610,3,2018,,,
Orange,70,27148,4,2018,,,
Orange,74,31134,5,2018,,,
Orange,71,30670,6,2018,,,
Orange,79,40121,7,2018,,,
Orange,77,38407,8,2018,,,
Orange,65,30695,9,2018,,,
Orange,60,26432,10,2018,,,
Orange,60,29792,11,2018,,,
Orange,67,31811,12,2018,,,
Orange,65,30166,1,2019,,,
Orange,70,34336,2,2019,,,
Orange,76,33860,3,2019,,,
Orange,67,32893,4,2019,,,
Orange,69,35709,5,2019,,,
Orange,74,39622,6,2019,,,
Orange,69,35659.8,7,2019,,,
Orange,68,35680.2,8,2019,,,
Orange,74,30835.3,9,2019,,,
Orange,76,32585.6,10,2019,,,
Orange,75,33548.4,11,2019,,,
Orange,74,29300.8,12,2019,,,
Orange,73,27273,1,2020,,,
Orange,71,33499.6,2,2020,,,
Orange,71,30411.9,3,2020,,,
Orange,71,28790.4,4,2020,,,
Orange,48,27624,5,2020,,,
Orange,61,34922.4,6,2020,,,
Orange,61,48416.2,7,2020,,,
Orange,71,47548.6,8,2020,,,
Orange,72,39924.8,9,2020,,,
Orange,80,41475,10,2020,,,
Orange,76,38496.2,11,2020,,,
Orange,72,36502.4,12,2020,,,
Orange,71,36191.6,1,2021,,,
Orange,67,36289.4,2,2021,,,
Orange,63,28108.2,3,2021,,,
Orange,60,30367.6,4,2021,,,
Orange,62,38601.8,5,2021,,,
Orange,68,35951.2,6,2021,,,
Orange,81,62715.8,7,2021,,,
Orange,89,57440.8,8,2021,,,
Orange,89,53444.8,9,2021,,,
Orange,86,51838.4,10,2021,,,
Orange,93,53831.4,11,2021,,,
Orange,94,55516.8,12,2021,,,
Orange,98,59234.4,1,2022,,,
Orange,107,58008.2,2,2022,,,
Orange,114,57859.2,3,2022,,,
Orange,115,75483.4,4,2022,,,
Orange,120,66867.6,5,2022,,,
Orange,129,78905.6,6,2022,,,
Orange,134,91946.2,7,2022,,,
Orange,133,81098.8,8,2022,,,
Orange,145,84526.8,9,2022,,,
Orange,120,70868,10,2022,,,
Orange,119,84232,11,2022,,,
Orange,125,94671,12,2022,,,
Orange,125,100472,1,2023,,,
Orange,134,99709,2,2023,,,
Orange,127,86957,3,2023,,,
Orange,135,102802,4,2023,,,
Orange,145,95651,5,2023,,,
Orange,148,118156,6,2023,,,
Orange,153,128701,7,2023,,,
Orange,143,117718,8,2023,,,
Orange,137,114282,9,2023,,,
Orange,129,100653,10,2023,,,
Orange,140,116315,11,2023,,,
Orange,139,115571,12,2023,,,
Orange,143,115645,1,2024,,,
Orange,151,130472,2,2024,,,
Orange,149,114509,3,2024,,,
Orange,152,121568,4,2024,,,
Orange,157,130236,5,2024,,,
Orange,166,140478,6,2024,,,
Orange,175,148069,7,2024,,,
Orange,160,145433,8,2024,,,
Orange,156,121460,9,2024,,,
Orange,154,119835,10,2024,,,
Orange,149,126666,11,2024,,,
Orange,142,111112,12,2024,,,
Orange,149,120885,1,2025,,,
Orange,148,128685,2,2025,,,
Orange,145,105128,3,2025,,,
Orange,148,110738,4,2025,,,
Orange,154,122829,5,2025,,,
Orange,158,125501,6,2025,,,
Page,23,7194,7,2017,,,
Page,24,7636,8,2017,,,
Page,22,7781,9,2017,,,
Page,18,4215,10,2017,,,
Page,18,4541,11,2017,,,
Page,15,2897,12,2017,,,
Page,18,3969,1,2018,,,
Page,12,2909,2,2018,,,
Page,11,2307,3,2018,,,
Page,REDACTED,1920,4,2018,,,
Page,REDACTED,2016,5,2018,,,
Page,REDACTED,2203,6,2018,,,
Page,16,4832,7,2018,,,
Page,10,4436,8,2018,,,
Page,10,4190,9,2018,,,
Page,REDACTED,2758,10,2018,,,
Page,REDACTED,3072,11,2018,,,
Page,REDACTED,1666,12,2018,,,
Page,REDACTED,1534,1,2019,,,
Page,REDACTED,1483,2,2019,,,
Page,REDACTED,1555,3,2019,,,
Page,REDACTED,1896,4,2019,,,
Page,REDACTED,1638,5,2019,,,
Page,REDACTED,2093,6,2019,,,
Page,REDACTED,1196,7,2019,,,
Page,REDACTED,2141,8,2019,,,
Page,REDACTED,2116,9,2019,,,
Page,REDACTED,1594,10,2019,,,
Page,REDACTED,2176,11,2019,,,
Page,REDACTED,2448,12,2019,,,
Page,10,3827,1,2020,,,
Page,15,5497,2,2020,,,
Page,14,3097,3,2020,,,
Page,13,6716,4,2020,,,
Page,13,4968,5,2020,,,
Page,13,4056,6,2020,,,
Page,12,4532,7,2020,,,
Page,10,3553,8,2020,,,
Page,REDACTED,6079,9,2020,,,
Page,REDACTED,1262,10,2020,,,
Page,15,5697.8,11,2020,,,
Page,14,5400.4,12,2020,,,
Page,14,4803.4,1,2021,,,
Page,14,3758.8,2,2021,,,
Page,16,5857.6,3,2021,,,
Page,19,7226.8,4,2021,,,
Page,18,6439.57,5,2021,,,
Page,19,6880,6,2021,,,
Page,17,8683.96,7,2021,,,
Page,16,7468.82,8,2021,,,
Page,15,6941.22,9,2021,,,
Page,20,6723.82,10,2021,,,
Page,18,6439.51,11,2021,,,
Page,18,7023.42,12,2021,,,
Page,18,6846.93,1,2022,,,
Page,10,4002.11,2,2022,,,
Page,REDACTED,3812.2,3,2022,,,
Page,REDACTED,4474.13,4,2022,,,
Page,REDACTED,4050.51,5,2022,,,
Page,11,5348.82,6,2022,,,
Page,11,6068.82,7,2022,,,
Page,12,5781.51,8,2022,,,
Page,14,6845.53,9,2022,,,
Page,13,6748.02,10,2022,,,
Page,22,19904.74,11,2022,,,
Page,37,48906.68,12,2022,,,
Page,39,38343.68,1,2023,,,
Page,44,37559.68,2,2023,,,
Page,38,23928.8,3,2023,,,
Page,29,22027.62,4,2023,,,
Page,22,18012.8,5,2023,,,
Page,REDACTED,6779.62,6,2023,,,
Page,37,21176.68,7,2023,,,
Page,54,43761.74,8,2023,,,
Page,47,38987.6,9,2023,,,
Page,59,42812.9,10,2023,,,
Page,52,43750.8,11,2023,,,
Page,57,46988.8,12,2023,,,
Page,66,54095.9,1,2024,,,
Page,66,55027.7,2,2024,,,
Page,60,44742.9,3,2024,,,
Page,70,59318.9,4,2024,,,
Page,64,58131.8,5,2024,,,
Page,69,61159.25,6,2024,,,
Page,72,63531.97,7,2024,,,
Page,73,72883.43,8,2024,,,
Page,73,59241.94,9,2024,,,
Page,72,57687.67,10,2024,,,
Page,77,64076.21,11,2024,,,
Page,82,64530.4,12,2024,,,
Page,81,62868.94,1,2025,,,
Page,81,66323.51,2,2025,,,
Page,78,56221.8,3,2025,,,
Page,89,71459.09,4,2025,,,
Page,89,76164.38,5,2025,,,
Page,95,74275.38,6,2025,,,
Patrick,REDACTED,578,7,2017,,,
Patrick,REDACTED,902,8,2017,,,
Patrick,REDACTED,120,9,2017,,,
Patrick,11,3789,2,2018,,,
Patrick,REDACTED,689,7,2018,,,
Patrick,REDACTED,1931,8,2018,,,
Patrick,REDACTED,615,9,2018,,,
Patrick,REDACTED,911,10,2018,,,
Patrick,REDACTED,653,11,2018,,,
Patrick,REDACTED,539,12,2018,,,
Patrick,REDACTED,608,1,2019,,,
Patrick,REDACTED,687,2,2019,,,
Patrick,REDACTED,560,3,2019,,,
Patrick,REDACTED,588,4,2019,,,
Patrick,REDACTED,616,5,2019,,,
Patrick,REDACTED,584,6,2019,,,
Patrick,REDACTED,480,7,2019,,,
Patrick,REDACTED,432,8,2019,,,
Patrick,REDACTED,528,9,2019,,,
Patrick,REDACTED,504,10,2019,,,
Patrick,REDACTED,552,11,2019,,,
Patrick,REDACTED,504,12,2019,,,
Patrick,REDACTED,408,1,2020,,,
Patrick,REDACTED,552,2,2020,,,
Patrick,REDACTED,480,3,2020,,,
Patrick,REDACTED,240,4,2020,,,
Patrick,REDACTED,852,8,2020,,,
Patrick,REDACTED,1908,9,2020,,,
Patrick,REDACTED,1711,10,2020,,,
Patrick,REDACTED,1844,11,2020,,,
Patrick,REDACTED,1752,12,2020,,,
Patrick,REDACTED,2087,1,2021,,,
Patrick,REDACTED,2089,2,2021,,,
Patrick,REDACTED,2420,3,2021,,,
Patrick,REDACTED,2527,4,2021,,,
Patrick,REDACTED,2376,5,2021,,,
Patrick,REDACTED,6461,6,2021,,,
Patrick,REDACTED,3940,7,2021,,,
Patrick,REDACTED,4995,8,2021,,,
Patrick,REDACTED,3886,9,2021,,,
Patrick,REDACTED,2944,10,2021,,,
Patrick,REDACTED,4263,11,2021,,,
Patrick,REDACTED,5112,12,2021,,,
Patrick,11,5783,1,2022,,,
Patrick,15,7316,2,2022,,,
Patrick,18,7608,3,2022,,,
Patrick,20,9286,4,2022,,,
Patrick,23,10992,5,2022,,,
Patrick,23,8580,6,2022,,,
Patrick,24,10933,7,2022,,,
Patrick,26,11574,8,2022,,,
Patrick,23,11796,9,2022,,,
Patrick,21,9971,10,2022,,,
Patrick,19,14192,11,2022,,,
Patrick,17,13697,12,2022,,,
Patrick,22,17248,1,2023,,,
Patrick,25,16667,2,2023,,,
Patrick,24,15145,3,2023,,,
Patrick,25,16662,4,2023,,,
Patrick,25,13927,5,2023,,,
Patrick,26,16807,6,2023,,,
Patrick,23,15760,7,2023,,,
Patrick,20,13760,8,2023,,,
Patrick,18,10124.08,9,2023,,,
Patrick,25,14884.19,10,2023,,,
Patrick,26,18221.1,11,2023,,,
Patrick,25,18931.46,12,2023,,,
Patrick,23,16906.53,1,2024,,,
Patrick,22,18050.39,2,2024,,,
Patrick,22,17137.53,3,2024,,,
Patrick,21,14519.53,4,2024,,,
Patrick,26,18052.46,5,2024,,,
Patrick,33,21341.74,6,2024,,,
Patrick,35,22318.23,7,2024,,,
Patrick,34,26028.47,8,2024,,,
Patrick,35,20974.58,9,2024,,,
Patrick,25,17735.69,10,2024,,,
Patrick,27,21504,11,2024,,,
Patrick,28,19031,12,2024,,,
Patrick,33,21720,1,2025,,,
Patrick,33,27333,2,2025,,,
Patrick,36,21140,3,2025,,,
Patrick,37,22086,4,2025,,,
Patrick,33,21874,5,2025,,,
Patrick,35,21528,6,2025,,,
Petersburg,238,88278,7,2017,,,
Petersburg,236,73779,8,2017,,,
Petersburg,229,74933,9,2017,,,
Petersburg,232,61051,10,2017,,,
Petersburg,214,66298,11,2017,,,
Petersburg,218,63574,12,2017,,,
Petersburg,208,60406,1,2018,,,
Petersburg,208,62979,2,2018,,,
Petersburg,205,50335,3,2018,,,
Petersburg,222,65939,4,2018,,,
Petersburg,213,63609,5,2018,,,
Petersburg,208,62618,6,2018,,,
Petersburg,209,97143,7,2018,,,
Petersburg,205,94064,8,2018,,,
Petersburg,202,94345,9,2018,,,
Petersburg,210,77312,10,2018,,,
Petersburg,220,99161,11,2018,,,
Petersburg,218,87660,12,2018,,,
Petersburg,211,79585,1,2019,,,
Petersburg,220,94254,2,2019,,,
Petersburg,233,85102,3,2019,,,
Petersburg,235,92637,4,2019,,,
Petersburg,249,104302,5,2019,,,
Petersburg,243,107923,6,2019,,,
Petersburg,243,99531.2,7,2019,,,
Petersburg,240,101235.4,8,2019,,,
Petersburg,237,101313,9,2019,,,
Petersburg,265,93518.8,10,2019,,,
Petersburg,275,104227.8,11,2019,,,
Petersburg,274,97506.4,12,2019,,,
Petersburg,291,111585.6,1,2020,,,
Petersburg,310,127440.8,2,2020,,,
Petersburg,301,104414.2,3,2020,,,
Petersburg,298,103928.2,4,2020,,,
Petersburg,251,112396.8,5,2020,,,
Petersburg,265,136728.4,6,2020,,,
Petersburg,276,159277,7,2020,,,
Petersburg,276,136288.2,8,2020,,,
Petersburg,265,129861.6,9,2020,,,
Petersburg,287,113775,10,2020,,,
Petersburg,246,117595.2,11,2020,,,
Petersburg,240,107334.2,12,2020,,,
Petersburg,234,111696.4,1,2021,,,
Petersburg,204,85385.4,2,2021,,,
Petersburg,196,71656.8,3,2021,,,
Petersburg,199,97164,4,2021,,,
Petersburg,201,103226.2,5,2021,,,
Petersburg,217,103294.4,6,2021,,,
Petersburg,233,136784.6,7,2021,,,
Petersburg,259,143017,8,2021,,,
Petersburg,285,155136.4,9,2021,,,
Petersburg,310,160704.2,10,2021,,,
Petersburg,326,152386.7,11,2021,,,
Petersburg,356,182366.7,12,2021,,,
Petersburg,362,194064.2,1,2022,,,
Petersburg,368,170720,2,2022,,,
Petersburg,372,163753.3,3,2022,,,
Petersburg,378,207382.3,4,2022,,,
Petersburg,381,180996.9,5,2022,,,
Petersburg,388,191439.5,6,2022,,,
Petersburg,400,247902.8,7,2022,,,
Petersburg,410,215357.6,8,2022,,,
Petersburg,421,224998,9,2022,,,
Petersburg,417,203705.5,10,2022,,,
Petersburg,434,305385.2,11,2022,,,
Petersburg,447,351280,12,2022,,,
Petersburg,456,375201,1,2023,,,
Petersburg,486,372714,2,2023,,,
Petersburg,498,351731,3,2023,,,
Petersburg,503,403713,4,2023,,,
Petersburg,503,352998,5,2023,,,
Petersburg,501,395818,6,2023,,,
Petersburg,525,455037,7,2023,,,
Petersburg,518,412500,8,2023,,,
Petersburg,544,478908.8,9,2023,,,
Petersburg,551,412248.2,10,2023,,,
Petersburg,538,428194.67,11,2023,,,
Petersburg,544,438407.38,12,2023,,,
Petersburg,551,425063.09,1,2024,,,
Petersburg,575,476216.67,2,2024,,,
Petersburg,570,437979.09,3,2024,,,
Petersburg,587,449460.09,4,2024,,,
Petersburg,596,486545.38,5,2024,,,
Petersburg,623,521072.67,6,2024,,,
Petersburg,626,483457.8,7,2024,,,
Petersburg,620,547318.67,8,2024,,,
Petersburg,647,525345.19,9,2024,,,
Petersburg,591,440023,10,2024,,,
Petersburg,593,494384,11,2024,,,
Petersburg,597,465916,12,2024,,,
Petersburg,608,490917,1,2025,,,
Petersburg,589,497680,2,2025,,,
Petersburg,582,417818,3,2025,,,
Petersburg,594,455354,4,2025,,,
Petersburg,589,478511,5,2025,,,
Petersburg,589,470406,6,2025,,,
Pittsylvania,76,28012,7,2017,,,
Pittsylvania,65,16590,8,2017,,,
Pittsylvania,69,16074,9,2017,,,
Pittsylvania,72,13440,10,2017,,,
Pittsylvania,64,15891,11,2017,,,
Pittsylvania,69,18547,12,2017,,,
Pittsylvania,66,18786,1,2018,,,
Pittsylvania,68,20115,2,2018,,,
Pittsylvania,66,14280,3,2018,,,
Pittsylvania,67,14817,4,2018,,,
Pittsylvania,68,16290,5,2018,,,
Pittsylvania,69,17670,6,2018,,,
Pittsylvania,65,24399,7,2018,,,
Pittsylvania,62,23816,8,2018,,,
Pittsylvania,57,18808,9,2018,,,
Pittsylvania,57,17646,10,2018,,,
Pittsylvania,58,19549,11,2018,,,
Pittsylvania,67,23626,12,2018,,,
Pittsylvania,71,20509,1,2019,,,
Pittsylvania,67,24403,2,2019,,,
Pittsylvania,76,22889,3,2019,,,
Pittsylvania,78,25673,4,2019,,,
Pittsylvania,74,23124,5,2019,,,
Pittsylvania,82,26404,6,2019,,,
Pittsylvania,76,26529,7,2019,,,
Pittsylvania,88,31200,8,2019,,,
Pittsylvania,88,26730,9,2019,,,
Pittsylvania,78,25053,10,2019,,,
Pittsylvania,89,27859.2,11,2019,,,
Pittsylvania,91,26568,12,2019,,,
Pittsylvania,89,26812,1,2020,,,
Pittsylvania,93,28428.8,2,2020,,,
Pittsylvania,95,25853.8,3,2020,,,
Pittsylvania,91,19128,4,2020,,,
Pittsylvania,67,18238,5,2020,,,
Pittsylvania,50,18239,6,2020,,,
Pittsylvania,76,46891,7,2020,,,
Pittsylvania,64,30702,8,2020,,,
Pittsylvania,77,30869,9,2020,,,
Pittsylvania,61,17679,10,2020,,,
Pittsylvania,52,18659,11,2020,,,
Pittsylvania,58,19285,12,2020,,,
Pittsylvania,61,18563,1,2021,,,
Pittsylvania,59,17134,2,2021,,,
Pittsylvania,52,14070,3,2021,,,
Pittsylvania,58,18455,4,2021,,,
Pittsylvania,55,21536,5,2021,,,
Pittsylvania,62,22331,6,2021,,,
Pittsylvania,88,45185,7,2021,,,
Pittsylvania,91,42696,8,2021,,,
Pittsylvania,106,41320.6,9,2021,,,
Pittsylvania,113,41832.8,10,2021,,,
Pittsylvania,118,41209.86,11,2021,,,
Pittsylvania,117,43896.08,12,2021,,,
Pittsylvania,113,47228.58,1,2022,,,
Pittsylvania,117,42839.16,2,2022,,,
Pittsylvania,128,43523.88,3,2022,,,
Pittsylvania,121,49530.5,4,2022,,,
Pittsylvania,119,44383.14,5,2022,,,
Pittsylvania,120,48776,6,2022,,,
Pittsylvania,143,74290.52,7,2022,,,
Pittsylvania,142,63729.22,8,2022,,,
Pittsylvania,139,57408.22,9,2022,,,
Pittsylvania,137,54400.57,10,2022,,,
Pittsylvania,132,89839.41,11,2022,,,
Pittsylvania,148,104477.53,12,2022,,,
Pittsylvania,156,117542.22,1,2023,,,
Pittsylvania,180,113847.94,2,2023,,,
Pittsylvania,161,101571.46,3,2023,,,
Pittsylvania,160,113079.99,4,2023,,,
Pittsylvania,171,108367.4,5,2023,,,
Pittsylvania,199,138683.79,6,2023,,,
Pittsylvania,221,187965.66,7,2023,,,
Pittsylvania,232,170534.37,8,2023,,,
Pittsylvania,229,158886.54,9,2023,,,
Pittsylvania,236,152504.46,10,2023,,,
Pittsylvania,236,169615.57,11,2023,,,
Pittsylvania,233,166324.46,12,2023,,,
Pittsylvania,229,157851.25,1,2024,,,
Pittsylvania,237,178505.77,2,2024,,,
Pittsylvania,234,157669.38,3,2024,,,
Pittsylvania,222,153761.26,4,2024,,,
Pittsylvania,227,168546.48,5,2024,,,
Pittsylvania,251,181888.82,6,2024,,,
Pittsylvania,239,183517.77,7,2024,,,
Pittsylvania,236,198231.01,8,2024,,,
Pittsylvania,229,158046.99,9,2024,,,
Pittsylvania,196,136964.82,10,2024,,,
Pittsylvania,208,156759,11,2024,,,
Pittsylvania,218,141061,12,2024,,,
Pittsylvania,205,149075,1,2025,,,
Pittsylvania,229,166490,2,2025,,,
Pittsylvania,219,136403,3,2025,,,
Pittsylvania,226,145033,4,2025,,,
Pittsylvania,213,152755,5,2025,,,
Pittsylvania,214,144028,6,2025,,,
Poquoson,REDACTED,46,2,2024,,,
Poquoson,REDACTED,118,6,2024,,,
Portsmouth,488,201504,7,2017,,,
Portsmouth,457,195847,8,2017,,,
Portsmouth,426,196770,9,2017,,,
Portsmouth,420,137997,10,2017,,,
Portsmouth,393,146146,11,2017,,,
Portsmouth,376,139254,12,2017,,,
Portsmouth,360,114936,1,2018,,,
Portsmouth,371,136740,2,2018,,,
Portsmouth,381,137370,3,2018,,,
Portsmouth,389,158846,4,2018,,,
Portsmouth,412,151168,5,2018,,,
Portsmouth,429,166810,6,2018,,,
Portsmouth,431,221636,7,2018,,,
Portsmouth,399,222935,8,2018,,,
Portsmouth,380,205191,9,2018,,,
Portsmouth,373,145701,10,2018,,,
Portsmouth,366,189623,11,2018,,,
Portsmouth,375,184272,12,2018,,,
Portsmouth,383,169972,1,2019,,,
Portsmouth,403,214536,2,2019,,,
Portsmouth,426,192450,3,2019,,,
Portsmouth,464,238511,4,2019,,,
Portsmouth,491,260634,5,2019,,,
Portsmouth,486,269858,6,2019,,,
Portsmouth,525,269251,7,2019,,,
Portsmouth,545,325702,8,2019,,,
Portsmouth,556,302154.5,9,2019,,,
Portsmouth,516,242376.2,10,2019,,,
Portsmouth,503,274827.6,11,2019,,,
Portsmouth,524,254816,12,2019,,,
Portsmouth,532,254605.6,1,2020,,,
Portsmouth,543,288056.6,2,2020,,,
Portsmouth,544,247130.9,3,2020,,,
Portsmouth,551,234568.2,4,2020,,,
Portsmouth,370,223734,5,2020,,,
Portsmouth,449,292403,6,2020,,,
Portsmouth,490,313254,7,2020,,,
Portsmouth,446,240575,8,2020,,,
Portsmouth,461,261432,9,2020,,,
Portsmouth,479,243972,10,2020,,,
Portsmouth,439,249745,11,2020,,,
Portsmouth,425,223491,12,2020,,,
Portsmouth,407,222566,1,2021,,,
Portsmouth,405,199324,2,2021,,,
Portsmouth,407,205029,3,2021,,,
Portsmouth,412,232654,4,2021,,,
Portsmouth,420,240112,5,2021,,,
Portsmouth,436,243851,6,2021,,,
Portsmouth,484,323955.6,7,2021,,,
Portsmouth,520,337093.6,8,2021,,,
Portsmouth,553,359912,9,2021,,,
Portsmouth,614,365036.8,10,2021,,,
Portsmouth,646,380241.2,11,2021,,,
Portsmouth,699,422752,12,2021,,,
Portsmouth,738,477827.2,1,2022,,,
Portsmouth,753,428450.2,2,2022,,,
Portsmouth,783,433027,3,2022,,,
Portsmouth,833,521590.6,4,2022,,,
Portsmouth,854,497432.2,5,2022,,,
Portsmouth,875,524234,6,2022,,,
Portsmouth,900,574389.5,7,2022,,,
Portsmouth,842,518727.5,8,2022,,,
Portsmouth,873,583609.45,9,2022,,,
Portsmouth,947,539715.1,10,2022,,,
Portsmouth,966,700965,11,2022,,,
Portsmouth,982,776951.2,12,2022,,,
Portsmouth,977,775827,1,2023,,,
Portsmouth,1019,764346,2,2023,,,
Portsmouth,1039,702546,3,2023,,,
Portsmouth,1034,820131,4,2023,,,
Portsmouth,1037,713913,5,2023,,,
Portsmouth,1056,831105,6,2023,,,
Portsmouth,1080,875835,7,2023,,,
Portsmouth,1083,842241,8,2023,,,
Portsmouth,1086,965693,9,2023,,,
Portsmouth,1120,807616.15,10,2023,,,
Portsmouth,1147,894729.2,11,2023,,,
Portsmouth,1152,932648.2,12,2023,,,
Portsmouth,1157,895910.16,1,2024,,,
Portsmouth,1186,1005247.44,2,2024,,,
Portsmouth,1189,912376.92,3,2024,,,
Portsmouth,1205,928554.16,4,2024,,,
Portsmouth,1207,1001305.68,5,2024,,,
Portsmouth,1244,1054965.64,6,2024,,,
Portsmouth,1304,998058.08,7,2024,,,
Portsmouth,1308,1208851.47,8,2024,,,
Portsmouth,1325,1073088.21,9,2024,,,
Portsmouth,1200,910890.47,10,2024,,,
Portsmouth,1212,1006719,11,2024,,,
Portsmouth,1220,940201,12,2024,,,
Portsmouth,1220,975798,1,2025,,,
Portsmouth,1242,1030575,2,2025,,,
Portsmouth,1245,877044,3,2025,,,
Portsmouth,1266,943854,4,2025,,,
Portsmouth,1282,1011214,5,2025,,,
Portsmouth,1250,999418,6,2025,,,
Powhatan,41,18838,7,2017,,,
Powhatan,36,17429,8,2017,,,
Powhatan,33,19518,9,2017,,,
Powhatan,36,14224,10,2017,,,
Powhatan,35,16087,11,2017,,,
Powhatan,34,14639,12,2017,,,
Powhatan,31,14612,1,2018,,,
Powhatan,34,17991,2,2018,,,
Powhatan,38,15977,3,2018,,,
Powhatan,37,16964,4,2018,,,
Powhatan,27,12868,5,2018,,,
Powhatan,23,8923,6,2018,,,
Powhatan,28,13796,7,2018,,,
Powhatan,30,15921,8,2018,,,
Powhatan,30,15574,9,2018,,,
Powhatan,31,11210,10,2018,,,
Powhatan,29,14471,11,2018,,,
Powhatan,28,12639,12,2018,,,
Powhatan,28,13538,1,2019,,,
Powhatan,28,13436,2,2019,,,
Powhatan,26,11228,3,2019,,,
Powhatan,29,9176,4,2019,,,
Powhatan,26,11684,5,2019,,,
Powhatan,22,12960,6,2019,,,
Powhatan,22,11047,7,2019,,,
Powhatan,20,9859,8,2019,,,
Powhatan,23,12171,9,2019,,,
Powhatan,21,9232,10,2019,,,
Powhatan,20,10538,11,2019,,,
Powhatan,20,8187,12,2019,,,
Powhatan,21,7835,1,2020,,,
Powhatan,17,7942,2,2020,,,
Powhatan,19,8700,3,2020,,,
Powhatan,19,4691,4,2020,,,
Powhatan,16,6319,5,2020,,,
Powhatan,17,10543,6,2020,,,
Powhatan,19,16707,7,2020,,,
Powhatan,20,12401,8,2020,,,
Powhatan,15,8360,9,2020,,,
Powhatan,20,9138,10,2020,,,
Powhatan,18,10772,11,2020,,,
Powhatan,20,9011,12,2020,,,
Powhatan,16,7523,1,2021,,,
Powhatan,17,8862,2,2021,,,
Powhatan,17,8410,3,2021,,,
Powhatan,18,9801.4,4,2021,,,
Powhatan,15,8455.4,5,2021,,,
Powhatan,13,9076.8,6,2021,,,
Powhatan,17,13701.4,7,2021,,,
Powhatan,14,11980.8,8,2021,,,
Powhatan,25,19321.8,9,2021,,,
Powhatan,25,16407.6,10,2021,,,
Powhatan,28,19231,11,2021,,,
Powhatan,31,20360,12,2021,,,
Powhatan,30,21300,1,2022,,,
Powhatan,26,14909,2,2022,,,
Powhatan,29,14888,3,2022,,,
Powhatan,32,19894.8,4,2022,,,
Powhatan,36,25143,5,2022,,,
Powhatan,37,21045,6,2022,,,
Powhatan,30,19736.2,7,2022,,,
Powhatan,34,20386,8,2022,,,
Powhatan,35,18649.6,9,2022,,,
Powhatan,41,21579.2,10,2022,,,
Powhatan,44,27779,11,2022,,,
Powhatan,50,37703,12,2022,,,
Powhatan,51,35131,1,2023,,,
Powhatan,48,32022,2,2023,,,
Powhatan,46,27242,3,2023,,,
Powhatan,51,36957,4,2023,,,
Powhatan,53,34728,5,2023,,,
Powhatan,52,38355,6,2023,,,
Powhatan,56,43808,7,2023,,,
Powhatan,54,38828,8,2023,,,
Powhatan,64,44100,9,2023,,,
Powhatan,60,40581,10,2023,,,
Powhatan,67,45803.65,11,2023,,,
Powhatan,64,44291,12,2023,,,
Powhatan,69,46254,1,2024,,,
Powhatan,71,48984,2,2024,,,
Powhatan,75,47674.11,3,2024,,,
Powhatan,73,44741.43,4,2024,,,
Powhatan,68,49113.26,5,2024,,,
Powhatan,75,51627.49,6,2024,,,
Powhatan,81,56486.25,7,2024,,,
Powhatan,75,63638.05,8,2024,,,
Powhatan,74,55099.7,9,2024,,,
Powhatan,67,44535.2,10,2024,,,
Powhatan,72,51010,11,2024,,,
Powhatan,73,50708,12,2024,,,
Powhatan,74,56256,1,2025,,,
Powhatan,81,62118,2,2025,,,
Powhatan,73,49087,3,2025,,,
Powhatan,76,51405,4,2025,,,
Powhatan,70,53985,5,2025,,,
Powhatan,79,57132,6,2025,,,
Prince Edward,21,5875,7,2017,,,
Prince Edward,22,6783,8,2017,,,
Prince Edward,22,4937,9,2017,,,
Prince Edward,19,5100,10,2017,,,
Prince Edward,17,3622,11,2017,,,
Prince Edward,14,3341,12,2017,,,
Prince Edward,11,2208,1,2018,,,
Prince Edward,14,4481,2,2018,,,
Prince Edward,11,2443,3,2018,,,
Prince Edward,12,2583,4,2018,,,
Prince Edward,11,2622,5,2018,,,
Prince Edward,13,4628,6,2018,,,
Prince Edward,15,9705,7,2018,,,
Prince Edward,17,5921,8,2018,,,
Prince Edward,REDACTED,2730,9,2018,,,
Prince Edward,REDACTED,1588,10,2018,,,
Prince Edward,10,2853,11,2018,,,
Prince Edward,10,3151,12,2018,,,
Prince Edward,REDACTED,1803,1,2019,,,
Prince Edward,13,3520,2,2019,,,
Prince Edward,12,4931,3,2019,,,
Prince Edward,11,5636,4,2019,,,
Prince Edward,REDACTED,4526,5,2019,,,
Prince Edward,REDACTED,4621,6,2019,,,
Prince Edward,10,3425,7,2019,,,
Prince Edward,REDACTED,4393,8,2019,,,
Prince Edward,13,5232,9,2019,,,
Prince Edward,13,4783,10,2019,,,
Prince Edward,15,5312,11,2019,,,
Prince Edward,19,6635,12,2019,,,
Prince Edward,16,5401,1,2020,,,
Prince Edward,16,6345,2,2020,,,
Prince Edward,16,5602,3,2020,,,
Prince Edward,22,6774,4,2020,,,
Prince Edward,21,7512,5,2020,,,
Prince Edward,21,8081,6,2020,,,
Prince Edward,23,9885,7,2020,,,
Prince Edward,19,8281,8,2020,,,
Prince Edward,15,6010,9,2020,,,
Prince Edward,19,5770,10,2020,,,
Prince Edward,17,6325,11,2020,,,
Prince Edward,17,5861,12,2020,,,
Prince Edward,16,5363,1,2021,,,
Prince Edward,REDACTED,3619,2,2021,,,
Prince Edward,11,2563,3,2021,,,
Prince Edward,12,5469,4,2021,,,
Prince Edward,12,5810,5,2021,,,
Prince Edward,13,5374,6,2021,,,
Prince Edward,14,6849,7,2021,,,
Prince Edward,16,8167,8,2021,,,
Prince Edward,13,3999,9,2021,,,
Prince Edward,19,10352,10,2021,,,
Prince Edward,16,6395,11,2021,,,
Prince Edward,17,7705,12,2021,,,
Prince Edward,15,6530,1,2022,,,
Prince Edward,14,5125,2,2022,,,
Prince Edward,17,6663,3,2022,,,
Prince Edward,18,8840,4,2022,,,
Prince Edward,20,8444,5,2022,,,
Prince Edward,19,8314,6,2022,,,
Prince Edward,19,9096,7,2022,,,
Prince Edward,24,9681,8,2022,,,
Prince Edward,29,11385,9,2022,,,
Prince Edward,23,10057,10,2022,,,
Prince Edward,23,15452,11,2022,,,
Prince Edward,23,17801,12,2022,,,
Prince Edward,27,19517,1,2023,,,
Prince Edward,27,19612,2,2023,,,
Prince Edward,29,21163,3,2023,,,
Prince Edward,28,25755,4,2023,,,
Prince Edward,30,22956,5,2023,,,
Prince Edward,40,34740,6,2023,,,
Prince Edward,40,32407,7,2023,,,
Prince Edward,35,28940,8,2023,,,
Prince Edward,27,23577,9,2023,,,
Prince Edward,27,23256,10,2023,,,
Prince Edward,29,27709,11,2023,,,
Prince Edward,31,26250,12,2023,,,
Prince Edward,30,20414,1,2024,,,
Prince Edward,33,30512,2,2024,,,
Prince Edward,29,22598,3,2024,,,
Prince Edward,27,21574,4,2024,,,
Prince Edward,28,23877,5,2024,,,
Prince Edward,42,34041,6,2024,,,
Prince Edward,42,29383,7,2024,,,
Prince Edward,36,33120,8,2024,,,
Prince Edward,37,25505,9,2024,,,
Prince Edward,29,23286,10,2024,,,
Prince Edward,27,25156,11,2024,,,
Prince Edward,24,18215,12,2024,,,
Prince Edward,31,24846,1,2025,,,
Prince Edward,32,28222,2,2025,,,
Prince Edward,32,23055,3,2025,,,
Prince Edward,32,28904,4,2025,,,
Prince Edward,30,24182,5,2025,,,
Prince Edward,29,24660,6,2025,,,
Prince George,24,9461,7,2017,,,
Prince George,21,7578,8,2017,,,
Prince George,17,7250,9,2017,,,
Prince George,22,5734,10,2017,,,
Prince George,23,6290,11,2017,,,
Prince George,25,7310,12,2017,,,
Prince George,28,8379,1,2018,,,
Prince George,26,8151,2,2018,,,
Prince George,29,8157,3,2018,,,
Prince George,28,9819,4,2018,,,
Prince George,28,9266,5,2018,,,
Prince George,29,10867,6,2018,,,
Prince George,26,10388,7,2018,,,
Prince George,22,11757,8,2018,,,
Prince George,23,9309,9,2018,,,
Prince George,16,7605,10,2018,,,
Prince George,16,8262,11,2018,,,
Prince George,18,9308,12,2018,,,
Prince George,18,7615,1,2019,,,
Prince George,20,11322,2,2019,,,
Prince George,24,13149,3,2019,,,
Prince George,26,10859,4,2019,,,
Prince George,24,11291,5,2019,,,
Prince George,25,14099,6,2019,,,
Prince George,33,12148.6,7,2019,,,
Prince George,30,11477.2,8,2019,,,
Prince George,29,13479,9,2019,,,
Prince George,39,14153.8,10,2019,,,
Prince George,35,14957.8,11,2019,,,
Prince George,45,15111.2,12,2019,,,
Prince George,51,15116.4,1,2020,,,
Prince George,50,16974,2,2020,,,
Prince George,43,16044.2,3,2020,,,
Prince George,41,15071,4,2020,,,
Prince George,32,15209.8,5,2020,,,
Prince George,30,14506.6,6,2020,,,
Prince George,27,14894,7,2020,,,
Prince George,27,17012.2,8,2020,,,
Prince George,22,11813.4,9,2020,,,
Prince George,27,12932.2,10,2020,,,
Prince George,27,13638.8,11,2020,,,
Prince George,26,14648.4,12,2020,,,
Prince George,26,16105,1,2021,,,
Prince George,25,14290,2,2021,,,
Prince George,25,10845,3,2021,,,
Prince George,27,16334,4,2021,,,
Prince George,29,15959.8,5,2021,,,
Prince George,31,16266.8,6,2021,,,
Prince George,34,21500.8,7,2021,,,
Prince George,36,22333.8,8,2021,,,
Prince George,39,23765.8,9,2021,,,
Prince George,44,20982.6,10,2021,,,
Prince George,48,28114,11,2021,,,
Prince George,51,27959,12,2021,,,
Prince George,59,37610,1,2022,,,
Prince George,67,38006.8,2,2022,,,
Prince George,77,38527,3,2022,,,
Prince George,85,52303.6,4,2022,,,
Prince George,88,46025.4,5,2022,,,
Prince George,93,51954.4,6,2022,,,
Prince George,91,60083,7,2022,,,
Prince George,98,59481.8,8,2022,,,
Prince George,101,64668.2,9,2022,,,
Prince George,111,61432.2,10,2022,,,
Prince George,107,80406,11,2022,,,
Prince George,116,91077,12,2022,,,
Prince George,114,85681,1,2023,,,
Prince George,119,90487,2,2023,,,
Prince George,117,80249,3,2023,,,
Prince George,113,89435,4,2023,,,
Prince George,122,80163,5,2023,,,
Prince George,118,87662,6,2023,,,
Prince George,140,104802,7,2023,,,
Prince George,121,97143,8,2023,,,
Prince George,129,100162.19,9,2023,,,
Prince George,113,82351.09,10,2023,,,
Prince George,111,84405,11,2023,,,
Prince George,113,91662,12,2023,,,
Prince George,113,84414,1,2024,,,
Prince George,124,97774,2,2024,,,
Prince George,116,91375,3,2024,,,
Prince George,122,91183,4,2024,,,
Prince George,125,97671,5,2024,,,
Prince George,126,96567,6,2024,,,
Prince George,129,104772,7,2024,,,
Prince George,126,111800,8,2024,,,
Prince George,135,93545,9,2024,,,
Prince George,103,68438,10,2024,,,
Prince George,108,87207,11,2024,,,
Prince George,113,81357,12,2024,,,
Prince George,122,91608,1,2025,,,
Prince George,124,97638,2,2025,,,
Prince George,122,81267,3,2025,,,
Prince George,124,88038,4,2025,,,
Prince George,121,95354,5,2025,,,
Prince George,116,90000,6,2025,,,
Prince William,657,410127,7,2017,,,
Prince William,617,381689,8,2017,,,
Prince William,611,381016,9,2017,,,
Prince William,635,316165,10,2017,,,
Prince William,628,362722,11,2017,,,
Prince William,619,355146,12,2017,,,
Prince William,641,355572,1,2018,,,
Prince William,670,420201,2,2018,,,
Prince William,668,366516,3,2018,,,
Prince William,679,402282,4,2018,,,
Prince William,701,421675,5,2018,,,
Prince William,716,465095,6,2018,,,
Prince William,734,674579,7,2018,,,
Prince William,689,677549,8,2018,,,
Prince William,664,655413,9,2018,,,
Prince William,651,533394,10,2018,,,
Prince William,638,597233,11,2018,,,
Prince William,659,586182,12,2018,,,
Prince William,665,551951,1,2019,,,
Prince William,659,619386,2,2019,,,
Prince William,672,554842,3,2019,,,
Prince William,680,596601,4,2019,,,
Prince William,752,674780,5,2019,,,
Prince William,760,712098,6,2019,,,
Prince William,793,644280.46,7,2019,,,
Prince William,827,760234.2,8,2019,,,
Prince William,873,750344.68,9,2019,,,
Prince William,894,663475.96,10,2019,,,
Prince William,915,760182.45,11,2019,,,
Prince William,936,711529.75,12,2019,,,
Prince William,940,749819.66,1,2020,,,
Prince William,968,830586.96,2,2020,,,
Prince William,933,711901.31,3,2020,,,
Prince William,931,693359.06,4,2020,,,
Prince William,724,658282.39,5,2020,,,
Prince William,774,690016.78,6,2020,,,
Prince William,760,836795.7,7,2020,,,
Prince William,761,788440.55,8,2020,,,
Prince William,739,726426.7,9,2020,,,
Prince William,788,625521.7,10,2020,,,
Prince William,741,679923,11,2020,,,
Prince William,713,614953.8,12,2020,,,
Prince William,689,629144.9,1,2021,,,
Prince William,688,573782.9,2,2021,,,
Prince William,683,510203.6,3,2021,,,
Prince William,701,645200.2,4,2021,,,
Prince William,750,722580.8,5,2021,,,
Prince William,831,770325,6,2021,,,
Prince William,957,1026266.8,7,2021,,,
Prince William,989,1068249.6,8,2021,,,
Prince William,1118,1110073.6,9,2021,,,
Prince William,1185,1124872.4,10,2021,,,
Prince William,1242,1137405.2,11,2021,,,
Prince William,1331,1320504.46,12,2021,,,
Prince William,1330,1404783.76,1,2022,,,
Prince William,1393,1358135.76,2,2022,,,
Prince William,1436,1318661.6,3,2022,,,
Prince William,1541,1611660.08,4,2022,,,
Prince William,1589,1548102.04,5,2022,,,
Prince William,1640,1636643.72,6,2022,,,
Prince William,1703,1809923.92,7,2022,,,
Prince William,1684,1748582.01,8,2022,,,
Prince William,1780,1859865.72,9,2022,,,
Prince William,1728,1682345.84,10,2022,,,
Prince William,1768,1836197,11,2022,,,
Prince William,1786,1969142,12,2022,,,
Prince William,1764,1984288.01,1,2023,,,
Prince William,1805,1904768.9,2,2023,,,
Prince William,1863,1741622.14,3,2023,,,
Prince William,1911,2052536.36,4,2023,,,
Prince William,1962,1902900.01,5,2023,,,
Prince William,1991,2167701.02,6,2023,,,
Prince William,1998,2276667.05,7,2023,,,
Prince William,1965,2120838.23,8,2023,,,
Prince William,2010,2214861.07,9,2023,,,
Prince William,1900,1907165.47,10,2023,,,
Prince William,1915,1979208.57,11,2023,,,
Prince William,1920,2068145.67,12,2023,,,
Prince William,1920,1924132.37,1,2024,,,
Prince William,1971,2170581.61,2,2024,,,
Prince William,1994,1967191.02,3,2024,,,
Prince William,1995,2031296.12,4,2024,,,
Prince William,2023,2098710.75,5,2024,,,
Prince William,1961,2196316.57,6,2024,,,
Prince William,2081,2253427.41,7,2024,,,
Prince William,2029,2485119.57,8,2024,,,
Prince William,2046,2139422.17,9,2024,,,
Prince William,1940,1925925.39,10,2024,,,
Prince William,1979,2161480.01,11,2024,,,
Prince William,2016,2044479.01,12,2024,,,
Prince William,2010,2105593.01,1,2025,,,
Prince William,2032,2232168.01,2,2025,,,
Prince William,2025,1884517.01,3,2025,,,
Prince William,2041,2008298.01,4,2025,,,
Prince William,2018,2122828,5,2025,,,
Prince William,2037,2116697,6,2025,,,
Pulaski,42,15682,7,2017,,,
Pulaski,40,13041,8,2017,,,
Pulaski,43,12512,9,2017,,,
Pulaski,39,9898,10,2017,,,
Pulaski,37,10514,11,2017,,,
Pulaski,38,10597,12,2017,,,
Pulaski,40,11297,1,2018,,,
Pulaski,41,13127,2,2018,,,
Pulaski,38,11010,3,2018,,,
Pulaski,43,10689,4,2018,,,
Pulaski,36,10166,5,2018,,,
Pulaski,31,9710,6,2018,,,
Pulaski,32,14921,7,2018,,,
Pulaski,33,13776,8,2018,,,
Pulaski,25,11100,9,2018,,,
Pulaski,25,8972,10,2018,,,
Pulaski,26,10079,11,2018,,,
Pulaski,27,10222,12,2018,,,
Pulaski,26,10063,1,2019,,,
Pulaski,27,11931,2,2019,,,
Pulaski,29,11006,3,2019,,,
Pulaski,33,10077,4,2019,,,
Pulaski,33,13564,5,2019,,,
Pulaski,33,11788,6,2019,,,
Pulaski,31,12276,7,2019,,,
Pulaski,29,10462,8,2019,,,
Pulaski,29,9762,9,2019,,,
Pulaski,30,9829.2,10,2019,,,
Pulaski,26,8823,11,2019,,,
Pulaski,25,7404,12,2019,,,
Pulaski,24,8190,1,2020,,,
Pulaski,24,8588,2,2020,,,
Pulaski,24,6606,3,2020,,,
Pulaski,27,5446,4,2020,,,
Pulaski,13,4096,5,2020,,,
Pulaski,19,6465,6,2020,,,
Pulaski,28,11410.8,7,2020,,,
Pulaski,22,9350.6,8,2020,,,
Pulaski,24,9884.8,9,2020,,,
Pulaski,21,7146.2,10,2020,,,
Pulaski,19,6695.2,11,2020,,,
Pulaski,21,6205.2,12,2020,,,
Pulaski,14,5400.4,1,2021,,,
Pulaski,16,4466,2,2021,,,
Pulaski,17,4811.8,3,2021,,,
Pulaski,17,6417.6,4,2021,,,
Pulaski,17,6680.2,5,2021,,,
Pulaski,23,9976.8,6,2021,,,
Pulaski,26,12673.2,7,2021,,,
Pulaski,26,13108.6,8,2021,,,
Pulaski,37,13295.4,9,2021,,,
Pulaski,31,14161,10,2021,,,
Pulaski,41,16139.6,11,2021,,,
Pulaski,41,20404,12,2021,,,
Pulaski,37,21416.4,1,2022,,,
Pulaski,39,16933.2,2,2022,,,
Pulaski,36,16912,3,2022,,,
Pulaski,43,20277.2,4,2022,,,
Pulaski,41,18993.8,5,2022,,,
Pulaski,44,21909,6,2022,,,
Pulaski,47,23384.6,7,2022,,,
Pulaski,33,19875,8,2022,,,
Pulaski,47,22729.2,9,2022,,,
Pulaski,37,16453,10,2022,,,
Pulaski,38,24964,11,2022,,,
Pulaski,35,26420,12,2022,,,
Pulaski,38,28210,1,2023,,,
Pulaski,49,29271,2,2023,,,
Pulaski,47,27534,3,2023,,,
Pulaski,50,31066,4,2023,,,
Pulaski,45,25013,5,2023,,,
Pulaski,49,32876,6,2023,,,
Pulaski,51,37797.89,7,2023,,,
Pulaski,57,36414.56,8,2023,,,
Pulaski,56,33437.62,9,2023,,,
Pulaski,54,27917.74,10,2023,,,
Pulaski,49,32360.76,11,2023,,,
Pulaski,54,39525.52,12,2023,,,
Pulaski,63,40408.86,1,2024,,,
Pulaski,69,45208,2,2024,,,
Pulaski,75,44654,3,2024,,,
Pulaski,87,55378,4,2024,,,
Pulaski,77,52347,5,2024,,,
Pulaski,81,58593,6,2024,,,
Pulaski,86,60968,7,2024,,,
Pulaski,96,83277,8,2024,,,
Pulaski,96,60816,9,2024,,,
Pulaski,89,58647,10,2024,,,
Pulaski,94,68586,11,2024,,,
Pulaski,97,70288,12,2024,,,
Pulaski,98,71129,1,2025,,,
Pulaski,106,75261,2,2025,,,
Pulaski,94,62384,3,2025,,,
Pulaski,91,66283,4,2025,,,
Pulaski,108,75888,5,2025,,,
Pulaski,107,80055,6,2025,,,
Radford,32,6337,7,2017,,,
Radford,29,5256,8,2017,,,
Radford,27,6010,9,2017,,,
Radford,28,5735,10,2017,,,
Radford,29,7730,11,2017,,,
Radford,33,7629,12,2017,,,
Radford,32,5360,1,2018,,,
Radford,34,7484,2,2018,,,
Radford,39,8761,3,2018,,,
Radford,32,7925,4,2018,,,
Radford,37,8265,5,2018,,,
Radford,39,10538,6,2018,,,
Radford,36,12587,7,2018,,,
Radford,35,13428,8,2018,,,
Radford,33,10366,9,2018,,,
Radford,36,10070,10,2018,,,
Radford,35,8190,11,2018,,,
Radford,33,9229,12,2018,,,
Radford,29,8076,1,2019,,,
Radford,31,9038,2,2019,,,
Radford,37,8811,3,2019,,,
Radford,38,9997,4,2019,,,
Radford,37,9489,5,2019,,,
Radford,36,10351,6,2019,,,
Radford,33,11420.9,7,2019,,,
Radford,34,12373.8,8,2019,,,
Radford,43,11703.6,9,2019,,,
Radford,42,11550.4,10,2019,,,
Radford,41,11410.6,11,2019,,,
Radford,28,8084.2,12,2019,,,
Radford,33,7991.6,1,2020,,,
Radford,41,14480,2,2020,,,
Radford,37,8985.6,3,2020,,,
Radford,34,8544.6,4,2020,,,
Radford,24,7799,5,2020,,,
Radford,31,11217,6,2020,,,
Radford,30,11032.2,7,2020,,,
Radford,24,9662.6,8,2020,,,
Radford,26,9409,9,2020,,,
Radford,27,9115.4,10,2020,,,
Radford,25,8827.56,11,2020,,,
Radford,26,8636.72,12,2020,,,
Radford,26,8109.19,1,2021,,,
Radford,24,9929.46,2,2021,,,
Radford,29,8829.29,3,2021,,,
Radford,37,16542.44,4,2021,,,
Radford,44,18869.51,5,2021,,,
Radford,40,17451.95,6,2021,,,
Radford,43,26001.94,7,2021,,,
Radford,55,29536.94,8,2021,,,
Radford,58,27106.14,9,2021,,,
Radford,61,29275.54,10,2021,,,
Radford,49,23509.67,11,2021,,,
Radford,60,34894.29,12,2021,,,
Radford,63,35107.89,1,2022,,,
Radford,62,29809.21,2,2022,,,
Radford,63,31416.77,3,2022,,,
Radford,62,33998.02,4,2022,,,
Radford,61,30969.08,5,2022,,,
Radford,67,34342.3,6,2022,,,
Radford,81,46467.38,7,2022,,,
Radford,72,37236.41,8,2022,,,
Radford,79,40939.23,9,2022,,,
Radford,81,39504.46,10,2022,,,
Radford,81,55030.88,11,2022,,,
Radford,81,54740.16,12,2022,,,
Radford,80,52912.92,1,2023,,,
Radford,80,48317.27,2,2023,,,
Radford,79,44790.15,3,2023,,,
Radford,81,55031.51,4,2023,,,
Radford,79,49700.7,5,2023,,,
Radford,88,62505.48,6,2023,,,
Radford,108,82331.13,7,2023,,,
Radford,76,51976.24,8,2023,,,
Radford,90,61452.79,9,2023,,,
Radford,81,56578.29,10,2023,,,
Radford,89,63006.86,11,2023,,,
Radford,83,57640.26,12,2023,,,
Radford,81,55194.35,1,2024,,,
Radford,94,74135.96,2,2024,,,
Radford,99,65093.34,3,2024,,,
Radford,101,65695.02,4,2024,,,
Radford,101,71430.12,5,2024,,,
Radford,101,67635.26,6,2024,,,
Radford,99,67965.2,7,2024,,,
Radford,100,74886.72,8,2024,,,
Radford,96,59124.06,9,2024,,,
Radford,85,53750.69,10,2024,,,
Radford,86,60433,11,2024,,,
Radford,87,51897,12,2024,,,
Radford,80,54934,1,2025,,,
Radford,85,58395,2,2025,,,
Radford,80,47436,3,2025,,,
Radford,76,49122,4,2025,,,
Radford,74,49066,5,2025,,,
Radford,78,52451,6,2025,,,
Rappahannock,11,4704,7,2017,,,
Rappahannock,13,5665,8,2017,,,
Rappahannock,13,6019,9,2017,,,
Rappahannock,12,4192,10,2017,,,
Rappahannock,REDACTED,3391,11,2017,,,
Rappahannock,REDACTED,2485,12,2017,,,
Rappahannock,REDACTED,1748,1,2018,,,
Rappahannock,REDACTED,1544,2,2018,,,
Rappahannock,REDACTED,1723,3,2018,,,
Rappahannock,10,3916,4,2018,,,
Rappahannock,REDACTED,3162,5,2018,,,
Rappahannock,REDACTED,2895,6,2018,,,
Rappahannock,REDACTED,2977,7,2018,,,
Rappahannock,REDACTED,2937,8,2018,,,
Rappahannock,13,6015,9,2018,,,
Rappahannock,18,11213,10,2018,,,
Rappahannock,16,7756,11,2018,,,
Rappahannock,17,7152,12,2018,,,
Rappahannock,17,6227,1,2019,,,
Rappahannock,17,7269,2,2019,,,
Rappahannock,17,6872,3,2019,,,
Rappahannock,11,4730,4,2019,,,
Rappahannock,18,6358,5,2019,,,
Rappahannock,18,8021,6,2019,,,
Rappahannock,19,10175,7,2019,,,
Rappahannock,20,12695,8,2019,,,
Rappahannock,25,10900.2,9,2019,,,
Rappahannock,29,13155,10,2019,,,
Rappahannock,29,13739,11,2019,,,
Rappahannock,28,11162,12,2019,,,
Rappahannock,26,6772,1,2020,,,
Rappahannock,26,12618,2,2020,,,
Rappahannock,27,11496,3,2020,,,
Rappahannock,27,6226,4,2020,,,
Rappahannock,17,3342,5,2020,,,
Rappahannock,22,9628,6,2020,,,
Rappahannock,25,9045.6,7,2020,,,
Rappahannock,25,21164.6,8,2020,,,
Rappahannock,18,5138,9,2020,,,
Rappahannock,24,15975.8,10,2020,,,
Rappahannock,18,7726.4,11,2020,,,
Rappahannock,16,7156.4,12,2020,,,
Rappahannock,16,7105.6,1,2021,,,
Rappahannock,16,5180.4,2,2021,,,
Rappahannock,17,4843.4,3,2021,,,
Rappahannock,16,6179.8,4,2021,,,
Rappahannock,16,7026,5,2021,,,
Rappahannock,24,9976.8,6,2021,,,
Rappahannock,36,21742.8,7,2021,,,
Rappahannock,43,34637.8,8,2021,,,
Rappahannock,42,28244.2,9,2021,,,
Rappahannock,40,26210,10,2021,,,
Rappahannock,41,27643.8,11,2021,,,
Rappahannock,41,29709,12,2021,,,
Rappahannock,44,31828.8,1,2022,,,
Rappahannock,46,29125,2,2022,,,
Rappahannock,50,30377.8,3,2022,,,
Rappahannock,51,37429,4,2022,,,
Rappahannock,48,32230.4,5,2022,,,
Rappahannock,49,34350,6,2022,,,
Rappahannock,47,37671.8,7,2022,,,
Rappahannock,46,32786.6,8,2022,,,
Rappahannock,48,35042.4,9,2022,,,
Rappahannock,42,32031.6,10,2022,,,
Rappahannock,44,34129,11,2022,,,
Rappahannock,49,36993,12,2022,,,
Rappahannock,48,37117,1,2023,,,
Rappahannock,49,33831,2,2023,,,
Rappahannock,50,36741,3,2023,,,
Rappahannock,48,38249,4,2023,,,
Rappahannock,48,33416,5,2023,,,
Rappahannock,50,40260,6,2023,,,
Rappahannock,61,56763,7,2023,,,
Rappahannock,61,49791,8,2023,,,
Rappahannock,57,45920,9,2023,,,
Rappahannock,48,33228,10,2023,,,
Rappahannock,41,39205,11,2023,,,
Rappahannock,44,34119,12,2023,,,
Rappahannock,42,32514,1,2024,,,
Rappahannock,43,40306,2,2024,,,
Rappahannock,47,36124,3,2024,,,
Rappahannock,43,31762,4,2024,,,
Rappahannock,44,35263,5,2024,,,
Rappahannock,51,35659,6,2024,,,
Rappahannock,53,43077,7,2024,,,
Rappahannock,54,49950,8,2024,,,
Rappahannock,61,45073,9,2024,,,
Rappahannock,62,45164,10,2024,,,
Rappahannock,62,46819,11,2024,,,
Rappahannock,61,44849,12,2024,,,
Rappahannock,63,48846,1,2025,,,
Rappahannock,62,49653,2,2025,,,
Rappahannock,59,40114,3,2025,,,
Rappahannock,58,39663,4,2025,,,
Rappahannock,55,40264,5,2025,,,
Rappahannock,58,37378,6,2025,,,
Richmond City,1031,498486,7,2017,,,
Richmond City,980,453648,8,2017,,,
Richmond City,957,466182,9,2017,,,
Richmond City,972,358149,10,2017,,,
Richmond City,905,370991,11,2017,,,
Richmond City,887,373731,12,2017,,,
Richmond City,878,348659,1,2018,,,
Richmond City,903,401165,2,2018,,,
Richmond City,908,370433,3,2018,,,
Richmond City,952,423931,4,2018,,,
Richmond City,990,431767,5,2018,,,
Richmond City,976,452154,6,2018,,,
Richmond City,999,656291,7,2018,,,
Richmond City,984,665359,8,2018,,,
Richmond City,947,666710,9,2018,,,
Richmond City,982,539442,10,2018,,,
Richmond City,928,583229,11,2018,,,
Richmond City,921,565975,12,2018,,,
Richmond City,929,509521,1,2019,,,
Richmond City,978,661448,2,2019,,,
Richmond City,974,560455,3,2019,,,
Richmond City,989,607732,4,2019,,,
Richmond City,1019,617209,5,2019,,,
Richmond City,1011,645329,6,2019,,,
Richmond City,983,599793.2,7,2019,,,
Richmond City,1019,678855,8,2019,,,
Richmond City,1022,638972.4,9,2019,,,
Richmond City,1098,587079.2,10,2019,,,
Richmond City,1043,630424.5,11,2019,,,
Richmond City,1093,597346,12,2019,,,
Richmond City,1120,631181.3,1,2020,,,
Richmond City,1119,705788.8,2,2020,,,
Richmond City,1084,591028.5,3,2020,,,
Richmond City,1066,593363.4,4,2020,,,
Richmond City,925,570564,5,2020,,,
Richmond City,975,627734,6,2020,,,
Richmond City,978,763037,7,2020,,,
Richmond City,973,687555.6,8,2020,,,
Richmond City,895,587804.2,9,2020,,,
Richmond City,904,477530,10,2020,,,
Richmond City,773,476897.96,11,2020,,,
Richmond City,714,421389.84,12,2020,,,
Richmond City,652,394263.76,1,2021,,,
Richmond City,637,355893.45,2,2021,,,
Richmond City,598,323561.58,3,2021,,,
Richmond City,590,395373.55,4,2021,,,
Richmond City,611,424878.09,5,2021,,,
Richmond City,633,439069.62,6,2021,,,
Richmond City,678,553834.48,7,2021,,,
Richmond City,729,562715.33,8,2021,,,
Richmond City,804,590112.82,9,2021,,,
Richmond City,830,572484.79,10,2021,,,
Richmond City,829,538651.43,11,2021,,,
Richmond City,854,610122.9,12,2021,,,
Richmond City,870,662188.13,1,2022,,,
Richmond City,874,595025.54,2,2022,,,
Richmond City,937,589941.2,3,2022,,,
Richmond City,970,712155.42,4,2022,,,
Richmond City,1024,689854.22,5,2022,,,
Richmond City,1041,712622.96,6,2022,,,
Richmond City,1067,829429.48,7,2022,,,
Richmond City,1094,786169.74,8,2022,,,
Richmond City,1131,835701.06,9,2022,,,
Richmond City,1070,717848.84,10,2022,,,
Richmond City,1133,838323.1,11,2022,,,
Richmond City,1129,906344,12,2022,,,
Richmond City,1147,913448.1,1,2023,,,
Richmond City,1167,906117.24,2,2023,,,
Richmond City,1165,800783,3,2023,,,
Richmond City,1184,956869.48,4,2023,,,
Richmond City,1235,871053.56,5,2023,,,
Richmond City,1229,986174.36,6,2023,,,
Richmond City,1271,1130598.78,7,2023,,,
Richmond City,1282,1042853.68,8,2023,,,
Richmond City,1349,1122023.48,9,2023,,,
Richmond City,1301,993110.63,10,2023,,,
Richmond City,1297,1043491.78,11,2023,,,
Richmond City,1334,1085743.8,12,2023,,,
Richmond City,1303,1012667.75,1,2024,,,
Richmond City,1408,1192882.49,2,2024,,,
Richmond City,1400,1086732.23,3,2024,,,
Richmond City,1403,1065942.97,4,2024,,,
Richmond City,1400,1145325.87,5,2024,,,
Richmond City,1417,1258215.98,6,2024,,,
Richmond City,1445,1255151.49,7,2024,,,
Richmond City,1452,1369311.59,8,2024,,,
Richmond City,1457,1207349.43,9,2024,,,
Richmond City,1324,1020929.82,10,2024,,,
Richmond City,1310,1105105,11,2024,,,
Richmond City,1289,1015477,12,2024,,,
Richmond City,1300,1048264,1,2025,,,
Richmond City,1306,1070526,2,2025,,,
Richmond City,1311,954362,3,2025,,,
Richmond City,1328,1016105,4,2025,,,
Richmond City,1358,1100091,5,2025,,,
Richmond City,1334,1066258,6,2025,,,
Richmond County,REDACTED,2805,7,2017,,,
Richmond County,REDACTED,3726,8,2017,,,
Richmond County,REDACTED,3931,9,2017,,,
Richmond County,10,2371,10,2017,,,
Richmond County,REDACTED,1953,11,2017,,,
Richmond County,REDACTED,2558,12,2017,,,
Richmond County,REDACTED,2764,1,2018,,,
Richmond County,REDACTED,2842,2,2018,,,
Richmond County,REDACTED,3072,3,2018,,,
Richmond County,REDACTED,3591,4,2018,,,
Richmond County,REDACTED,3796,5,2018,,,
Richmond County,12,4654,6,2018,,,
Richmond County,11,5950,7,2018,,,
Richmond County,REDACTED,5475,8,2018,,,
Richmond County,REDACTED,5182,9,2018,,,
Richmond County,REDACTED,3142,10,2018,,,
Richmond County,REDACTED,3155,11,2018,,,
Richmond County,REDACTED,3010,12,2018,,,
Richmond County,REDACTED,2869,1,2019,,,
Richmond County,REDACTED,4933,2,2019,,,
Richmond County,REDACTED,4829,3,2019,,,
Richmond County,REDACTED,4319,4,2019,,,
Richmond County,REDACTED,4352,5,2019,,,
Richmond County,10,5900,6,2019,,,
Richmond County,13,6049,7,2019,,,
Richmond County,19,11035,8,2019,,,
Richmond County,19,10276,9,2019,,,
Richmond County,18,10144,10,2019,,,
Richmond County,17,8578,11,2019,,,
Richmond County,16,9298,12,2019,,,
Richmond County,17,9230,1,2020,,,
Richmond County,21,9630,2,2020,,,
Richmond County,20,9809,3,2020,,,
Richmond County,19,8967,4,2020,,,
Richmond County,17,6029,5,2020,,,
Richmond County,17,8070,6,2020,,,
Richmond County,16,10113,7,2020,,,
Richmond County,18,9602,8,2020,,,
Richmond County,15,7393,9,2020,,,
Richmond County,20,9862,10,2020,,,
Richmond County,16,8599,11,2020,,,
Richmond County,21,14008,12,2020,,,
Richmond County,14,8524,1,2021,,,
Richmond County,14,7038,2,2021,,,
Richmond County,14,6121,3,2021,,,
Richmond County,14,7535,4,2021,,,
Richmond County,15,8218,5,2021,,,
Richmond County,15,8482,6,2021,,,
Richmond County,18,10334,7,2021,,,
Richmond County,18,11668,8,2021,,,
Richmond County,18,9058,9,2021,,,
Richmond County,15,7769,10,2021,,,
Richmond County,18,7486,11,2021,,,
Richmond County,21,12075.4,12,2021,,,
Richmond County,17,11511.6,1,2022,,,
Richmond County,18,9462.2,2,2022,,,
Richmond County,21,12687,3,2022,,,
Richmond County,20,11196.2,4,2022,,,
Richmond County,19,12577.6,5,2022,,,
Richmond County,20,11372.4,6,2022,,,
Richmond County,20,13803.4,7,2022,,,
Richmond County,21,12520.2,8,2022,,,
Richmond County,23,12963.6,9,2022,,,
Richmond County,15,9484.4,10,2022,,,
Richmond County,17,13420,11,2022,,,
Richmond County,16,14344,12,2022,,,
Richmond County,17,15929,1,2023,,,
Richmond County,17,15868,2,2023,,,
Richmond County,19,14843,3,2023,,,
Richmond County,20,19504,4,2023,,,
Richmond County,25,22816,5,2023,,,
Richmond County,32,25994,6,2023,,,
Richmond County,38,30227,7,2023,,,
Richmond County,37,30431,8,2023,,,
Richmond County,39,29184,9,2023,,,
Richmond County,27,24898,10,2023,,,
Richmond County,26,25669,11,2023,,,
Richmond County,27,26120,12,2023,,,
Richmond County,29,26180,1,2024,,,
Richmond County,35,30169,2,2024,,,
Richmond County,36,30169,3,2024,,,
Richmond County,37,36868,4,2024,,,
Richmond County,38,35816,5,2024,,,
Richmond County,39,38255,6,2024,,,
Richmond County,34,27895,7,2024,,,
Richmond County,39,35399,8,2024,,,
Richmond County,36,30779,9,2024,,,
Richmond County,34,30585,10,2024,,,
Richmond County,39,35447,11,2024,,,
Richmond County,40,30770,12,2024,,,
Richmond County,38,31280,1,2025,,,
Richmond County,33,29841,2,2025,,,
Richmond County,35,29156,3,2025,,,
Richmond County,39,30200,4,2025,,,
Richmond County,37,30117,5,2025,,,
Richmond County,34,28304,6,2025,,,
Roanoke City,716,315715,7,2017,,,
Roanoke City,715,310839,8,2017,,,
Roanoke City,695,285254,9,2017,,,
Roanoke City,667,230526,10,2017,,,
Roanoke City,686,256394,11,2017,,,
Roanoke City,694,287125,12,2017,,,
Roanoke City,647,231837,1,2018,,,
Roanoke City,714,308423,2,2018,,,
Roanoke City,656,248339,3,2018,,,
Roanoke City,658,259720,4,2018,,,
Roanoke City,690,276850,5,2018,,,
Roanoke City,656,264061,6,2018,,,
Roanoke City,680,347001,7,2018,,,
Roanoke City,677,364565,8,2018,,,
Roanoke City,670,336377,9,2018,,,
Roanoke City,640,274974,10,2018,,,
Roanoke City,603,299641,11,2018,,,
Roanoke City,614,294933,12,2018,,,
Roanoke City,631,287318,1,2019,,,
Roanoke City,646,354051,2,2019,,,
Roanoke City,672,316399,3,2019,,,
Roanoke City,670,310983,4,2019,,,
Roanoke City,707,339423,5,2019,,,
Roanoke City,708,357688,6,2019,,,
Roanoke City,730,376917.1,7,2019,,,
Roanoke City,762,421112.3,8,2019,,,
Roanoke City,801,385361.98,9,2019,,,
Roanoke City,823,359354.9,10,2019,,,
Roanoke City,765,365188.4,11,2019,,,
Roanoke City,761,327163.1,12,2019,,,
Roanoke City,768,345598.3,1,2020,,,
Roanoke City,786,382433.7,2,2020,,,
Roanoke City,781,323255.7,3,2020,,,
Roanoke City,777,337234.1,4,2020,,,
Roanoke City,691,362493.8,5,2020,,,
Roanoke City,680,368216.8,6,2020,,,
Roanoke City,711,419572.2,7,2020,,,
Roanoke City,725,399427.2,8,2020,,,
Roanoke City,701,394748.2,9,2020,,,
Roanoke City,659,315666.4,10,2020,,,
Roanoke City,575,287612.38,11,2020,,,
Roanoke City,589,269080.06,12,2020,,,
Roanoke City,556,278747.6,1,2021,,,
Roanoke City,535,260712.38,2,2021,,,
Roanoke City,523,244485.22,3,2021,,,
Roanoke City,523,254177.16,4,2021,,,
Roanoke City,536,285443.8,5,2021,,,
Roanoke City,587,304729.2,6,2021,,,
Roanoke City,637,403838.84,7,2021,,,
Roanoke City,651,411738.63,8,2021,,,
Roanoke City,728,410172.93,9,2021,,,
Roanoke City,741,383542.87,10,2021,,,
Roanoke City,750,383061.01,11,2021,,,
Roanoke City,773,422760.96,12,2021,,,
Roanoke City,774,438078.67,1,2022,,,
Roanoke City,779,389349.62,2,2022,,,
Roanoke City,789,392348.61,3,2022,,,
Roanoke City,805,455737.56,4,2022,,,
Roanoke City,831,435944.88,5,2022,,,
Roanoke City,827,463047.9,6,2022,,,
Roanoke City,846,488445.4,7,2022,,,
Roanoke City,878,521262.63,8,2022,,,
Roanoke City,923,517335.59,9,2022,,,
Roanoke City,847,447617.53,10,2022,,,
Roanoke City,865,572709.73,11,2022,,,
Roanoke City,861,612862.73,12,2022,,,
Roanoke City,858,619399.65,1,2023,,,
Roanoke City,908,631171.02,2,2023,,,
Roanoke City,931,569086.06,3,2023,,,
Roanoke City,935,663521.61,4,2023,,,
Roanoke City,963,587679.35,5,2023,,,
Roanoke City,965,700453.16,6,2023,,,
Roanoke City,1016,766197.62,7,2023,,,
Roanoke City,1043,762407.93,8,2023,,,
Roanoke City,1094,795900.19,9,2023,,,
Roanoke City,1089,758714.98,10,2023,,,
Roanoke City,1113,784538.63,11,2023,,,
Roanoke City,1073,748902.76,12,2023,,,
Roanoke City,1098,770300.88,1,2024,,,
Roanoke City,1103,819367.76,2,2024,,,
Roanoke City,1118,757332.98,3,2024,,,
Roanoke City,1136,797800.92,4,2024,,,
Roanoke City,1088,785621.98,5,2024,,,
Roanoke City,1134,858458.44,6,2024,,,
Roanoke City,1172,863099.14,7,2024,,,
Roanoke City,1236,1024951.53,8,2024,,,
Roanoke City,1221,878824.98,9,2024,,,
Roanoke City,1168,797063.14,10,2024,,,
Roanoke City,1140,852705,11,2024,,,
Roanoke City,1167,818717,12,2024,,,
Roanoke City,1191,876672,1,2025,,,
Roanoke City,1227,910939,2,2025,,,
Roanoke City,1225,777277,3,2025,,,
Roanoke City,1282,913677,4,2025,,,
Roanoke City,1243,905711,5,2025,,,
Roanoke City,1239,894071,6,2025,,,
Roanoke County,357,154325,7,2017,,,
Roanoke County,356,173365,8,2017,,,
Roanoke County,337,155776,9,2017,,,
Roanoke County,363,130077,10,2017,,,
Roanoke County,342,140532,11,2017,,,
Roanoke County,335,146798,12,2017,,,
Roanoke County,337,143148,1,2018,,,
Roanoke County,343,158190,2,2018,,,
Roanoke County,305,123216,3,2018,,,
Roanoke County,306,125244,4,2018,,,
Roanoke County,311,123309,5,2018,,,
Roanoke County,305,126189,6,2018,,,
Roanoke County,301,154103,7,2018,,,
Roanoke County,299,166645,8,2018,,,
Roanoke County,314,164684,9,2018,,,
Roanoke County,303,127423,10,2018,,,
Roanoke County,272,138792,11,2018,,,
Roanoke County,258,127011,12,2018,,,
Roanoke County,270,126571,1,2019,,,
Roanoke County,275,143526,2,2019,,,
Roanoke County,295,132272,3,2019,,,
Roanoke County,300,148075,4,2019,,,
Roanoke County,319,157100,5,2019,,,
Roanoke County,325,166364,6,2019,,,
Roanoke County,326,158832.8,7,2019,,,
Roanoke County,325,200520,8,2019,,,
Roanoke County,326,169752.1,9,2019,,,
Roanoke County,349,157015.68,10,2019,,,
Roanoke County,343,172506.42,11,2019,,,
Roanoke County,337,153627.34,12,2019,,,
Roanoke County,352,170225.58,1,2020,,,
Roanoke County,355,180130.02,2,2020,,,
Roanoke County,349,150047.5,3,2020,,,
Roanoke County,345,151088.4,4,2020,,,
Roanoke County,274,153335.4,5,2020,,,
Roanoke County,292,176796.4,6,2020,,,
Roanoke County,300,209192.8,7,2020,,,
Roanoke County,291,161574.2,8,2020,,,
Roanoke County,299,157558.1,9,2020,,,
Roanoke County,295,128859,10,2020,,,
Roanoke County,260,118119.06,11,2020,,,
Roanoke County,275,121476.31,12,2020,,,
Roanoke County,270,136431.04,1,2021,,,
Roanoke County,278,121076.06,2,2021,,,
Roanoke County,272,121127.32,3,2021,,,
Roanoke County,280,136231.63,4,2021,,,
Roanoke County,288,154384.69,5,2021,,,
Roanoke County,306,159727.88,6,2021,,,
Roanoke County,341,220385.25,7,2021,,,
Roanoke County,350,225478.42,8,2021,,,
Roanoke County,374,198998.84,9,2021,,,
Roanoke County,353,187234.2,10,2021,,,
Roanoke County,346,180430.92,11,2021,,,
Roanoke County,345,197297.84,12,2021,,,
Roanoke County,359,215337.86,1,2022,,,
Roanoke County,362,194572.61,2,2022,,,
Roanoke County,356,184845.82,3,2022,,,
Roanoke County,376,221638.63,4,2022,,,
Roanoke County,402,217102.57,5,2022,,,
Roanoke County,417,227744.21,6,2022,,,
Roanoke County,432,262305.48,7,2022,,,
Roanoke County,456,281159.12,8,2022,,,
Roanoke County,487,274146.04,9,2022,,,
Roanoke County,448,242378.2,10,2022,,,
Roanoke County,484,316905.07,11,2022,,,
Roanoke County,496,367771.72,12,2022,,,
Roanoke County,501,373926.9,1,2023,,,
Roanoke County,515,351740.36,2,2023,,,
Roanoke County,538,329971.38,3,2023,,,
Roanoke County,558,403058.81,4,2023,,,
Roanoke County,548,335606.27,5,2023,,,
Roanoke County,567,410338.79,6,2023,,,
Roanoke County,584,439767.81,7,2023,,,
Roanoke County,583,419549.49,8,2023,,,
Roanoke County,610,419070.74,9,2023,,,
Roanoke County,588,388930.75,10,2023,,,
Roanoke County,585,403778.68,11,2023,,,
Roanoke County,597,416704.16,12,2023,,,
Roanoke County,594,415015.49,1,2024,,,
Roanoke County,622,454691.87,2,2024,,,
Roanoke County,618,421638.33,3,2024,,,
Roanoke County,624,441763.55,4,2024,,,
Roanoke County,643,457861.63,5,2024,,,
Roanoke County,670,494367.76,6,2024,,,
Roanoke County,693,492402.25,7,2024,,,
Roanoke County,721,594223.44,8,2024,,,
Roanoke County,723,492525.73,9,2024,,,
Roanoke County,674,449787.98,10,2024,,,
Roanoke County,683,485346,11,2024,,,
Roanoke County,690,448162,12,2024,,,
Roanoke County,700,480484,1,2025,,,
Roanoke County,669,487604,2,2025,,,
Roanoke County,677,415324,3,2025,,,
Roanoke County,696,452201,4,2025,,,
Roanoke County,679,468785,5,2025,,,
Roanoke County,700,490431,6,2025,,,
Rockbridge,REDACTED,1346,7,2017,,,
Rockbridge,REDACTED,795,8,2017,,,
Rockbridge,REDACTED,595,9,2017,,,
Rockbridge,REDACTED,731,10,2017,,,
Rockbridge,REDACTED,1066,11,2017,,,
Rockbridge,REDACTED,904,12,2017,,,
Rockbridge,REDACTED,576,1,2018,,,
Rockbridge,REDACTED,828,2,2018,,,
Rockbridge,REDACTED,808,3,2018,,,
Rockbridge,REDACTED,1155,4,2018,,,
Rockbridge,REDACTED,1999,5,2018,,,
Rockbridge,REDACTED,3014,6,2018,,,
Rockbridge,10,4042,7,2018,,,
Rockbridge,REDACTED,3319,8,2018,,,
Rockbridge,REDACTED,2475,9,2018,,,
Rockbridge,REDACTED,1659,10,2018,,,
Rockbridge,REDACTED,1973,11,2018,,,
Rockbridge,REDACTED,2369,12,2018,,,
Rockbridge,REDACTED,1350,1,2019,,,
Rockbridge,REDACTED,2429,2,2019,,,
Rockbridge,REDACTED,2740,3,2019,,,
Rockbridge,REDACTED,3126,4,2019,,,
Rockbridge,13,6166,5,2019,,,
Rockbridge,14,6396,6,2019,,,
Rockbridge,12,6715,7,2019,,,
Rockbridge,13,6628,8,2019,,,
Rockbridge,11,3827,9,2019,,,
Rockbridge,15,6350.6,10,2019,,,
Rockbridge,21,9594.6,11,2019,,,
Rockbridge,20,8033.8,12,2019,,,
Rockbridge,20,5922,1,2020,,,
Rockbridge,20,8500.6,2,2020,,,
Rockbridge,15,5819.6,3,2020,,,
Rockbridge,15,3378.6,4,2020,,,
Rockbridge,12,6297,5,2020,,,
Rockbridge,20,4506.2,6,2020,,,
Rockbridge,REDACTED,2981,7,2020,,,
Rockbridge,16,13768,8,2020,,,
Rockbridge,15,12176,9,2020,,,
Rockbridge,REDACTED,2966,10,2020,,,
Rockbridge,REDACTED,4275.32,11,2020,,,
Rockbridge,REDACTED,4685.2,12,2020,,,
Rockbridge,REDACTED,3468.12,1,2021,,,
Rockbridge,10,5499.62,2,2021,,,
Rockbridge,REDACTED,5041.14,3,2021,,,
Rockbridge,11,6132.96,4,2021,,,
Rockbridge,14,6385.7,5,2021,,,
Rockbridge,16,7386.12,6,2021,,,
Rockbridge,17,10939.14,7,2021,,,
Rockbridge,15,8976.2,8,2021,,,
Rockbridge,12,5978.78,9,2021,,,
Rockbridge,14,7577.96,10,2021,,,
Rockbridge,14,7048.86,11,2021,,,
Rockbridge,12,6830.79,12,2021,,,
Rockbridge,13,5907.46,1,2022,,,
Rockbridge,10,5045.95,2,2022,,,
Rockbridge,12,4864.35,3,2022,,,
Rockbridge,14,5998.75,4,2022,,,
Rockbridge,13,5702.95,5,2022,,,
Rockbridge,16,7180.14,6,2022,,,
Rockbridge,22,12074.98,7,2022,,,
Rockbridge,21,10512.63,8,2022,,,
Rockbridge,15,6737.36,9,2022,,,
Rockbridge,18,7723.04,10,2022,,,
Rockbridge,17,8464.45,11,2022,,,
Rockbridge,21,12221.55,12,2022,,,
Rockbridge,20,10721.16,1,2023,,,
Rockbridge,19,10871.17,2,2023,,,
Rockbridge,22,12366.76,3,2023,,,
Rockbridge,23,16124.1,4,2023,,,
Rockbridge,21,13566.42,5,2023,,,
Rockbridge,29,17851.47,6,2023,,,
Rockbridge,38,31935.34,7,2023,,,
Rockbridge,31,20459.73,8,2023,,,
Rockbridge,39,24843.31,9,2023,,,
Rockbridge,33,24278.33,10,2023,,,
Rockbridge,29,21373.08,11,2023,,,
Rockbridge,26,19689.28,12,2023,,,
Rockbridge,26,17399.68,1,2024,,,
Rockbridge,25,19618.51,2,2024,,,
Rockbridge,34,17372.98,3,2024,,,
Rockbridge,26,15645.3,4,2024,,,
Rockbridge,35,21833.46,5,2024,,,
Rockbridge,32,24793.04,6,2024,,,
Rockbridge,40,27503.75,7,2024,,,
Rockbridge,41,33563.06,8,2024,,,
Rockbridge,40,25273.19,9,2024,,,
Rockbridge,31,18651.54,10,2024,,,
Rockbridge,32,22200,11,2024,,,
Rockbridge,28,17910,12,2024,,,
Rockbridge,26,17474,1,2025,,,
Rockbridge,34,25629,2,2025,,,
Rockbridge,37,21442,3,2025,,,
Rockbridge,40,24749,4,2025,,,
Rockbridge,32,21641,5,2025,,,
Rockbridge,40,22133,6,2025,,,
Rockingham,103,33689,7,2017,,,
Rockingham,101,39669,8,2017,,,
Rockingham,98,35796,9,2017,,,
Rockingham,96,27109,10,2017,,,
Rockingham,94,39318,11,2017,,,
Rockingham,86,24898,12,2017,,,
Rockingham,83,26674,1,2018,,,
Rockingham,80,35429,2,2018,,,
Rockingham,77,31655,3,2018,,,
Rockingham,75,29102,4,2018,,,
Rockingham,76,30704,5,2018,,,
Rockingham,72,31971,6,2018,,,
Rockingham,93,46513,7,2018,,,
Rockingham,91,50470,8,2018,,,
Rockingham,82,42377,9,2018,,,
Rockingham,76,35772,10,2018,,,
Rockingham,70,39847,11,2018,,,
Rockingham,71,34095,12,2018,,,
Rockingham,68,27909,1,2019,,,
Rockingham,73,38476,2,2019,,,
Rockingham,72,35529,3,2019,,,
Rockingham,74,34798,4,2019,,,
Rockingham,72,37253,5,2019,,,
Rockingham,80,40775,6,2019,,,
Rockingham,85,38009.4,7,2019,,,
Rockingham,84,44024.4,8,2019,,,
Rockingham,95,41825.4,9,2019,,,
Rockingham,92,39207.8,10,2019,,,
Rockingham,89,43808.4,11,2019,,,
Rockingham,88,34610.4,12,2019,,,
Rockingham,79,32653.8,1,2020,,,
Rockingham,85,38256.2,2,2020,,,
Rockingham,90,34911,3,2020,,,
Rockingham,90,29536.6,4,2020,,,
Rockingham,50,28058.2,5,2020,,,
Rockingham,53,27410.4,6,2020,,,
Rockingham,79,53481,7,2020,,,
Rockingham,73,62713.6,8,2020,,,
Rockingham,63,32125.2,9,2020,,,
Rockingham,65,28584.2,10,2020,,,
Rockingham,62,25412.28,11,2020,,,
Rockingham,63,26844.27,12,2020,,,
Rockingham,61,24633.91,1,2021,,,
Rockingham,65,28012.38,2,2021,,,
Rockingham,68,24173.15,3,2021,,,
Rockingham,70,31547.75,4,2021,,,
Rockingham,72,36944.87,5,2021,,,
Rockingham,74,35856.12,6,2021,,,
Rockingham,79,51173.37,7,2021,,,
Rockingham,72,46043.86,8,2021,,,
Rockingham,79,45195.72,9,2021,,,
Rockingham,88,46497.12,10,2021,,,
Rockingham,105,59027.31,11,2021,,,
Rockingham,103,54454.53,12,2021,,,
Rockingham,97,59783.99,1,2022,,,
Rockingham,95,52270.49,2,2022,,,
Rockingham,94,52204.01,3,2022,,,
Rockingham,99,63912.32,4,2022,,,
Rockingham,102,55693.44,5,2022,,,
Rockingham,97,55724.16,6,2022,,,
Rockingham,105,62641.08,7,2022,,,
Rockingham,107,62122.43,8,2022,,,
Rockingham,116,65458.96,9,2022,,,
Rockingham,110,60200.44,10,2022,,,
Rockingham,110,86529.27,11,2022,,,
Rockingham,111,93544.36,12,2022,,,
Rockingham,111,94277.97,1,2023,,,
Rockingham,133,110704.32,2,2023,,,
Rockingham,129,89281.89,3,2023,,,
Rockingham,139,110539.41,4,2023,,,
Rockingham,129,90823.6,5,2023,,,
Rockingham,143,112239.93,6,2023,,,
Rockingham,160,130687.31,7,2023,,,
Rockingham,154,123390.8,8,2023,,,
Rockingham,146,113740.94,9,2023,,,
Rockingham,141,104260.63,10,2023,,,
Rockingham,144,118346.69,11,2023,,,
Rockingham,164,134848.87,12,2023,,,
Rockingham,165,125955.76,1,2024,,,
Rockingham,176,146578.99,2,2024,,,
Rockingham,164,116519.96,3,2024,,,
Rockingham,164,132411.79,4,2024,,,
Rockingham,163,133553.57,5,2024,,,
Rockingham,175,144883.77,6,2024,,,
Rockingham,185,157436.5,7,2024,,,
Rockingham,194,172421.47,8,2024,,,
Rockingham,187,144595.2,9,2024,,,
Rockingham,159,127957.63,10,2024,,,
Rockingham,172,151313.12,11,2024,,,
Rockingham,177,152829.6,12,2024,,,
Rockingham,175,149769.91,1,2025,,,
Rockingham,190,165089.38,2,2025,,,
Rockingham,207,155427.7,3,2025,,,
Rockingham,218,170564.26,4,2025,,,
Rockingham,211,174971,5,2025,,,
Rockingham,221,182242.15,6,2025,,,
Russell,20,5859,7,2017,,,
Russell,19,5715,8,2017,,,
Russell,19,5806,9,2017,,,
Russell,15,3845,10,2017,,,
Russell,12,2962,11,2017,,,
Russell,12,3773,12,2017,,,
Russell,13,4342,1,2018,,,
Russell,16,4147,2,2018,,,
Russell,14,4358,3,2018,,,
Russell,15,4020,4,2018,,,
Russell,13,3492,5,2018,,,
Russell,11,3039,6,2018,,,
Russell,REDACTED,3897,7,2018,,,
Russell,REDACTED,3379,8,2018,,,
Russell,12,5010,9,2018,,,
Russell,11,4205,10,2018,,,
Russell,15,5379,11,2018,,,
Russell,14,4458,12,2018,,,
Russell,11,3537,1,2019,,,
Russell,12,4244,2,2019,,,
Russell,11,3584,3,2019,,,
Russell,11,3872,4,2019,,,
Russell,11,3968,5,2019,,,
Russell,11,4230,6,2019,,,
Russell,11,4166,7,2019,,,
Russell,16,5968,8,2019,,,
Russell,19,6489,9,2019,,,
Russell,19,6597,10,2019,,,
Russell,22,7547,11,2019,,,
Russell,26,8633,12,2019,,,
Russell,26,6961,1,2020,,,
Russell,28,9456,2,2020,,,
Russell,23,6576,3,2020,,,
Russell,22,4920,4,2020,,,
Russell,19,6109,5,2020,,,
Russell,20,5121,6,2020,,,
Russell,19,11858,7,2020,,,
Russell,13,6404,8,2020,,,
Russell,18,6486,9,2020,,,
Russell,19,6710,10,2020,,,
Russell,19,6447,11,2020,,,
Russell,24,9823,12,2020,,,
Russell,24,8740,1,2021,,,
Russell,25,8848,2,2021,,,
Russell,29,8854,3,2021,,,
Russell,33,12821,4,2021,,,
Russell,42,16027,5,2021,,,
Russell,48,18130,6,2021,,,
Russell,56,25601,7,2021,,,
Russell,60,28279,8,2021,,,
Russell,54,23396,9,2021,,,
Russell,58,24083,10,2021,,,
Russell,51,20821,11,2021,,,
Russell,47,21571,12,2021,,,
Russell,51,22837,1,2022,,,
Russell,49,20012,2,2022,,,
Russell,52,20130,3,2022,,,
Russell,50,22171.4,4,2022,,,
Russell,55,21802.8,5,2022,,,
Russell,52,22910.6,6,2022,,,
Russell,45,20639.6,7,2022,,,
Russell,50,23364.8,8,2022,,,
Russell,62,27019.2,9,2022,,,
Russell,66,27473.2,10,2022,,,
Russell,63,41040,11,2022,,,
Russell,57,42545,12,2022,,,
Russell,56,41376,1,2023,,,
Russell,55,34571,2,2023,,,
Russell,49,28563,3,2023,,,
Russell,47,30366,4,2023,,,
Russell,46,25491,5,2023,,,
Russell,40,27680,6,2023,,,
Russell,38,28174,7,2023,,,
Russell,31,21493,8,2023,,,
Russell,31,22206,9,2023,,,
Russell,25,14582,10,2023,,,
Russell,21,13508,11,2023,,,
Russell,16,11177,12,2023,,,
Russell,15,10429,1,2024,,,
Russell,16,11470,2,2024,,,
Russell,22,15295,3,2024,,,
Russell,20,13576,4,2024,,,
Russell,26,19391,5,2024,,,
Russell,31,22366,6,2024,,,
Russell,33,26286,7,2024,,,
Russell,38,32968,8,2024,,,
Russell,34,24330,9,2024,,,
Russell,27,18146,10,2024,,,
Russell,27,20216,11,2024,,,
Russell,28,19587,12,2024,,,
Russell,28,21182,1,2025,,,
Russell,28,20104,2,2025,,,
Russell,27,16988,3,2025,,,
Russell,29,19568,4,2025,,,
Russell,32,21930,5,2025,,,
Russell,31,24191,6,2025,,,
Scott,REDACTED,875,3,2019,,,
Scott,REDACTED,525,4,2019,,,
Scott,REDACTED,550,5,2019,,,
Scott,REDACTED,575,6,2019,,,
Scott,REDACTED,500,7,2019,,,
Scott,REDACTED,125,8,2019,,,
Scott,REDACTED,456,4,2023,,,
Scott,REDACTED,1740,5,2023,,,
Scott,REDACTED,750,6,2023,,,
Scott,REDACTED,215,7,2023,,,
Scott,REDACTED,756,11,2023,,,
Scott,REDACTED,945,12,2023,,,
Scott,REDACTED,60,1,2024,,,
Shenandoah,43,16963,7,2017,,,
Shenandoah,43,14293,8,2017,,,
Shenandoah,41,11593,9,2017,,,
Shenandoah,32,7863,10,2017,,,
Shenandoah,36,9839,11,2017,,,
Shenandoah,37,11374,12,2017,,,
Shenandoah,38,11249,1,2018,,,
Shenandoah,39,11796,2,2018,,,
Shenandoah,36,10247,3,2018,,,
Shenandoah,41,13655,4,2018,,,
Shenandoah,39,12692,5,2018,,,
Shenandoah,41,12150,6,2018,,,
Shenandoah,45,17616,7,2018,,,
Shenandoah,47,19672,8,2018,,,
Shenandoah,65,27135,9,2018,,,
Shenandoah,54,20894,10,2018,,,
Shenandoah,49,25920,11,2018,,,
Shenandoah,54,23339,12,2018,,,
Shenandoah,51,23901,1,2019,,,
Shenandoah,51,25022,2,2019,,,
Shenandoah,55,21310,3,2019,,,
Shenandoah,55,24504,4,2019,,,
Shenandoah,59,24980,5,2019,,,
Shenandoah,59,26300,6,2019,,,
Shenandoah,59,25742,7,2019,,,
Shenandoah,57,25134,8,2019,,,
Shenandoah,58,21575,9,2019,,,
Shenandoah,66,22864,10,2019,,,
Shenandoah,63,27495.4,11,2019,,,
Shenandoah,63,24085.2,12,2019,,,
Shenandoah,60,25346.2,1,2020,,,
Shenandoah,60,27796.2,2,2020,,,
Shenandoah,62,22389,3,2020,,,
Shenandoah,58,22262,4,2020,,,
Shenandoah,39,22828,5,2020,,,
Shenandoah,46,21771.6,6,2020,,,
Shenandoah,50,23185.8,7,2020,,,
Shenandoah,51,25406,8,2020,,,
Shenandoah,46,18726,9,2020,,,
Shenandoah,55,21245,10,2020,,,
Shenandoah,57,21302.64,11,2020,,,
Shenandoah,52,23722.62,12,2020,,,
Shenandoah,50,22494.34,1,2021,,,
Shenandoah,52,22589.2,2,2021,,,
Shenandoah,58,23012,3,2021,,,
Shenandoah,57,29201.6,4,2021,,,
Shenandoah,60,27732.8,5,2021,,,
Shenandoah,68,28233.34,6,2021,,,
Shenandoah,86,49041.68,7,2021,,,
Shenandoah,91,52018.88,8,2021,,,
Shenandoah,96,49216.66,9,2021,,,
Shenandoah,99,50132.26,10,2021,,,
Shenandoah,103,50400.83,11,2021,,,
Shenandoah,110,55680.43,12,2021,,,
Shenandoah,110,59956.6,1,2022,,,
Shenandoah,109,50488.6,2,2022,,,
Shenandoah,111,51747.8,3,2022,,,
Shenandoah,118,61193.4,4,2022,,,
Shenandoah,120,54831,5,2022,,,
Shenandoah,138,65502,6,2022,,,
Shenandoah,131,70160.8,7,2022,,,
Shenandoah,134,69679.4,8,2022,,,
Shenandoah,154,74438.8,9,2022,,,
Shenandoah,139,69935.6,10,2022,,,
Shenandoah,141,112571,11,2022,,,
Shenandoah,137,114994,12,2022,,,
Shenandoah,138,121421,1,2023,,,
Shenandoah,141,130050,2,2023,,,
Shenandoah,137,103240,3,2023,,,
Shenandoah,143,121323,4,2023,,,
Shenandoah,139,99480,5,2023,,,
Shenandoah,157,120447,6,2023,,,
Shenandoah,165,144777,7,2023,,,
Shenandoah,176,147339,8,2023,,,
Shenandoah,181,149207,9,2023,,,
Shenandoah,153,123032,10,2023,,,
Shenandoah,156,130929,11,2023,,,
Shenandoah,153,134909.34,12,2023,,,
Shenandoah,157,132174.34,1,2024,,,
Shenandoah,161,148472.62,2,2024,,,
Shenandoah,159,129272.98,3,2024,,,
Shenandoah,163,136983,4,2024,,,
Shenandoah,162,143679.2,5,2024,,,
Shenandoah,184,155747,6,2024,,,
Shenandoah,203,160623,7,2024,,,
Shenandoah,198,184268,8,2024,,,
Shenandoah,194,154887,9,2024,,,
Shenandoah,168,140383,10,2024,,,
Shenandoah,170,152710,11,2024,,,
Shenandoah,173,142739,12,2024,,,
Shenandoah,181,156239,1,2025,,,
Shenandoah,195,170646,2,2025,,,
Shenandoah,191,150082,3,2025,,,
Shenandoah,193,161731,4,2025,,,
Shenandoah,204,182512,5,2025,,,
Shenandoah,223,190876,6,2025,,,
Smyth,65,12272,7,2017,,,
Smyth,62,12132,8,2017,,,
Smyth,64,12422,9,2017,,,
Smyth,51,7830,10,2017,,,
Smyth,49,8323,11,2017,,,
Smyth,53,10726,12,2017,,,
Smyth,51,9796,1,2018,,,
Smyth,59,12850,2,2018,,,
Smyth,55,11361,3,2018,,,
Smyth,59,11558,4,2018,,,
Smyth,59,9989,5,2018,,,
Smyth,53,15124,6,2018,,,
Smyth,45,10811,7,2018,,,
Smyth,46,9065,8,2018,,,
Smyth,28,4275,9,2018,,,
Smyth,16,4280,10,2018,,,
Smyth,36,7560,11,2018,,,
Smyth,42,7510,12,2018,,,
Smyth,41,7772,1,2019,,,
Smyth,54,10806,2,2019,,,
Smyth,58,9769,3,2019,,,
Smyth,55,11213,4,2019,,,
Smyth,57,9560,5,2019,,,
Smyth,56,9293,6,2019,,,
Smyth,68,12519.5,7,2019,,,
Smyth,69,16316.5,8,2019,,,
Smyth,63,8177,9,2019,,,
Smyth,55,7000,10,2019,,,
Smyth,58,10697,11,2019,,,
Smyth,59,8964,12,2019,,,
Smyth,60,9214,1,2020,,,
Smyth,66,11713,2,2020,,,
Smyth,68,10809,3,2020,,,
Smyth,70,10115.8,4,2020,,,
Smyth,55,12005,5,2020,,,
Smyth,56,12843,6,2020,,,
Smyth,62,17082.4,7,2020,,,
Smyth,57,14120.8,8,2020,,,
Smyth,49,10208.4,9,2020,,,
Smyth,46,8088.6,10,2020,,,
Smyth,38,9386,11,2020,,,
Smyth,35,8498.6,12,2020,,,
Smyth,34,9208.6,1,2021,,,
Smyth,42,9318,2,2021,,,
Smyth,43,9282.6,3,2021,,,
Smyth,43,8651.4,4,2021,,,
Smyth,39,10034,5,2021,,,
Smyth,38,9269.6,6,2021,,,
Smyth,40,12080,7,2021,,,
Smyth,35,11097.4,8,2021,,,
Smyth,36,8982.4,9,2021,,,
Smyth,33,8271,10,2021,,,
Smyth,34,7065,11,2021,,,
Smyth,36,9266.4,12,2021,,,
Smyth,33,9142.6,1,2022,,,
Smyth,33,7953.2,2,2022,,,
Smyth,30,7551,3,2022,,,
Smyth,24,8157.6,4,2022,,,
Smyth,30,8726.2,5,2022,,,
Smyth,31,10573.4,6,2022,,,
Smyth,37,12053,7,2022,,,
Smyth,37,12051,8,2022,,,
Smyth,34,10475,9,2022,,,
Smyth,24,7986,10,2022,,,
Smyth,24,17823,11,2022,,,
Smyth,24,20633,12,2022,,,
Smyth,31,29853,1,2023,,,
Smyth,26,23972,2,2023,,,
Smyth,33,24262,3,2023,,,
Smyth,36,30815,4,2023,,,
Smyth,28,21471,5,2023,,,
Smyth,46,38174,6,2023,,,
Smyth,50,41803,7,2023,,,
Smyth,55,43239,8,2023,,,
Smyth,57,46690,9,2023,,,
Smyth,53,40681,10,2023,,,
Smyth,54,43773,11,2023,,,
Smyth,54,43520,12,2023,,,
Smyth,53,41740,1,2024,,,
Smyth,58,50731,2,2024,,,
Smyth,67,48074,3,2024,,,
Smyth,67,49185,4,2024,,,
Smyth,67,53414,5,2024,,,
Smyth,76,65683,6,2024,,,
Smyth,88,65692,7,2024,,,
Smyth,96,80678,8,2024,,,
Smyth,89,64477,9,2024,,,
Smyth,78,58913,10,2024,,,
Smyth,77,64323,11,2024,,,
Smyth,78,60707,12,2024,,,
Smyth,89,69666,1,2025,,,
Smyth,81,74035,2,2025,,,
Smyth,90,64411,3,2025,,,
Smyth,84,67946,4,2025,,,
Smyth,92,76978,5,2025,,,
Smyth,85,77171,6,2025,,,
Southampton,14,3580,7,2017,,,
Southampton,13,4241,8,2017,,,
Southampton,12,3831,9,2017,,,
Southampton,16,4028,10,2017,,,
Southampton,18,3738,11,2017,,,
Southampton,12,2822,12,2017,,,
Southampton,12,3296,1,2018,,,
Southampton,11,3265,2,2018,,,
Southampton,12,2949,3,2018,,,
Southampton,11,3467,4,2018,,,
Southampton,10,2403,5,2018,,,
Southampton,REDACTED,2627,6,2018,,,
Southampton,REDACTED,3943,7,2018,,,
Southampton,REDACTED,3787,8,2018,,,
Southampton,REDACTED,3004,9,2018,,,
Southampton,REDACTED,2598,10,2018,,,
Southampton,REDACTED,4358,11,2018,,,
Southampton,REDACTED,4327,12,2018,,,
Southampton,11,4579,1,2019,,,
Southampton,12,7072,2,2019,,,
Southampton,14,6747,3,2019,,,
Southampton,16,7379,4,2019,,,
Southampton,15,7683,5,2019,,,
Southampton,15,7985,6,2019,,,
Southampton,13,4877,7,2019,,,
Southampton,REDACTED,3642,8,2019,,,
Southampton,REDACTED,2533,9,2019,,,
Southampton,13,3994,10,2019,,,
Southampton,12,6434,11,2019,,,
Southampton,14,6116,12,2019,,,
Southampton,15,5127,1,2020,,,
Southampton,15,6492,2,2020,,,
Southampton,14,5011,3,2020,,,
Southampton,12,4007,4,2020,,,
Southampton,REDACTED,2846,5,2020,,,
Southampton,15,8979,6,2020,,,
Southampton,16,8410,7,2020,,,
Southampton,12,7149,8,2020,,,
Southampton,12,5478,9,2020,,,
Southampton,16,6416,10,2020,,,
Southampton,14,7481,11,2020,,,
Southampton,15,6887,12,2020,,,
Southampton,17,8418,1,2021,,,
Southampton,17,7826,2,2021,,,
Southampton,16,6157,3,2021,,,
Southampton,15,6350,4,2021,,,
Southampton,18,7157,5,2021,,,
Southampton,19,7000,6,2021,,,
Southampton,25,14181,7,2021,,,
Southampton,22,14428,8,2021,,,
Southampton,26,14836,9,2021,,,
Southampton,24,9827,10,2021,,,
Southampton,19,7615,11,2021,,,
Southampton,24,9734,12,2021,,,
Southampton,26,11513,1,2022,,,
Southampton,24,8681,2,2022,,,
Southampton,22,8068,3,2022,,,
Southampton,21,8298,4,2022,,,
Southampton,21,8106,5,2022,,,
Southampton,22,7626.61,6,2022,,,
Southampton,33,17921.9,7,2022,,,
Southampton,41,22498.01,8,2022,,,
Southampton,42,26008.11,9,2022,,,
Southampton,34,17032.8,10,2022,,,
Southampton,39,25022.78,11,2022,,,
Southampton,43,30333.6,12,2022,,,
Southampton,36,23394.6,1,2023,,,
Southampton,37,27110.94,2,2023,,,
Southampton,33,20928.24,3,2023,,,
Southampton,39,29598.91,4,2023,,,
Southampton,38,24529.2,5,2023,,,
Southampton,42,31543.54,6,2023,,,
Southampton,56,40187.58,7,2023,,,
Southampton,57,44862.06,8,2023,,,
Southampton,53,44641.87,9,2023,,,
Southampton,42,33226.48,10,2023,,,
Southampton,41,36027.36,11,2023,,,
Southampton,43,35677.68,12,2023,,,
Southampton,34,29515.74,1,2024,,,
Southampton,43,39141.62,2,2024,,,
Southampton,42,34605.77,3,2024,,,
Southampton,48,41841.29,4,2024,,,
Southampton,50,46311.48,5,2024,,,
Southampton,49,41927.96,6,2024,,,
Southampton,45,33711,7,2024,,,
Southampton,49,48479.06,8,2024,,,
Southampton,47,41245.29,9,2024,,,
Southampton,43,32818.97,10,2024,,,
Southampton,41,33546,11,2024,,,
Southampton,39,28111,12,2024,,,
Southampton,30,25460,1,2025,,,
Southampton,38,30382,2,2025,,,
Southampton,36,21232,3,2025,,,
Southampton,23,16999,4,2025,,,
Southampton,27,21827,5,2025,,,
Southampton,34,28033,6,2025,,,
Spotsylvania,219,107866,7,2017,,,
Spotsylvania,208,101001,8,2017,,,
Spotsylvania,204,107298,9,2017,,,
Spotsylvania,197,82626,10,2017,,,
Spotsylvania,190,87376,11,2017,,,
Spotsylvania,186,93941,12,2017,,,
Spotsylvania,184,85342,1,2018,,,
Spotsylvania,206,102662,2,2018,,,
Spotsylvania,193,92941,3,2018,,,
Spotsylvania,190,93681,4,2018,,,
Spotsylvania,208,101792,5,2018,,,
Spotsylvania,221,113507,6,2018,,,
Spotsylvania,232,172007,7,2018,,,
Spotsylvania,232,177662,8,2018,,,
Spotsylvania,231,151308,9,2018,,,
Spotsylvania,209,123214,10,2018,,,
Spotsylvania,199,144112,11,2018,,,
Spotsylvania,218,142458,12,2018,,,
Spotsylvania,232,148740,1,2019,,,
Spotsylvania,238,164765,2,2019,,,
Spotsylvania,246,146915,3,2019,,,
Spotsylvania,243,167393,4,2019,,,
Spotsylvania,253,178967,5,2019,,,
Spotsylvania,256,187463,6,2019,,,
Spotsylvania,250,178736.8,7,2019,,,
Spotsylvania,263,189162.4,8,2019,,,
Spotsylvania,270,168398,9,2019,,,
Spotsylvania,291,160783.2,10,2019,,,
Spotsylvania,290,184898.6,11,2019,,,
Spotsylvania,299,171004.8,12,2019,,,
Spotsylvania,301,186583.8,1,2020,,,
Spotsylvania,309,201879.6,2,2020,,,
Spotsylvania,293,164486.8,3,2020,,,
Spotsylvania,283,161905.2,4,2020,,,
Spotsylvania,222,150260.4,5,2020,,,
Spotsylvania,261,193507.8,6,2020,,,
Spotsylvania,264,225834.2,7,2020,,,
Spotsylvania,285,201410,8,2020,,,
Spotsylvania,259,185300.2,9,2020,,,
Spotsylvania,289,173173.6,10,2020,,,
Spotsylvania,243,168030.4,11,2020,,,
Spotsylvania,244,165690.4,12,2020,,,
Spotsylvania,236,173127.4,1,2021,,,
Spotsylvania,228,133241.6,2,2021,,,
Spotsylvania,227,138436.4,3,2021,,,
Spotsylvania,251,182215.6,4,2021,,,
Spotsylvania,263,193872.8,5,2021,,,
Spotsylvania,291,202023.6,6,2021,,,
Spotsylvania,325,286306.8,7,2021,,,
Spotsylvania,353,276351.4,8,2021,,,
Spotsylvania,414,301576.6,9,2021,,,
Spotsylvania,436,315077,10,2021,,,
Spotsylvania,466,329199.2,11,2021,,,
Spotsylvania,498,376812.6,12,2021,,,
Spotsylvania,517,402319.8,1,2022,,,
Spotsylvania,526,366042.6,2,2022,,,
Spotsylvania,537,370314.88,3,2022,,,
Spotsylvania,568,454874.84,4,2022,,,
Spotsylvania,542,386812.28,5,2022,,,
Spotsylvania,571,423851.36,6,2022,,,
Spotsylvania,551,437759.76,7,2022,,,
Spotsylvania,555,443158.28,8,2022,,,
Spotsylvania,627,481538.24,9,2022,,,
Spotsylvania,620,471208.16,10,2022,,,
Spotsylvania,619,590452.5,11,2022,,,
Spotsylvania,657,649211.82,12,2022,,,
Spotsylvania,669,690669.91,1,2023,,,
Spotsylvania,705,688944.82,2,2023,,,
Spotsylvania,715,630799,3,2023,,,
Spotsylvania,747,757399.5,4,2023,,,
Spotsylvania,747,649449,5,2023,,,
Spotsylvania,795,806749.5,6,2023,,,
Spotsylvania,815,889152,7,2023,,,
Spotsylvania,824,818189,8,2023,,,
Spotsylvania,886,852444.5,9,2023,,,
Spotsylvania,817,755785.51,10,2023,,,
Spotsylvania,822,811028.06,11,2023,,,
Spotsylvania,794,803907.4,12,2023,,,
Spotsylvania,787,743734.1,1,2024,,,
Spotsylvania,818,829750.35,2,2024,,,
Spotsylvania,801,736272.7,3,2024,,,
Spotsylvania,843,783760.35,4,2024,,,
Spotsylvania,891,873525.1,5,2024,,,
Spotsylvania,944,962607.65,6,2024,,,
Spotsylvania,930,933368.23,7,2024,,,
Spotsylvania,922,1004349.73,8,2024,,,
Spotsylvania,928,864875.22,9,2024,,,
Spotsylvania,865,789427.21,10,2024,,,
Spotsylvania,853,863886,11,2024,,,
Spotsylvania,826,756515,12,2024,,,
Spotsylvania,832,816398,1,2025,,,
Spotsylvania,849,845908,2,2025,,,
Spotsylvania,832,719319,3,2025,,,
Spotsylvania,845,773683,4,2025,,,
Spotsylvania,874,830552,5,2025,,,
Spotsylvania,893,843942,6,2025,,,
Stafford,252,173980,7,2017,,,
Stafford,246,136470,8,2017,,,
Stafford,223,134238,9,2017,,,
Stafford,237,107398,10,2017,,,
Stafford,227,118692,11,2017,,,
Stafford,218,115121,12,2017,,,
Stafford,224,116577,1,2018,,,
Stafford,245,134872,2,2018,,,
Stafford,241,116155,3,2018,,,
Stafford,243,125890,4,2018,,,
Stafford,271,146391,5,2018,,,
Stafford,285,161632,6,2018,,,
Stafford,280,203260,7,2018,,,
Stafford,258,180044,8,2018,,,
Stafford,245,177255,9,2018,,,
Stafford,231,133872,10,2018,,,
Stafford,240,161936,11,2018,,,
Stafford,247,162318,12,2018,,,
Stafford,262,157090,1,2019,,,
Stafford,268,184338,2,2019,,,
Stafford,282,161761,3,2019,,,
Stafford,284,181889,4,2019,,,
Stafford,284,192577,5,2019,,,
Stafford,290,192227,6,2019,,,
Stafford,319,215550.6,7,2019,,,
Stafford,308,224720.6,8,2019,,,
Stafford,349,201283.68,9,2019,,,
Stafford,364,213823.6,10,2019,,,
Stafford,398,253889.52,11,2019,,,
Stafford,388,222920.24,12,2019,,,
Stafford,387,248728.8,1,2020,,,
Stafford,400,270351.36,2,2020,,,
Stafford,403,232916.36,3,2020,,,
Stafford,394,242253.88,4,2020,,,
Stafford,314,224781.36,5,2020,,,
Stafford,329,263957.28,6,2020,,,
Stafford,297,251331,7,2020,,,
Stafford,319,252645.2,8,2020,,,
Stafford,299,217745.4,9,2020,,,
Stafford,286,185957.2,10,2020,,,
Stafford,266,191209.66,11,2020,,,
Stafford,258,173331.83,12,2020,,,
Stafford,249,186931.24,1,2021,,,
Stafford,232,149361.8,2,2021,,,
Stafford,222,136036.86,3,2021,,,
Stafford,249,180881.88,4,2021,,,
Stafford,282,211262.07,5,2021,,,
Stafford,283,203408.74,6,2021,,,
Stafford,308,290458.32,7,2021,,,
Stafford,317,279003.86,8,2021,,,
Stafford,396,291689.66,9,2021,,,
Stafford,399,313118.08,10,2021,,,
Stafford,401,302261.24,11,2021,,,
Stafford,407,326849.24,12,2021,,,
Stafford,420,342775.03,1,2022,,,
Stafford,448,362489.11,2,2022,,,
Stafford,453,353247.95,3,2022,,,
Stafford,488,429228.08,4,2022,,,
Stafford,487,374195.69,5,2022,,,
Stafford,504,399121.4,6,2022,,,
Stafford,503,447126.02,7,2022,,,
Stafford,513,427321.52,8,2022,,,
Stafford,563,452476,9,2022,,,
Stafford,579,436096.14,10,2022,,,
Stafford,569,522426.22,11,2022,,,
Stafford,591,574258.69,12,2022,,,
Stafford,598,599943.42,1,2023,,,
Stafford,628,591686.7,2,2023,,,
Stafford,657,557991.2,3,2023,,,
Stafford,676,670842.74,4,2023,,,
Stafford,689,597191.04,5,2023,,,
Stafford,719,715604.73,6,2023,,,
Stafford,717,805977.26,7,2023,,,
Stafford,714,710806.43,8,2023,,,
Stafford,751,741751.14,9,2023,,,
Stafford,751,684780.13,10,2023,,,
Stafford,771,721938.2,11,2023,,,
Stafford,770,764673.18,12,2023,,,
Stafford,771,715858.27,1,2024,,,
Stafford,764,784107.49,2,2024,,,
Stafford,776,718112.43,3,2024,,,
Stafford,790,725114.82,4,2024,,,
Stafford,782,762847.6,5,2024,,,
Stafford,813,835846.13,6,2024,,,
Stafford,766,791441.1,7,2024,,,
Stafford,790,873828.64,8,2024,,,
Stafford,803,734833.36,9,2024,,,
Stafford,740,665128.1,10,2024,,,
Stafford,746,737596.43,11,2024,,,
Stafford,732,654407,12,2024,,,
Stafford,733,692143,1,2025,,,
Stafford,719,701480,2,2025,,,
Stafford,712,587764,3,2025,,,
Stafford,748,672420,4,2025,,,
Stafford,789,744895,5,2025,,,
Stafford,787,745091,6,2025,,,
Staunton,49,21798,7,2017,,,
Staunton,43,19649,8,2017,,,
Staunton,57,29184,9,2017,,,
Staunton,45,13718,10,2017,,,
Staunton,53,22119,11,2017,,,
Staunton,47,18551,12,2017,,,
Staunton,44,14473,1,2018,,,
Staunton,65,27303,2,2018,,,
Staunton,58,17545,3,2018,,,
Staunton,57,16989,4,2018,,,
Staunton,58,15143,5,2018,,,
Staunton,56,16719,6,2018,,,
Staunton,57,27659,7,2018,,,
Staunton,75,38668,8,2018,,,
Staunton,63,22736,9,2018,,,
Staunton,53,19406,10,2018,,,
Staunton,46,20788,11,2018,,,
Staunton,45,17735,12,2018,,,
Staunton,50,19516,1,2019,,,
Staunton,59,31831,2,2019,,,
Staunton,52,23576,3,2019,,,
Staunton,57,24465,4,2019,,,
Staunton,59,27038,5,2019,,,
Staunton,65,29859,6,2019,,,
Staunton,61,30517,7,2019,,,
Staunton,68,34557,8,2019,,,
Staunton,82,35320.8,9,2019,,,
Staunton,83,29553,10,2019,,,
Staunton,77,35437,11,2019,,,
Staunton,82,27549,12,2019,,,
Staunton,75,26135.2,1,2020,,,
Staunton,78,30432.6,2,2020,,,
Staunton,71,26987,3,2020,,,
Staunton,72,24623.2,4,2020,,,
Staunton,45,20047,5,2020,,,
Staunton,54,27601.8,6,2020,,,
Staunton,54,33605,7,2020,,,
Staunton,60,30378,8,2020,,,
Staunton,55,43756.8,9,2020,,,
Staunton,62,27248,10,2020,,,
Staunton,55,25736,11,2020,,,
Staunton,49,24253.6,12,2020,,,
Staunton,47,19875,1,2021,,,
Staunton,41,16250,2,2021,,,
Staunton,41,16076,3,2021,,,
Staunton,42,18217,4,2021,,,
Staunton,42,19629,5,2021,,,
Staunton,44,19114,6,2021,,,
Staunton,44,30721,7,2021,,,
Staunton,50,28921,8,2021,,,
Staunton,41,21394,9,2021,,,
Staunton,54,30541,10,2021,,,
Staunton,58,28879.71,11,2021,,,
Staunton,58,31125.4,12,2021,,,
Staunton,65,38636.8,1,2022,,,
Staunton,58,32314.2,2,2022,,,
Staunton,55,28211.2,3,2022,,,
Staunton,64,38084.2,4,2022,,,
Staunton,67,38534.4,5,2022,,,
Staunton,67,33868.4,6,2022,,,
Staunton,51,34164.6,7,2022,,,
Staunton,60,46493.6,8,2022,,,
Staunton,69,35975,9,2022,,,
Staunton,70,33744.8,10,2022,,,
Staunton,74,52671.4,11,2022,,,
Staunton,69,54891.6,12,2022,,,
Staunton,69,51247.8,1,2023,,,
Staunton,82,58066,2,2023,,,
Staunton,79,46954,3,2023,,,
Staunton,85,72878,4,2023,,,
Staunton,81,55526,5,2023,,,
Staunton,80,68990,6,2023,,,
Staunton,90,72222,7,2023,,,
Staunton,95,76323,8,2023,,,
Staunton,82,56221.66,9,2023,,,
Staunton,78,53108.66,10,2023,,,
Staunton,83,63174,11,2023,,,
Staunton,86,66741,12,2023,,,
Staunton,81,55473,1,2024,,,
Staunton,76,60861,2,2024,,,
Staunton,72,52213,3,2024,,,
Staunton,72,48580,4,2024,,,
Staunton,71,52247.7,5,2024,,,
Staunton,76,53531.7,6,2024,,,
Staunton,82,65029,7,2024,,,
Staunton,76,63874.7,8,2024,,,
Staunton,70,47946.8,9,2024,,,
Staunton,60,40545.71,10,2024,,,
Staunton,62,48452.21,11,2024,,,
Staunton,66,45331.67,12,2024,,,
Staunton,68,51526.94,1,2025,,,
Staunton,70,53045.21,2,2025,,,
Staunton,59,41277.4,3,2025,,,
Staunton,67,48430.67,4,2025,,,
Staunton,61,48151.94,5,2025,,,
Staunton,73,59991.24,6,2025,,,
Suffolk,196,81981,7,2017,,,
Suffolk,181,68737,8,2017,,,
Suffolk,176,67779,9,2017,,,
Suffolk,175,56173,10,2017,,,
Suffolk,180,69404,11,2017,,,
Suffolk,183,67834,12,2017,,,
Suffolk,174,57143,1,2018,,,
Suffolk,175,63601,2,2018,,,
Suffolk,162,55537,3,2018,,,
Suffolk,170,61405,4,2018,,,
Suffolk,166,54470,5,2018,,,
Suffolk,168,58671,6,2018,,,
Suffolk,160,85430,7,2018,,,
Suffolk,160,83570,8,2018,,,
Suffolk,164,91595,9,2018,,,
Suffolk,152,63651,10,2018,,,
Suffolk,156,79195,11,2018,,,
Suffolk,156,77804,12,2018,,,
Suffolk,162,74468,1,2019,,,
Suffolk,189,113545,2,2019,,,
Suffolk,191,91872,3,2019,,,
Suffolk,201,104497,4,2019,,,
Suffolk,204,111842,5,2019,,,
Suffolk,210,117702,6,2019,,,
Suffolk,225,124982.8,7,2019,,,
Suffolk,216,132418,8,2019,,,
Suffolk,215,126209,9,2019,,,
Suffolk,196,87578.6,10,2019,,,
Suffolk,203,101581.8,11,2019,,,
Suffolk,192,95818.2,12,2019,,,
Suffolk,202,99367.2,1,2020,,,
Suffolk,213,116581.8,2,2020,,,
Suffolk,210,94638.4,3,2020,,,
Suffolk,206,91306.8,4,2020,,,
Suffolk,147,85587.8,5,2020,,,
Suffolk,193,141581,6,2020,,,
Suffolk,186,145563,7,2020,,,
Suffolk,170,109409,8,2020,,,
Suffolk,176,101339,9,2020,,,
Suffolk,193,94944.8,10,2020,,,
Suffolk,172,95375.94,11,2020,,,
Suffolk,168,89267.47,12,2020,,,
Suffolk,158,82875.41,1,2021,,,
Suffolk,154,74335.13,2,2021,,,
Suffolk,152,75429.26,3,2021,,,
Suffolk,150,82286.2,4,2021,,,
Suffolk,163,92207.28,5,2021,,,
Suffolk,170,89488.68,6,2021,,,
Suffolk,200,140897.76,7,2021,,,
Suffolk,208,142619.92,8,2021,,,
Suffolk,212,135754.52,9,2021,,,
Suffolk,227,130975.24,10,2021,,,
Suffolk,225,134555.64,11,2021,,,
Suffolk,236,155585.56,12,2021,,,
Suffolk,248,165785.68,1,2022,,,
Suffolk,253,148318.67,2,2022,,,
Suffolk,263,149136.4,3,2022,,,
Suffolk,261,173081.81,4,2022,,,
Suffolk,287,168178.87,5,2022,,,
Suffolk,281,175104.77,6,2022,,,
Suffolk,307,211977.56,7,2022,,,
Suffolk,287,187235.96,8,2022,,,
Suffolk,290,204573.67,9,2022,,,
Suffolk,312,175833.07,10,2022,,,
Suffolk,294,230552.36,11,2022,,,
Suffolk,309,252520.04,12,2022,,,
Suffolk,299,245923.31,1,2023,,,
Suffolk,324,244072.48,2,2023,,,
Suffolk,329,223039.5,3,2023,,,
Suffolk,348,269546.41,4,2023,,,
Suffolk,342,235448.48,5,2023,,,
Suffolk,344,275122.13,6,2023,,,
Suffolk,379,305815.7,7,2023,,,
Suffolk,379,292601.08,8,2023,,,
Suffolk,383,336719.15,9,2023,,,
Suffolk,387,305420.08,10,2023,,,
Suffolk,408,337363.02,11,2023,,,
Suffolk,433,353120.02,12,2023,,,
Suffolk,430,331210.38,1,2024,,,
Suffolk,451,378873.61,2,2024,,,
Suffolk,451,352634.59,3,2024,,,
Suffolk,466,366858.7,4,2024,,,
Suffolk,473,391213.4,5,2024,,,
Suffolk,483,419813.82,6,2024,,,
Suffolk,457,383349.21,7,2024,,,
Suffolk,456,423727.29,8,2024,,,
Suffolk,475,379610.34,9,2024,,,
Suffolk,415,322740.09,10,2024,,,
Suffolk,407,353863,11,2024,,,
Suffolk,395,312308,12,2024,,,
Suffolk,394,317072,1,2025,,,
Suffolk,401,331817,2,2025,,,
Suffolk,378,273858,3,2025,,,
Suffolk,378,288380,4,2025,,,
Suffolk,391,309900,5,2025,,,
Suffolk,377,294812,6,2025,,,
Surry,REDACTED,1811,7,2017,,,
Surry,15,4164,8,2017,,,
Surry,16,5102,9,2017,,,
Surry,17,6030,10,2017,,,
Surry,16,6380,11,2017,,,
Surry,15,4882,12,2017,,,
Surry,14,4071,1,2018,,,
Surry,17,4430,2,2018,,,
Surry,14,3810,3,2018,,,
Surry,16,4772,4,2018,,,
Surry,17,5488,5,2018,,,
Surry,16,4867,6,2018,,,
Surry,16,7475,7,2018,,,
Surry,18,7101,8,2018,,,
Surry,17,7006,9,2018,,,
Surry,11,4002,10,2018,,,
Surry,12,5443,11,2018,,,
Surry,12,4996,12,2018,,,
Surry,12,3744,1,2019,,,
Surry,12,4483,2,2019,,,
Surry,11,3753,3,2019,,,
Surry,12,4310,4,2019,,,
Surry,14,5146,5,2019,,,
Surry,14,3155,6,2019,,,
Surry,REDACTED,5005,7,2019,,,
Surry,REDACTED,2518,8,2019,,,
Surry,10,2534,9,2019,,,
Surry,REDACTED,3039,10,2019,,,
Surry,10,3148,11,2019,,,
Surry,11,3240.4,12,2019,,,
Surry,REDACTED,2277,1,2020,,,
Surry,REDACTED,2346,2,2020,,,
Surry,REDACTED,2261,3,2020,,,
Surry,REDACTED,983,4,2020,,,
Surry,REDACTED,2495,6,2020,,,
Surry,REDACTED,2692,9,2020,,,
Surry,REDACTED,371,10,2020,,,
Surry,REDACTED,434,11,2020,,,
Surry,REDACTED,1264,12,2020,,,
Surry,REDACTED,941,1,2021,,,
Surry,REDACTED,1439,2,2021,,,
Surry,REDACTED,1992,3,2021,,,
Surry,REDACTED,2972,4,2021,,,
Surry,REDACTED,2685,5,2021,,,
Surry,REDACTED,2534,6,2021,,,
Surry,REDACTED,3212,7,2021,,,
Surry,REDACTED,4017,8,2021,,,
Surry,REDACTED,3374,9,2021,,,
Surry,REDACTED,4841,10,2021,,,
Surry,REDACTED,2822,11,2021,,,
Surry,REDACTED,2860,12,2021,,,
Surry,REDACTED,2990,1,2022,,,
Surry,REDACTED,2730,2,2022,,,
Surry,REDACTED,2405,3,2022,,,
Surry,REDACTED,3069,4,2022,,,
Surry,REDACTED,2519,5,2022,,,
Surry,REDACTED,2264,6,2022,,,
Surry,REDACTED,2026,7,2022,,,
Surry,REDACTED,3071,8,2022,,,
Surry,REDACTED,4664,9,2022,,,
Surry,REDACTED,2648,10,2022,,,
Surry,REDACTED,2563,11,2022,,,
Surry,REDACTED,3607,12,2022,,,
Surry,REDACTED,3261,1,2023,,,
Surry,REDACTED,2873,2,2023,,,
Surry,REDACTED,4000,3,2023,,,
Surry,REDACTED,5154,4,2023,,,
Surry,REDACTED,4741,5,2023,,,
Surry,REDACTED,4539,6,2023,,,
Surry,10,4655,7,2023,,,
Surry,REDACTED,5569,8,2023,,,
Surry,REDACTED,5810,9,2023,,,
Surry,REDACTED,6120,10,2023,,,
Surry,REDACTED,6334,11,2023,,,
Surry,10,9016,12,2023,,,
Surry,12,9735,1,2024,,,
Surry,10,9644,2,2024,,,
Surry,10,9222,3,2024,,,
Surry,13,12032,4,2024,,,
Surry,16,13922,5,2024,,,
Surry,15,15134,6,2024,,,
Surry,18,14433,7,2024,,,
Surry,21,19903,8,2024,,,
Surry,19,18198,9,2024,,,
Surry,22,17160,10,2024,,,
Surry,15,15924,11,2024,,,
Surry,12,10953,12,2024,,,
Surry,10,10532,1,2025,,,
Surry,10,11022,2,2025,,,
Surry,11,10348,3,2025,,,
Surry,10,9707,4,2025,,,
Surry,12,10720,5,2025,,,
Surry,12,10219,6,2025,,,
Sussex,21,3205,7,2017,,,
Sussex,20,3125,8,2017,,,
Sussex,12,2219,9,2017,,,
Sussex,11,1627,10,2017,,,
Sussex,11,1858,11,2017,,,
Sussex,10,1751,12,2017,,,
Sussex,REDACTED,1549,1,2018,,,
Sussex,REDACTED,1197,2,2018,,,
Sussex,REDACTED,1359,3,2018,,,
Sussex,10,1500,4,2018,,,
Sussex,11,2296,5,2018,,,
Sussex,19,4131,6,2018,,,
Sussex,17,4455,7,2018,,,
Sussex,17,5251,8,2018,,,
Sussex,17,5310,9,2018,,,
Sussex,13,4911,10,2018,,,
Sussex,15,5873,11,2018,,,
Sussex,14,4359,12,2018,,,
Sussex,14,3384,1,2019,,,
Sussex,15,6788,2,2019,,,
Sussex,12,3940,3,2019,,,
Sussex,11,4023,4,2019,,,
Sussex,REDACTED,2933,5,2019,,,
Sussex,REDACTED,2267,6,2019,,,
Sussex,REDACTED,1657.5,7,2019,,,
Sussex,REDACTED,2559,8,2019,,,
Sussex,10,2853,9,2019,,,
Sussex,REDACTED,2423,10,2019,,,
Sussex,REDACTED,3533.7,11,2019,,,
Sussex,REDACTED,3058,12,2019,,,
Sussex,10,2678.2,1,2020,,,
Sussex,11,2905.9,2,2020,,,
Sussex,11,1941.9,3,2020,,,
Sussex,REDACTED,2252,4,2020,,,
Sussex,REDACTED,2723,5,2020,,,
Sussex,REDACTED,2232,6,2020,,,
Sussex,10,3492,7,2020,,,
Sussex,10,4139,8,2020,,,
Sussex,11,3847,9,2020,,,
Sussex,11,4491,10,2020,,,
Sussex,11,4602,11,2020,,,
Sussex,11,4008,12,2020,,,
Sussex,14,4984,1,2021,,,
Sussex,13,4633,2,2021,,,
Sussex,12,4251,3,2021,,,
Sussex,11,4516,4,2021,,,
Sussex,11,4180,5,2021,,,
Sussex,11,4583,6,2021,,,
Sussex,10,5011,7,2021,,,
Sussex,16,7683,8,2021,,,
Sussex,16,9024,9,2021,,,
Sussex,14,7920,10,2021,,,
Sussex,20,9307,11,2021,,,
Sussex,19,11290,12,2021,,,
Sussex,20,11407,1,2022,,,
Sussex,19,10374,2,2022,,,
Sussex,22,10739,3,2022,,,
Sussex,20,11341,4,2022,,,
Sussex,24,11532,5,2022,,,
Sussex,27,12376,6,2022,,,
Sussex,26,13744,7,2022,,,
Sussex,27,13662,8,2022,,,
Sussex,28,13684,9,2022,,,
Sussex,28,17623,10,2022,,,
Sussex,27,25830,11,2022,,,
Sussex,29,28789,12,2022,,,
Sussex,31,29841,1,2023,,,
Sussex,36,36243,2,2023,,,
Sussex,38,31745,3,2023,,,
Sussex,37,37500,4,2023,,,
Sussex,37,30109,5,2023,,,
Sussex,39,36513,6,2023,,,
Sussex,44,36110,7,2023,,,
Sussex,47,40764,8,2023,,,
Sussex,47,42873,9,2023,,,
Sussex,52,40684,10,2023,,,
Sussex,57,43546,11,2023,,,
Sussex,56,42012,12,2023,,,
Sussex,56,44387,1,2024,,,
Sussex,61,52212,2,2024,,,
Sussex,51,41429,3,2024,,,
Sussex,51,41501,4,2024,,,
Sussex,52,43996,5,2024,,,
Sussex,56,47776,6,2024,,,
Sussex,57,45590,7,2024,,,
Sussex,64,60155,8,2024,,,
Sussex,68,58293,9,2024,,,
Sussex,60,50338,10,2024,,,
Sussex,63,57352,11,2024,,,
Sussex,58,49417,12,2024,,,
Sussex,60,53775,1,2025,,,
Sussex,63,58980,2,2025,,,
Sussex,65,52643,3,2025,,,
Sussex,70,59430,4,2025,,,
Sussex,70,61794,5,2025,,,
Sussex,71,60741,6,2025,,,
Tazewell,83,23601,7,2017,,,
Tazewell,80,22030,8,2017,,,
Tazewell,82,20640,9,2017,,,
Tazewell,67,16273,10,2017,,,
Tazewell,61,16733,11,2017,,,
Tazewell,57,15007,12,2017,,,
Tazewell,60,13793,1,2018,,,
Tazewell,67,17413,2,2018,,,
Tazewell,58,12668,3,2018,,,
Tazewell,57,13195,4,2018,,,
Tazewell,51,12123,5,2018,,,
Tazewell,56,13159,6,2018,,,
Tazewell,59,14783,7,2018,,,
Tazewell,55,16194,8,2018,,,
Tazewell,54,16320,9,2018,,,
Tazewell,44,11366,10,2018,,,
Tazewell,48,14542,11,2018,,,
Tazewell,48,12835,12,2018,,,
Tazewell,46,10835,1,2019,,,
Tazewell,42,12603,2,2019,,,
Tazewell,40,9319,3,2019,,,
Tazewell,41,9473,4,2019,,,
Tazewell,39,10733,5,2019,,,
Tazewell,50,13454,6,2019,,,
Tazewell,44,12164.8,7,2019,,,
Tazewell,49,15106,8,2019,,,
Tazewell,53,12391,9,2019,,,
Tazewell,56,11944,10,2019,,,
Tazewell,53,12311.6,11,2019,,,
Tazewell,51,12145.8,12,2019,,,
Tazewell,55,11829.4,1,2020,,,
Tazewell,54,13006.6,2,2020,,,
Tazewell,55,11461.8,3,2020,,,
Tazewell,53,13147,4,2020,,,
Tazewell,40,13581,5,2020,,,
Tazewell,41,14493,6,2020,,,
Tazewell,50,18875,7,2020,,,
Tazewell,51,14189,8,2020,,,
Tazewell,46,11832.2,9,2020,,,
Tazewell,42,11352.4,10,2020,,,
Tazewell,41,10815.4,11,2020,,,
Tazewell,41,9196,12,2020,,,
Tazewell,40,10599,1,2021,,,
Tazewell,41,9351,2,2021,,,
Tazewell,41,9315,3,2021,,,
Tazewell,41,10942,4,2021,,,
Tazewell,45,11630,5,2021,,,
Tazewell,49,11179,6,2021,,,
Tazewell,54,19278,7,2021,,,
Tazewell,54,18372,8,2021,,,
Tazewell,60,20503.4,9,2021,,,
Tazewell,62,17860.8,10,2021,,,
Tazewell,76,27498.4,11,2021,,,
Tazewell,81,26784.6,12,2021,,,
Tazewell,89,32161,1,2022,,,
Tazewell,88,28465.2,2,2022,,,
Tazewell,93,25130,3,2022,,,
Tazewell,99,33923.6,4,2022,,,
Tazewell,102,32570.8,5,2022,,,
Tazewell,98,30460.2,6,2022,,,
Tazewell,95,33860,7,2022,,,
Tazewell,109,36569,8,2022,,,
Tazewell,103,32716.4,9,2022,,,
Tazewell,102,28234,10,2022,,,
Tazewell,77,40551,11,2022,,,
Tazewell,83,44530,12,2022,,,
Tazewell,100,58523,1,2023,,,
Tazewell,100,55034,2,2023,,,
Tazewell,105,49208,3,2023,,,
Tazewell,107,57204,4,2023,,,
Tazewell,118,59670,5,2023,,,
Tazewell,110,60863,6,2023,,,
Tazewell,107,68654,7,2023,,,
Tazewell,124,78463,8,2023,,,
Tazewell,103,61957,9,2023,,,
Tazewell,125,71452,10,2023,,,
Tazewell,124,69682,11,2023,,,
Tazewell,129,74298,12,2023,,,
Tazewell,134,76039,1,2024,,,
Tazewell,136,80796,2,2024,,,
Tazewell,125,65525,3,2024,,,
Tazewell,131,66102,4,2024,,,
Tazewell,135,77509,5,2024,,,
Tazewell,145,82016,6,2024,,,
Tazewell,155,90439,7,2024,,,
Tazewell,158,109572,8,2024,,,
Tazewell,156,86016,9,2024,,,
Tazewell,135,70587,10,2024,,,
Tazewell,132,75981,11,2024,,,
Tazewell,129,70009,12,2024,,,
Tazewell,134,78816,1,2025,,,
Tazewell,142,84395,2,2025,,,
Tazewell,141,69075,3,2025,,,
Tazewell,132,69298,4,2025,,,
Tazewell,129,72844,5,2025,,,
Tazewell,134,78053,6,2025,,,
Virginia Beach,1124,619650,7,2017,,,
Virginia Beach,1043,519610,8,2017,,,
Virginia Beach,1049,564251,9,2017,,,
Virginia Beach,1140,452201,10,2017,,,
Virginia Beach,1084,502431,11,2017,,,
Virginia Beach,1089,513999,12,2017,,,
Virginia Beach,1038,454280,1,2018,,,
Virginia Beach,1024,458465,2,2018,,,
Virginia Beach,1030,440641,3,2018,,,
Virginia Beach,1045,475666,4,2018,,,
Virginia Beach,1024,471764,5,2018,,,
Virginia Beach,1013,504818,6,2018,,,
Virginia Beach,1023,693560,7,2018,,,
Virginia Beach,958,670450,8,2018,,,
Virginia Beach,990,671195,9,2018,,,
Virginia Beach,956,521615,10,2018,,,
Virginia Beach,951,638883,11,2018,,,
Virginia Beach,959,615818,12,2018,,,
Virginia Beach,931,568701,1,2019,,,
Virginia Beach,928,614827,2,2019,,,
Virginia Beach,947,594124,3,2019,,,
Virginia Beach,1010,623814,4,2019,,,
Virginia Beach,1068,695248,5,2019,,,
Virginia Beach,1067,732895,6,2019,,,
Virginia Beach,1127,725498.4,7,2019,,,
Virginia Beach,1100,764540.2,8,2019,,,
Virginia Beach,1092,717016.6,9,2019,,,
Virginia Beach,1107,625493.2,10,2019,,,
Virginia Beach,1127,723999.6,11,2019,,,
Virginia Beach,1153,677426,12,2019,,,
Virginia Beach,1140,689831.6,1,2020,,,
Virginia Beach,1182,777265.45,2,2020,,,
Virginia Beach,1159,672369.9,3,2020,,,
Virginia Beach,1141,589653.2,4,2020,,,
Virginia Beach,709,480510,5,2020,,,
Virginia Beach,1000,893401.8,6,2020,,,
Virginia Beach,964,805042.2,7,2020,,,
Virginia Beach,922,648900.8,8,2020,,,
Virginia Beach,909,600634.6,9,2020,,,
Virginia Beach,915,549588,10,2020,,,
Virginia Beach,839,534679.2,11,2020,,,
Virginia Beach,833,502845.6,12,2020,,,
Virginia Beach,815,522751.8,1,2021,,,
Virginia Beach,822,491784.2,2,2021,,,
Virginia Beach,828,453295.2,3,2021,,,
Virginia Beach,846,538410.8,4,2021,,,
Virginia Beach,865,613891.8,5,2021,,,
Virginia Beach,930,631050.8,6,2021,,,
Virginia Beach,1018,851992,7,2021,,,
Virginia Beach,1055,831576.2,8,2021,,,
Virginia Beach,1118,850935.2,9,2021,,,
Virginia Beach,1215,861205.8,10,2021,,,
Virginia Beach,1233,864666.78,11,2021,,,
Virginia Beach,1262,954711.67,12,2021,,,
Virginia Beach,1334,1063420.57,1,2022,,,
Virginia Beach,1358,971429.62,2,2022,,,
Virginia Beach,1402,968405.45,3,2022,,,
Virginia Beach,1464,1150327.38,4,2022,,,
Virginia Beach,1486,1073866.87,5,2022,,,
Virginia Beach,1505,1113948.31,6,2022,,,
Virginia Beach,1573,1220989.97,7,2022,,,
Virginia Beach,1532,1235862.98,8,2022,,,
Virginia Beach,1590,1287535.27,9,2022,,,
Virginia Beach,1727,1237493.02,10,2022,,,
Virginia Beach,1677,1347137.53,11,2022,,,
Virginia Beach,1749,1506198.49,12,2022,,,
Virginia Beach,1776,1505532.08,1,2023,,,
Virginia Beach,1771,1416068.38,2,2023,,,
Virginia Beach,1799,1310058.73,3,2023,,,
Virginia Beach,1807,1516055.95,4,2023,,,
Virginia Beach,1837,1347854.53,5,2023,,,
Virginia Beach,1887,1597753.86,6,2023,,,
Virginia Beach,1932,1722680.81,7,2023,,,
Virginia Beach,1869,1540452.99,8,2023,,,
Virginia Beach,1960,1661372.95,9,2023,,,
Virginia Beach,1872,1431557.74,10,2023,,,
Virginia Beach,1943,1553566.49,11,2023,,,
Virginia Beach,1937,1605707.19,12,2023,,,
Virginia Beach,1956,1528876.28,1,2024,,,
Virginia Beach,1960,1645358.45,2,2024,,,
Virginia Beach,1958,1500810.75,3,2024,,,
Virginia Beach,1952,1516995.87,4,2024,,,
Virginia Beach,2030,1658232.26,5,2024,,,
Virginia Beach,2054,1782239.8,6,2024,,,
Virginia Beach,2147,1749449.91,7,2024,,,
Virginia Beach,2101,1903403.07,8,2024,,,
Virginia Beach,2123,1698204.92,9,2024,,,
Virginia Beach,1944,1474696.05,10,2024,,,
Virginia Beach,1936,1629236,11,2024,,,
Virginia Beach,2018,1559162,12,2024,,,
Virginia Beach,2065,1690185,1,2025,,,
Virginia Beach,2136,1784429,2,2025,,,
Virginia Beach,2142,1558024,3,2025,,,
Virginia Beach,2153,1663612,4,2025,,,
Virginia Beach,2174,1769799,5,2025,,,
Virginia Beach,2165,1748072,6,2025,,,
Warren,153,66737,7,2017,,,
Warren,145,54193,8,2017,,,
Warren,129,47694,9,2017,,,
Warren,130,38395,10,2017,,,
Warren,115,38998,11,2017,,,
Warren,132,45254,12,2017,,,
Warren,126,42490,1,2018,,,
Warren,133,51654,2,2018,,,
Warren,125,42999,3,2018,,,
Warren,138,49877,4,2018,,,
Warren,127,43955,5,2018,,,
Warren,117,45722,6,2018,,,
Warren,118,52944,7,2018,,,
Warren,121,58738,8,2018,,,
Warren,124,58675,9,2018,,,
Warren,125,45821,10,2018,,,
Warren,123,56817,11,2018,,,
Warren,124,51572,12,2018,,,
Warren,129,58698,1,2019,,,
Warren,128,56776,2,2019,,,
Warren,120,46530,3,2019,,,
Warren,122,45653,4,2019,,,
Warren,130,50066,5,2019,,,
Warren,139,61412,6,2019,,,
Warren,146,59545,7,2019,,,
Warren,150,70808,8,2019,,,
Warren,157,61475,9,2019,,,
Warren,145,54605,10,2019,,,
Warren,141,58797,11,2019,,,
Warren,139,53975,12,2019,,,
Warren,136,53664,1,2020,,,
Warren,131,55257,2,2020,,,
Warren,127,43988,3,2020,,,
Warren,127,43756,4,2020,,,
Warren,97,50079,5,2020,,,
Warren,109,60181,6,2020,,,
Warren,108,60167,7,2020,,,
Warren,105,51343.6,8,2020,,,
Warren,87,40101,9,2020,,,
Warren,92,32415,10,2020,,,
Warren,57,24301,11,2020,,,
Warren,49,22965,12,2020,,,
Warren,41,18677,1,2021,,,
Warren,41,17889,2,2021,,,
Warren,41,17003,3,2021,,,
Warren,42,21594,4,2021,,,
Warren,47,20598,5,2021,,,
Warren,55,26017,6,2021,,,
Warren,67,34947,7,2021,,,
Warren,69,39538.4,8,2021,,,
Warren,86,42129.4,9,2021,,,
Warren,73,39077,10,2021,,,
Warren,71,37435,11,2021,,,
Warren,69,39251,12,2021,,,
Warren,74,43738,1,2022,,,
Warren,74,40077,2,2022,,,
Warren,82,42797,3,2022,,,
Warren,97,54410,4,2022,,,
Warren,97,51835,5,2022,,,
Warren,101,52797,6,2022,,,
Warren,112,66712,7,2022,,,
Warren,122,72965,8,2022,,,
Warren,130,72628.6,9,2022,,,
Warren,134,77032.2,10,2022,,,
Warren,138,108975,11,2022,,,
Warren,141,115197,12,2022,,,
Warren,139,116340,1,2023,,,
Warren,152,117611,2,2023,,,
Warren,151,104998,3,2023,,,
Warren,156,119449,4,2023,,,
Warren,147,102330,5,2023,,,
Warren,155,98329,6,2023,,,
Warren,150,129777,7,2023,,,
Warren,155,130049,8,2023,,,
Warren,144,114230,9,2023,,,
Warren,145,104297,10,2023,,,
Warren,155,119923,11,2023,,,
Warren,156,121515,12,2023,,,
Warren,153,115836,1,2024,,,
Warren,153,127634,2,2024,,,
Warren,152,116860,3,2024,,,
Warren,155,115826,4,2024,,,
Warren,157,127300,5,2024,,,
Warren,151,135393,6,2024,,,
Warren,168,138400,7,2024,,,
Warren,162,147733,8,2024,,,
Warren,167,124383,9,2024,,,
Warren,157,116537,10,2024,,,
Warren,155,122670,11,2024,,,
Warren,155,116417,12,2024,,,
Warren,151,120978,1,2025,,,
Warren,144,119270,2,2025,,,
Warren,151,102002,3,2025,,,
Warren,153,110434,4,2025,,,
Warren,156,115196,5,2025,,,
Warren,158,117008,6,2025,,,
Washington,55,14473,7,2017,,,
Washington,50,11516,8,2017,,,
Washington,53,11644,9,2017,,,
Washington,56,10750,10,2017,,,
Washington,50,11439,11,2017,,,
Washington,51,11149,12,2017,,,
Washington,46,8852,1,2018,,,
Washington,48,11506,2,2018,,,
Washington,46,8487,3,2018,,,
Washington,45,9524,4,2018,,,
Washington,40,9297,5,2018,,,
Washington,40,8857,6,2018,,,
Washington,33,10558,7,2018,,,
Washington,33,11096,8,2018,,,
Washington,37,10943,9,2018,,,
Washington,33,9880,10,2018,,,
Washington,30,10494,11,2018,,,
Washington,29,7537,12,2018,,,
Washington,29,7451,1,2019,,,
Washington,33,8551,2,2019,,,
Washington,31,7005,3,2019,,,
Washington,32,7935,4,2019,,,
Washington,35,9373,5,2019,,,
Washington,36,10783,6,2019,,,
Washington,29,11947.4,7,2019,,,
Washington,29,11416.2,8,2019,,,
Washington,35,10312.6,9,2019,,,
Washington,32,9813.6,10,2019,,,
Washington,31,9778.6,11,2019,,,
Washington,28,8335.4,12,2019,,,
Washington,31,8347,1,2020,,,
Washington,31,9747,2,2020,,,
Washington,34,9213.4,3,2020,,,
Washington,32,6490.6,4,2020,,,
Washington,REDACTED,1120,5,2020,,,
Washington,18,10071.2,6,2020,,,
Washington,26,11058.8,7,2020,,,
Washington,33,17476.4,8,2020,,,
Washington,34,11681.4,9,2020,,,
Washington,33,11641.6,10,2020,,,
Washington,29,10953.2,11,2020,,,
Washington,32,10472,12,2020,,,
Washington,34,10616.8,1,2021,,,
Washington,32,10183.4,2,2021,,,
Washington,31,9234,3,2021,,,
Washington,31,9391.6,4,2021,,,
Washington,35,11534,5,2021,,,
Washington,38,13912.4,6,2021,,,
Washington,45,22093.8,7,2021,,,
Washington,44,19747,8,2021,,,
Washington,49,18369.8,9,2021,,,
Washington,46,22282.4,10,2021,,,
Washington,49,19602.8,11,2021,,,
Washington,50,23268,12,2021,,,
Washington,53,22666.6,1,2022,,,
Washington,48,19207.8,2,2022,,,
Washington,49,19897.8,3,2022,,,
Washington,56,24443.2,4,2022,,,
Washington,58,24072.4,5,2022,,,
Washington,65,27946.8,6,2022,,,
Washington,75,40568.8,7,2022,,,
Washington,71,34958.4,8,2022,,,
Washington,67,29387.8,9,2022,,,
Washington,58,24201.8,10,2022,,,
Washington,61,43024,11,2022,,,
Washington,71,57625,12,2022,,,
Washington,76,61321,1,2023,,,
Washington,77,58158,2,2023,,,
Washington,79,51903,3,2023,,,
Washington,75,59581,4,2023,,,
Washington,69,46851,5,2023,,,
Washington,77,59830,6,2023,,,
Washington,75,67710,7,2023,,,
Washington,78,59369,8,2023,,,
Washington,82,56515,9,2023,,,
Washington,58,44107,10,2023,,,
Washington,68,56481,11,2023,,,
Washington,68,53180,12,2023,,,
Washington,76,53758,1,2024,,,
Washington,74,58651,2,2024,,,
Washington,78,52898,3,2024,,,
Washington,75,51646,4,2024,,,
Washington,78,56587,5,2024,,,
Washington,85,66175,6,2024,,,
Washington,97,68421,7,2024,,,
Washington,94,79535,8,2024,,,
Washington,91,59463,9,2024,,,
Washington,77,52320,10,2024,,,
Washington,82,60293,11,2024,,,
Washington,81,60078,12,2024,,,
Washington,90,65819,1,2025,,,
Washington,93,72763,2,2025,,,
Washington,96,61605,3,2025,,,
Washington,96,69818,4,2025,,,
Washington,100,76456,5,2025,,,
Washington,108,92131,6,2025,,,
Waynesboro,67,23085,7,2017,,,
Waynesboro,59,19253,8,2017,,,
Waynesboro,51,15675,9,2017,,,
Waynesboro,45,15315,10,2017,,,
Waynesboro,40,11623,11,2017,,,
Waynesboro,44,15311,12,2017,,,
Waynesboro,49,17356,1,2018,,,
Waynesboro,53,16218,2,2018,,,
Waynesboro,49,15037,3,2018,,,
Waynesboro,54,19579,4,2018,,,
Waynesboro,48,16189,5,2018,,,
Waynesboro,50,18086,6,2018,,,
Waynesboro,52,28070,7,2018,,,
Waynesboro,52,24553,8,2018,,,
Waynesboro,50,20640,9,2018,,,
Waynesboro,50,24680,10,2018,,,
Waynesboro,53,22047,11,2018,,,
Waynesboro,48,17622,12,2018,,,
Waynesboro,47,16368,1,2019,,,
Waynesboro,52,21118,2,2019,,,
Waynesboro,50,22287,3,2019,,,
Waynesboro,47,16591,4,2019,,,
Waynesboro,62,25411,5,2019,,,
Waynesboro,53,22798,6,2019,,,
Waynesboro,61,29302,7,2019,,,
Waynesboro,64,26089,8,2019,,,
Waynesboro,64,21475.8,9,2019,,,
Waynesboro,66,19938.6,10,2019,,,
Waynesboro,69,25586.2,11,2019,,,
Waynesboro,67,22333.6,12,2019,,,
Waynesboro,65,20926.8,1,2020,,,
Waynesboro,59,22325.6,2,2020,,,
Waynesboro,59,17426.6,3,2020,,,
Waynesboro,58,19871.4,4,2020,,,
Waynesboro,47,19448,5,2020,,,
Waynesboro,42,19607,6,2020,,,
Waynesboro,51,32876,7,2020,,,
Waynesboro,42,24448,8,2020,,,
Waynesboro,48,24086,9,2020,,,
Waynesboro,40,13600,10,2020,,,
Waynesboro,35,14721.6,11,2020,,,
Waynesboro,33,13345.8,12,2020,,,
Waynesboro,34,11896.4,1,2021,,,
Waynesboro,36,15389.8,2,2021,,,
Waynesboro,39,14499,3,2021,,,
Waynesboro,44,17395.8,4,2021,,,
Waynesboro,42,23865.2,5,2021,,,
Waynesboro,44,21457.8,6,2021,,,
Waynesboro,49,33225.2,7,2021,,,
Waynesboro,47,30542.2,8,2021,,,
Waynesboro,53,23171,9,2021,,,
Waynesboro,45,22902.2,10,2021,,,
Waynesboro,46,23732.2,11,2021,,,
Waynesboro,51,23160.4,12,2021,,,
Waynesboro,58,33163,1,2022,,,
Waynesboro,62,26546.6,2,2022,,,
Waynesboro,58,25671,3,2022,,,
Waynesboro,68,34539.4,4,2022,,,
Waynesboro,71,36367.6,5,2022,,,
Waynesboro,77,36645.6,6,2022,,,
Waynesboro,82,47990.2,7,2022,,,
Waynesboro,92,51493.1,8,2022,,,
Waynesboro,92,51585.8,9,2022,,,
Waynesboro,82,42275.2,10,2022,,,
Waynesboro,78,57203,11,2022,,,
Waynesboro,82,60381,12,2022,,,
Waynesboro,80,60910,1,2023,,,
Waynesboro,80,54903,2,2023,,,
Waynesboro,81,49975,3,2023,,,
Waynesboro,88,68090.99,4,2023,,,
Waynesboro,88,56000.99,5,2023,,,
Waynesboro,100,76288.99,6,2023,,,
Waynesboro,97,80752.99,7,2023,,,
Waynesboro,92,69571.33,8,2023,,,
Waynesboro,84,59886.66,9,2023,,,
Waynesboro,76,54767.75,10,2023,,,
Waynesboro,84,62090.03,11,2023,,,
Waynesboro,82,62621.68,12,2023,,,
Waynesboro,74,56826.74,1,2024,,,
Waynesboro,79,61800.34,2,2024,,,
Waynesboro,76,53681,3,2024,,,
Waynesboro,71,51213,4,2024,,,
Waynesboro,78,54799,5,2024,,,
Waynesboro,75,59323,6,2024,,,
Waynesboro,72,61447,7,2024,,,
Waynesboro,76,65279,8,2024,,,
Waynesboro,77,49004,9,2024,,,
Waynesboro,72,45073,10,2024,,,
Waynesboro,65,49768,11,2024,,,
Waynesboro,68,47342,12,2024,,,
Waynesboro,61,47781,1,2025,,,
Waynesboro,66,49959,2,2025,,,
Waynesboro,58,37107,3,2025,,,
Waynesboro,56,37426,4,2025,,,
Waynesboro,55,38145,5,2025,,,
Waynesboro,63,49678,6,2025,,,
Westmoreland,34,11978,7,2017,,,
Westmoreland,34,13523,8,2017,,,
Westmoreland,37,14000,9,2017,,,
Westmoreland,29,7181,10,2017,,,
Westmoreland,29,8944,11,2017,,,
Westmoreland,24,7957,12,2017,,,
Westmoreland,24,7916,1,2018,,,
Westmoreland,31,11167,2,2018,,,
Westmoreland,31,10728,3,2018,,,
Westmoreland,28,11895,4,2018,,,
Westmoreland,34,11406,5,2018,,,
Westmoreland,38,15577,6,2018,,,
Westmoreland,39,16961,7,2018,,,
Westmoreland,35,17249,8,2018,,,
Westmoreland,35,19240,9,2018,,,
Westmoreland,30,12494,10,2018,,,
Westmoreland,36,17675,11,2018,,,
Westmoreland,33,17142,12,2018,,,
Westmoreland,32,15276,1,2019,,,
Westmoreland,41,23171,2,2019,,,
Westmoreland,30,15356,3,2019,,,
Westmoreland,38,16927,4,2019,,,
Westmoreland,43,19537,5,2019,,,
Westmoreland,45,29944,6,2019,,,
Westmoreland,42,19767,7,2019,,,
Westmoreland,54,35364,8,2019,,,
Westmoreland,53,27661,9,2019,,,
Westmoreland,49,25095,10,2019,,,
Westmoreland,46,21412,11,2019,,,
Westmoreland,42,16868,12,2019,,,
Westmoreland,44,22291,1,2020,,,
Westmoreland,44,22290,2,2020,,,
Westmoreland,46,17606,3,2020,,,
Westmoreland,43,19371,4,2020,,,
Westmoreland,42,21333,5,2020,,,
Westmoreland,44,23095,6,2020,,,
Westmoreland,48,30695,7,2020,,,
Westmoreland,51,28001,8,2020,,,
Westmoreland,52,24736,9,2020,,,
Westmoreland,56,24486,10,2020,,,
Westmoreland,42,20973,11,2020,,,
Westmoreland,41,27490,12,2020,,,
Westmoreland,33,19400,1,2021,,,
Westmoreland,43,16320,2,2021,,,
Westmoreland,44,20692,3,2021,,,
Westmoreland,44,25846,4,2021,,,
Westmoreland,45,24714,5,2021,,,
Westmoreland,47,23820,6,2021,,,
Westmoreland,52,30665,7,2021,,,
Westmoreland,50,31768,8,2021,,,
Westmoreland,55,32226.2,9,2021,,,
Westmoreland,54,29679,10,2021,,,
Westmoreland,56,30208.4,11,2021,,,
Westmoreland,60,34712.6,12,2021,,,
Westmoreland,60,37352.2,1,2022,,,
Westmoreland,66,35169,2,2022,,,
Westmoreland,66,33152.4,3,2022,,,
Westmoreland,68,37637.8,4,2022,,,
Westmoreland,63,33894,5,2022,,,
Westmoreland,65,35305.8,6,2022,,,
Westmoreland,71,41969.2,7,2022,,,
Westmoreland,72,38997,8,2022,,,
Westmoreland,72,40007.8,9,2022,,,
Westmoreland,81,44660.6,10,2022,,,
Westmoreland,89,70416,11,2022,,,
Westmoreland,80,72555,12,2022,,,
Westmoreland,93,78601,1,2023,,,
Westmoreland,98,85035,2,2023,,,
Westmoreland,103,78538,3,2023,,,
Westmoreland,115,113447,4,2023,,,
Westmoreland,115,88706,5,2023,,,
Westmoreland,130,107293,6,2023,,,
Westmoreland,130,109044,7,2023,,,
Westmoreland,124,103015,8,2023,,,
Westmoreland,125,106701,9,2023,,,
Westmoreland,109,93167,10,2023,,,
Westmoreland,114,98409,11,2023,,,
Westmoreland,109,96946,12,2023,,,
Westmoreland,114,91687,1,2024,,,
Westmoreland,123,105224,2,2024,,,
Westmoreland,124,97410,3,2024,,,
Westmoreland,107,90790,4,2024,,,
Westmoreland,108,94023,5,2024,,,
Westmoreland,108,101441,6,2024,,,
Westmoreland,105,93000,7,2024,,,
Westmoreland,109,110769.63,8,2024,,,
Westmoreland,108,88744.82,9,2024,,,
Westmoreland,98,81349.01,10,2024,,,
Westmoreland,93,79058,11,2024,,,
Westmoreland,83,70211,12,2024,,,
Westmoreland,83,71876,1,2025,,,
Westmoreland,87,77096,2,2025,,,
Westmoreland,81,60987,3,2025,,,
Westmoreland,76,63326,4,2025,,,
Westmoreland,77,64271,5,2025,,,
Westmoreland,79,65907,6,2025,,,
Williamsburg,47,24452,7,2017,,,
Williamsburg,50,26152,8,2017,,,
Williamsburg,50,24449,9,2017,,,
Williamsburg,49,21873,10,2017,,,
Williamsburg,48,25042,11,2017,,,
Williamsburg,36,14544,12,2017,,,
Williamsburg,34,17515,1,2018,,,
Williamsburg,36,16885,2,2018,,,
Williamsburg,33,13637,3,2018,,,
Williamsburg,34,20337,4,2018,,,
Williamsburg,38,15970,5,2018,,,
Williamsburg,40,19206,6,2018,,,
Williamsburg,42,22348,7,2018,,,
Williamsburg,46,27786,8,2018,,,
Williamsburg,43,27911,9,2018,,,
Williamsburg,47,23377,10,2018,,,
Williamsburg,47,24659,11,2018,,,
Williamsburg,40,21823,12,2018,,,
Williamsburg,39,17992,1,2019,,,
Williamsburg,36,19143,2,2019,,,
Williamsburg,37,15631,3,2019,,,
Williamsburg,47,25362,4,2019,,,
Williamsburg,43,22579,5,2019,,,
Williamsburg,45,28081,6,2019,,,
Williamsburg,42,24723.6,7,2019,,,
Williamsburg,51,26452.2,8,2019,,,
Williamsburg,37,23075.2,9,2019,,,
Williamsburg,38,17326.9,10,2019,,,
Williamsburg,31,20206,11,2019,,,
Williamsburg,37,14322.9,12,2019,,,
Williamsburg,36,21481.8,1,2020,,,
Williamsburg,33,15756.1,2,2020,,,
Williamsburg,24,12822.3,3,2020,,,
Williamsburg,23,11558,4,2020,,,
Williamsburg,20,10790.2,5,2020,,,
Williamsburg,23,12741,6,2020,,,
Williamsburg,26,18503.4,7,2020,,,
Williamsburg,26,16834,8,2020,,,
Williamsburg,26,13836.4,9,2020,,,
Williamsburg,31,14990.4,10,2020,,,
Williamsburg,22,12566.6,11,2020,,,
Williamsburg,26,13460.2,12,2020,,,
Williamsburg,18,11975.2,1,2021,,,
Williamsburg,21,11638.4,2,2021,,,
Williamsburg,19,8985,3,2021,,,
Williamsburg,18,10529.4,4,2021,,,
Williamsburg,21,11935.8,5,2021,,,
Williamsburg,17,12007.8,6,2021,,,
Williamsburg,20,15884,7,2021,,,
Williamsburg,17,14432,8,2021,,,
Williamsburg,19,14480.96,9,2021,,,
Williamsburg,23,16824.36,10,2021,,,
Williamsburg,21,14332.88,11,2021,,,
Williamsburg,24,17260.96,12,2021,,,
Williamsburg,22,17089.24,1,2022,,,
Williamsburg,26,19562.88,2,2022,,,
Williamsburg,27,19282.6,3,2022,,,
Williamsburg,31,24274.44,4,2022,,,
Williamsburg,32,23580.88,5,2022,,,
Williamsburg,33,25362.92,6,2022,,,
Williamsburg,34,25282.2,7,2022,,,
Williamsburg,39,30608,8,2022,,,
Williamsburg,38,31764,9,2022,,,
Williamsburg,35,26540.05,10,2022,,,
Williamsburg,41,33030,11,2022,,,
Williamsburg,40,36792,12,2022,,,
Williamsburg,45,39704,1,2023,,,
Williamsburg,45,40996,2,2023,,,
Williamsburg,41,30577,3,2023,,,
Williamsburg,42,37750,4,2023,,,
Williamsburg,44,30781,5,2023,,,
Williamsburg,40,36091,6,2023,,,
Williamsburg,38,33361,7,2023,,,
Williamsburg,33,28132,8,2023,,,
Williamsburg,27,25534,9,2023,,,
Williamsburg,36,27558,10,2023,,,
Williamsburg,30,24646,11,2023,,,
Williamsburg,32,27911,12,2023,,,
Williamsburg,31,26123,1,2024,,,
Williamsburg,31,28620,2,2024,,,
Williamsburg,33,26539,3,2024,,,
Williamsburg,32,26095,4,2024,,,
Williamsburg,35,30857,5,2024,,,
Williamsburg,41,35699,6,2024,,,
Williamsburg,45,35441,7,2024,,,
Williamsburg,48,38899,8,2024,,,
Williamsburg,42,32961,9,2024,,,
Williamsburg,41,28851,10,2024,,,
Williamsburg,41,32472,11,2024,,,
Williamsburg,35,27575,12,2024,,,
Williamsburg,38,31121,1,2025,,,
Williamsburg,33,30961,2,2025,,,
Williamsburg,32,26623,3,2025,,,
Williamsburg,36,28880,4,2025,,,
Williamsburg,35,29260,5,2025,,,
Williamsburg,32,27719,6,2025,,,
Winchester,73,37241,7,2017,,,
Winchester,77,36834,8,2017,,,
Winchester,78,32634,9,2017,,,
Winchester,67,25819,10,2017,,,
Winchester,67,32770,11,2017,,,
Winchester,63,26053,12,2017,,,
Winchester,72,26499,1,2018,,,
Winchester,72,32834,2,2018,,,
Winchester,74,28475,3,2018,,,
Winchester,75,28875,4,2018,,,
Winchester,84,31298,5,2018,,,
Winchester,81,35410,6,2018,,,
Winchester,81,46546,7,2018,,,
Winchester,80,47617,8,2018,,,
Winchester,74,43912,9,2018,,,
Winchester,78,40419,10,2018,,,
Winchester,73,40394,11,2018,,,
Winchester,71,36545,12,2018,,,
Winchester,70,38569,1,2019,,,
Winchester,78,45850,2,2019,,,
Winchester,72,39453,3,2019,,,
Winchester,69,39487,4,2019,,,
Winchester,71,41197,5,2019,,,
Winchester,74,45490,6,2019,,,
Winchester,72,35654.4,7,2019,,,
Winchester,73,36836.8,8,2019,,,
Winchester,75,37812.9,9,2019,,,
Winchester,94,38451.7,10,2019,,,
Winchester,88,43099.4,11,2019,,,
Winchester,92,36371,12,2019,,,
Winchester,89,37611.6,1,2020,,,
Winchester,88,40533.6,2,2020,,,
Winchester,90,34853.4,3,2020,,,
Winchester,79,33304.6,4,2020,,,
Winchester,51,30546,5,2020,,,
Winchester,76,34862.2,6,2020,,,
Winchester,77,54880.2,7,2020,,,
Winchester,64,34431.4,8,2020,,,
Winchester,54,27967,9,2020,,,
Winchester,60,29070.6,10,2020,,,
Winchester,53,32895,11,2020,,,
Winchester,50,24329.4,12,2020,,,
Winchester,50,25330.4,1,2021,,,
Winchester,48,25789.4,2,2021,,,
Winchester,48,25763.6,3,2021,,,
Winchester,52,28579,4,2021,,,
Winchester,56,33417,5,2021,,,
Winchester,70,36674.8,6,2021,,,
Winchester,57,39594.6,7,2021,,,
Winchester,64,40175.6,8,2021,,,
Winchester,68,37223.8,9,2021,,,
Winchester,69,40055.6,10,2021,,,
Winchester,67,36863.4,11,2021,,,
Winchester,64,38629,12,2021,,,
Winchester,68,41882.6,1,2022,,,
Winchester,68,37614.4,2,2022,,,
Winchester,72,46488.4,3,2022,,,
Winchester,77,46002,4,2022,,,
Winchester,85,60903.2,5,2022,,,
Winchester,86,52223.4,6,2022,,,
Winchester,92,60546.6,7,2022,,,
Winchester,96,57656.4,8,2022,,,
Winchester,96,60303.2,9,2022,,,
Winchester,94,56832.2,10,2022,,,
Winchester,98,75813,11,2022,,,
Winchester,95,85650,12,2022,,,
Winchester,92,82254,1,2023,,,
Winchester,96,81608,2,2023,,,
Winchester,100,78879,3,2023,,,
Winchester,109,90846,4,2023,,,
Winchester,105,81306,5,2023,,,
Winchester,113,98641,6,2023,,,
Winchester,119,111272,7,2023,,,
Winchester,110,91247,8,2023,,,
Winchester,108,97323,9,2023,,,
Winchester,112,88182,10,2023,,,
Winchester,117,100596,11,2023,,,
Winchester,117,103047,12,2023,,,
Winchester,118,97367,1,2024,,,
Winchester,123,107607,2,2024,,,
Winchester,129,107096,3,2024,,,
Winchester,137,114789,4,2024,,,
Winchester,145,136050.36,5,2024,,,
Winchester,155,145355.48,6,2024,,,
Winchester,171,153624.2,7,2024,,,
Winchester,174,167709.48,8,2024,,,
Winchester,179,145345.88,9,2024,,,
Winchester,156,123542,10,2024,,,
Winchester,147,128411,11,2024,,,
Winchester,143,119056,12,2024,,,
Winchester,150,130637,1,2025,,,
Winchester,143,124303,2,2025,,,
Winchester,145,111962,3,2025,,,
Winchester,149,125045,4,2025,,,
Winchester,148,127790,5,2025,,,
Winchester,148,127308,6,2025,,,
Wise,39,13459,7,2017,,,
Wise,40,11201,8,2017,,,
Wise,46,11757,9,2017,,,
Wise,38,7689,10,2017,,,
Wise,37,9217,11,2017,,,
Wise,36,9851,12,2017,,,
Wise,38,10079,1,2018,,,
Wise,37,12002,2,2018,,,
Wise,38,8865,3,2018,,,
Wise,33,8269,4,2018,,,
Wise,34,8125,5,2018,,,
Wise,34,8514,6,2018,,,
Wise,34,13476,7,2018,,,
Wise,34,12523,8,2018,,,
Wise,40,12245,9,2018,,,
Wise,35,9478,10,2018,,,
Wise,37,10963,11,2018,,,
Wise,36,10301,12,2018,,,
Wise,32,7591,1,2019,,,
Wise,32,10687,2,2019,,,
Wise,32,10196,3,2019,,,
Wise,28,9602,4,2019,,,
Wise,32,9974,5,2019,,,
Wise,33,9805,6,2019,,,
Wise,30,11238,7,2019,,,
Wise,26,9301,8,2019,,,
Wise,30,8454,9,2019,,,
Wise,34,9532,10,2019,,,
Wise,37,12234,11,2019,,,
Wise,37,10846,12,2019,,,
Wise,34,10960,1,2020,,,
Wise,32,10921,2,2020,,,
Wise,31,9550,3,2020,,,
Wise,30,7975,4,2020,,,
Wise,22,8540,5,2020,,,
Wise,23,9721,6,2020,,,
Wise,22,9288,7,2020,,,
Wise,22,9717,8,2020,,,
Wise,20,6641,9,2020,,,
Wise,17,6724,10,2020,,,
Wise,13,4018,11,2020,,,
Wise,14,4742,12,2020,,,
Wise,14,5746,1,2021,,,
Wise,12,5066,2,2021,,,
Wise,14,3759,3,2021,,,
Wise,14,5236,4,2021,,,
Wise,14,4642,5,2021,,,
Wise,10,4316,6,2021,,,
Wise,11,5522,7,2021,,,
Wise,12,5847,8,2021,,,
Wise,14,5253,9,2021,,,
Wise,15,5292,10,2021,,,
Wise,18,5904,11,2021,,,
Wise,18,6595,12,2021,,,
Wise,18,7171,1,2022,,,
Wise,24,8614,2,2022,,,
Wise,16,6480,3,2022,,,
Wise,21,7646,4,2022,,,
Wise,21,8052,5,2022,,,
Wise,23,8825,6,2022,,,
Wise,21,9551,7,2022,,,
Wise,20,8753,8,2022,,,
Wise,23,6790,9,2022,,,
Wise,15,6376,10,2022,,,
Wise,19,13586,11,2022,,,
Wise,20,16452,12,2022,,,
Wise,16,13297,1,2023,,,
Wise,19,12064,2,2023,,,
Wise,15,9184,3,2023,,,
Wise,16,10334,4,2023,,,
Wise,16,8745,5,2023,,,
Wise,14,11017,6,2023,,,
Wise,18,12398,7,2023,,,
Wise,15,11854,8,2023,,,
Wise,12,8646,9,2023,,,
Wise,REDACTED,7595,10,2023,,,
Wise,REDACTED,7820,11,2023,,,
Wise,REDACTED,7917,12,2023,,,
Wise,REDACTED,8118,1,2024,,,
Wise,REDACTED,8798,2,2024,,,
Wise,10,11526,3,2024,,,
Wise,11,8753,4,2024,,,
Wise,15,10701,5,2024,,,
Wise,15,13938,6,2024,,,
Wise,16,11608,7,2024,,,
Wise,13,12486,8,2024,,,
Wise,12,9176,9,2024,,,
Wise,11,8430,10,2024,,,
Wise,11,8009,11,2024,,,
Wise,11,8163,12,2024,,,
Wise,11,7582,1,2025,,,
Wise,REDACTED,7993,2,2025,,,
Wise,13,8407,3,2025,,,
Wise,14,10539,4,2025,,,
Wise,15,11836,5,2025,,,
Wise,16,11748,6,2025,,,
Wythe,70,23171,7,2017,,,
Wythe,61,15081,8,2017,,,
Wythe,67,14170,9,2017,,,
Wythe,58,11181,10,2017,,,
Wythe,73,17591,11,2017,,,
Wythe,64,16462,12,2017,,,
Wythe,60,15135,1,2018,,,
Wythe,68,22057,2,2018,,,
Wythe,61,17154,3,2018,,,
Wythe,59,16380,4,2018,,,
Wythe,61,18362,5,2018,,,
Wythe,62,19536,6,2018,,,
Wythe,72,26464,7,2018,,,
Wythe,65,21301,8,2018,,,
Wythe,74,22775,9,2018,,,
Wythe,60,17897,10,2018,,,
Wythe,69,23323,11,2018,,,
Wythe,62,21358,12,2018,,,
Wythe,71,19120,1,2019,,,
Wythe,71,24947,2,2019,,,
Wythe,69,20945,3,2019,,,
Wythe,66,21592,4,2019,,,
Wythe,65,22742,5,2019,,,
Wythe,66,23763,6,2019,,,
Wythe,72,22432,7,2019,,,
Wythe,75,25643.8,8,2019,,,
Wythe,77,21868.2,9,2019,,,
Wythe,68,20201.4,10,2019,,,
Wythe,70,21396.8,11,2019,,,
Wythe,67,17935,12,2019,,,
Wythe,40,12851.6,1,2020,,,
Wythe,70,26816.4,2,2020,,,
Wythe,65,18568.6,3,2020,,,
Wythe,62,12324,4,2020,,,
Wythe,39,11203.8,5,2020,,,
Wythe,38,10030.6,6,2020,,,
Wythe,59,25160.2,7,2020,,,
Wythe,51,29183.2,8,2020,,,
Wythe,53,16709.4,9,2020,,,
Wythe,51,14675,10,2020,,,
Wythe,53,21172.2,11,2020,,,
Wythe,45,13862,12,2020,,,
Wythe,46,15812.2,1,2021,,,
Wythe,40,12460.8,2,2021,,,
Wythe,36,10721.6,3,2021,,,
Wythe,38,13496.2,4,2021,,,
Wythe,39,13497.2,5,2021,,,
Wythe,44,14756.6,6,2021,,,
Wythe,46,21207,7,2021,,,
Wythe,46,19755.6,8,2021,,,
Wythe,46,16375.2,9,2021,,,
Wythe,34,13061.6,10,2021,,,
Wythe,33,13171.21,11,2021,,,
Wythe,33,13225.99,12,2021,,,
Wythe,28,12546.46,1,2022,,,
Wythe,32,11713.49,2,2022,,,
Wythe,32,11126.2,3,2022,,,
Wythe,35,13528.63,4,2022,,,
Wythe,33,12297.35,5,2022,,,
Wythe,36,13585.5,6,2022,,,
Wythe,40,17941.7,7,2022,,,
Wythe,39,15363.35,8,2022,,,
Wythe,46,16803.05,9,2022,,,
Wythe,51,17239.1,10,2022,,,
Wythe,63,39950.23,11,2022,,,
Wythe,67,52106.43,12,2022,,,
Wythe,62,49129.79,1,2023,,,
Wythe,76,59693.2,2,2023,,,
Wythe,70,43425.34,3,2023,,,
Wythe,70,49449.71,4,2023,,,
Wythe,77,49921.2,5,2023,,,
Wythe,80,54595.18,6,2023,,,
Wythe,74,56369.52,7,2023,,,
Wythe,81,59065.86,8,2023,,,
Wythe,88,61732.18,9,2023,,,
Wythe,95,71425.86,10,2023,,,
Wythe,104,73947.52,11,2023,,,
Wythe,106,83256.52,12,2023,,,
Wythe,112,81246.72,1,2024,,,
Wythe,118,88518.36,2,2024,,,
Wythe,126,86255.72,3,2024,,,
Wythe,133,92872.72,4,2024,,,
Wythe,123,91460.04,5,2024,,,
Wythe,122,101421.36,6,2024,,,
Wythe,132,97236.4,7,2024,,,
Wythe,128,109379.36,8,2024,,,
Wythe,136,91187.88,9,2024,,,
Wythe,112,75503,10,2024,,,
Wythe,104,81429,11,2024,,,
Wythe,108,75188,12,2024,,,
Wythe,104,76869,1,2025,,,
Wythe,118,83791,2,2025,,,
Wythe,123,76400,3,2025,,,
Wythe,119,82335,4,2025,,,
Wythe,120,83470,5,2025,,,
Wythe,128,91393,6,2025,,,
York,110,51987,7,2017,,,
York,102,45766,8,2017,,,
York,95,48012,9,2017,,,
York,103,32927,10,2017,,,
York,99,46370,11,2017,,,
York,100,38927,12,2017,,,
York,95,37168,1,2018,,,
York,96,34735,2,2018,,,
York,93,34888,3,2018,,,
York,90,38072,4,2018,,,
York,93,35432,5,2018,,,
York,89,40380,6,2018,,,
York,91,48959,7,2018,,,
York,95,55549,8,2018,,,
York,82,49788,9,2018,,,
York,67,28756,10,2018,,,
York,69,39027,11,2018,,,
York,71,37558,12,2018,,,
York,72,36679,1,2019,,,
York,65,40726,2,2019,,,
York,78,37635,3,2019,,,
York,74,41151,4,2019,,,
York,71,38449,5,2019,,,
York,68,42635,6,2019,,,
York,80,37350.4,7,2019,,,
York,78,43339.2,8,2019,,,
York,76,45771.4,9,2019,,,
York,88,42000.8,10,2019,,,
York,92,46013.6,11,2019,,,
York,88,36266.6,12,2019,,,
York,86,40987.7,1,2020,,,
York,83,43191.7,2,2020,,,
York,92,39765,3,2020,,,
York,91,26356.1,4,2020,,,
York,42,18868.2,5,2020,,,
York,69,41339.6,6,2020,,,
York,70,50744.2,7,2020,,,
York,79,63404,8,2020,,,
York,53,31653.8,9,2020,,,
York,59,27670.6,10,2020,,,
York,56,29199,11,2020,,,
York,58,29462.8,12,2020,,,
York,57,30748.2,1,2021,,,
York,54,25067.2,2,2021,,,
York,54,21063,3,2021,,,
York,49,24790.8,4,2021,,,
York,55,27854,5,2021,,,
York,57,30958.2,6,2021,,,
York,61,38785.6,7,2021,,,
York,60,40993.8,8,2021,,,
York,66,40912.4,9,2021,,,
York,61,40026,10,2021,,,
York,74,48155,11,2021,,,
York,64,46165,12,2021,,,
York,65,45181,1,2022,,,
York,69,45128.6,2,2022,,,
York,75,47126.8,3,2022,,,
York,78,51198.2,4,2022,,,
York,75,46751.2,5,2022,,,
York,72,47986.2,6,2022,,,
York,77,51622.8,7,2022,,,
York,74,51033,8,2022,,,
York,96,66429.6,9,2022,,,
York,94,60376.6,10,2022,,,
York,101,72397,11,2022,,,
York,102,84110,12,2022,,,
York,117,90454.26,1,2023,,,
York,124,92568.3,2,2023,,,
York,120,79294,3,2023,,,
York,125,94692.28,4,2023,,,
York,123,84720.4,5,2023,,,
York,124,94386.5,6,2023,,,
York,124,97921.43,7,2023,,,
York,137,101416.5,8,2023,,,
York,146,113656.29,9,2023,,,
York,124,91026.01,10,2023,,,
York,116,95279.6,11,2023,,,
York,123,103706.5,12,2023,,,
York,113,92168.25,1,2024,,,
York,144,116988.68,2,2024,,,
York,131,106230.68,3,2024,,,
York,128,98022.14,4,2024,,,
York,126,98128.33,5,2024,,,
York,115,92707.85,6,2024,,,
York,126,94748.8,7,2024,,,
York,130,109640.47,8,2024,,,
York,139,101198.63,9,2024,,,
York,120,82366.94,10,2024,,,
York,116,89443,11,2024,,,
York,120,82722,12,2024,,,
York,124,95757,1,2025,,,
York,134,104819,2,2025,,,
York,138,89461,3,2025,,,
York,132,89965,4,2025,,,
York,144,101060,5,2025,,,
York,143,103837,6,2025,,,
