,Locality,Total Count,Total Expenditures,month,year
998,001 - Accomack,20,3657,8,2017
1996,001 - Accomack,27,5450,12,2017
4979,001 - Accomack,21,3880,7,2017
8955,001 - Accomack,27,5933,11,2017
9949,001 - Accomack,30,6396,10,2017
10941,001 - Accomack,26,5875,9,2017
1,001 - Accomack,17,3419,4,2018
1122,001 - Accomack,19,5497,8,2018
2120,001 - Accomack,21,5951,12,2018
2990,001 - Accomack,24,5089,2,2018
3985,001 - Accomack,26,4690,1,2018
5103,001 - Accomack,23,6378,7,2018
5974,001 - Accomack,23,4830,6,2018
6969,001 - Accomack,24,4446,3,2018
7964,001 - Accomack,21,4902,5,2018
9079,001 - Accomack,13,3290,11,2018
10072,001 - Accomack,14,4004,10,2018
11065,001 - Accomack,19,5459,9,2018
126,001 - Accomack,26,7375,4,2019
1247,001 - Accomack,32,7921,8,2019
2244,001 - Accomack,30,7808.2,12,2019
3114,001 - Accomack,24,6975,2,2019
4109,001 - Accomack,19,4863,1,2019
5228,001 - Accomack,30,8909.7,7,2019
6097,001 - Accomack,26,7533,6,2019
7093,001 - Accomack,22,5969,3,2019
8089,001 - Accomack,27,6939,5,2019
9202,001 - Accomack,29,9314,11,2019
10196,001 - Accomack,25,6388,10,2019
11190,001 - Accomack,36,8826,9,2019
251,001 - Accomack,24,5232.6,4,2020
1372,001 - Accomack,26,8052,8,2020
2368,001 - Accomack,18,3885.9,12,2020
3238,001 - Accomack,32,8641,2,2020
4233,001 - Accomack,28,8365,1,2020
5352,001 - Accomack,26,13258,7,2020
6222,001 - Accomack,27,12522,6,2020
7218,001 - Accomack,27,7169.9,3,2020
8214,001 - Accomack,16,5062,5,2020
9326,001 - Accomack,21,4260.8,11,2020
10320,001 - Accomack,22,4279.4,10,2020
11314,001 - Accomack,21,6204,9,2020
376,001 - Accomack,12,2320.5,4,2021
1495,001 - Accomack,17,6679,8,2021
2488,001 - Accomack,22,7836,12,2021
3363,001 - Accomack,REDACTED,1302.5,2,2021
4358,001 - Accomack,14,3363.6,1,2021
5473,001 - Accomack,16,6182.1,7,2021
6344,001 - Accomack,15,3274.9,6,2021
7343,001 - Accomack,REDACTED,1410.8,3,2021
8333,001 - Accomack,15,3131.4,5,2021
9448,001 - Accomack,19,6487,11,2021
10441,001 - Accomack,19,6154.3,10,2021
11437,001 - Accomack,17,5675.5,9,2021
497,001 - Accomack,21,8053,4,2022
1619,001 - Accomack,33,14061,8,2022
2613,001 - Accomack,42,36124,12,2022
3483,001 - Accomack,20,7653,2,2022
4478,001 - Accomack,18,6628,1,2022
5597,001 - Accomack,35,13595.5,7,2022
6467,001 - Accomack,24,9649.5,6,2022
7464,001 - Accomack,21,7311.5,3,2022
8454,001 - Accomack,25,8990.5,5,2022
9572,001 - Accomack,35,27658,11,2022
10565,001 - Accomack,39,14759,10,2022
11561,001 - Accomack,38,16753,9,2022
621,001 - Accomack,51,39314,4,2023
1744,001 - Accomack,77,51875,8,2023
2738,001 - Accomack,55,46889,12,2023
3607,001 - Accomack,44,32658,2,2023
4603,001 - Accomack,43,35221,1,2023
5721,001 - Accomack,62,45957,7,2023
6591,001 - Accomack,53,41447,6,2023
7588,001 - Accomack,46,31228,3,2023
8578,001 - Accomack,50,32732,5,2023
9697,001 - Accomack,51,42263,11,2023
10690,001 - Accomack,47,37445,10,2023
11686,001 - Accomack,69,53444,9,2023
1870,001 - Accomack,85,71440,8,2024
2864,001 - Accomack,70,47158,12,2024
3732,001 - Accomack,58,52627,2,2024
5848,001 - Accomack,74,55599,7,2024
6717,001 - Accomack,64,54371,6,2024
8704,001 - Accomack,63,51286,5,2024
9823,001 - Accomack,70,50410,11,2024
10815,001 - Accomack,64,46183,10,2024
11811,001 - Accomack,92,67634,9,2024
872,001 - Accomack,67,49610,4,2025
3859,001 - Accomack,76,56800,2,2025
4853,001 - Accomack,67,51022,1,2025
6843,001 - Accomack,69,48993,6,2025
7838,001 - Accomack,74,47384,3,2025
8829,001 - Accomack,71,51347,5,2025
999,003 - Albemarle,134,81946,8,2017
1997,003 - Albemarle,128,67874,12,2017
4980,003 - Albemarle,136,72086,7,2017
8956,003 - Albemarle,128,89368,11,2017
9950,003 - Albemarle,127,57530,10,2017
10942,003 - Albemarle,149,92114,9,2017
2,003 - Albemarle,125,74318,4,2018
1123,003 - Albemarle,108,84963,8,2018
2121,003 - Albemarle,88,61852,12,2018
2991,003 - Albemarle,123,74601,2,2018
3986,003 - Albemarle,124,58162,1,2018
5104,003 - Albemarle,119,80135,7,2018
5975,003 - Albemarle,127,79140,6,2018
6970,003 - Albemarle,135,75367,3,2018
7965,003 - Albemarle,126,78907,5,2018
9080,003 - Albemarle,84,64152,11,2018
10073,003 - Albemarle,93,56351,10,2018
11066,003 - Albemarle,105,72631,9,2018
127,003 - Albemarle,91,63548,4,2019
1248,003 - Albemarle,129,92914.6,8,2019
2245,003 - Albemarle,98,57846,12,2019
3115,003 - Albemarle,91,66799,2,2019
4110,003 - Albemarle,90,52276,1,2019
5229,003 - Albemarle,103,68604.2,7,2019
6098,003 - Albemarle,94,67705,6,2019
7094,003 - Albemarle,89,57324,3,2019
8090,003 - Albemarle,99,68829,5,2019
9203,003 - Albemarle,124,84218.4,11,2019
10197,003 - Albemarle,132,76590.2,10,2019
11191,003 - Albemarle,141,83993,9,2019
252,003 - Albemarle,115,59104.8,4,2020
1373,003 - Albemarle,108,77095,8,2020
2369,003 - Albemarle,91,57824.6,12,2020
3239,003 - Albemarle,122,90322,2,2020
4234,003 - Albemarle,121,79048,1,2020
5353,003 - Albemarle,112,107597.8,7,2020
6223,003 - Albemarle,102,91549.2,6,2020
7219,003 - Albemarle,121,80113,3,2020
8215,003 - Albemarle,59,41092,5,2020
9327,003 - Albemarle,91,62650,11,2020
10321,003 - Albemarle,95,58404.4,10,2020
11315,003 - Albemarle,89,54224,9,2020
377,003 - Albemarle,102,69085.2,4,2021
1496,003 - Albemarle,124,101610,8,2021
2489,003 - Albemarle,137,105200.6,12,2021
3364,003 - Albemarle,92,57419.8,2,2021
4359,003 - Albemarle,89,55763.4,1,2021
5474,003 - Albemarle,122,92120,7,2021
6345,003 - Albemarle,109,76434,6,2021
7344,003 - Albemarle,90,49573,3,2021
8334,003 - Albemarle,105,76837,5,2021
9449,003 - Albemarle,123,93529,11,2021
10442,003 - Albemarle,132,96726.2,10,2021
11438,003 - Albemarle,136,102768.2,9,2021
498,003 - Albemarle,157,124138.6,4,2022
1620,003 - Albemarle,177,136238.2,8,2022
2614,003 - Albemarle,155,146998,12,2022
3484,003 - Albemarle,138,127531,2,2022
4479,003 - Albemarle,133,104223.4,1,2022
5598,003 - Albemarle,182,135385.6,7,2022
6468,003 - Albemarle,157,126550,6,2022
7465,003 - Albemarle,144,106600.4,3,2022
8455,003 - Albemarle,156,118580.6,5,2022
9573,003 - Albemarle,155,131081,11,2022
10566,003 - Albemarle,132,96898.8,10,2022
11562,003 - Albemarle,169,126296.6,9,2022
622,003 - Albemarle,189,168730.46,4,2023
1745,003 - Albemarle,223,190581.17,8,2023
2739,003 - Albemarle,169,161985.77,12,2023
3608,003 - Albemarle,188,158423.99,2,2023
4604,003 - Albemarle,165,158615.62,1,2023
5722,003 - Albemarle,228,205989.04,7,2023
6592,003 - Albemarle,177,165781.46,6,2023
7589,003 - Albemarle,177,140636.15,3,2023
8579,003 - Albemarle,184,152937.93,5,2023
9698,003 - Albemarle,164,160544.34,11,2023
10691,003 - Albemarle,171,151456.25,10,2023
11687,003 - Albemarle,208,193461.89,9,2023
747,003 - Albemarle,167,152479.2,4,2024
1871,003 - Albemarle,180,195759.22,8,2024
2865,003 - Albemarle,134,126986,12,2024
3733,003 - Albemarle,157,164910.74,2,2024
4728,003 - Albemarle,162,150060.98,1,2024
5849,003 - Albemarle,194,175531.42,7,2024
6718,003 - Albemarle,162,168148.73,6,2024
7713,003 - Albemarle,159,147991.65,3,2024
8705,003 - Albemarle,165,160962.4,5,2024
9824,003 - Albemarle,131,142027,11,2024
10816,003 - Albemarle,140,128127.73,10,2024
11812,003 - Albemarle,185,160023.06,9,2024
873,003 - Albemarle,163,149627,4,2025
3860,003 - Albemarle,152,154160,2,2025
4854,003 - Albemarle,139,135222,1,2025
6844,003 - Albemarle,152,157519,6,2025
7839,003 - Albemarle,150,136640,3,2025
8830,003 - Albemarle,163,164663,5,2025
1000,005 - Alleghany,27,5454,8,2017
1998,005 - Alleghany,16,2882,12,2017
4981,005 - Alleghany,33,7761,7,2017
8957,005 - Alleghany,25,4132,11,2017
9951,005 - Alleghany,20,2711,10,2017
10943,005 - Alleghany,26,4532,9,2017
3,005 - Alleghany,12,2591,4,2018
1124,005 - Alleghany,10,3024,8,2018
2122,005 - Alleghany,11,2595,12,2018
2992,005 - Alleghany,13,2629,2,2018
3987,005 - Alleghany,12,2705,1,2018
5105,005 - Alleghany,12,3212,7,2018
5976,005 - Alleghany,11,2279,6,2018
6971,005 - Alleghany,12,2943,3,2018
7966,005 - Alleghany,13,2779,5,2018
9081,005 - Alleghany,11,3596,11,2018
10074,005 - Alleghany,12,2864,10,2018
11067,005 - Alleghany,11,3154,9,2018
128,005 - Alleghany,16,4755,4,2019
1249,005 - Alleghany,17,4979,8,2019
2246,005 - Alleghany,20,5335,12,2019
3116,005 - Alleghany,15,3680,2,2019
4111,005 - Alleghany,13,2611,1,2019
5230,005 - Alleghany,14,5197,7,2019
6099,005 - Alleghany,15,4184,6,2019
7095,005 - Alleghany,15,3595,3,2019
8091,005 - Alleghany,17,3944,5,2019
9204,005 - Alleghany,20,7689,11,2019
10198,005 - Alleghany,19,6304,10,2019
11192,005 - Alleghany,17,4991,9,2019
253,005 - Alleghany,18,1962,4,2020
1374,005 - Alleghany,22,12256,8,2020
2370,005 - Alleghany,REDACTED,1116,12,2020
3240,005 - Alleghany,24,5918,2,2020
4235,005 - Alleghany,24,4409,1,2020
5354,005 - Alleghany,23,10828,7,2020
6224,005 - Alleghany,17,6041,6,2020
7220,005 - Alleghany,24,5727,3,2020
8216,005 - Alleghany,REDACTED,491,5,2020
9328,005 - Alleghany,REDACTED,1062,11,2020
10322,005 - Alleghany,REDACTED,754,10,2020
11316,005 - Alleghany,REDACTED,1845,9,2020
378,005 - Alleghany,REDACTED,938,4,2021
1497,005 - Alleghany,REDACTED,3182,8,2021
2490,005 - Alleghany,REDACTED,3475,12,2021
3365,005 - Alleghany,REDACTED,406,2,2021
4360,005 - Alleghany,REDACTED,378,1,2021
5475,005 - Alleghany,REDACTED,2926,7,2021
6346,005 - Alleghany,REDACTED,964,6,2021
7345,005 - Alleghany,REDACTED,1342,3,2021
8335,005 - Alleghany,REDACTED,1606,5,2021
9450,005 - Alleghany,REDACTED,3257,11,2021
10443,005 - Alleghany,REDACTED,3810,10,2021
11439,005 - Alleghany,REDACTED,3916,9,2021
499,005 - Alleghany,12,6550,4,2022
1621,005 - Alleghany,REDACTED,4515,8,2022
2615,005 - Alleghany,16,12792,12,2022
3485,005 - Alleghany,10,4964,2,2022
4480,005 - Alleghany,REDACTED,2738,1,2022
5599,005 - Alleghany,12,5064,7,2022
6469,005 - Alleghany,11,5097,6,2022
7466,005 - Alleghany,12,4651,3,2022
8456,005 - Alleghany,11,4965,5,2022
9574,005 - Alleghany,13,7367,11,2022
10567,005 - Alleghany,13,4148,10,2022
11563,005 - Alleghany,10,4530,9,2022
623,005 - Alleghany,52,37312,4,2023
1746,005 - Alleghany,78,54237,8,2023
2740,005 - Alleghany,85,64852,12,2023
3609,005 - Alleghany,38,29099,2,2023
4605,005 - Alleghany,26,18811,1,2023
5723,005 - Alleghany,78,54618,7,2023
6593,005 - Alleghany,73,54769,6,2023
7590,005 - Alleghany,43,31285,3,2023
8580,005 - Alleghany,63,42983,5,2023
9699,005 - Alleghany,82,63588,11,2023
10692,005 - Alleghany,80,50031,10,2023
11688,005 - Alleghany,81,49980,9,2023
748,005 - Alleghany,81,61759,4,2024
1872,005 - Alleghany,79,65956,8,2024
2866,005 - Alleghany,79,60995,12,2024
3734,005 - Alleghany,82,69447,2,2024
4729,005 - Alleghany,81,56485,1,2024
5850,005 - Alleghany,80,66292,7,2024
6719,005 - Alleghany,80,66427,6,2024
7714,005 - Alleghany,79,63900,3,2024
8706,005 - Alleghany,90,67563,5,2024
9825,005 - Alleghany,80,62240,11,2024
10817,005 - Alleghany,71,52594,10,2024
11813,005 - Alleghany,77,57415,9,2024
874,005 - Alleghany,79,62834,4,2025
3861,005 - Alleghany,83,69310,2,2025
4855,005 - Alleghany,76,65924,1,2025
6845,005 - Alleghany,77,63137,6,2025
7840,005 - Alleghany,74,54006,3,2025
8831,005 - Alleghany,80,65158,5,2025
1001,007 - Amelia,14,4586,8,2017
1999,007 - Amelia,13,2808,12,2017
4982,007 - Amelia,11,3991,7,2017
8958,007 - Amelia,10,3149,11,2017
9952,007 - Amelia,19,3692,10,2017
10944,007 - Amelia,18,5011,9,2017
4,007 - Amelia,REDACTED,3283,4,2018
1125,007 - Amelia,REDACTED,4532,8,2018
2123,007 - Amelia,REDACTED,3215,12,2018
2993,007 - Amelia,10,3115,2,2018
3988,007 - Amelia,12,3707,1,2018
5106,007 - Amelia,REDACTED,1846,7,2018
5977,007 - Amelia,REDACTED,2226,6,2018
6972,007 - Amelia,REDACTED,3023,3,2018
7967,007 - Amelia,REDACTED,2439,5,2018
9082,007 - Amelia,REDACTED,4120,11,2018
10075,007 - Amelia,REDACTED,3736,10,2018
11068,007 - Amelia,REDACTED,6154,9,2018
129,007 - Amelia,REDACTED,3047,4,2019
1250,007 - Amelia,REDACTED,3043,8,2019
2247,007 - Amelia,REDACTED,2743,12,2019
3117,007 - Amelia,REDACTED,3539,2,2019
4112,007 - Amelia,REDACTED,3090,1,2019
5231,007 - Amelia,REDACTED,3939,7,2019
6100,007 - Amelia,REDACTED,2724,6,2019
7096,007 - Amelia,REDACTED,2843,3,2019
8092,007 - Amelia,REDACTED,2669,5,2019
9205,007 - Amelia,REDACTED,2863,11,2019
10199,007 - Amelia,REDACTED,2743,10,2019
11193,007 - Amelia,REDACTED,2938,9,2019
254,007 - Amelia,REDACTED,3101,4,2020
1375,007 - Amelia,REDACTED,5312,8,2020
2371,007 - Amelia,REDACTED,3047.75,12,2020
3241,007 - Amelia,REDACTED,3043,2,2020
4236,007 - Amelia,REDACTED,2893,1,2020
5355,007 - Amelia,REDACTED,6461,7,2020
6225,007 - Amelia,REDACTED,6130,6,2020
7221,007 - Amelia,REDACTED,3043,3,2020
8217,007 - Amelia,REDACTED,5985,5,2020
9329,007 - Amelia,REDACTED,3036.55,11,2020
10323,007 - Amelia,REDACTED,3129,10,2020
11317,007 - Amelia,REDACTED,3109,9,2020
379,007 - Amelia,REDACTED,3312.85,4,2021
1498,007 - Amelia,REDACTED,7287.94,8,2021
2491,007 - Amelia,11,8053.6,12,2021
3366,007 - Amelia,REDACTED,1108.7,2,2021
4361,007 - Amelia,REDACTED,3346.05,1,2021
5476,007 - Amelia,REDACTED,7877.94,7,2021
6347,007 - Amelia,REDACTED,3248.35,6,2021
7346,007 - Amelia,REDACTED,2353.8,3,2021
8336,007 - Amelia,REDACTED,3457.7,5,2021
9451,007 - Amelia,REDACTED,6390.3,11,2021
10444,007 - Amelia,REDACTED,6794.6,10,2021
11440,007 - Amelia,REDACTED,5900.22,9,2021
500,007 - Amelia,11,10333.9,4,2022
1622,007 - Amelia,14,9266.55,8,2022
2616,007 - Amelia,15,12168.3,12,2022
3486,007 - Amelia,10,10164.3,2,2022
4481,007 - Amelia,12,8966.1,1,2022
5600,007 - Amelia,16,10731.3,7,2022
6470,007 - Amelia,14,11491.95,6,2022
7467,007 - Amelia,11,8771,3,2022
8457,007 - Amelia,13,10180.7,5,2022
9575,007 - Amelia,12,10469.15,11,2022
10568,007 - Amelia,14,9748.3,10,2022
11564,007 - Amelia,15,10760.45,9,2022
624,007 - Amelia,16,13804.45,4,2023
1747,007 - Amelia,26,20176.15,8,2023
2741,007 - Amelia,17,13518.61,12,2023
3610,007 - Amelia,15,11862.3,2,2023
4606,007 - Amelia,13,9645.65,1,2023
5724,007 - Amelia,26,22300.3,7,2023
6594,007 - Amelia,21,19959.45,6,2023
7591,007 - Amelia,15,11503,3,2023
8581,007 - Amelia,17,12723,5,2023
9700,007 - Amelia,21,14260.77,11,2023
10693,007 - Amelia,19,16297.48,10,2023
11689,007 - Amelia,22,15989,9,2023
749,007 - Amelia,12,9797,4,2024
1873,007 - Amelia,19,15833,8,2024
2867,007 - Amelia,16,15395,12,2024
3735,007 - Amelia,13,11866,2,2024
4730,007 - Amelia,20,11423,1,2024
5851,007 - Amelia,16,13732,7,2024
6720,007 - Amelia,17,15274,6,2024
7715,007 - Amelia,14,11382,3,2024
8707,007 - Amelia,17,12759,5,2024
9826,007 - Amelia,13,12593,11,2024
10818,007 - Amelia,11,11146,10,2024
11814,007 - Amelia,20,14819,9,2024
875,007 - Amelia,22,15877,4,2025
3862,007 - Amelia,21,18077,2,2025
4856,007 - Amelia,16,13696,1,2025
6846,007 - Amelia,20,16837,6,2025
7841,007 - Amelia,17,15459,3,2025
8832,007 - Amelia,18,16828,5,2025
1002,009 - Amherst,80,26019,8,2017
2000,009 - Amherst,56,13121,12,2017
4983,009 - Amherst,80,25830,7,2017
8959,009 - Amherst,77,22208,11,2017
9953,009 - Amherst,59,14153,10,2017
10945,009 - Amherst,85,29294,9,2017
5,009 - Amherst,72,21905,4,2018
1126,009 - Amherst,81,32568,8,2018
2124,009 - Amherst,91,33779,12,2018
2994,009 - Amherst,56,15013,2,2018
3989,009 - Amherst,60,22470,1,2018
5107,009 - Amherst,75,29012,7,2018
5978,009 - Amherst,69,25912,6,2018
6973,009 - Amherst,69,18624,3,2018
7968,009 - Amherst,67,15303,5,2018
9083,009 - Amherst,93,36388,11,2018
10076,009 - Amherst,89,30960,10,2018
11069,009 - Amherst,89,37633,9,2018
130,009 - Amherst,119,43338,4,2019
1251,009 - Amherst,129,49642,8,2019
2248,009 - Amherst,118,35519,12,2019
3118,009 - Amherst,103,43111,2,2019
4113,009 - Amherst,94,30496,1,2019
5232,009 - Amherst,118,46098,7,2019
6101,009 - Amherst,114,43728,6,2019
7097,009 - Amherst,109,37490,3,2019
8093,009 - Amherst,125,45006,5,2019
9206,009 - Amherst,127,51874.2,11,2019
10200,009 - Amherst,142,41840.4,10,2019
11194,009 - Amherst,134,40124.6,9,2019
255,009 - Amherst,125,36028.9,4,2020
1376,009 - Amherst,110,38329,8,2020
2372,009 - Amherst,96,30430.2,12,2020
3242,009 - Amherst,129,43738.6,2,2020
4237,009 - Amherst,126,37924.9,1,2020
5356,009 - Amherst,122,65520.6,7,2020
6226,009 - Amherst,116,50043.4,6,2020
7222,009 - Amherst,126,35582.1,3,2020
8218,009 - Amherst,112,35675,5,2020
9330,009 - Amherst,101,33736,11,2020
10324,009 - Amherst,94,26571,10,2020
11318,009 - Amherst,118,38884,9,2020
380,009 - Amherst,102,36594,4,2021
1499,009 - Amherst,142,75504,8,2021
2492,009 - Amherst,198,84609,12,2021
3367,009 - Amherst,97,29281,2,2021
4362,009 - Amherst,101,35487,1,2021
5477,009 - Amherst,128,62974,7,2021
6348,009 - Amherst,123,41856,6,2021
7347,009 - Amherst,88,26774,3,2021
8337,009 - Amherst,97,35809,5,2021
9452,009 - Amherst,194,80683,11,2021
10445,009 - Amherst,187,89495,10,2021
11441,009 - Amherst,144,62429,9,2021
501,009 - Amherst,229,102666,4,2022
1623,009 - Amherst,231,107255,8,2022
2617,009 - Amherst,229,166672,12,2022
3487,009 - Amherst,203,87633,2,2022
4482,009 - Amherst,207,96591,1,2022
5601,009 - Amherst,246,123670,7,2022
6471,009 - Amherst,246,105571,6,2022
7468,009 - Amherst,205,79201,3,2022
8458,009 - Amherst,243,110881,5,2022
9576,009 - Amherst,228,144601,11,2022
10569,009 - Amherst,226,94362,10,2022
11565,009 - Amherst,254,116236,9,2022
625,009 - Amherst,244,169106,4,2023
1748,009 - Amherst,274,195953,8,2023
2742,009 - Amherst,268,190080,12,2023
3611,009 - Amherst,234,158919,2,2023
4607,009 - Amherst,231,169448,1,2023
5725,009 - Amherst,273,208110,7,2023
6595,009 - Amherst,255,169802,6,2023
7592,009 - Amherst,226,136208,3,2023
8582,009 - Amherst,252,152230,5,2023
9701,009 - Amherst,259,177558,11,2023
10694,009 - Amherst,261,160694,10,2023
11690,009 - Amherst,282,190652,9,2023
750,009 - Amherst,279,177372,4,2024
1874,009 - Amherst,289,223018,8,2024
2868,009 - Amherst,265,157060,12,2024
3736,009 - Amherst,277,187065.33,2,2024
4731,009 - Amherst,282,191354.33,1,2024
5852,009 - Amherst,286,216225,7,2024
6721,009 - Amherst,270,188171,6,2024
7716,009 - Amherst,272,167830,3,2024
8708,009 - Amherst,280,195809,5,2024
9827,009 - Amherst,270,181646,11,2024
10819,009 - Amherst,280,184888,10,2024
11815,009 - Amherst,285,186571,9,2024
876,009 - Amherst,272,170102,4,2025
3863,009 - Amherst,268,189984,2,2025
4857,009 - Amherst,257,162376,1,2025
6847,009 - Amherst,272,178758,6,2025
7842,009 - Amherst,258,148407,3,2025
8833,009 - Amherst,284,176563,5,2025
1003,011 - Appomattox,19,6434,8,2017
2001,011 - Appomattox,17,2723,12,2017
4984,011 - Appomattox,18,4257,7,2017
8960,011 - Appomattox,15,4012,11,2017
9954,011 - Appomattox,14,3113,10,2017
10946,011 - Appomattox,17,4677,9,2017
6,011 - Appomattox,16,1702,4,2018
1127,011 - Appomattox,16,3782,8,2018
2125,011 - Appomattox,19,3926,12,2018
2995,011 - Appomattox,17,4054,2,2018
3990,011 - Appomattox,19,3633,1,2018
5108,011 - Appomattox,18,5197,7,2018
5979,011 - Appomattox,10,1681,6,2018
6974,011 - Appomattox,14,3602,3,2018
7969,011 - Appomattox,REDACTED,2731,5,2018
9084,011 - Appomattox,17,3551,11,2018
10077,011 - Appomattox,20,4644,10,2018
11070,011 - Appomattox,19,3077,9,2018
131,011 - Appomattox,23,5716,4,2019
1252,011 - Appomattox,37,10324,8,2019
2249,011 - Appomattox,37,7968,12,2019
3119,011 - Appomattox,20,5094,2,2019
4114,011 - Appomattox,19,4269,1,2019
5233,011 - Appomattox,28,7340,7,2019
6102,011 - Appomattox,22,6169,6,2019
7098,011 - Appomattox,19,3403,3,2019
8094,011 - Appomattox,25,8276,5,2019
9207,011 - Appomattox,38,9733,11,2019
10201,011 - Appomattox,34,7862,10,2019
11195,011 - Appomattox,39,8548,9,2019
256,011 - Appomattox,33,7207,4,2020
1377,011 - Appomattox,39,14401,8,2020
2373,011 - Appomattox,38,10952,12,2020
3243,011 - Appomattox,40,9146,2,2020
4238,011 - Appomattox,40,8784,1,2020
5357,011 - Appomattox,37,13244,7,2020
6227,011 - Appomattox,33,11530,6,2020
7223,011 - Appomattox,36,6901,3,2020
8219,011 - Appomattox,28,7656,5,2020
9331,011 - Appomattox,36,11958,11,2020
10325,011 - Appomattox,42,12140,10,2020
11319,011 - Appomattox,38,13256,9,2020
381,011 - Appomattox,38,11846,4,2021
1500,011 - Appomattox,47,21042,8,2021
2493,011 - Appomattox,58,22327,12,2021
3368,011 - Appomattox,41,12709,2,2021
4363,011 - Appomattox,41,11903,1,2021
5478,011 - Appomattox,50,21798,7,2021
6349,011 - Appomattox,41,14010,6,2021
7348,011 - Appomattox,42,10691,3,2021
8338,011 - Appomattox,43,14328,5,2021
9453,011 - Appomattox,56,20367,11,2021
10446,011 - Appomattox,55,20329,10,2021
11442,011 - Appomattox,61,24021,9,2021
502,011 - Appomattox,58,18984,4,2022
1624,011 - Appomattox,60,21712,8,2022
2618,011 - Appomattox,73,54454,12,2022
3488,011 - Appomattox,58,18620,2,2022
4483,011 - Appomattox,58,25986,1,2022
5602,011 - Appomattox,56,23298,7,2022
6472,011 - Appomattox,54,20485,6,2022
7469,011 - Appomattox,55,17809,3,2022
8459,011 - Appomattox,54,21034,5,2022
9577,011 - Appomattox,72,44635,11,2022
10570,011 - Appomattox,71,25056,10,2022
11566,011 - Appomattox,77,30163,9,2022
626,011 - Appomattox,83,61202,4,2023
1749,011 - Appomattox,104,64654,8,2023
2743,011 - Appomattox,91,67065,12,2023
3612,011 - Appomattox,87,59859,2,2023
4608,011 - Appomattox,76,56046,1,2023
5726,011 - Appomattox,95,72753,7,2023
6596,011 - Appomattox,91,62960,6,2023
7593,011 - Appomattox,82,52874,3,2023
8583,011 - Appomattox,85,53476,5,2023
9702,011 - Appomattox,94,66139,11,2023
10695,011 - Appomattox,94,62793,10,2023
11691,011 - Appomattox,104,72095,9,2023
751,011 - Appomattox,106,69337,4,2024
1875,011 - Appomattox,124,99280,8,2024
2869,011 - Appomattox,125,76611,12,2024
3737,011 - Appomattox,103,71145,2,2024
4732,011 - Appomattox,101,65806,1,2024
5853,011 - Appomattox,122,82451,7,2024
6722,011 - Appomattox,105,76091,6,2024
7717,011 - Appomattox,103,71059,3,2024
8709,011 - Appomattox,99,71287,5,2024
9828,011 - Appomattox,119,82348,11,2024
10820,011 - Appomattox,120,71883,10,2024
11816,011 - Appomattox,128,79159,9,2024
877,011 - Appomattox,120,75803,4,2025
3864,011 - Appomattox,127,87711,2,2025
4858,011 - Appomattox,123,79509,1,2025
6848,011 - Appomattox,120,79847,6,2025
7843,011 - Appomattox,122,74356,3,2025
8834,011 - Appomattox,122,82898,5,2025
1004,013 - Arlington,179,156297,8,2017
2002,013 - Arlington,186,150602,12,2017
4985,013 - Arlington,192,167478,7,2017
8961,013 - Arlington,185,153897,11,2017
9955,013 - Arlington,165,125379,10,2017
10947,013 - Arlington,172,146752,9,2017
7,013 - Arlington,187,148599,4,2018
1128,013 - Arlington,159,209134,8,2018
2126,013 - Arlington,121,147708,12,2018
2996,013 - Arlington,175,141468,2,2018
3991,013 - Arlington,178,134208,1,2018
5109,013 - Arlington,181,204877,7,2018
5980,013 - Arlington,163,153630,6,2018
6975,013 - Arlington,173,134577,3,2018
7970,013 - Arlington,176,147606,5,2018
9085,013 - Arlington,124,155753,11,2018
10078,013 - Arlington,131,136283,10,2018
11071,013 - Arlington,152,194797,9,2018
132,013 - Arlington,148,176925,4,2019
1253,013 - Arlington,171,208007.4,8,2019
2250,013 - Arlington,181,196380.7,12,2019
3120,013 - Arlington,130,155217,2,2019
4115,013 - Arlington,124,133910,1,2019
5234,013 - Arlington,168,181999.8,7,2019
6103,013 - Arlington,169,225639,6,2019
7099,013 - Arlington,125,142801,3,2019
8095,013 - Arlington,183,205773,5,2019
9208,013 - Arlington,180,199364.8,11,2019
10202,013 - Arlington,175,179096,10,2019
11196,013 - Arlington,179,200051.2,9,2019
257,013 - Arlington,202,158878.8,4,2020
1378,013 - Arlington,143,168267,8,2020
2374,013 - Arlington,124,135566,12,2020
3244,013 - Arlington,211,233631,2,2020
4239,013 - Arlington,195,208270.4,1,2020
5358,013 - Arlington,182,262391.6,7,2020
6228,013 - Arlington,194,263016,6,2020
7224,013 - Arlington,203,205899,3,2020
8220,013 - Arlington,155,173780,5,2020
9332,013 - Arlington,124,141190,11,2020
10326,013 - Arlington,144,132361,10,2020
11320,013 - Arlington,144,165899.8,9,2020
382,013 - Arlington,128,147525,4,2021
1501,013 - Arlington,163,218624.84,8,2021
2494,013 - Arlington,232,307566.79,12,2021
3369,013 - Arlington,128,133678.9,2,2021
4364,013 - Arlington,117,137423,1,2021
5479,013 - Arlington,164,226587.88,7,2021
6350,013 - Arlington,145,175705.03,6,2021
7349,013 - Arlington,116,122042,3,2021
8339,013 - Arlington,131,170323.2,5,2021
9454,013 - Arlington,224,262371.68,11,2021
10447,013 - Arlington,200,223535.39,10,2021
11443,013 - Arlington,175,202787.2,9,2021
503,013 - Arlington,309,426073.48,4,2022
1625,013 - Arlington,301,413313.1,8,2022
2619,013 - Arlington,318,447555.76,12,2022
3489,013 - Arlington,268,331035.3,2,2022
4484,013 - Arlington,247,323043.94,1,2022
5603,013 - Arlington,321,432407.35,7,2022
6473,013 - Arlington,315,414800.56,6,2022
7470,013 - Arlington,270,323268.16,3,2022
8460,013 - Arlington,311,390382.92,5,2022
9578,013 - Arlington,311,418508.59,11,2022
10571,013 - Arlington,309,395614.13,10,2022
11567,013 - Arlington,314,437641.16,9,2022
627,013 - Arlington,367,523116.48,4,2023
1750,013 - Arlington,373,548036.1,8,2023
2744,013 - Arlington,386,577222.99,12,2023
3613,013 - Arlington,331,466335.52,2,2023
4609,013 - Arlington,328,449006.27,1,2023
5727,013 - Arlington,388,602961.5,7,2023
6597,013 - Arlington,368,571174.75,6,2023
7594,013 - Arlington,349,438421.21,3,2023
8584,013 - Arlington,346,465197.1,5,2023
9703,013 - Arlington,359,561338.64,11,2023
10696,013 - Arlington,393,546474.11,10,2023
11692,013 - Arlington,398,605007.57,9,2023
752,013 - Arlington,400,593376.69,4,2024
1876,013 - Arlington,439,742118.96,8,2024
2870,013 - Arlington,337,491195,12,2024
3738,013 - Arlington,378,603321.92,2,2024
4733,013 - Arlington,366,514471.18,1,2024
5854,013 - Arlington,420,610713.2,7,2024
6723,013 - Arlington,423,697676.66,6,2024
7718,013 - Arlington,382,577613.24,3,2024
8710,013 - Arlington,396,613846.44,5,2024
9829,013 - Arlington,353,545800,11,2024
10821,013 - Arlington,353,510742.76,10,2024
11817,013 - Arlington,422,629560.3,9,2024
878,013 - Arlington,388,571510,4,2025
3865,013 - Arlington,363,593267,2,2025
4859,013 - Arlington,347,507082,1,2025
6849,013 - Arlington,404,636924,6,2025
7844,013 - Arlington,372,521814,3,2025
8835,013 - Arlington,402,619100,5,2025
1005,015 - Augusta,106,41730,8,2017
2003,015 - Augusta,116,39191,12,2017
4986,015 - Augusta,99,45296,7,2017
8962,015 - Augusta,106,39729,11,2017
9956,015 - Augusta,103,29708,10,2017
10948,015 - Augusta,100,40341,9,2017
8,015 - Augusta,99,32727,4,2018
1129,015 - Augusta,88,47327,8,2018
2127,015 - Augusta,69,28123,12,2018
2997,015 - Augusta,100,43492,2,2018
3992,015 - Augusta,104,37130,1,2018
5110,015 - Augusta,100,53813,7,2018
5981,015 - Augusta,103,37114,6,2018
6976,015 - Augusta,83,28336,3,2018
7971,015 - Augusta,95,35572,5,2018
9086,015 - Augusta,78,35054,11,2018
10079,015 - Augusta,89,36634,10,2018
11072,015 - Augusta,85,36726,9,2018
133,015 - Augusta,82,31519,4,2019
1254,015 - Augusta,95,49431,8,2019
2251,015 - Augusta,85,37079,12,2019
3121,015 - Augusta,69,38260,2,2019
4116,015 - Augusta,66,27471,1,2019
5235,015 - Augusta,96,48177,7,2019
6104,015 - Augusta,91,38591,6,2019
7100,015 - Augusta,77,29996,3,2019
8096,015 - Augusta,82,33531,5,2019
9209,015 - Augusta,82,40393,11,2019
10203,015 - Augusta,83,36971,10,2019
11197,015 - Augusta,95,37699,9,2019
258,015 - Augusta,91,39895.6,4,2020
1379,015 - Augusta,86,51455,8,2020
2375,015 - Augusta,86,37205.89,12,2020
3245,015 - Augusta,89,45062,2,2020
4240,015 - Augusta,83,38465,1,2020
5359,015 - Augusta,87,58656,7,2020
6229,015 - Augusta,80,40346,6,2020
7225,015 - Augusta,88,37519.8,3,2020
8221,015 - Augusta,79,37650,5,2020
9333,015 - Augusta,85,35749.82,11,2020
10327,015 - Augusta,90,42095,10,2020
11321,015 - Augusta,87,50686,9,2020
383,015 - Augusta,75,34873.64,4,2021
1502,015 - Augusta,86,50065.54,8,2021
2495,015 - Augusta,83,40951.54,12,2021
3370,015 - Augusta,74,32534.02,2,2021
4365,015 - Augusta,79,33236.71,1,2021
5480,015 - Augusta,87,55556.02,7,2021
6351,015 - Augusta,82,41082.78,6,2021
7350,015 - Augusta,72,28002.09,3,2021
8340,015 - Augusta,80,38932.44,5,2021
9455,015 - Augusta,84,45919.52,11,2021
10448,015 - Augusta,93,52083.59,10,2021
11444,015 - Augusta,92,45838.1,9,2021
504,015 - Augusta,82,50257.03,4,2022
1626,015 - Augusta,117,78371.81,8,2022
2620,015 - Augusta,122,99650.14,12,2022
3490,015 - Augusta,94,48276.03,2,2022
4485,015 - Augusta,87,56395.17,1,2022
5604,015 - Augusta,91,54358.22,7,2022
6474,015 - Augusta,96,51399.42,6,2022
7471,015 - Augusta,81,38607.72,3,2022
8461,015 - Augusta,95,60671.81,5,2022
9579,015 - Augusta,122,93445.27,11,2022
10572,015 - Augusta,134,70677.42,10,2022
11568,015 - Augusta,121,65517.33,9,2022
628,015 - Augusta,138,115541.69,4,2023
1751,015 - Augusta,170,149911.25,8,2023
2745,015 - Augusta,152,112843.72,12,2023
3614,015 - Augusta,135,100262.18,2,2023
4610,015 - Augusta,125,98988.14,1,2023
5728,015 - Augusta,146,125830.19,7,2023
6598,015 - Augusta,151,126934.19,6,2023
7595,015 - Augusta,120,80520.6,3,2023
8585,015 - Augusta,133,90260.28,5,2023
9704,015 - Augusta,144,110158.2,11,2023
10697,015 - Augusta,143,101026.62,10,2023
11693,015 - Augusta,163,119377.9,9,2023
753,015 - Augusta,159,106912.06,4,2024
1877,015 - Augusta,155,141475.53,8,2024
2871,015 - Augusta,133,86710,12,2024
3739,015 - Augusta,161,128659.01,2,2024
4734,015 - Augusta,148,117325.34,1,2024
5855,015 - Augusta,167,155305.92,7,2024
6724,015 - Augusta,149,116048.66,6,2024
7719,015 - Augusta,161,111130.73,3,2024
8711,015 - Augusta,159,119280.76,5,2024
9830,015 - Augusta,133,102761,11,2024
10822,015 - Augusta,137,88520,10,2024
11818,015 - Augusta,151,101171.92,9,2024
879,015 - Augusta,143,96156,4,2025
3866,015 - Augusta,143,110251,2,2025
4860,015 - Augusta,132,97819,1,2025
6850,015 - Augusta,136,92667,6,2025
7845,015 - Augusta,137,81947,3,2025
8836,015 - Augusta,137,91945,5,2025
9,017 - Bath,REDACTED,298,4,2018
5111,017 - Bath,REDACTED,196,7,2018
7972,017 - Bath,REDACTED,1451,5,2018
1627,017 - Bath,REDACTED,290,8,2022
2621,017 - Bath,REDACTED,820,12,2022
9580,017 - Bath,REDACTED,369,11,2022
10573,017 - Bath,REDACTED,270,10,2022
11569,017 - Bath,REDACTED,570,9,2022
629,017 - Bath,REDACTED,678,4,2023
1752,017 - Bath,REDACTED,1028,8,2023
3615,017 - Bath,REDACTED,678,2,2023
4611,017 - Bath,REDACTED,697,1,2023
5729,017 - Bath,REDACTED,637,7,2023
6599,017 - Bath,REDACTED,1006,6,2023
7596,017 - Bath,REDACTED,596,3,2023
8586,017 - Bath,REDACTED,268,5,2023
10698,017 - Bath,REDACTED,1287,10,2023
11694,017 - Bath,REDACTED,1340,9,2023
754,017 - Bath,REDACTED,861,4,2024
1878,017 - Bath,REDACTED,5359,8,2024
2872,017 - Bath,REDACTED,4680,12,2024
3740,017 - Bath,REDACTED,1043,2,2024
5856,017 - Bath,REDACTED,1048,7,2024
7720,017 - Bath,REDACTED,861,3,2024
9831,017 - Bath,REDACTED,5970,11,2024
10823,017 - Bath,REDACTED,4947,10,2024
11819,017 - Bath,REDACTED,5997,9,2024
880,017 - Bath,10,9201,4,2025
3867,017 - Bath,REDACTED,6706,2,2025
4861,017 - Bath,REDACTED,4764,1,2025
6851,017 - Bath,11,9179,6,2025
7846,017 - Bath,REDACTED,7212,3,2025
8837,017 - Bath,11,9273,5,2025
1006,019 - Bedford County,92,34756,8,2017
2004,019 - Bedford County,87,33590,12,2017
4987,019 - Bedford County,80,28832,7,2017
8963,019 - Bedford County,65,20378,11,2017
9957,019 - Bedford County,79,24099,10,2017
10949,019 - Bedford County,88,27237,9,2017
10,019 - Bedford County,82,33228,4,2018
1130,019 - Bedford County,77,33084,8,2018
2128,019 - Bedford County,60,24586,12,2018
2998,019 - Bedford County,82,34002,2,2018
3993,019 - Bedford County,86,33970,1,2018
5112,019 - Bedford County,81,35742,7,2018
5982,019 - Bedford County,86,30392,6,2018
6977,019 - Bedford County,92,31707,3,2018
7973,019 - Bedford County,90,32131,5,2018
9087,019 - Bedford County,58,29258,11,2018
10080,019 - Bedford County,66,29259,10,2018
11073,019 - Bedford County,69,24665,9,2018
134,019 - Bedford County,69,28459,4,2019
1255,019 - Bedford County,99,52198,8,2019
2252,019 - Bedford County,87,36924.2,12,2019
3122,019 - Bedford County,63,26266,2,2019
4117,019 - Bedford County,59,23633,1,2019
5236,019 - Bedford County,94,46020,7,2019
6105,019 - Bedford County,90,32479,6,2019
7101,019 - Bedford County,61,20764,3,2019
8097,019 - Bedford County,78,30302,5,2019
9210,019 - Bedford County,89,38827.8,11,2019
10204,019 - Bedford County,89,38305.2,10,2019
11198,019 - Bedford County,90,39665.8,9,2019
259,019 - Bedford County,89,39993.6,4,2020
1380,019 - Bedford County,96,48291,8,2020
2376,019 - Bedford County,72,30934.8,12,2020
3246,019 - Bedford County,102,47328.4,2,2020
4241,019 - Bedford County,88,38411.2,1,2020
5360,019 - Bedford County,94,59417.2,7,2020
6230,019 - Bedford County,84,46127.2,6,2020
7226,019 - Bedford County,101,39319.4,3,2020
8222,019 - Bedford County,73,35927.6,5,2020
9334,019 - Bedford County,78,35505.4,11,2020
10328,019 - Bedford County,99,41998.8,10,2020
11322,019 - Bedford County,97,46726.6,9,2020
384,019 - Bedford County,84,41482.8,4,2021
1503,019 - Bedford County,121,71370,8,2021
2496,019 - Bedford County,156,84376.8,12,2021
3371,019 - Bedford County,77,34658.6,2,2021
4366,019 - Bedford County,77,36514.6,1,2021
5481,019 - Bedford County,106,75256,7,2021
6352,019 - Bedford County,97,48920,6,2021
7351,019 - Bedford County,78,34752.6,3,2021
8341,019 - Bedford County,95,51326.2,5,2021
9456,019 - Bedford County,154,77285.8,11,2021
10449,019 - Bedford County,145,77662,10,2021
11445,019 - Bedford County,133,70652.2,9,2021
505,019 - Bedford County,180,95227,4,2022
1628,019 - Bedford County,218,117145.8,8,2022
2622,019 - Bedford County,216,160324.8,12,2022
3491,019 - Bedford County,167,80113,2,2022
4486,019 - Bedford County,166,92532.6,1,2022
5605,019 - Bedford County,211,138224.6,7,2022
6475,019 - Bedford County,190,96805.2,6,2022
7472,019 - Bedford County,175,81232.4,3,2022
8462,019 - Bedford County,192,111618.8,5,2022
9581,019 - Bedford County,220,147597,11,2022
10574,019 - Bedford County,212,108633.4,10,2022
11570,019 - Bedford County,230,113677.6,9,2022
630,019 - Bedford County,238,165899.84,4,2023
1753,019 - Bedford County,241,168199.68,8,2023
2746,019 - Bedford County,227,158500.79,12,2023
3616,019 - Bedford County,236,160087.76,2,2023
4612,019 - Bedford County,234,182590.1,1,2023
5730,019 - Bedford County,231,189128.76,7,2023
6600,019 - Bedford County,220,156896.84,6,2023
7597,019 - Bedford County,245,146180.63,3,2023
8587,019 - Bedford County,231,135935.6,5,2023
9705,019 - Bedford County,229,155808.14,11,2023
10699,019 - Bedford County,237,152450.68,10,2023
11695,019 - Bedford County,268,192853.84,9,2023
755,019 - Bedford County,237,153270.65,4,2024
1879,019 - Bedford County,265,206076.23,8,2024
2873,019 - Bedford County,229,145812,12,2024
3741,019 - Bedford County,244,168483.16,2,2024
4735,019 - Bedford County,235,151975.73,1,2024
5857,019 - Bedford County,255,191709.75,7,2024
6725,019 - Bedford County,255,175251.19,6,2024
7721,019 - Bedford County,239,154219.32,3,2024
8712,019 - Bedford County,236,167013.3,5,2024
9832,019 - Bedford County,244,166334,11,2024
10824,019 - Bedford County,230,145758.71,10,2024
11820,019 - Bedford County,261,171578.72,9,2024
881,019 - Bedford County,248,160603,4,2025
3868,019 - Bedford County,244,172847,2,2025
4862,019 - Bedford County,234,153538,1,2025
6852,019 - Bedford County,249,161636,6,2025
7847,019 - Bedford County,240,136886,3,2025
8838,019 - Bedford County,252,164111,5,2025
1007,021 - Bland,REDACTED,1751,8,2017
2005,021 - Bland,REDACTED,356,12,2017
4988,021 - Bland,REDACTED,1611,7,2017
8964,021 - Bland,REDACTED,374,11,2017
9958,021 - Bland,REDACTED,362,10,2017
10950,021 - Bland,11,1590,9,2017
11,021 - Bland,REDACTED,1058,4,2018
1131,021 - Bland,REDACTED,1351,8,2018
2129,021 - Bland,REDACTED,712,12,2018
2999,021 - Bland,REDACTED,423,2,2018
3994,021 - Bland,REDACTED,296,1,2018
5113,021 - Bland,REDACTED,1176,7,2018
5983,021 - Bland,REDACTED,1029,6,2018
6978,021 - Bland,REDACTED,721,3,2018
7974,021 - Bland,REDACTED,1446,5,2018
9088,021 - Bland,REDACTED,1130,11,2018
10081,021 - Bland,REDACTED,1212,10,2018
11074,021 - Bland,REDACTED,621,9,2018
135,021 - Bland,11,2558,4,2019
1256,021 - Bland,11,2200,8,2019
2253,021 - Bland,REDACTED,1283,12,2019
3123,021 - Bland,10,3051,2,2019
4118,021 - Bland,REDACTED,664,1,2019
5237,021 - Bland,12,2240,7,2019
6106,021 - Bland,11,2055,6,2019
7102,021 - Bland,11,3084,3,2019
8098,021 - Bland,11,2111,5,2019
9211,021 - Bland,REDACTED,1729,11,2019
10205,021 - Bland,REDACTED,1573,10,2019
11199,021 - Bland,10,1940,9,2019
260,021 - Bland,REDACTED,1111,4,2020
1381,021 - Bland,REDACTED,2343.8,8,2020
2377,021 - Bland,REDACTED,1041,12,2020
3247,021 - Bland,REDACTED,1549,2,2020
4242,021 - Bland,REDACTED,1336,1,2020
5361,021 - Bland,REDACTED,1486,7,2020
6231,021 - Bland,REDACTED,1041,6,2020
7227,021 - Bland,REDACTED,1404,3,2020
8223,021 - Bland,REDACTED,1115,5,2020
9335,021 - Bland,REDACTED,1403.4,11,2020
10329,021 - Bland,REDACTED,1533,10,2020
11323,021 - Bland,REDACTED,938,9,2020
385,021 - Bland,REDACTED,792.8,4,2021
1504,021 - Bland,REDACTED,2019.6,8,2021
2497,021 - Bland,REDACTED,2020.6,12,2021
3372,021 - Bland,REDACTED,174,2,2021
4367,021 - Bland,REDACTED,485.6,1,2021
5482,021 - Bland,REDACTED,2337.6,7,2021
6353,021 - Bland,REDACTED,883.4,6,2021
7352,021 - Bland,REDACTED,348,3,2021
8342,021 - Bland,REDACTED,788.8,5,2021
9457,021 - Bland,REDACTED,2647,11,2021
10450,021 - Bland,REDACTED,2647.4,10,2021
11446,021 - Bland,REDACTED,2784.6,9,2021
506,021 - Bland,REDACTED,1424,4,2022
1629,021 - Bland,REDACTED,3087,8,2022
2623,021 - Bland,REDACTED,6871,12,2022
3492,021 - Bland,REDACTED,1977.4,2,2022
4487,021 - Bland,REDACTED,1418.4,1,2022
5606,021 - Bland,REDACTED,3214,7,2022
6476,021 - Bland,REDACTED,2389,6,2022
7473,021 - Bland,REDACTED,1619,3,2022
8463,021 - Bland,REDACTED,1911,5,2022
9582,021 - Bland,REDACTED,6720,11,2022
10575,021 - Bland,REDACTED,2691,10,2022
11571,021 - Bland,REDACTED,2735,9,2022
631,021 - Bland,REDACTED,6504,4,2023
1754,021 - Bland,REDACTED,7605,8,2023
2747,021 - Bland,11,8046,12,2023
3617,021 - Bland,REDACTED,4978,2,2023
4613,021 - Bland,REDACTED,6195,1,2023
5731,021 - Bland,REDACTED,8010,7,2023
6601,021 - Bland,10,9269,6,2023
7598,021 - Bland,REDACTED,4502,3,2023
8588,021 - Bland,REDACTED,5256,5,2023
9706,021 - Bland,10,10158,11,2023
10700,021 - Bland,10,9340,10,2023
11696,021 - Bland,REDACTED,11122,9,2023
756,021 - Bland,11,7903,4,2024
1880,021 - Bland,13,8749,8,2024
2874,021 - Bland,REDACTED,6158,12,2024
3742,021 - Bland,10,9547,2,2024
4736,021 - Bland,11,9259,1,2024
5858,021 - Bland,13,9606,7,2024
6726,021 - Bland,12,10410,6,2024
7722,021 - Bland,13,8423,3,2024
8713,021 - Bland,11,8026,5,2024
9833,021 - Bland,11,6643,11,2024
10825,021 - Bland,12,11023,10,2024
11821,021 - Bland,13,6638,9,2024
882,021 - Bland,11,8331,4,2025
3869,021 - Bland,REDACTED,6433,2,2025
4863,021 - Bland,10,6854,1,2025
6853,021 - Bland,11,4645,6,2025
7848,021 - Bland,REDACTED,5020,3,2025
8839,021 - Bland,12,9516,5,2025
1008,023 - Botetourt,66,36135,8,2017
2006,023 - Botetourt,47,20023,12,2017
4989,023 - Botetourt,67,30931,7,2017
8965,023 - Botetourt,50,24818,11,2017
9959,023 - Botetourt,55,19357,10,2017
10951,023 - Botetourt,61,23912,9,2017
12,023 - Botetourt,55,19306,4,2018
1132,023 - Botetourt,60,34969,8,2018
2130,023 - Botetourt,50,26929,12,2018
3000,023 - Botetourt,58,28270,2,2018
3995,023 - Botetourt,52,19749,1,2018
5114,023 - Botetourt,49,27606,7,2018
5984,023 - Botetourt,44,18747,6,2018
6979,023 - Botetourt,54,23964,3,2018
7975,023 - Botetourt,51,19087,5,2018
9089,023 - Botetourt,47,29086,11,2018
10082,023 - Botetourt,56,29647,10,2018
11075,023 - Botetourt,63,32004,9,2018
136,023 - Botetourt,50,26344,4,2019
1257,023 - Botetourt,50,32935.6,8,2019
2254,023 - Botetourt,38,19106.6,12,2019
3124,023 - Botetourt,55,33740,2,2019
4119,023 - Botetourt,49,21108,1,2019
5238,023 - Botetourt,51,28314,7,2019
6107,023 - Botetourt,52,26808,6,2019
7103,023 - Botetourt,54,30375,3,2019
8099,023 - Botetourt,57,30485,5,2019
9212,023 - Botetourt,38,20785.8,11,2019
10206,023 - Botetourt,45,21294.4,10,2019
11200,023 - Botetourt,47,26305.6,9,2019
261,023 - Botetourt,43,18586.6,4,2020
1382,023 - Botetourt,39,23561,8,2020
2378,023 - Botetourt,35,19834,12,2020
3248,023 - Botetourt,42,22348.6,2,2020
4243,023 - Botetourt,42,19278.6,1,2020
5362,023 - Botetourt,40,28322.6,7,2020
6232,023 - Botetourt,37,22046.6,6,2020
7228,023 - Botetourt,42,19062.6,3,2020
8224,023 - Botetourt,34,15140.8,5,2020
9336,023 - Botetourt,27,14047.2,11,2020
10330,023 - Botetourt,29,13207.6,10,2020
11324,023 - Botetourt,36,20033.8,9,2020
386,023 - Botetourt,32,15954,4,2021
1505,023 - Botetourt,51,31446,8,2021
2498,023 - Botetourt,56,26939.6,12,2021
3373,023 - Botetourt,30,16038.4,2,2021
4368,023 - Botetourt,31,15627.2,1,2021
5483,023 - Botetourt,46,33444,7,2021
6354,023 - Botetourt,42,22242.6,6,2021
7353,023 - Botetourt,33,13249.6,3,2021
8343,023 - Botetourt,35,20590.8,5,2021
9458,023 - Botetourt,60,28566.8,11,2021
10451,023 - Botetourt,57,27569,10,2021
11447,023 - Botetourt,61,31336.4,9,2021
507,023 - Botetourt,58,32541.8,4,2022
1630,023 - Botetourt,72,40580.6,8,2022
2624,023 - Botetourt,86,62116.14,12,2022
3493,023 - Botetourt,56,30442.6,2,2022
4488,023 - Botetourt,57,30549.6,1,2022
5607,023 - Botetourt,65,40081.2,7,2022
6477,023 - Botetourt,64,35401.4,6,2022
7474,023 - Botetourt,58,28991.8,3,2022
8464,023 - Botetourt,63,30314.6,5,2022
9583,023 - Botetourt,82,56061.27,11,2022
10576,023 - Botetourt,75,40773.2,10,2022
11572,023 - Botetourt,76,39285.4,9,2022
632,023 - Botetourt,93,69179.88,4,2023
1755,023 - Botetourt,85,58392.14,8,2023
2748,023 - Botetourt,88,57651.32,12,2023
3618,023 - Botetourt,92,63605.32,2,2023
4614,023 - Botetourt,90,65416.14,1,2023
5732,023 - Botetourt,91,71532.73,7,2023
6602,023 - Botetourt,95,67692.88,6,2023
7599,023 - Botetourt,90,57394.2,3,2023
8589,023 - Botetourt,96,55274.3,5,2023
9707,023 - Botetourt,88,57882.72,11,2023
10701,023 - Botetourt,83,59178.66,10,2023
11697,023 - Botetourt,85,56801.45,9,2023
757,023 - Botetourt,88,57460.15,4,2024
1881,023 - Botetourt,87,77252.45,8,2024
2875,023 - Botetourt,72,52728,12,2024
3743,023 - Botetourt,89,64006.38,2,2024
4737,023 - Botetourt,87,55785.6,1,2024
5859,023 - Botetourt,92,68563.5,7,2024
6727,023 - Botetourt,89,63420.45,6,2024
7723,023 - Botetourt,90,56712.07,3,2024
8714,023 - Botetourt,85,57721,5,2024
9834,023 - Botetourt,81,59144,11,2024
10826,023 - Botetourt,83,58180.5,10,2024
11822,023 - Botetourt,87,60574.65,9,2024
883,023 - Botetourt,87,56665,4,2025
3870,023 - Botetourt,77,60492,2,2025
4864,023 - Botetourt,80,56574,1,2025
6854,023 - Botetourt,77,54410,6,2025
7849,023 - Botetourt,85,51085,3,2025
8840,023 - Botetourt,77,55737,5,2025
1009,025 - Brunswick,18,5552,8,2017
2007,025 - Brunswick,15,4497,12,2017
4990,025 - Brunswick,18,5540,7,2017
8966,025 - Brunswick,17,4683,11,2017
9960,025 - Brunswick,16,4402,10,2017
10952,025 - Brunswick,18,5170,9,2017
13,025 - Brunswick,14,4201,4,2018
1133,025 - Brunswick,18,6289,8,2018
2131,025 - Brunswick,18,6079,12,2018
3001,025 - Brunswick,14,4166,2,2018
3996,025 - Brunswick,14,3215,1,2018
5115,025 - Brunswick,18,6608,7,2018
5985,025 - Brunswick,15,4971,6,2018
6980,025 - Brunswick,14,3875,3,2018
7976,025 - Brunswick,16,4444,5,2018
9090,025 - Brunswick,18,6039,11,2018
10083,025 - Brunswick,14,3824,10,2018
11076,025 - Brunswick,19,5676,9,2018
137,025 - Brunswick,21,6404,4,2019
1258,025 - Brunswick,22,4544,8,2019
2255,025 - Brunswick,19,4798,12,2019
3125,025 - Brunswick,16,5015,2,2019
4120,025 - Brunswick,16,3401,1,2019
5239,025 - Brunswick,20,5162,7,2019
6108,025 - Brunswick,18,5451,6,2019
7104,025 - Brunswick,22,4755,3,2019
8100,025 - Brunswick,21,5501,5,2019
9213,025 - Brunswick,18,3692,11,2019
10207,025 - Brunswick,12,2642,10,2019
11201,025 - Brunswick,19,3684,9,2019
262,025 - Brunswick,18,4467,4,2020
1383,025 - Brunswick,16,5171,8,2020
2379,025 - Brunswick,14,4114.6,12,2020
3249,025 - Brunswick,16,4539,2,2020
4244,025 - Brunswick,20,4274,1,2020
5363,025 - Brunswick,17,6879,7,2020
6233,025 - Brunswick,18,9398,6,2020
7229,025 - Brunswick,18,4375,3,2020
8225,025 - Brunswick,18,5685,5,2020
9337,025 - Brunswick,15,4534.21,11,2020
10331,025 - Brunswick,20,5248,10,2020
11325,025 - Brunswick,21,6301,9,2020
387,025 - Brunswick,16,4472,4,2021
1506,025 - Brunswick,24,9714.34,8,2021
2499,025 - Brunswick,36,15048.12,12,2021
3374,025 - Brunswick,14,2599,2,2021
4369,025 - Brunswick,12,3769,1,2021
5484,025 - Brunswick,19,7146.19,7,2021
6355,025 - Brunswick,19,5770.18,6,2021
7354,025 - Brunswick,16,3759,3,2021
8344,025 - Brunswick,16,4917,5,2021
9459,025 - Brunswick,36,11548.66,11,2021
10452,025 - Brunswick,29,9707.12,10,2021
11448,025 - Brunswick,27,9253.52,9,2021
508,025 - Brunswick,43,17744.73,4,2022
1631,025 - Brunswick,40,17537.94,8,2022
2625,025 - Brunswick,49,34841.67,12,2022
3494,025 - Brunswick,38,13386.66,2,2022
4489,025 - Brunswick,37,16124.58,1,2022
5608,025 - Brunswick,45,19023.71,7,2022
6478,025 - Brunswick,42,17512.74,6,2022
7475,025 - Brunswick,38,13655.09,3,2022
8465,025 - Brunswick,40,14893.55,5,2022
9584,025 - Brunswick,46,29359.4,11,2022
10577,025 - Brunswick,38,15501.18,10,2022
11573,025 - Brunswick,39,15424.54,9,2022
633,025 - Brunswick,55,37011.83,4,2023
1756,025 - Brunswick,51,37649.3,8,2023
2749,025 - Brunswick,52,36314.8,12,2023
3619,025 - Brunswick,49,34904.02,2,2023
4615,025 - Brunswick,50,38512.83,1,2023
5733,025 - Brunswick,50,40886.6,7,2023
6603,025 - Brunswick,52,39125.52,6,2023
7600,025 - Brunswick,52,31895.63,3,2023
8590,025 - Brunswick,54,33253.16,5,2023
9708,025 - Brunswick,53,37412.48,11,2023
10702,025 - Brunswick,55,36083.89,10,2023
11698,025 - Brunswick,53,38280.95,9,2023
758,025 - Brunswick,56,40502.73,4,2024
1882,025 - Brunswick,65,54297.99,8,2024
2876,025 - Brunswick,62,43812,12,2024
3744,025 - Brunswick,59,46754.99,2,2024
4738,025 - Brunswick,53,38308.4,1,2024
5860,025 - Brunswick,63,49079.6,7,2024
6728,025 - Brunswick,59,46250.99,6,2024
7724,025 - Brunswick,58,41860.63,3,2024
8715,025 - Brunswick,57,42493.86,5,2024
9835,025 - Brunswick,58,48203,11,2024
10827,025 - Brunswick,68,45288.67,10,2024
11823,025 - Brunswick,68,48398.23,9,2024
884,025 - Brunswick,52,37474,4,2025
3871,025 - Brunswick,52,44458,2,2025
4865,025 - Brunswick,57,44363,1,2025
6855,025 - Brunswick,49,39109,6,2025
7850,025 - Brunswick,52,34790,3,2025
8841,025 - Brunswick,49,36376,5,2025
2008,027 - Buchanan,REDACTED,48,12,2017
8967,027 - Buchanan,REDACTED,22,11,2017
14,027 - Buchanan,REDACTED,282,4,2018
1134,027 - Buchanan,REDACTED,364,8,2018
2132,027 - Buchanan,REDACTED,1312,12,2018
3002,027 - Buchanan,REDACTED,100,2,2018
3997,027 - Buchanan,REDACTED,334,1,2018
6981,027 - Buchanan,REDACTED,308,3,2018
7977,027 - Buchanan,REDACTED,22,5,2018
10084,027 - Buchanan,REDACTED,910,10,2018
11077,027 - Buchanan,REDACTED,595,9,2018
138,027 - Buchanan,REDACTED,652,4,2019
1259,027 - Buchanan,REDACTED,571,8,2019
2256,027 - Buchanan,REDACTED,574,12,2019
3126,027 - Buchanan,REDACTED,832,2,2019
4121,027 - Buchanan,REDACTED,995,1,2019
5240,027 - Buchanan,REDACTED,205,7,2019
6109,027 - Buchanan,REDACTED,848,6,2019
7105,027 - Buchanan,REDACTED,680,3,2019
8101,027 - Buchanan,REDACTED,888,5,2019
9214,027 - Buchanan,REDACTED,861,11,2019
10208,027 - Buchanan,REDACTED,669,10,2019
11202,027 - Buchanan,REDACTED,586,9,2019
263,027 - Buchanan,REDACTED,341,4,2020
3250,027 - Buchanan,REDACTED,806,2,2020
4245,027 - Buchanan,REDACTED,519,1,2020
7230,027 - Buchanan,REDACTED,670,3,2020
2500,027 - Buchanan,REDACTED,105,12,2021
4490,027 - Buchanan,REDACTED,231,1,2022
1010,029 - Buckingham,REDACTED,1507,8,2017
2009,029 - Buckingham,REDACTED,1280,12,2017
4991,029 - Buckingham,REDACTED,438,7,2017
8968,029 - Buckingham,REDACTED,2722,11,2017
9961,029 - Buckingham,REDACTED,791,10,2017
10953,029 - Buckingham,REDACTED,1105,9,2017
15,029 - Buckingham,REDACTED,1247,4,2018
1135,029 - Buckingham,REDACTED,1360,8,2018
2133,029 - Buckingham,REDACTED,1539,12,2018
3003,029 - Buckingham,REDACTED,3082,2,2018
3998,029 - Buckingham,REDACTED,1047,1,2018
5116,029 - Buckingham,REDACTED,1579,7,2018
5986,029 - Buckingham,REDACTED,1374,6,2018
6982,029 - Buckingham,REDACTED,1097,3,2018
7978,029 - Buckingham,REDACTED,1574,5,2018
9091,029 - Buckingham,REDACTED,2139,11,2018
10085,029 - Buckingham,REDACTED,1099,10,2018
11078,029 - Buckingham,REDACTED,1605,9,2018
139,029 - Buckingham,REDACTED,2271,4,2019
1260,029 - Buckingham,REDACTED,2275,8,2019
2257,029 - Buckingham,REDACTED,1743,12,2019
3127,029 - Buckingham,REDACTED,2124,2,2019
4122,029 - Buckingham,REDACTED,1301,1,2019
5241,029 - Buckingham,REDACTED,2086,7,2019
6110,029 - Buckingham,REDACTED,2847,6,2019
7106,029 - Buckingham,REDACTED,1689,3,2019
8102,029 - Buckingham,REDACTED,3106,5,2019
9215,029 - Buckingham,REDACTED,3703.8,11,2019
10209,029 - Buckingham,REDACTED,2616.4,10,2019
11203,029 - Buckingham,REDACTED,1752.8,9,2019
264,029 - Buckingham,REDACTED,2723.2,4,2020
3251,029 - Buckingham,REDACTED,4123.4,2,2020
4246,029 - Buckingham,REDACTED,4282.6,1,2020
5364,029 - Buckingham,REDACTED,3952,7,2020
6234,029 - Buckingham,REDACTED,2291.4,6,2020
7231,029 - Buckingham,REDACTED,3415,3,2020
8226,029 - Buckingham,REDACTED,194,5,2020
1507,029 - Buckingham,REDACTED,990,8,2021
2501,029 - Buckingham,12,8052,12,2021
5485,029 - Buckingham,REDACTED,1135,7,2021
6356,029 - Buckingham,REDACTED,505,6,2021
9460,029 - Buckingham,REDACTED,6613,11,2021
10453,029 - Buckingham,REDACTED,5285,10,2021
11449,029 - Buckingham,REDACTED,2646,9,2021
509,029 - Buckingham,17,13978,4,2022
1632,029 - Buckingham,19,13796,8,2022
2626,029 - Buckingham,23,23819,12,2022
3495,029 - Buckingham,13,10518,2,2022
4491,029 - Buckingham,11,8691,1,2022
5609,029 - Buckingham,21,15349,7,2022
6479,029 - Buckingham,20,14893,6,2022
7476,029 - Buckingham,17,11666,3,2022
8466,029 - Buckingham,19,13611,5,2022
9585,029 - Buckingham,22,21532,11,2022
10578,029 - Buckingham,20,16252,10,2022
11574,029 - Buckingham,22,16157,9,2022
634,029 - Buckingham,27,25990,4,2023
1757,029 - Buckingham,32,27645,8,2023
2750,029 - Buckingham,30,31828,12,2023
3620,029 - Buckingham,25,24009,2,2023
4616,029 - Buckingham,21,23955,1,2023
5734,029 - Buckingham,32,30286,7,2023
6604,029 - Buckingham,32,31949,6,2023
7601,029 - Buckingham,27,23162,3,2023
8591,029 - Buckingham,27,23422,5,2023
9709,029 - Buckingham,29,23490,11,2023
10703,029 - Buckingham,23,22487.3,10,2023
11699,029 - Buckingham,30,27701.45,9,2023
759,029 - Buckingham,31,25107,4,2024
1883,029 - Buckingham,40,38733,8,2024
2877,029 - Buckingham,27,25923,12,2024
3745,029 - Buckingham,34,30594,2,2024
4739,029 - Buckingham,29,25180,1,2024
5861,029 - Buckingham,40,36344,7,2024
6729,029 - Buckingham,33,34146,6,2024
7725,029 - Buckingham,33,28389,3,2024
8716,029 - Buckingham,35,30602,5,2024
9836,029 - Buckingham,28,30378,11,2024
10828,029 - Buckingham,30,30529,10,2024
11824,029 - Buckingham,38,37697,9,2024
885,029 - Buckingham,19,17453,4,2025
3872,029 - Buckingham,18,17888,2,2025
4866,029 - Buckingham,22,19895,1,2025
6856,029 - Buckingham,22,24894,6,2025
7851,029 - Buckingham,22,15052,3,2025
8842,029 - Buckingham,20,20632,5,2025
1011,031 - Campbell,128,39462,8,2017
2010,031 - Campbell,141,39006,12,2017
4992,031 - Campbell,121,40889,7,2017
8969,031 - Campbell,137,35871,11,2017
9962,031 - Campbell,135,30878,10,2017
10954,031 - Campbell,116,32404,9,2017
16,031 - Campbell,127,33284,4,2018
1136,031 - Campbell,142,58082,8,2018
2134,031 - Campbell,139,48169,12,2018
3004,031 - Campbell,142,39927,2,2018
3999,031 - Campbell,147,39021,1,2018
5117,031 - Campbell,155,64867,7,2018
5987,031 - Campbell,145,37372,6,2018
6983,031 - Campbell,137,30576,3,2018
7979,031 - Campbell,139,35927,5,2018
9092,031 - Campbell,138,53777,11,2018
10086,031 - Campbell,141,43687,10,2018
11079,031 - Campbell,153,49283,9,2018
140,031 - Campbell,147,50170,4,2019
1261,031 - Campbell,159,62343.8,8,2019
2258,031 - Campbell,174,46632,12,2019
3128,031 - Campbell,141,56215,2,2019
4123,031 - Campbell,140,46915,1,2019
5242,031 - Campbell,165,64002.6,7,2019
6111,031 - Campbell,147,53511,6,2019
7107,031 - Campbell,146,46718,3,2019
8103,031 - Campbell,147,53225,5,2019
9216,031 - Campbell,177,58300.2,11,2019
10210,031 - Campbell,180,49575.6,10,2019
11204,031 - Campbell,178,53209.2,9,2019
265,031 - Campbell,172,37211.4,4,2020
1384,031 - Campbell,164,67843,8,2020
2380,031 - Campbell,146,47864.8,12,2020
3252,031 - Campbell,180,58474.4,2,2020
4247,031 - Campbell,172,48723.2,1,2020
5365,031 - Campbell,174,120712.6,7,2020
6235,031 - Campbell,136,45644.2,6,2020
7232,031 - Campbell,170,45987.8,3,2020
8227,031 - Campbell,160,45677.2,5,2020
9338,031 - Campbell,140,49441.4,11,2020
10332,031 - Campbell,147,44374.2,10,2020
11326,031 - Campbell,145,51977,9,2020
388,031 - Campbell,131,46961,4,2021
1508,031 - Campbell,206,102587,8,2021
2502,031 - Campbell,246,100826.4,12,2021
3375,031 - Campbell,128,39047,2,2021
4370,031 - Campbell,133,45375,1,2021
5486,031 - Campbell,189,100172.8,7,2021
6357,031 - Campbell,151,60342,6,2021
7355,031 - Campbell,137,40138,3,2021
8345,031 - Campbell,142,55803,5,2021
9461,031 - Campbell,235,93045.2,11,2021
10454,031 - Campbell,221,92674.8,10,2021
11450,031 - Campbell,237,97510.6,9,2021
510,031 - Campbell,279,120704,4,2022
1633,031 - Campbell,315,144486,8,2022
2627,031 - Campbell,345,240062,12,2022
3496,031 - Campbell,257,101394,2,2022
4492,031 - Campbell,247,110911,1,2022
5610,031 - Campbell,305,162635,7,2022
6480,031 - Campbell,292,118384,6,2022
7477,031 - Campbell,270,105877,3,2022
8467,031 - Campbell,285,115767,5,2022
9586,031 - Campbell,323,211772,11,2022
10579,031 - Campbell,311,128578,10,2022
11575,031 - Campbell,332,141955,9,2022
635,031 - Campbell,373,263502.94,4,2023
1758,031 - Campbell,403,302756.75,8,2023
2751,031 - Campbell,405,285146.46,12,2023
3621,031 - Campbell,380,250247.69,2,2023
4617,031 - Campbell,346,252606.58,1,2023
5735,031 - Campbell,427,338926.44,7,2023
6605,031 - Campbell,377,268551.23,6,2023
7602,031 - Campbell,375,231467,3,2023
8592,031 - Campbell,375,229242.15,5,2023
9710,031 - Campbell,409,282359.23,11,2023
10704,031 - Campbell,402,255405.74,10,2023
11700,031 - Campbell,412,282031.38,9,2023
760,031 - Campbell,432,282762.76,4,2024
1884,031 - Campbell,456,362794.7,8,2024
2878,031 - Campbell,449,288925,12,2024
3746,031 - Campbell,412,300955.01,2,2024
4740,031 - Campbell,405,276214.09,1,2024
5862,031 - Campbell,475,351671.21,7,2024
6730,031 - Campbell,449,322924.76,6,2024
7726,031 - Campbell,415,273531.32,3,2024
8717,031 - Campbell,450,312162.25,5,2024
9837,031 - Campbell,429,295253,11,2024
10829,031 - Campbell,423,277582.86,10,2024
11825,031 - Campbell,461,300645.44,9,2024
886,031 - Campbell,463,297739,4,2025
3873,031 - Campbell,477,342946,2,2025
4867,031 - Campbell,447,295661,1,2025
6857,031 - Campbell,451,289957,6,2025
7852,031 - Campbell,478,281420,3,2025
8843,031 - Campbell,465,311356,5,2025
1012,033 - Caroline,97,47516,8,2017
2011,033 - Caroline,97,40596,12,2017
4993,033 - Caroline,98,52277,7,2017
8970,033 - Caroline,96,43791,11,2017
9963,033 - Caroline,102,43829,10,2017
10955,033 - Caroline,99,48352,9,2017
17,033 - Caroline,82,39426,4,2018
1137,033 - Caroline,95,49380,8,2018
2135,033 - Caroline,92,41415,12,2018
3005,033 - Caroline,80,41027,2,2018
4000,033 - Caroline,85,36576,1,2018
5118,033 - Caroline,92,51772,7,2018
5988,033 - Caroline,96,40375,6,2018
6984,033 - Caroline,86,37189,3,2018
7980,033 - Caroline,79,36440,5,2018
9093,033 - Caroline,96,47172,11,2018
10087,033 - Caroline,101,39900,10,2018
11080,033 - Caroline,97,47467,9,2018
141,033 - Caroline,100,44078,4,2019
1262,033 - Caroline,99,50566,8,2019
2259,033 - Caroline,102,35689.2,12,2019
3129,033 - Caroline,96,50388,2,2019
4124,033 - Caroline,99,40828,1,2019
5243,033 - Caroline,99,47444.8,7,2019
6112,033 - Caroline,97,46618,6,2019
7108,033 - Caroline,101,41475,3,2019
8104,033 - Caroline,103,49395,5,2019
9217,033 - Caroline,97,39772.4,11,2019
10211,033 - Caroline,101,38216,10,2019
11205,033 - Caroline,100,41622.6,9,2019
266,033 - Caroline,99,44862.2,4,2020
1385,033 - Caroline,75,37019.2,8,2020
2381,033 - Caroline,73,33455.2,12,2020
3253,033 - Caroline,99,44698,2,2020
4248,033 - Caroline,99,42130,1,2020
5366,033 - Caroline,83,50754.2,7,2020
6236,033 - Caroline,84,43734.8,6,2020
7233,033 - Caroline,106,38796.4,3,2020
8228,033 - Caroline,78,44697.4,5,2020
9339,033 - Caroline,81,36457.4,11,2020
10333,033 - Caroline,89,37222.4,10,2020
11327,033 - Caroline,68,27735.8,9,2020
389,033 - Caroline,59,25368.6,4,2021
1509,033 - Caroline,69,46614.8,8,2021
2503,033 - Caroline,93,50238.8,12,2021
3376,033 - Caroline,57,26626,2,2021
4371,033 - Caroline,62,29510.8,1,2021
5487,033 - Caroline,59,39025.8,7,2021
6358,033 - Caroline,51,24845.2,6,2021
7356,033 - Caroline,57,21888,3,2021
8346,033 - Caroline,51,24200.4,5,2021
9462,033 - Caroline,87,44810.4,11,2021
10455,033 - Caroline,87,46751.6,10,2021
11451,033 - Caroline,85,45869.6,9,2021
511,033 - Caroline,117,65636.2,4,2022
1634,033 - Caroline,115,69620.4,8,2022
2628,033 - Caroline,132,123823,12,2022
3497,033 - Caroline,111,53763.2,2,2022
4493,033 - Caroline,98,57960.8,1,2022
5611,033 - Caroline,114,75337.8,7,2022
6481,033 - Caroline,110,60593.8,6,2022
7478,033 - Caroline,116,63378.4,3,2022
8468,033 - Caroline,112,59968.4,5,2022
9587,033 - Caroline,132,108213,11,2022
10580,033 - Caroline,123,68588.8,10,2022
11576,033 - Caroline,124,71965.6,9,2022
636,033 - Caroline,156,142331.06,4,2023
1759,033 - Caroline,155,145174.1,8,2023
2752,033 - Caroline,143,123466,12,2023
3622,033 - Caroline,138,119450.36,2,2023
4618,033 - Caroline,128,125545.84,1,2023
5736,033 - Caroline,161,161492.84,7,2023
6606,033 - Caroline,156,143309.06,6,2023
7603,033 - Caroline,145,115197.86,3,2023
8593,033 - Caroline,163,131604.4,5,2023
9711,033 - Caroline,137,127839,11,2023
10705,033 - Caroline,138,114233,10,2023
11701,033 - Caroline,161,138242,9,2023
761,033 - Caroline,142,119424,4,2024
1885,033 - Caroline,177,180694.95,8,2024
2879,033 - Caroline,162,141274,12,2024
3747,033 - Caroline,146,128813,2,2024
4741,033 - Caroline,133,118243,1,2024
5863,033 - Caroline,174,169708,7,2024
6731,033 - Caroline,162,154927,6,2024
7727,033 - Caroline,139,117117,3,2024
8718,033 - Caroline,151,136692,5,2024
9838,033 - Caroline,166,153280,11,2024
10830,033 - Caroline,159,136312.85,10,2024
11826,033 - Caroline,185,154374.7,9,2024
887,033 - Caroline,176,151227,4,2025
3874,033 - Caroline,179,166088,2,2025
4868,033 - Caroline,164,151535,1,2025
6858,033 - Caroline,195,177030,6,2025
7853,033 - Caroline,177,138618,3,2025
8844,033 - Caroline,188,172316,5,2025
1013,035 - Carroll,109,27383,8,2017
2012,035 - Carroll,78,18481,12,2017
4994,035 - Carroll,126,34034,7,2017
8971,035 - Carroll,81,20780,11,2017
9964,035 - Carroll,87,20147,10,2017
10956,035 - Carroll,98,22016,9,2017
18,035 - Carroll,81,19179,4,2018
1138,035 - Carroll,79,28676,8,2018
2136,035 - Carroll,77,25552,12,2018
3006,035 - Carroll,86,21223,2,2018
4001,035 - Carroll,79,18340,1,2018
5119,035 - Carroll,74,27763,7,2018
5989,035 - Carroll,76,22508,6,2018
6985,035 - Carroll,79,20573,3,2018
7981,035 - Carroll,80,18951,5,2018
9094,035 - Carroll,71,23147,11,2018
10088,035 - Carroll,77,21759,10,2018
11081,035 - Carroll,86,25595,9,2018
142,035 - Carroll,84,24743,4,2019
1263,035 - Carroll,108,40214.4,8,2019
2260,035 - Carroll,88,26750.8,12,2019
3130,035 - Carroll,86,29818,2,2019
4125,035 - Carroll,89,29759,1,2019
5244,035 - Carroll,109,36806.8,7,2019
6113,035 - Carroll,94,34459,6,2019
7109,035 - Carroll,87,27284,3,2019
8105,035 - Carroll,83,26623,5,2019
9218,035 - Carroll,98,32680.6,11,2019
10212,035 - Carroll,92,29765.4,10,2019
11206,035 - Carroll,113,35196.6,9,2019
267,035 - Carroll,101,31631.8,4,2020
1386,035 - Carroll,104,42041,8,2020
2382,035 - Carroll,77,23417.4,12,2020
3254,035 - Carroll,110,33475.6,2,2020
4249,035 - Carroll,98,29584.6,1,2020
5367,035 - Carroll,110,43452,7,2020
6237,035 - Carroll,93,39152.6,6,2020
7234,035 - Carroll,96,26680.6,3,2020
8229,035 - Carroll,96,39601,5,2020
9340,035 - Carroll,84,25468.2,11,2020
10334,035 - Carroll,89,26903.6,10,2020
11328,035 - Carroll,87,26410.8,9,2020
390,035 - Carroll,62,23355.4,4,2021
1510,035 - Carroll,86,40382,8,2021
2504,035 - Carroll,91,36600,12,2021
3377,035 - Carroll,70,24187.2,2,2021
4372,035 - Carroll,79,26435.2,1,2021
5488,035 - Carroll,83,42982,7,2021
6359,035 - Carroll,82,32516,6,2021
7357,035 - Carroll,62,21937.4,3,2021
8347,035 - Carroll,72,29610.2,5,2021
9463,035 - Carroll,94,35149,11,2021
10456,035 - Carroll,97,39029,10,2021
11452,035 - Carroll,97,36406,9,2021
512,035 - Carroll,111,46498.4,4,2022
1635,035 - Carroll,129,52992.8,8,2022
2629,035 - Carroll,137,94841,12,2022
3498,035 - Carroll,106,35720.8,2,2022
4494,035 - Carroll,103,42562.4,1,2022
5612,035 - Carroll,133,64648.6,7,2022
6482,035 - Carroll,120,49467.2,6,2022
7479,035 - Carroll,98,35777,3,2022
8469,035 - Carroll,115,43302.6,5,2022
9588,035 - Carroll,124,85002,11,2022
10581,035 - Carroll,122,45505,10,2022
11577,035 - Carroll,130,49490,9,2022
637,035 - Carroll,153,107480,4,2023
1760,035 - Carroll,161,114193,8,2023
2753,035 - Carroll,148,106441,12,2023
3623,035 - Carroll,152,101611,2,2023
4619,035 - Carroll,143,100469,1,2023
5737,035 - Carroll,161,128769,7,2023
6607,035 - Carroll,156,109291,6,2023
7604,035 - Carroll,147,87330,3,2023
8594,035 - Carroll,158,93183,5,2023
9712,035 - Carroll,146,100931,11,2023
10706,035 - Carroll,141,92558,10,2023
11702,035 - Carroll,157,109611,9,2023
762,035 - Carroll,134,91870,4,2024
1886,035 - Carroll,139,124174,8,2024
2880,035 - Carroll,131,100103,12,2024
3748,035 - Carroll,143,106988,2,2024
4742,035 - Carroll,140,94702,1,2024
5864,035 - Carroll,137,98611,7,2024
6732,035 - Carroll,139,112716,6,2024
7728,035 - Carroll,142,91844,3,2024
8719,035 - Carroll,128,95943,5,2024
9839,035 - Carroll,129,103488,11,2024
10831,035 - Carroll,133,94351,10,2024
11827,035 - Carroll,138,105292,9,2024
888,035 - Carroll,136,102224,4,2025
3875,035 - Carroll,134,109509,2,2025
4869,035 - Carroll,123,99576,1,2025
6859,035 - Carroll,148,110173,6,2025
7854,035 - Carroll,138,90113,3,2025
8845,035 - Carroll,136,105727,5,2025
1014,036 - Charles City,22,8960,8,2017
2013,036 - Charles City,15,6245,12,2017
4995,036 - Charles City,22,8777,7,2017
8972,036 - Charles City,16,6607,11,2017
9965,036 - Charles City,20,6803,10,2017
10957,036 - Charles City,24,10902,9,2017
19,036 - Charles City,14,5898,4,2018
1139,036 - Charles City,14,7412,8,2018
2137,036 - Charles City,19,8086,12,2018
3007,036 - Charles City,15,7027,2,2018
4002,036 - Charles City,15,5325,1,2018
5120,036 - Charles City,14,7854,7,2018
5990,036 - Charles City,14,5611,6,2018
6986,036 - Charles City,15,5625,3,2018
7982,036 - Charles City,16,6403,5,2018
9095,036 - Charles City,18,7655,11,2018
10089,036 - Charles City,16,5560,10,2018
11082,036 - Charles City,14,7519,9,2018
143,036 - Charles City,23,9516,4,2019
1264,036 - Charles City,26,16415,8,2019
2261,036 - Charles City,25,11918,12,2019
3131,036 - Charles City,22,10957,2,2019
4126,036 - Charles City,22,10058,1,2019
5245,036 - Charles City,24,13193,7,2019
6114,036 - Charles City,25,14030,6,2019
7110,036 - Charles City,24,8409,3,2019
8106,036 - Charles City,24,12840,5,2019
9219,036 - Charles City,24,12029,11,2019
10213,036 - Charles City,25,11976,10,2019
11207,036 - Charles City,25,16929,9,2019
268,036 - Charles City,23,9675,4,2020
1387,036 - Charles City,25,16674,8,2020
2383,036 - Charles City,18,7355,12,2020
3255,036 - Charles City,29,13853,2,2020
4250,036 - Charles City,25,13429,1,2020
5368,036 - Charles City,24,22677,7,2020
6238,036 - Charles City,11,3357,6,2020
7235,036 - Charles City,27,11570,3,2020
8230,036 - Charles City,22,7144,5,2020
9341,036 - Charles City,16,7784,11,2020
10335,036 - Charles City,23,10260,10,2020
11329,036 - Charles City,21,11430,9,2020
391,036 - Charles City,17,8929,4,2021
1511,036 - Charles City,32,19327,8,2021
2505,036 - Charles City,30,15461,12,2021
3378,036 - Charles City,18,8634,2,2021
4373,036 - Charles City,18,8117,1,2021
5489,036 - Charles City,22,11995,7,2021
6360,036 - Charles City,17,8924,6,2021
7358,036 - Charles City,17,6769,3,2021
8348,036 - Charles City,17,8507,5,2021
9464,036 - Charles City,30,14834,11,2021
10457,036 - Charles City,32,17259,10,2021
11453,036 - Charles City,32,22166,9,2021
513,036 - Charles City,23,11166,4,2022
1636,036 - Charles City,23,12918,8,2022
2630,036 - Charles City,21,17496,12,2022
3499,036 - Charles City,23,11298,2,2022
4495,036 - Charles City,26,15498,1,2022
5613,036 - Charles City,20,9996,7,2022
6483,036 - Charles City,22,8155,6,2022
7480,036 - Charles City,23,10285,3,2022
8470,036 - Charles City,24,8101,5,2022
9589,036 - Charles City,22,17027,11,2022
10582,036 - Charles City,20,10928,10,2022
11578,036 - Charles City,19,11860,9,2022
638,036 - Charles City,29,22089,4,2023
1761,036 - Charles City,42,32911,8,2023
2754,036 - Charles City,36,33337,12,2023
3624,036 - Charles City,23,18547,2,2023
4620,036 - Charles City,23,20247,1,2023
5738,036 - Charles City,40,30272,7,2023
6608,036 - Charles City,31,26948,6,2023
7605,036 - Charles City,26,17678,3,2023
8595,036 - Charles City,29,20153,5,2023
9713,036 - Charles City,37,31776,11,2023
10707,036 - Charles City,34,26727,10,2023
11703,036 - Charles City,39,35050,9,2023
763,036 - Charles City,38,31205,4,2024
1887,036 - Charles City,43,40907,8,2024
2881,036 - Charles City,51,36782,12,2024
3749,036 - Charles City,34,30994,2,2024
4743,036 - Charles City,33,28332,1,2024
5865,036 - Charles City,46,34297,7,2024
6733,036 - Charles City,42,36078,6,2024
7729,036 - Charles City,40,31287,3,2024
8720,036 - Charles City,39,32841,5,2024
9840,036 - Charles City,52,40246,11,2024
10832,036 - Charles City,46,36783,10,2024
11828,036 - Charles City,43,34910,9,2024
889,036 - Charles City,46,34332,4,2025
3876,036 - Charles City,54,44372,2,2025
4870,036 - Charles City,51,41564,1,2025
6860,036 - Charles City,47,38201,6,2025
7855,036 - Charles City,55,36005,3,2025
8846,036 - Charles City,49,37971,5,2025
1015,037 - Charlotte,REDACTED,2277,8,2017
2014,037 - Charlotte,REDACTED,1653,12,2017
4996,037 - Charlotte,REDACTED,2496,7,2017
8973,037 - Charlotte,REDACTED,2088,11,2017
9966,037 - Charlotte,12,2247,10,2017
10958,037 - Charlotte,REDACTED,2700,9,2017
20,037 - Charlotte,REDACTED,2657,4,2018
1140,037 - Charlotte,12,4365,8,2018
2138,037 - Charlotte,11,3873,12,2018
3008,037 - Charlotte,REDACTED,3627,2,2018
4003,037 - Charlotte,REDACTED,1658,1,2018
5121,037 - Charlotte,12,4167,7,2018
5991,037 - Charlotte,10,3055,6,2018
6987,037 - Charlotte,REDACTED,2262,3,2018
7983,037 - Charlotte,REDACTED,2592,5,2018
9096,037 - Charlotte,12,4438,11,2018
10090,037 - Charlotte,11,3557,10,2018
11083,037 - Charlotte,12,4461,9,2018
144,037 - Charlotte,11,4233,4,2019
1265,037 - Charlotte,11,3982,8,2019
2262,037 - Charlotte,12,3379,12,2019
3132,037 - Charlotte,12,3650,2,2019
4127,037 - Charlotte,12,3681,1,2019
5246,037 - Charlotte,12,4052,7,2019
6115,037 - Charlotte,12,4751,6,2019
7111,037 - Charlotte,11,3881,3,2019
8107,037 - Charlotte,12,3340,5,2019
9220,037 - Charlotte,10,3271,11,2019
10214,037 - Charlotte,12,3502.4,10,2019
11208,037 - Charlotte,12,4482,9,2019
269,037 - Charlotte,12,4414,4,2020
1388,037 - Charlotte,14,5149,8,2020
2384,037 - Charlotte,12,4336,12,2020
3256,037 - Charlotte,12,3314,2,2020
4251,037 - Charlotte,12,3661,1,2020
5369,037 - Charlotte,12,4801,7,2020
6239,037 - Charlotte,12,4585,6,2020
7236,037 - Charlotte,12,2850,3,2020
8231,037 - Charlotte,12,4724,5,2020
9342,037 - Charlotte,12,4609,11,2020
10336,037 - Charlotte,14,4511,10,2020
11330,037 - Charlotte,15,4830,9,2020
392,037 - Charlotte,15,6048,4,2021
1512,037 - Charlotte,15,6236,8,2021
2506,037 - Charlotte,14,6116,12,2021
3379,037 - Charlotte,15,4694,2,2021
4374,037 - Charlotte,12,4814,1,2021
5490,037 - Charlotte,14,6304,7,2021
6361,037 - Charlotte,14,7004,6,2021
7359,037 - Charlotte,15,5392,3,2021
8349,037 - Charlotte,11,4374,5,2021
9465,037 - Charlotte,14,5668,11,2021
10458,037 - Charlotte,16,6725,10,2021
11454,037 - Charlotte,16,6172,9,2021
514,037 - Charlotte,13,5311,4,2022
1637,037 - Charlotte,18,7236,8,2022
2631,037 - Charlotte,REDACTED,1379,12,2022
3500,037 - Charlotte,14,5724,2,2022
4496,037 - Charlotte,13,6783,1,2022
5614,037 - Charlotte,18,6772,7,2022
6484,037 - Charlotte,13,4613,6,2022
7481,037 - Charlotte,15,5187,3,2022
8471,037 - Charlotte,13,4795,5,2022
9590,037 - Charlotte,REDACTED,855,11,2022
10583,037 - Charlotte,REDACTED,1518,10,2022
11579,037 - Charlotte,REDACTED,2093,9,2022
639,037 - Charlotte,REDACTED,837,4,2023
1762,037 - Charlotte,REDACTED,6347,8,2023
2755,037 - Charlotte,REDACTED,1970,12,2023
3625,037 - Charlotte,REDACTED,1468,2,2023
4621,037 - Charlotte,REDACTED,1875,1,2023
5739,037 - Charlotte,REDACTED,5140,7,2023
6609,037 - Charlotte,REDACTED,2843,6,2023
7606,037 - Charlotte,REDACTED,720,3,2023
8596,037 - Charlotte,REDACTED,1670,5,2023
9714,037 - Charlotte,REDACTED,4716,11,2023
10708,037 - Charlotte,REDACTED,3502,10,2023
11704,037 - Charlotte,REDACTED,3842,9,2023
764,037 - Charlotte,REDACTED,843,4,2024
1888,037 - Charlotte,REDACTED,6825,8,2024
2882,037 - Charlotte,REDACTED,1503,12,2024
3750,037 - Charlotte,REDACTED,1228,2,2024
4744,037 - Charlotte,REDACTED,1116,1,2024
5866,037 - Charlotte,12,7659,7,2024
6734,037 - Charlotte,11,5457,6,2024
7730,037 - Charlotte,REDACTED,1663,3,2024
8721,037 - Charlotte,REDACTED,886,5,2024
9841,037 - Charlotte,REDACTED,929,11,2024
10833,037 - Charlotte,REDACTED,843,10,2024
11829,037 - Charlotte,REDACTED,1810,9,2024
890,037 - Charlotte,REDACTED,10033,4,2025
3877,037 - Charlotte,REDACTED,3818,2,2025
4871,037 - Charlotte,REDACTED,2862,1,2025
6861,037 - Charlotte,10,9289,6,2025
7856,037 - Charlotte,REDACTED,4880,3,2025
8847,037 - Charlotte,REDACTED,7178,5,2025
1016,041 - Chesterfield,423,242400,8,2017
2015,041 - Chesterfield,433,225216,12,2017
4997,041 - Chesterfield,446,259655,7,2017
8974,041 - Chesterfield,417,208485,11,2017
9967,041 - Chesterfield,452,193203,10,2017
10959,041 - Chesterfield,416,257865,9,2017
21,041 - Chesterfield,447,225128,4,2018
1141,041 - Chesterfield,443,337565,8,2018
2139,041 - Chesterfield,431,296921,12,2018
3009,041 - Chesterfield,441,226323,2,2018
4004,041 - Chesterfield,429,206319,1,2018
5122,041 - Chesterfield,460,335746,7,2018
5992,041 - Chesterfield,459,243162,6,2018
6988,041 - Chesterfield,446,208587,3,2018
7984,041 - Chesterfield,459,228015,5,2018
9097,041 - Chesterfield,419,281335,11,2018
10091,041 - Chesterfield,430,256135,10,2018
11084,041 - Chesterfield,430,331110,9,2018
145,041 - Chesterfield,455,289159,4,2019
1266,041 - Chesterfield,570,440841.8,8,2019
2263,041 - Chesterfield,620,376998.3,12,2019
3133,041 - Chesterfield,441,322630,2,2019
4128,041 - Chesterfield,426,278992,1,2019
5247,041 - Chesterfield,513,364404.6,7,2019
6116,041 - Chesterfield,501,358875,6,2019
7112,041 - Chesterfield,445,283322,3,2019
8108,041 - Chesterfield,484,349085,5,2019
9221,041 - Chesterfield,631,411848.2,11,2019
10215,041 - Chesterfield,602,348767.6,10,2019
11209,041 - Chesterfield,608,430062.2,9,2019
270,041 - Chesterfield,649,382449.2,4,2020
1389,041 - Chesterfield,575,461755.6,8,2020
2385,041 - Chesterfield,502,320764.26,12,2020
3257,041 - Chesterfield,644,458311.4,2,2020
4252,041 - Chesterfield,623,365190.4,1,2020
5370,041 - Chesterfield,600,534780.2,7,2020
6240,041 - Chesterfield,586,462027,6,2020
7237,041 - Chesterfield,645,389171.6,3,2020
8232,041 - Chesterfield,536,373884.6,5,2020
9343,041 - Chesterfield,495,341402.32,11,2020
10337,041 - Chesterfield,555,355093.2,10,2020
11331,041 - Chesterfield,512,364092.8,9,2020
393,041 - Chesterfield,503,331300.69,4,2021
1513,041 - Chesterfield,635,535893.08,8,2021
2507,041 - Chesterfield,772,586573.65,12,2021
3380,041 - Chesterfield,486,281816.34,2,2021
4375,041 - Chesterfield,483,351301.45,1,2021
5491,041 - Chesterfield,625,533081.7,7,2021
6362,041 - Chesterfield,561,391468.55,6,2021
7360,041 - Chesterfield,484,265794.59,3,2021
8350,041 - Chesterfield,524,386270.09,5,2021
9466,041 - Chesterfield,730,508957.82,11,2021
10459,041 - Chesterfield,679,506170.61,10,2021
11455,041 - Chesterfield,695,528654.19,9,2021
515,041 - Chesterfield,949,761521.7,4,2022
1638,041 - Chesterfield,1071,862907.99,8,2022
2632,041 - Chesterfield,1363,1195566.29,12,2022
3501,041 - Chesterfield,870,655657.93,2,2022
4497,041 - Chesterfield,796,655696.14,1,2022
5615,041 - Chesterfield,1074,899475.28,7,2022
6485,041 - Chesterfield,1012,776178,6,2022
7482,041 - Chesterfield,887,610490.3,3,2022
8472,041 - Chesterfield,998,736587.26,5,2022
9591,041 - Chesterfield,1320,1061687.97,11,2022
10584,041 - Chesterfield,1225,944675.32,10,2022
11580,041 - Chesterfield,1157,933074.44,9,2022
640,041 - Chesterfield,1477,1232435.03,4,2023
1763,041 - Chesterfield,1574,1335910.03,8,2023
2756,041 - Chesterfield,1644,1392649.18,12,2023
3626,041 - Chesterfield,1389,1156097.27,2,2023
4622,041 - Chesterfield,1383,1209450.25,1,2023
5740,041 - Chesterfield,1606,1507851.48,7,2023
6610,041 - Chesterfield,1543,1289738.15,6,2023
7607,041 - Chesterfield,1429,1035291.78,3,2023
8597,041 - Chesterfield,1489,1109333.22,5,2023
9715,041 - Chesterfield,1610,1328007.08,11,2023
10709,041 - Chesterfield,1616,1242009.77,10,2023
11705,041 - Chesterfield,1686,1417954.53,9,2023
765,041 - Chesterfield,1786,1381547.73,4,2024
1889,041 - Chesterfield,1812,1723631.8,8,2024
2883,041 - Chesterfield,1707,1320467.99,12,2024
3751,041 - Chesterfield,1741,1520911.54,2,2024
4745,041 - Chesterfield,1701,1353658.3,1,2024
5867,041 - Chesterfield,1783,1571290.69,7,2024
6735,041 - Chesterfield,1802,1608626.28,6,2024
7731,041 - Chesterfield,1756,1371505.11,3,2024
8722,041 - Chesterfield,1742,1459640.54,5,2024
9842,041 - Chesterfield,1719,1425422.99,11,2024
10834,041 - Chesterfield,1720,1299227.14,10,2024
11830,041 - Chesterfield,1854,1490137.3,9,2024
891,041 - Chesterfield,1678,1284119.99,4,2025
3878,041 - Chesterfield,1693,1419030.99,2,2025
4872,041 - Chesterfield,1690,1375584.99,1,2025
6862,041 - Chesterfield,1684,1335274,6,2025
7857,041 - Chesterfield,1671,1186447.99,3,2025
8848,041 - Chesterfield,1702,1374464,5,2025
1017,043 - Clarke,12,5618,8,2017
2016,043 - Clarke,12,6303,12,2017
4998,043 - Clarke,13,5588,7,2017
8975,043 - Clarke,12,5908,11,2017
9968,043 - Clarke,14,6238,10,2017
10960,043 - Clarke,12,6747,9,2017
22,043 - Clarke,12,5902,4,2018
1142,043 - Clarke,15,9633,8,2018
2140,043 - Clarke,12,5039,12,2018
3010,043 - Clarke,12,6603,2,2018
4005,043 - Clarke,13,5959,1,2018
5123,043 - Clarke,17,10720,7,2018
5993,043 - Clarke,16,9894,6,2018
6989,043 - Clarke,12,6175,3,2018
7985,043 - Clarke,14,6503,5,2018
9098,043 - Clarke,10,5392,11,2018
10092,043 - Clarke,12,5039,10,2018
11085,043 - Clarke,15,9894,9,2018
146,043 - Clarke,12,6223,4,2019
1267,043 - Clarke,20,11372.6,8,2019
2264,043 - Clarke,17,6891.8,12,2019
3134,043 - Clarke,12,6775,2,2019
4129,043 - Clarke,12,4907,1,2019
5248,043 - Clarke,17,9924.6,7,2019
6117,043 - Clarke,12,6816,6,2019
7113,043 - Clarke,13,5566,3,2019
8109,043 - Clarke,11,7296,5,2019
9222,043 - Clarke,15,6638.2,11,2019
10216,043 - Clarke,13,5640.2,10,2019
11210,043 - Clarke,18,9443.2,9,2019
271,043 - Clarke,13,5937.8,4,2020
1390,043 - Clarke,12,9594,8,2020
2386,043 - Clarke,REDACTED,3561,12,2020
3258,043 - Clarke,16,9130.2,2,2020
4253,043 - Clarke,16,6912.6,1,2020
5371,043 - Clarke,11,9634,7,2020
6241,043 - Clarke,13,11065.6,6,2020
7238,043 - Clarke,17,5845.8,3,2020
8233,043 - Clarke,12,5008,5,2020
9344,043 - Clarke,REDACTED,5885.8,11,2020
10338,043 - Clarke,11,4781.8,10,2020
11332,043 - Clarke,11,5925.4,9,2020
394,043 - Clarke,REDACTED,5558,4,2021
1514,043 - Clarke,16,13108,8,2021
2508,043 - Clarke,19,11567,12,2021
3381,043 - Clarke,REDACTED,4184,2,2021
4376,043 - Clarke,REDACTED,3920,1,2021
5492,043 - Clarke,16,14368,7,2021
6363,043 - Clarke,15,9021,6,2021
7361,043 - Clarke,10,4644,3,2021
8351,043 - Clarke,12,7566,5,2021
9467,043 - Clarke,19,11766,11,2021
10460,043 - Clarke,17,11529,10,2021
11456,043 - Clarke,17,12593,9,2021
516,043 - Clarke,13,9274,4,2022
1639,043 - Clarke,17,11769.4,8,2022
2633,043 - Clarke,21,17719,12,2022
3502,043 - Clarke,16,9403,2,2022
4498,043 - Clarke,15,9624,1,2022
5616,043 - Clarke,16,12442,7,2022
6486,043 - Clarke,16,9685,6,2022
7483,043 - Clarke,14,8819,3,2022
8473,043 - Clarke,14,9133,5,2022
9592,043 - Clarke,21,14099,11,2022
10585,043 - Clarke,25,17846.4,10,2022
11581,043 - Clarke,22,16569.2,9,2022
641,043 - Clarke,23,20209,4,2023
1764,043 - Clarke,18,15528,8,2023
2757,043 - Clarke,14,11313,12,2023
3627,043 - Clarke,21,15970,2,2023
4623,043 - Clarke,22,23324,1,2023
5741,043 - Clarke,22,19488,7,2023
6611,043 - Clarke,26,18927,6,2023
7608,043 - Clarke,24,15784,3,2023
8598,043 - Clarke,20,15272,5,2023
9716,043 - Clarke,16,12356,11,2023
10710,043 - Clarke,13,11431,10,2023
11706,043 - Clarke,15,13391,9,2023
766,043 - Clarke,20,15370,4,2024
1890,043 - Clarke,20,19273,8,2024
2884,043 - Clarke,18,14274,12,2024
3752,043 - Clarke,15,12553,2,2024
4746,043 - Clarke,16,13083,1,2024
5868,043 - Clarke,21,18733,7,2024
6736,043 - Clarke,21,20194,6,2024
7732,043 - Clarke,20,14206,3,2024
8723,043 - Clarke,21,19376,5,2024
9843,043 - Clarke,20,16232,11,2024
10835,043 - Clarke,20,15840,10,2024
11831,043 - Clarke,20,17338,9,2024
892,043 - Clarke,13,10936,4,2025
3879,043 - Clarke,13,13923,2,2025
4873,043 - Clarke,12,10296,1,2025
6863,043 - Clarke,18,16246,6,2025
7858,043 - Clarke,15,14696,3,2025
8849,043 - Clarke,15,14250,5,2025
1018,045 - Craig,29,9861,8,2017
2017,045 - Craig,36,11581,12,2017
4999,045 - Craig,31,11926,7,2017
8976,045 - Craig,35,10395,11,2017
9969,045 - Craig,34,9795,10,2017
10961,045 - Craig,34,11072,9,2017
23,045 - Craig,36,8120,4,2018
1143,045 - Craig,42,16350,8,2018
2141,045 - Craig,36,14826,12,2018
3011,045 - Craig,37,11970,2,2018
4006,045 - Craig,36,10590,1,2018
5124,045 - Craig,41,19927,7,2018
5994,045 - Craig,36,11379,6,2018
6990,045 - Craig,34,9316,3,2018
7986,045 - Craig,32,10131,5,2018
9099,045 - Craig,30,14929,11,2018
10093,045 - Craig,31,12452,10,2018
11086,045 - Craig,41,17469,9,2018
147,045 - Craig,33,12473,4,2019
1268,045 - Craig,35,13136,8,2019
2265,045 - Craig,35,8186,12,2019
3135,045 - Craig,42,16257,2,2019
4130,045 - Craig,37,14413,1,2019
5249,045 - Craig,38,13317,7,2019
6118,045 - Craig,40,12484,6,2019
7114,045 - Craig,32,12320,3,2019
8110,045 - Craig,39,12798,5,2019
9223,045 - Craig,32,9807,11,2019
10217,045 - Craig,33,8684,10,2019
11211,045 - Craig,37,10814,9,2019
272,045 - Craig,29,2821,4,2020
1391,045 - Craig,15,4351,8,2020
2387,045 - Craig,16,5016,12,2020
3259,045 - Craig,31,10064,2,2020
4254,045 - Craig,32,7882,1,2020
5372,045 - Craig,29,21944,7,2020
6242,045 - Craig,28,14021,6,2020
7239,045 - Craig,29,7727,3,2020
8234,045 - Craig,REDACTED,20,5,2020
9345,045 - Craig,18,5925,11,2020
10339,045 - Craig,22,6847,10,2020
11333,045 - Craig,21,4699,9,2020
395,045 - Craig,17,4601,4,2021
1515,045 - Craig,40,16917.83,8,2021
2509,045 - Craig,44,17384.83,12,2021
3382,045 - Craig,18,4420,2,2021
4377,045 - Craig,17,5086,1,2021
5493,045 - Craig,33,16326.76,7,2021
6364,045 - Craig,25,10762,6,2021
7362,045 - Craig,18,3999,3,2021
8352,045 - Craig,19,6555,5,2021
9468,045 - Craig,43,16822.85,11,2021
10461,045 - Craig,41,16487.34,10,2021
11457,045 - Craig,44,16377.84,9,2021
517,045 - Craig,51,20335.5,4,2022
1640,045 - Craig,44,18381.18,8,2022
2634,045 - Craig,41,28428.42,12,2022
3503,045 - Craig,46,18576.28,2,2022
4499,045 - Craig,42,19476.55,1,2022
5617,045 - Craig,48,20036.82,7,2022
6487,045 - Craig,46,19637.13,6,2022
7484,045 - Craig,43,16626.41,3,2022
8474,045 - Craig,50,19758.32,5,2022
9593,045 - Craig,37,26193.49,11,2022
10586,045 - Craig,40,16136.44,10,2022
11582,045 - Craig,45,17870.09,9,2022
642,045 - Craig,41,28009.56,4,2023
1765,045 - Craig,53,31041.37,8,2023
2758,045 - Craig,49,31694.77,12,2023
3628,045 - Craig,38,27626.36,2,2023
4624,045 - Craig,39,28685.78,1,2023
5742,045 - Craig,42,32397.38,7,2023
6612,045 - Craig,41,28365.91,6,2023
7609,045 - Craig,38,24007.11,3,2023
8599,045 - Craig,41,24738.51,5,2023
9717,045 - Craig,44,28895.73,11,2023
10711,045 - Craig,43,27894.54,10,2023
11707,045 - Craig,53,31876.68,9,2023
767,045 - Craig,48,27372.79,4,2024
1891,045 - Craig,55,42344.77,8,2024
2885,045 - Craig,59,32280,12,2024
3753,045 - Craig,55,35051.51,2,2024
4747,045 - Craig,48,31754.59,1,2024
5869,045 - Craig,50,35419.77,7,2024
6737,045 - Craig,46,31692.23,6,2024
7733,045 - Craig,50,29232.4,3,2024
8724,045 - Craig,47,30056.17,5,2024
9844,045 - Craig,55,32167,11,2024
10836,045 - Craig,48,28788.35,10,2024
11832,045 - Craig,57,38155.14,9,2024
893,045 - Craig,64,35722,4,2025
3880,045 - Craig,58,38186,2,2025
4874,045 - Craig,55,35327,1,2025
6864,045 - Craig,60,35091,6,2025
7859,045 - Craig,64,33190,3,2025
8850,045 - Craig,59,35073,5,2025
1019,047 - Culpeper,379,174819,8,2017
2018,047 - Culpeper,342,135203,12,2017
5000,047 - Culpeper,404,222445,7,2017
8977,047 - Culpeper,312,126788,11,2017
9970,047 - Culpeper,352,130568,10,2017
10962,047 - Culpeper,374,142482,9,2017
24,047 - Culpeper,339,123487,4,2018
1144,047 - Culpeper,351,231720,8,2018
2142,047 - Culpeper,340,159980,12,2018
3012,047 - Culpeper,353,145772,2,2018
4007,047 - Culpeper,325,114189,1,2018
5125,047 - Culpeper,368,229198,7,2018
5995,047 - Culpeper,355,132056,6,2018
6991,047 - Culpeper,350,119861,3,2018
7987,047 - Culpeper,355,125450,5,2018
9100,047 - Culpeper,328,162889,11,2018
10094,047 - Culpeper,327,146911,10,2018
11087,047 - Culpeper,359,173214,9,2018
148,047 - Culpeper,343,158477,4,2019
1269,047 - Culpeper,370,247403.8,8,2019
2266,047 - Culpeper,325,134475.4,12,2019
3136,047 - Culpeper,345,142826,2,2019
4131,047 - Culpeper,342,140032,1,2019
5250,047 - Culpeper,384,233502,7,2019
6119,047 - Culpeper,343,161108,6,2019
7115,047 - Culpeper,341,138217,3,2019
8111,047 - Culpeper,355,170649,5,2019
9224,047 - Culpeper,361,178223.2,11,2019
10218,047 - Culpeper,354,160667.2,10,2019
11212,047 - Culpeper,342,141846.8,9,2019
273,047 - Culpeper,334,105124.8,4,2020
1392,047 - Culpeper,331,278639,8,2020
2388,047 - Culpeper,255,125489.4,12,2020
3260,047 - Culpeper,365,179956.8,2,2020
4255,047 - Culpeper,359,173966.2,1,2020
5373,047 - Culpeper,359,288098,7,2020
6243,047 - Culpeper,345,240525.6,6,2020
7240,047 - Culpeper,348,155186.8,3,2020
8235,047 - Culpeper,233,117803,5,2020
9346,047 - Culpeper,259,149131.8,11,2020
10340,047 - Culpeper,267,132953.6,10,2020
11334,047 - Culpeper,314,155211,9,2020
396,047 - Culpeper,237,143602.6,4,2021
1516,047 - Culpeper,289,220620.6,8,2021
2510,047 - Culpeper,370,253156.6,12,2021
3383,047 - Culpeper,240,109110.6,2,2021
4378,047 - Culpeper,238,119104.6,1,2021
5494,047 - Culpeper,298,240445.6,7,2021
6365,047 - Culpeper,261,167574.4,6,2021
7363,047 - Culpeper,236,101941.2,3,2021
8353,047 - Culpeper,248,163939.4,5,2021
9469,047 - Culpeper,368,233842.2,11,2021
10462,047 - Culpeper,356,234921.8,10,2021
11458,047 - Culpeper,357,209846.2,9,2021
518,047 - Culpeper,414,284518,4,2022
1641,047 - Culpeper,402,289083,8,2022
2635,047 - Culpeper,449,379437.2,12,2022
3504,047 - Culpeper,404,259158.8,2,2022
4500,047 - Culpeper,366,251686.48,1,2022
5618,047 - Culpeper,435,311407.4,7,2022
6488,047 - Culpeper,415,272170.8,6,2022
7485,047 - Culpeper,403,248711.6,3,2022
8475,047 - Culpeper,413,266337.4,5,2022
9594,047 - Culpeper,447,350670,11,2022
10587,047 - Culpeper,454,279236.5,10,2022
11583,047 - Culpeper,423,249654.6,9,2022
643,047 - Culpeper,482,393561,4,2023
1766,047 - Culpeper,485,417497,8,2023
2759,047 - Culpeper,494,412871,12,2023
3629,047 - Culpeper,458,358833,2,2023
4625,047 - Culpeper,459,391415,1,2023
5743,047 - Culpeper,490,487362,7,2023
6613,047 - Culpeper,505,405580,6,2023
7610,047 - Culpeper,475,323401,3,2023
8600,047 - Culpeper,484,357257,5,2023
9718,047 - Culpeper,500,404641,11,2023
10712,047 - Culpeper,494,374522,10,2023
11708,047 - Culpeper,506,365069,9,2023
768,047 - Culpeper,504,399972,4,2024
1892,047 - Culpeper,452,442279,8,2024
2886,047 - Culpeper,429,332958,12,2024
3754,047 - Culpeper,509,435508,2,2024
4748,047 - Culpeper,493,378956,1,2024
5870,047 - Culpeper,470,446496,7,2024
6738,047 - Culpeper,529,452497,6,2024
7734,047 - Culpeper,508,404548,3,2024
8725,047 - Culpeper,525,428505,5,2024
9845,047 - Culpeper,437,358791,11,2024
10837,047 - Culpeper,437,326838,10,2024
11833,047 - Culpeper,443,316154,9,2024
894,047 - Culpeper,443,333568,4,2025
3881,047 - Culpeper,432,376384,2,2025
4875,047 - Culpeper,440,360515,1,2025
6865,047 - Culpeper,459,369707,6,2025
7860,047 - Culpeper,428,305412,3,2025
8851,047 - Culpeper,456,380081,5,2025
1020,049 - Cumberland,12,7261,8,2017
2019,049 - Cumberland,REDACTED,2052,12,2017
5001,049 - Cumberland,REDACTED,2027,7,2017
8978,049 - Cumberland,REDACTED,1934,11,2017
9971,049 - Cumberland,REDACTED,2453,10,2017
10963,049 - Cumberland,12,4353,9,2017
25,049 - Cumberland,REDACTED,1204,4,2018
1145,049 - Cumberland,24,9421,8,2018
2143,049 - Cumberland,REDACTED,4418,12,2018
3013,049 - Cumberland,REDACTED,1233,2,2018
4008,049 - Cumberland,REDACTED,2255,1,2018
5126,049 - Cumberland,16,8717,7,2018
5996,049 - Cumberland,14,4054,6,2018
6992,049 - Cumberland,REDACTED,872,3,2018
7988,049 - Cumberland,12,2316,5,2018
9101,049 - Cumberland,REDACTED,5138,11,2018
10095,049 - Cumberland,REDACTED,4456,10,2018
11088,049 - Cumberland,19,7450,9,2018
149,049 - Cumberland,12,5618,4,2019
1270,049 - Cumberland,21,9936,8,2019
2267,049 - Cumberland,15,6593,12,2019
3137,049 - Cumberland,10,4293,2,2019
4132,049 - Cumberland,12,4217,1,2019
5251,049 - Cumberland,21,14130,7,2019
6120,049 - Cumberland,15,7001,6,2019
7116,049 - Cumberland,10,4085,3,2019
8112,049 - Cumberland,15,6449,5,2019
9225,049 - Cumberland,14,6854,11,2019
10219,049 - Cumberland,18,6059,10,2019
11213,049 - Cumberland,25,11402,9,2019
274,049 - Cumberland,16,5865,4,2020
1393,049 - Cumberland,15,9116,8,2020
2389,049 - Cumberland,REDACTED,4159,12,2020
3261,049 - Cumberland,23,8291,2,2020
4256,049 - Cumberland,19,7982,1,2020
5374,049 - Cumberland,15,11046,7,2020
6244,049 - Cumberland,15,7413,6,2020
7241,049 - Cumberland,19,7173,3,2020
8236,049 - Cumberland,14,4724,5,2020
9347,049 - Cumberland,REDACTED,3726,11,2020
10341,049 - Cumberland,REDACTED,4035,10,2020
11335,049 - Cumberland,15,6934,9,2020
397,049 - Cumberland,REDACTED,1474,4,2021
1517,049 - Cumberland,REDACTED,1232,8,2021
2511,049 - Cumberland,REDACTED,5317,12,2021
3384,049 - Cumberland,REDACTED,2714,2,2021
4379,049 - Cumberland,REDACTED,3268,1,2021
5495,049 - Cumberland,REDACTED,1034,7,2021
6366,049 - Cumberland,REDACTED,938,6,2021
7364,049 - Cumberland,REDACTED,2249,3,2021
8354,049 - Cumberland,REDACTED,1897,5,2021
9470,049 - Cumberland,REDACTED,1776,11,2021
10463,049 - Cumberland,REDACTED,1956,10,2021
11459,049 - Cumberland,REDACTED,1366,9,2021
519,049 - Cumberland,REDACTED,3981,4,2022
1642,049 - Cumberland,REDACTED,4389,8,2022
2636,049 - Cumberland,REDACTED,4587,12,2022
3505,049 - Cumberland,10,4122,2,2022
4501,049 - Cumberland,REDACTED,2221,1,2022
5619,049 - Cumberland,11,5223,7,2022
6489,049 - Cumberland,REDACTED,2920,6,2022
7486,049 - Cumberland,13,6172,3,2022
8476,049 - Cumberland,REDACTED,2639,5,2022
9595,049 - Cumberland,REDACTED,4393,11,2022
10588,049 - Cumberland,REDACTED,2707,10,2022
11584,049 - Cumberland,REDACTED,2231,9,2022
644,049 - Cumberland,REDACTED,4208,4,2023
1767,049 - Cumberland,REDACTED,710,8,2023
2760,049 - Cumberland,REDACTED,1816,12,2023
3630,049 - Cumberland,REDACTED,4390,2,2023
4626,049 - Cumberland,REDACTED,5326,1,2023
5744,049 - Cumberland,REDACTED,5144,7,2023
6614,049 - Cumberland,REDACTED,7285,6,2023
7611,049 - Cumberland,REDACTED,2920,3,2023
8601,049 - Cumberland,REDACTED,1510,5,2023
9719,049 - Cumberland,REDACTED,1816,11,2023
10713,049 - Cumberland,REDACTED,1728,10,2023
769,049 - Cumberland,REDACTED,1543,4,2024
1893,049 - Cumberland,10,9215,8,2024
2887,049 - Cumberland,REDACTED,6157,12,2024
3755,049 - Cumberland,REDACTED,1947,2,2024
4749,049 - Cumberland,REDACTED,1728,1,2024
5871,049 - Cumberland,REDACTED,5914,7,2024
6739,049 - Cumberland,REDACTED,5089,6,2024
7735,049 - Cumberland,REDACTED,2041,3,2024
8726,049 - Cumberland,REDACTED,2642,5,2024
9846,049 - Cumberland,REDACTED,7143,11,2024
10838,049 - Cumberland,REDACTED,4752,10,2024
11834,049 - Cumberland,REDACTED,4819,9,2024
895,049 - Cumberland,REDACTED,7388,4,2025
3882,049 - Cumberland,REDACTED,6770,2,2025
4876,049 - Cumberland,REDACTED,6642,1,2025
6866,049 - Cumberland,REDACTED,6523,6,2025
7861,049 - Cumberland,REDACTED,5060,3,2025
8852,049 - Cumberland,11,8852,5,2025
1021,051 - Dickenson,15,3385,8,2017
2020,051 - Dickenson,13,2094,12,2017
5002,051 - Dickenson,12,2785,7,2017
8979,051 - Dickenson,14,3080,11,2017
9972,051 - Dickenson,15,2453,10,2017
10964,051 - Dickenson,17,4461,9,2017
26,051 - Dickenson,10,1800,4,2018
1146,051 - Dickenson,13,4045,8,2018
2144,051 - Dickenson,10,1194,12,2018
3014,051 - Dickenson,11,2021,2,2018
4009,051 - Dickenson,13,1659,1,2018
5127,051 - Dickenson,10,3495,7,2018
5997,051 - Dickenson,13,2268,6,2018
6993,051 - Dickenson,11,1505,3,2018
7989,051 - Dickenson,11,2064,5,2018
9102,051 - Dickenson,10,2660,11,2018
10096,051 - Dickenson,REDACTED,1153,10,2018
11089,051 - Dickenson,11,1683,9,2018
150,051 - Dickenson,REDACTED,1863,4,2019
1271,051 - Dickenson,14,6123,8,2019
2268,051 - Dickenson,12,3418,12,2019
3138,051 - Dickenson,REDACTED,710,2,2019
4133,051 - Dickenson,REDACTED,784,1,2019
5252,051 - Dickenson,13,5531,7,2019
6121,051 - Dickenson,10,4394,6,2019
7117,051 - Dickenson,REDACTED,6746,3,2019
8113,051 - Dickenson,REDACTED,2161,5,2019
9226,051 - Dickenson,12,4150,11,2019
10220,051 - Dickenson,13,3994,10,2019
11214,051 - Dickenson,12,4507,9,2019
275,051 - Dickenson,11,960,4,2020
1394,051 - Dickenson,REDACTED,3827,8,2020
3262,051 - Dickenson,11,3321,2,2020
4257,051 - Dickenson,12,3090,1,2020
5375,051 - Dickenson,REDACTED,2477,7,2020
6245,051 - Dickenson,REDACTED,4484,6,2020
7242,051 - Dickenson,11,2497,3,2020
8237,051 - Dickenson,10,2693,5,2020
11336,051 - Dickenson,REDACTED,512,9,2020
1518,051 - Dickenson,REDACTED,660,8,2021
2512,051 - Dickenson,REDACTED,2072,12,2021
5496,051 - Dickenson,REDACTED,506,7,2021
6367,051 - Dickenson,REDACTED,154,6,2021
9471,051 - Dickenson,REDACTED,1503,11,2021
10464,051 - Dickenson,REDACTED,968,10,2021
11460,051 - Dickenson,REDACTED,968,9,2021
520,051 - Dickenson,REDACTED,3324,4,2022
1643,051 - Dickenson,13,5790,8,2022
2637,051 - Dickenson,12,7961,12,2022
3506,051 - Dickenson,REDACTED,2600,2,2022
4502,051 - Dickenson,REDACTED,2537,1,2022
5620,051 - Dickenson,14,5978,7,2022
6490,051 - Dickenson,13,5126,6,2022
7487,051 - Dickenson,REDACTED,2892,3,2022
8477,051 - Dickenson,REDACTED,3367,5,2022
9596,051 - Dickenson,10,7587,11,2022
10589,051 - Dickenson,12,4151,10,2022
11585,051 - Dickenson,13,6232,9,2022
645,051 - Dickenson,15,10006,4,2023
1768,051 - Dickenson,21,12459,8,2023
2761,051 - Dickenson,15,8173,12,2023
3631,051 - Dickenson,13,9702,2,2023
4627,051 - Dickenson,14,9233,1,2023
5745,051 - Dickenson,19,11774,7,2023
6615,051 - Dickenson,16,10097,6,2023
7612,051 - Dickenson,13,7798,3,2023
8602,051 - Dickenson,14,8923,5,2023
9720,051 - Dickenson,16,8848,11,2023
10714,051 - Dickenson,16,9347,10,2023
11709,051 - Dickenson,21,11590,9,2023
770,051 - Dickenson,11,6090,4,2024
1894,051 - Dickenson,14,8007,8,2024
2888,051 - Dickenson,REDACTED,4047,12,2024
3756,051 - Dickenson,12,7407,2,2024
4750,051 - Dickenson,14,7736,1,2024
5872,051 - Dickenson,10,4922,7,2024
6740,051 - Dickenson,10,5148,6,2024
7736,051 - Dickenson,12,6317,3,2024
8727,051 - Dickenson,REDACTED,5236,5,2024
9847,051 - Dickenson,REDACTED,3632,11,2024
10839,051 - Dickenson,REDACTED,3396,10,2024
11835,051 - Dickenson,REDACTED,4176,9,2024
896,051 - Dickenson,REDACTED,2924,4,2025
3883,051 - Dickenson,REDACTED,3931,2,2025
4877,051 - Dickenson,REDACTED,4178,1,2025
6867,051 - Dickenson,REDACTED,3969,6,2025
7862,051 - Dickenson,REDACTED,2848,3,2025
8853,051 - Dickenson,REDACTED,4077,5,2025
1022,053 - Dinwiddie,33,13267,8,2017
2021,053 - Dinwiddie,22,7156,12,2017
5003,053 - Dinwiddie,33,13634,7,2017
8980,053 - Dinwiddie,25,6933,11,2017
9973,053 - Dinwiddie,31,7632,10,2017
10965,053 - Dinwiddie,36,12014,9,2017
27,053 - Dinwiddie,29,11150,4,2018
1147,053 - Dinwiddie,41,21231,8,2018
2145,053 - Dinwiddie,33,13349,12,2018
3015,053 - Dinwiddie,24,8336,2,2018
4010,053 - Dinwiddie,26,7410,1,2018
5128,053 - Dinwiddie,42,20387,7,2018
5998,053 - Dinwiddie,39,16017,6,2018
6994,053 - Dinwiddie,25,8942,3,2018
7990,053 - Dinwiddie,39,14393,5,2018
9103,053 - Dinwiddie,37,14867,11,2018
10097,053 - Dinwiddie,35,13535,10,2018
11090,053 - Dinwiddie,39,19988,9,2018
151,053 - Dinwiddie,42,16715,4,2019
1272,053 - Dinwiddie,48,19864,8,2019
2269,053 - Dinwiddie,45,13884,12,2019
3139,053 - Dinwiddie,40,17151,2,2019
4134,053 - Dinwiddie,40,14875,1,2019
5253,053 - Dinwiddie,46,16126,7,2019
6122,053 - Dinwiddie,44,18995,6,2019
7118,053 - Dinwiddie,41,15243,3,2019
8114,053 - Dinwiddie,44,17820,5,2019
9227,053 - Dinwiddie,44,14782,11,2019
10221,053 - Dinwiddie,50,15401,10,2019
11215,053 - Dinwiddie,45,19485,9,2019
276,053 - Dinwiddie,49,16142.8,4,2020
1395,053 - Dinwiddie,42,20541,8,2020
2390,053 - Dinwiddie,42,16460,12,2020
3263,053 - Dinwiddie,50,16287,2,2020
4258,053 - Dinwiddie,47,14658,1,2020
5376,053 - Dinwiddie,44,26274,7,2020
6246,053 - Dinwiddie,44,21061.4,6,2020
7243,053 - Dinwiddie,45,13159,3,2020
8238,053 - Dinwiddie,44,21591,5,2020
9348,053 - Dinwiddie,41,16263,11,2020
10342,053 - Dinwiddie,44,17194,10,2020
11337,053 - Dinwiddie,38,17355,9,2020
398,053 - Dinwiddie,40,19443,4,2021
1519,053 - Dinwiddie,59,32504.8,8,2021
2513,053 - Dinwiddie,83,43943.4,12,2021
3385,053 - Dinwiddie,43,16553,2,2021
4380,053 - Dinwiddie,41,18274,1,2021
5497,053 - Dinwiddie,59,32722.6,7,2021
6368,053 - Dinwiddie,48,19831,6,2021
7365,053 - Dinwiddie,39,13508,3,2021
8355,053 - Dinwiddie,45,23847,5,2021
9472,053 - Dinwiddie,80,40237.4,11,2021
10465,053 - Dinwiddie,79,42862.92,10,2021
11461,053 - Dinwiddie,74,39656.84,9,2021
521,053 - Dinwiddie,100,51988.8,4,2022
1644,053 - Dinwiddie,114,60877,8,2022
2638,053 - Dinwiddie,139,103246,12,2022
3507,053 - Dinwiddie,89,44989.4,2,2022
4503,053 - Dinwiddie,86,49071.8,1,2022
5621,053 - Dinwiddie,116,63825,7,2022
6491,053 - Dinwiddie,107,60258,6,2022
7488,053 - Dinwiddie,94,43775,3,2022
8478,053 - Dinwiddie,98,52390,5,2022
9597,053 - Dinwiddie,128,94172,11,2022
10590,053 - Dinwiddie,123,66311.6,10,2022
11586,053 - Dinwiddie,128,71159,9,2022
646,053 - Dinwiddie,160,124488,4,2023
1769,053 - Dinwiddie,163,125936,8,2023
2762,053 - Dinwiddie,143,117414,12,2023
3632,053 - Dinwiddie,153,112988,2,2023
4628,053 - Dinwiddie,145,112417,1,2023
5746,053 - Dinwiddie,171,146343,7,2023
6616,053 - Dinwiddie,163,127288,6,2023
7613,053 - Dinwiddie,154,103846,3,2023
8603,053 - Dinwiddie,155,104980,5,2023
9721,053 - Dinwiddie,144,111713,11,2023
10715,053 - Dinwiddie,145,106255,10,2023
11710,053 - Dinwiddie,158,132383,9,2023
771,053 - Dinwiddie,150,118196,4,2024
1895,053 - Dinwiddie,159,145467,8,2024
2889,053 - Dinwiddie,150,109653,12,2024
3757,053 - Dinwiddie,137,121867,2,2024
4751,053 - Dinwiddie,146,111734,1,2024
5873,053 - Dinwiddie,156,129828,7,2024
6741,053 - Dinwiddie,148,128530,6,2024
7737,053 - Dinwiddie,148,113905,3,2024
8728,053 - Dinwiddie,149,122846,5,2024
9848,053 - Dinwiddie,145,125916,11,2024
10840,053 - Dinwiddie,150,112226,10,2024
11836,053 - Dinwiddie,161,126499,9,2024
897,053 - Dinwiddie,143,111378,4,2025
3884,053 - Dinwiddie,145,121441,2,2025
4878,053 - Dinwiddie,142,116270,1,2025
6868,053 - Dinwiddie,142,115648,6,2025
7863,053 - Dinwiddie,142,104177,3,2025
8854,053 - Dinwiddie,140,116936,5,2025
1023,057 - Essex,61,22477,8,2017
2022,057 - Essex,49,18750,12,2017
5004,057 - Essex,63,31089,7,2017
8981,057 - Essex,52,20897,11,2017
9974,057 - Essex,63,22718,10,2017
10966,057 - Essex,55,25356,9,2017
28,057 - Essex,59,21169,4,2018
1148,057 - Essex,57,33863,8,2018
2146,057 - Essex,54,27994,12,2018
3016,057 - Essex,53,21804,2,2018
4011,057 - Essex,50,19032,1,2018
5129,057 - Essex,53,28719,7,2018
5999,057 - Essex,56,23805,6,2018
6995,057 - Essex,51,17683,3,2018
7991,057 - Essex,61,22944,5,2018
9104,057 - Essex,49,25884,11,2018
10098,057 - Essex,56,21036,10,2018
11091,057 - Essex,55,32026,9,2018
152,057 - Essex,57,25007,4,2019
1273,057 - Essex,60,32758,8,2019
2270,057 - Essex,61,27519,12,2019
3140,057 - Essex,53,25854,2,2019
4135,057 - Essex,56,28566,1,2019
5254,057 - Essex,59,21461,7,2019
6123,057 - Essex,52,32580,6,2019
7119,057 - Essex,48,20813,3,2019
8115,057 - Essex,54,27381,5,2019
9228,057 - Essex,59,28804,11,2019
10222,057 - Essex,60,26554,10,2019
11216,057 - Essex,61,28861,9,2019
277,057 - Essex,66,32687.6,4,2020
1396,057 - Essex,63,35985,8,2020
2391,057 - Essex,63,36333,12,2020
3264,057 - Essex,69,33776.6,2,2020
4259,057 - Essex,70,32232.2,1,2020
5377,057 - Essex,59,34346,7,2020
6247,057 - Essex,62,33163.4,6,2020
7244,057 - Essex,75,29607,3,2020
8239,057 - Essex,62,30571.2,5,2020
9349,057 - Essex,55,29415,11,2020
10343,057 - Essex,57,28199,10,2020
11338,057 - Essex,57,28693,9,2020
399,057 - Essex,53,27373,4,2021
1520,057 - Essex,65,36165,8,2021
2514,057 - Essex,78,41342,12,2021
3386,057 - Essex,49,25810.4,2,2021
4381,057 - Essex,51,27000.2,1,2021
5498,057 - Essex,54,32694,7,2021
6369,057 - Essex,50,27279,6,2021
7366,057 - Essex,47,23327.4,3,2021
8356,057 - Essex,49,30310,5,2021
9473,057 - Essex,68,34388,11,2021
10466,057 - Essex,64,32307,10,2021
11462,057 - Essex,64,38192,9,2021
522,057 - Essex,91,52111,4,2022
1645,057 - Essex,114,65670,8,2022
2639,057 - Essex,106,88275,12,2022
3508,057 - Essex,86,43840,2,2022
4504,057 - Essex,85,48328,1,2022
5622,057 - Essex,105,63946,7,2022
6492,057 - Essex,109,58968,6,2022
7489,057 - Essex,85,43648,3,2022
8479,057 - Essex,94,49935,5,2022
9598,057 - Essex,104,83373,11,2022
10591,057 - Essex,104,59898,10,2022
11587,057 - Essex,113,64948,9,2022
647,057 - Essex,108,96530,4,2023
1770,057 - Essex,113,93980,8,2023
2763,057 - Essex,123,103046,12,2023
3633,057 - Essex,107,87963,2,2023
4629,057 - Essex,105,91727,1,2023
5747,057 - Essex,108,93861,7,2023
6617,057 - Essex,108,92396,6,2023
7614,057 - Essex,96,76196,3,2023
8604,057 - Essex,107,84847,5,2023
9722,057 - Essex,120,101965,11,2023
10716,057 - Essex,122,103590,10,2023
11711,057 - Essex,120,103483,9,2023
772,057 - Essex,127,104485,4,2024
1896,057 - Essex,133,123584,8,2024
2890,057 - Essex,137,107653,12,2024
3758,057 - Essex,131,109744,2,2024
4752,057 - Essex,115,95912,1,2024
5874,057 - Essex,126,116400,7,2024
6742,057 - Essex,122,119609,6,2024
7738,057 - Essex,122,99389,3,2024
8729,057 - Essex,116,101665,5,2024
9849,057 - Essex,136,114354,11,2024
10841,057 - Essex,136,105533,10,2024
11837,057 - Essex,128,108470,9,2024
898,057 - Essex,144,114491,4,2025
3885,057 - Essex,142,118276,2,2025
4879,057 - Essex,141,118076,1,2025
6869,057 - Essex,135,115035,6,2025
7864,057 - Essex,135,100863,3,2025
8855,057 - Essex,144,121339,5,2025
1024,059 - Fairfax County,2390,1808017,8,2017
2023,059 - Fairfax County,2382,1716842,12,2017
5005,059 - Fairfax County,2493,1925000,7,2017
8982,059 - Fairfax County,2376,1631819,11,2017
9975,059 - Fairfax County,2516,1569467,10,2017
10967,059 - Fairfax County,2424,1842253,9,2017
29,059 - Fairfax County,2294,1641157,4,2018
1149,059 - Fairfax County,2210,2376460,8,2018
2147,059 - Fairfax County,1943,1901171,12,2018
3017,059 - Fairfax County,2342,1789760,2,2018
4012,059 - Fairfax County,2308,1580539,1,2018
5130,059 - Fairfax County,2298,2331330,7,2018
6000,059 - Fairfax County,2256,1701564,6,2018
6996,059 - Fairfax County,2299,1515244,3,2018
7992,059 - Fairfax County,2277,1583368,5,2018
9105,059 - Fairfax County,1957,1986175,11,2018
10099,059 - Fairfax County,2020,1788110,10,2018
11092,059 - Fairfax County,2169,2288454,9,2018
153,059 - Fairfax County,1980,1869665,4,2019
1274,059 - Fairfax County,2209,2320342.89,8,2019
2271,059 - Fairfax County,2328,2097368.96,12,2019
3141,059 - Fairfax County,1900,2024236,2,2019
4136,059 - Fairfax County,1927,1844762,1,2019
5255,059 - Fairfax County,2201,2073417.41,7,2019
6124,059 - Fairfax County,2131,2197629,6,2019
7120,059 - Fairfax County,1903,1716536,3,2019
8116,059 - Fairfax County,2090,2086857,5,2019
9229,059 - Fairfax County,2316,2239421.82,11,2019
10223,059 - Fairfax County,2288,2003934.29,10,2019
11217,059 - Fairfax County,2225,2156462.29,9,2019
278,059 - Fairfax County,2337,1908966.66,4,2020
1397,059 - Fairfax County,1915,2154646.6,8,2020
2392,059 - Fairfax County,1716,1676539.3,12,2020
3265,059 - Fairfax County,2417,2455883.06,2,2020
4260,059 - Fairfax County,2377,2234400.46,1,2020
5378,059 - Fairfax County,1999,2707679.87,7,2020
6248,059 - Fairfax County,1963,2219320.94,6,2020
7245,059 - Fairfax County,2371,2082962.64,3,2020
8240,059 - Fairfax County,1689,1708637.75,5,2020
9350,059 - Fairfax County,1727,1752016.8,11,2020
10344,059 - Fairfax County,1910,1765120.4,10,2020
11339,059 - Fairfax County,1796,1858997.4,9,2020
400,059 - Fairfax County,1652,1797130.1,4,2021
1521,059 - Fairfax County,2047,2521077.1,8,2021
2515,059 - Fairfax County,2394,2796655.58,12,2021
3387,059 - Fairfax County,1627,1549171.1,2,2021
4382,059 - Fairfax County,1642,1682994.9,1,2021
5499,059 - Fairfax County,1974,2553205.9,7,2021
6370,059 - Fairfax County,1815,2005373.31,6,2021
7367,059 - Fairfax County,1639,1480076.12,3,2021
8357,059 - Fairfax County,1689,1936290.49,5,2021
9474,059 - Fairfax County,2308,2481773.45,11,2021
10467,059 - Fairfax County,2277,2531745.71,10,2021
11463,059 - Fairfax County,2211,2526471.1,9,2021
523,059 - Fairfax County,2727,3330732.38,4,2022
1646,059 - Fairfax County,2781,3369969.47,8,2022
2640,059 - Fairfax County,3048,3896529.05,12,2022
3509,059 - Fairfax County,2548,2811788.67,2,2022
4505,059 - Fairfax County,2485,3057473.47,1,2022
5623,059 - Fairfax County,2894,3751954.99,7,2022
6493,059 - Fairfax County,2828,3263232,6,2022
7490,059 - Fairfax County,2603,2727064.98,3,2022
8480,059 - Fairfax County,2791,3146247.3,5,2022
9599,059 - Fairfax County,2956,3624409.32,11,2022
10592,059 - Fairfax County,2880,3300775.08,10,2022
11588,059 - Fairfax County,2923,3560328.19,9,2022
648,059 - Fairfax County,3250,4234817.46,4,2023
1771,059 - Fairfax County,3479,4445757.6,8,2023
2764,059 - Fairfax County,3592,5038315.22,12,2023
3634,059 - Fairfax County,3176,3923291.98,2,2023
4630,059 - Fairfax County,3099,4058037.52,1,2023
5748,059 - Fairfax County,3502,4749201.52,7,2023
6618,059 - Fairfax County,3390,4424634.64,6,2023
7615,059 - Fairfax County,3181,3583204.51,3,2023
8605,059 - Fairfax County,3320,3846503.55,5,2023
9723,059 - Fairfax County,3502,4723245.61,11,2023
10717,059 - Fairfax County,3422,4407741,10,2023
11712,059 - Fairfax County,3596,5144925.66,9,2023
773,059 - Fairfax County,3904,5197733.94,4,2024
1897,059 - Fairfax County,4227,6503051.4,8,2024
2891,059 - Fairfax County,4047,5318430,12,2024
3759,059 - Fairfax County,3787,5401536.18,2,2024
4753,059 - Fairfax County,3699,4933691.42,1,2024
5875,059 - Fairfax County,4173,5742007.53,7,2024
6743,059 - Fairfax County,4051,5870181.96,6,2024
7739,059 - Fairfax County,3820,4955572.15,3,2024
8730,059 - Fairfax County,3988,5505145.38,5,2024
9850,059 - Fairfax County,3994,5636287,11,2024
10842,059 - Fairfax County,4013,5071018.98,10,2024
11838,059 - Fairfax County,4256,5657520.44,9,2024
899,059 - Fairfax County,4300,5537792,4,2025
3886,059 - Fairfax County,4190,5968376,2,2025
4880,059 - Fairfax County,4129,5646976,1,2025
6870,059 - Fairfax County,4268,5848413,6,2025
7865,059 - Fairfax County,4219,5196604,3,2025
8856,059 - Fairfax County,4356,6017847,5,2025
1025,061 - Fauquier,94,47253,8,2017
2024,061 - Fauquier,83,33470,12,2017
5006,061 - Fauquier,94,53758,7,2017
8983,061 - Fauquier,85,41393,11,2017
9976,061 - Fauquier,82,35434,10,2017
10968,061 - Fauquier,94,43214,9,2017
30,061 - Fauquier,89,32934,4,2018
1150,061 - Fauquier,83,56945,8,2018
2148,061 - Fauquier,67,41001,12,2018
3018,061 - Fauquier,91,40982,2,2018
4013,061 - Fauquier,84,30732,1,2018
5131,061 - Fauquier,83,55931,7,2018
6001,061 - Fauquier,88,41909,6,2018
6997,061 - Fauquier,91,32450,3,2018
7993,061 - Fauquier,96,42374,5,2018
9106,061 - Fauquier,67,42116,11,2018
10100,061 - Fauquier,70,35000,10,2018
11093,061 - Fauquier,77,43269,9,2018
154,061 - Fauquier,68,41760,4,2019
1275,061 - Fauquier,96,65069,8,2019
2272,061 - Fauquier,88,47809.4,12,2019
3142,061 - Fauquier,68,42957,2,2019
4137,061 - Fauquier,69,43315,1,2019
5256,061 - Fauquier,100,68942.8,7,2019
6125,061 - Fauquier,83,51430,6,2019
7121,061 - Fauquier,70,38301,3,2019
8117,061 - Fauquier,84,50909,5,2019
9230,061 - Fauquier,89,56402.8,11,2019
10224,061 - Fauquier,87,44499.4,10,2019
11218,061 - Fauquier,85,44892.2,9,2019
279,061 - Fauquier,92,50877.8,4,2020
1398,061 - Fauquier,77,51312.2,8,2020
2393,061 - Fauquier,68,44867.8,12,2020
3266,061 - Fauquier,82,54881.6,2,2020
4261,061 - Fauquier,85,50357.4,1,2020
5379,061 - Fauquier,70,64347.4,7,2020
6249,061 - Fauquier,86,71934,6,2020
7246,061 - Fauquier,90,53787.8,3,2020
8241,061 - Fauquier,61,43041.8,5,2020
9351,061 - Fauquier,80,64271,11,2020
10345,061 - Fauquier,80,51931,10,2020
11340,061 - Fauquier,79,48930.6,9,2020
401,061 - Fauquier,69,48155.2,4,2021
1522,061 - Fauquier,73,64211,8,2021
2516,061 - Fauquier,86,67721.05,12,2021
3388,061 - Fauquier,67,42146.4,2,2021
4383,061 - Fauquier,71,44944.8,1,2021
5500,061 - Fauquier,72,65060.6,7,2021
6371,061 - Fauquier,67,44309.2,6,2021
7368,061 - Fauquier,69,43315.6,3,2021
8358,061 - Fauquier,66,43961,5,2021
9475,061 - Fauquier,84,62351.4,11,2021
10468,061 - Fauquier,87,61864.2,10,2021
11464,061 - Fauquier,81,54256.4,9,2021
524,061 - Fauquier,109,87102.55,4,2022
1647,061 - Fauquier,109,91533.6,8,2022
2641,061 - Fauquier,137,123046,12,2022
3510,061 - Fauquier,97,67608.25,2,2022
4506,061 - Fauquier,93,72123.45,1,2022
5624,061 - Fauquier,105,98778.6,7,2022
6494,061 - Fauquier,114,86644.5,6,2022
7491,061 - Fauquier,99,65339.55,3,2022
8481,061 - Fauquier,112,82981.85,5,2022
9600,061 - Fauquier,127,109238,11,2022
10593,061 - Fauquier,121,86340.3,10,2022
11589,061 - Fauquier,113,85381.3,9,2022
649,061 - Fauquier,155,139973,4,2023
1772,061 - Fauquier,169,148375,8,2023
2765,061 - Fauquier,189,163941,12,2023
3635,061 - Fauquier,146,121899,2,2023
4631,061 - Fauquier,138,128178,1,2023
5749,061 - Fauquier,175,172696,7,2023
6619,061 - Fauquier,157,143323,6,2023
7616,061 - Fauquier,150,107504,3,2023
8606,061 - Fauquier,161,119306,5,2023
9724,061 - Fauquier,185,153066,11,2023
10718,061 - Fauquier,177,144982,10,2023
11713,061 - Fauquier,186,148711,9,2023
774,061 - Fauquier,190,156569,4,2024
1898,061 - Fauquier,179,181593,8,2024
2892,061 - Fauquier,147,124331,12,2024
3760,061 - Fauquier,190,173492,2,2024
4754,061 - Fauquier,185,152542,1,2024
5876,061 - Fauquier,176,167525,7,2024
6744,061 - Fauquier,186,170946,6,2024
7740,061 - Fauquier,185,158883,3,2024
8731,061 - Fauquier,198,174687,5,2024
9851,061 - Fauquier,149,135864,11,2024
10843,061 - Fauquier,158,126841,10,2024
11839,061 - Fauquier,167,138199,9,2024
900,061 - Fauquier,158,139808,4,2025
3887,061 - Fauquier,160,152793,2,2025
4881,061 - Fauquier,150,133383,1,2025
6871,061 - Fauquier,166,149867,6,2025
7866,061 - Fauquier,156,122959,3,2025
8857,061 - Fauquier,164,145561,5,2025
1026,063 - Floyd,REDACTED,850,8,2017
2025,063 - Floyd,REDACTED,576,12,2017
5007,063 - Floyd,REDACTED,957,7,2017
8984,063 - Floyd,REDACTED,719,11,2017
9977,063 - Floyd,REDACTED,738,10,2017
10969,063 - Floyd,REDACTED,1001,9,2017
31,063 - Floyd,REDACTED,1377,4,2018
1151,063 - Floyd,REDACTED,2262,8,2018
2149,063 - Floyd,REDACTED,3216,12,2018
3019,063 - Floyd,REDACTED,1828,2,2018
4014,063 - Floyd,REDACTED,956,1,2018
5132,063 - Floyd,REDACTED,2841,7,2018
6002,063 - Floyd,REDACTED,1445,6,2018
6998,063 - Floyd,REDACTED,897,3,2018
7994,063 - Floyd,REDACTED,1383,5,2018
9107,063 - Floyd,REDACTED,3318,11,2018
10101,063 - Floyd,REDACTED,2972,10,2018
11094,063 - Floyd,REDACTED,2824,9,2018
155,063 - Floyd,10,4588,4,2019
1276,063 - Floyd,19,8847,8,2019
2273,063 - Floyd,16,6295,12,2019
3143,063 - Floyd,REDACTED,2518,2,2019
4138,063 - Floyd,10,3062,1,2019
5257,063 - Floyd,17,6062,7,2019
6126,063 - Floyd,14,8069,6,2019
7122,063 - Floyd,11,5209,3,2019
8118,063 - Floyd,14,5893,5,2019
9231,063 - Floyd,18,8291,11,2019
10225,063 - Floyd,16,7103,10,2019
11219,063 - Floyd,16,7006,9,2019
280,063 - Floyd,18,6166,4,2020
1399,063 - Floyd,21,11637,8,2020
2394,063 - Floyd,18,8419.06,12,2020
3267,063 - Floyd,16,7425,2,2020
4262,063 - Floyd,15,5995,1,2020
5380,063 - Floyd,19,15081,7,2020
6250,063 - Floyd,15,5805,6,2020
7247,063 - Floyd,20,7608,3,2020
8242,063 - Floyd,14,5767,5,2020
9352,063 - Floyd,17,8091.59,11,2020
10346,063 - Floyd,15,7245,10,2020
11341,063 - Floyd,16,6184,9,2020
402,063 - Floyd,14,6252.27,4,2021
1523,063 - Floyd,21,13399.78,8,2021
2517,063 - Floyd,25,13169.03,12,2021
3389,063 - Floyd,13,5942.58,2,2021
4384,063 - Floyd,19,6461.37,1,2021
5501,063 - Floyd,23,15634.11,7,2021
6372,063 - Floyd,14,7038.32,6,2021
7369,063 - Floyd,16,5170.97,3,2021
8359,063 - Floyd,14,6115.78,5,2021
9476,063 - Floyd,26,14326.84,11,2021
10469,063 - Floyd,26,15360.66,10,2021
11465,063 - Floyd,22,13985.31,9,2021
525,063 - Floyd,38,22013.19,4,2022
1648,063 - Floyd,35,19386.33,8,2022
2642,063 - Floyd,38,25750.07,12,2022
3511,063 - Floyd,33,16327.58,2,2022
4507,063 - Floyd,26,14477.85,1,2022
5625,063 - Floyd,36,20105.67,7,2022
6495,063 - Floyd,36,20093.08,6,2022
7492,063 - Floyd,34,17472,3,2022
8482,063 - Floyd,36,20203.06,5,2022
9601,063 - Floyd,34,24980.24,11,2022
10594,063 - Floyd,31,17362.55,10,2022
11590,063 - Floyd,29,15844.19,9,2022
650,063 - Floyd,34,23855.21,4,2023
1773,063 - Floyd,37,28211.22,8,2023
2766,063 - Floyd,46,33163.62,12,2023
3636,063 - Floyd,31,22223.12,2,2023
4632,063 - Floyd,34,23278.46,1,2023
5750,063 - Floyd,42,30317.74,7,2023
6620,063 - Floyd,36,26652.82,6,2023
7617,063 - Floyd,33,19399.17,3,2023
8607,063 - Floyd,36,23921.34,5,2023
9725,063 - Floyd,41,32090.43,11,2023
10719,063 - Floyd,34,25422.52,10,2023
11714,063 - Floyd,35,26490.3,9,2023
775,063 - Floyd,47,33443.22,4,2024
1899,063 - Floyd,43,35406.37,8,2024
2893,063 - Floyd,38,22615,12,2024
3761,063 - Floyd,47,38824.48,2,2024
4755,063 - Floyd,41,31211.62,1,2024
5877,063 - Floyd,46,32742.63,7,2024
6745,063 - Floyd,44,35770.69,6,2024
7741,063 - Floyd,49,32615.49,3,2024
8732,063 - Floyd,45,35006.3,5,2024
9852,063 - Floyd,39,26122,11,2024
10844,063 - Floyd,42,27583.56,10,2024
11840,063 - Floyd,48,26594.38,9,2024
901,063 - Floyd,38,22612,4,2025
3888,063 - Floyd,36,22985,2,2025
4882,063 - Floyd,37,24597,1,2025
6872,063 - Floyd,37,23068,6,2025
7867,063 - Floyd,36,18801,3,2025
8858,063 - Floyd,39,24512,5,2025
1027,065 - Fluvanna,31,14189,8,2017
2026,065 - Fluvanna,25,11897,12,2017
5008,065 - Fluvanna,28,15863,7,2017
8985,065 - Fluvanna,25,14394,11,2017
9978,065 - Fluvanna,26,10703,10,2017
10970,065 - Fluvanna,27,13385,9,2017
32,065 - Fluvanna,26,10023,4,2018
1152,065 - Fluvanna,24,13792,8,2018
2150,065 - Fluvanna,24,11257,12,2018
3020,065 - Fluvanna,26,10724,2,2018
4015,065 - Fluvanna,22,9487,1,2018
5133,065 - Fluvanna,21,10582,7,2018
6003,065 - Fluvanna,25,12531,6,2018
6999,065 - Fluvanna,26,11227,3,2018
7995,065 - Fluvanna,25,9770,5,2018
9108,065 - Fluvanna,23,12584,11,2018
10102,065 - Fluvanna,21,8919,10,2018
11095,065 - Fluvanna,24,12580,9,2018
156,065 - Fluvanna,22,12046,4,2019
1277,065 - Fluvanna,28,19953.4,8,2019
2274,065 - Fluvanna,30,12573,12,2019
3144,065 - Fluvanna,25,14125,2,2019
4139,065 - Fluvanna,24,10970,1,2019
5258,065 - Fluvanna,24,13621.6,7,2019
6127,065 - Fluvanna,27,15252,6,2019
7123,065 - Fluvanna,25,12749,3,2019
8119,065 - Fluvanna,24,13849,5,2019
9232,065 - Fluvanna,34,17632,11,2019
10226,065 - Fluvanna,36,17053.6,10,2019
11220,065 - Fluvanna,33,16274.8,9,2019
281,065 - Fluvanna,33,13034.6,4,2020
1400,065 - Fluvanna,25,12663,8,2020
2395,065 - Fluvanna,25,11782,12,2020
3268,065 - Fluvanna,36,17235.8,2,2020
4263,065 - Fluvanna,34,14344.6,1,2020
5381,065 - Fluvanna,30,19720.8,7,2020
6251,065 - Fluvanna,31,17560.7,6,2020
7248,065 - Fluvanna,37,15665,3,2020
8243,065 - Fluvanna,27,13372.5,5,2020
9353,065 - Fluvanna,27,13484,11,2020
10347,065 - Fluvanna,29,12633,10,2020
11342,065 - Fluvanna,26,12712,9,2020
403,065 - Fluvanna,24,13181,4,2021
1524,065 - Fluvanna,35,21435.4,8,2021
2518,065 - Fluvanna,41,26158.4,12,2021
3390,065 - Fluvanna,26,12254,2,2021
4385,065 - Fluvanna,25,11944,1,2021
5502,065 - Fluvanna,30,20678.4,7,2021
6373,065 - Fluvanna,24,11948,6,2021
7370,065 - Fluvanna,26,11138,3,2021
8360,065 - Fluvanna,23,12606,5,2021
9477,065 - Fluvanna,40,22949.6,11,2021
10470,065 - Fluvanna,38,19748.2,10,2021
11466,065 - Fluvanna,30,15817.6,9,2021
526,065 - Fluvanna,53,35080.6,4,2022
1649,065 - Fluvanna,72,47492,8,2022
2643,065 - Fluvanna,74,67421,12,2022
3512,065 - Fluvanna,46,27499.6,2,2022
4508,065 - Fluvanna,42,27854.2,1,2022
5626,065 - Fluvanna,72,53246.2,7,2022
6496,065 - Fluvanna,69,44428.8,6,2022
7493,065 - Fluvanna,52,31731.4,3,2022
8483,065 - Fluvanna,60,35982.6,5,2022
9602,065 - Fluvanna,70,59764,11,2022
10595,065 - Fluvanna,69,43601.2,10,2022
11591,065 - Fluvanna,83,48565.6,9,2022
651,065 - Fluvanna,87,76275.7,4,2023
1774,065 - Fluvanna,87,73137.82,8,2023
2767,065 - Fluvanna,87,75703.94,12,2023
3637,065 - Fluvanna,88,73820.53,2,2023
4633,065 - Fluvanna,79,77610.8,1,2023
5751,065 - Fluvanna,97,92172.24,7,2023
6621,065 - Fluvanna,89,78694.06,6,2023
7618,065 - Fluvanna,88,70935.7,3,2023
8608,065 - Fluvanna,86,64739.81,5,2023
9726,065 - Fluvanna,91,77683.94,11,2023
10720,065 - Fluvanna,94,75112.07,10,2023
11715,065 - Fluvanna,102,83854.55,9,2023
776,065 - Fluvanna,92,76811,4,2024
1900,065 - Fluvanna,85,87226,8,2024
2894,065 - Fluvanna,69,55980,12,2024
3762,065 - Fluvanna,87,80057,2,2024
4756,065 - Fluvanna,90,71381.28,1,2024
5878,065 - Fluvanna,89,79977,7,2024
6746,065 - Fluvanna,84,77166,6,2024
7742,065 - Fluvanna,90,74782,3,2024
8733,065 - Fluvanna,91,79108,5,2024
9853,065 - Fluvanna,75,60485,11,2024
10845,065 - Fluvanna,68,54430,10,2024
11841,065 - Fluvanna,77,65031,9,2024
902,065 - Fluvanna,64,51729,4,2025
3889,065 - Fluvanna,68,65865,2,2025
4883,065 - Fluvanna,64,56608,1,2025
6873,065 - Fluvanna,79,66646,6,2025
7868,065 - Fluvanna,65,50861,3,2025
8859,065 - Fluvanna,77,66751,5,2025
1028,067 - Franklin County,113,34889,8,2017
2027,067 - Franklin County,118,37096,12,2017
5009,067 - Franklin County,120,41458,7,2017
8986,067 - Franklin County,107,32823,11,2017
9979,067 - Franklin County,114,29693,10,2017
10971,067 - Franklin County,115,33452,9,2017
33,067 - Franklin County,120,34606,4,2018
1153,067 - Franklin County,99,34326,8,2018
2151,067 - Franklin County,87,27960,12,2018
3021,067 - Franklin County,117,36100,2,2018
4016,067 - Franklin County,115,33511,1,2018
5134,067 - Franklin County,112,43223,7,2018
6004,067 - Franklin County,122,36438,6,2018
7000,067 - Franklin County,114,33465,3,2018
7996,067 - Franklin County,124,38522,5,2018
9109,067 - Franklin County,86,29790,11,2018
10103,067 - Franklin County,83,22222,10,2018
11096,067 - Franklin County,95,32286,9,2018
157,067 - Franklin County,105,27929,4,2019
1278,067 - Franklin County,135,44463,8,2019
2275,067 - Franklin County,144,37487,12,2019
3145,067 - Franklin County,87,28076,2,2019
4140,067 - Franklin County,84,26053,1,2019
5259,067 - Franklin County,135,40437.4,7,2019
6128,067 - Franklin County,118,31902,6,2019
7124,067 - Franklin County,87,26588,3,2019
8120,067 - Franklin County,106,27976,5,2019
9233,067 - Franklin County,140,39189.8,11,2019
10227,067 - Franklin County,129,34453.8,10,2019
11221,067 - Franklin County,143,38464.6,9,2019
282,067 - Franklin County,154,42606.6,4,2020
1401,067 - Franklin County,109,42643,8,2020
2396,067 - Franklin County,124,45528.68,12,2020
3269,067 - Franklin County,150,43062.4,2,2020
4264,067 - Franklin County,144,37843.4,1,2020
5382,067 - Franklin County,115,50355,7,2020
6252,067 - Franklin County,124,50383,6,2020
7249,067 - Franklin County,145,38471.6,3,2020
8244,067 - Franklin County,120,48449,5,2020
9354,067 - Franklin County,111,37656.56,11,2020
10348,067 - Franklin County,123,41964,10,2020
11343,067 - Franklin County,114,46494,9,2020
404,067 - Franklin County,118,43239.4,4,2021
1525,067 - Franklin County,153,77413.24,8,2021
2519,067 - Franklin County,148,63961.24,12,2021
3391,067 - Franklin County,121,41884.42,2,2021
4386,067 - Franklin County,119,42389.84,1,2021
5503,067 - Franklin County,158,74939.54,7,2021
6374,067 - Franklin County,132,49258.4,6,2021
7371,067 - Franklin County,119,33863.86,3,2021
8361,067 - Franklin County,131,47924.1,5,2021
9478,067 - Franklin County,141,57327.24,11,2021
10471,067 - Franklin County,141,60666.4,10,2021
11467,067 - Franklin County,160,66322.44,9,2021
527,067 - Franklin County,186,79708.76,4,2022
1650,067 - Franklin County,197,91050.98,8,2022
2644,067 - Franklin County,227,166967.81,12,2022
3513,067 - Franklin County,181,82374.31,2,2022
4509,067 - Franklin County,156,73346.59,1,2022
5627,067 - Franklin County,196,102573.76,7,2022
6497,067 - Franklin County,196,82124.34,6,2022
7494,067 - Franklin County,181,69048.56,3,2022
8484,067 - Franklin County,195,76126.68,5,2022
9603,067 - Franklin County,231,156589.59,11,2022
10596,067 - Franklin County,221,93094.66,10,2022
11592,067 - Franklin County,224,93755.66,9,2022
652,067 - Franklin County,257,183698.4,4,2023
1775,067 - Franklin County,253,181764.99,8,2023
2768,067 - Franklin County,265,178063.58,12,2023
3638,067 - Franklin County,255,160191.88,2,2023
4634,067 - Franklin County,237,165741.75,1,2023
5752,067 - Franklin County,259,197691.78,7,2023
6622,067 - Franklin County,258,176199.19,6,2023
7619,067 - Franklin County,248,149472.59,3,2023
8609,067 - Franklin County,258,155903.59,5,2023
9727,067 - Franklin County,260,166186.89,11,2023
10721,067 - Franklin County,249,160397.53,10,2023
11716,067 - Franklin County,286,172681.93,9,2023
777,067 - Franklin County,293,184296.23,4,2024
1901,067 - Franklin County,293,232870.11,8,2024
2895,067 - Franklin County,282,172227,12,2024
3763,067 - Franklin County,290,197300.61,2,2024
4757,067 - Franklin County,275,170632.86,1,2024
5879,067 - Franklin County,289,198297.15,7,2024
6747,067 - Franklin County,289,196712.36,6,2024
7743,067 - Franklin County,283,190599.1,3,2024
8734,067 - Franklin County,290,196606.71,5,2024
9854,067 - Franklin County,272,179784,11,2024
10846,067 - Franklin County,255,147601.14,10,2024
11842,067 - Franklin County,295,181803.31,9,2024
903,067 - Franklin County,283,179333,4,2025
3890,067 - Franklin County,308,206892,2,2025
4884,067 - Franklin County,292,188568,1,2025
6874,067 - Franklin County,290,183113,6,2025
7869,067 - Franklin County,301,175298,3,2025
8860,067 - Franklin County,291,190426,5,2025
1029,069 - Frederick,127,48667,8,2017
2028,069 - Frederick,116,47181,12,2017
5010,069 - Frederick,147,52996,7,2017
8987,069 - Frederick,128,49307,11,2017
9980,069 - Frederick,120,43129,10,2017
10972,069 - Frederick,134,52775,9,2017
34,069 - Frederick,105,42106,4,2018
1154,069 - Frederick,115,68979,8,2018
2152,069 - Frederick,94,52257,12,2018
3022,069 - Frederick,122,51392,2,2018
4017,069 - Frederick,115,44205,1,2018
5135,069 - Frederick,113,72504,7,2018
6005,069 - Frederick,116,50720,6,2018
7001,069 - Frederick,113,38912,3,2018
7997,069 - Frederick,110,43422,5,2018
9110,069 - Frederick,92,53919,11,2018
10104,069 - Frederick,94,48977,10,2018
11097,069 - Frederick,115,59120,9,2018
158,069 - Frederick,103,57807,4,2019
1279,069 - Frederick,135,75697.8,8,2019
2276,069 - Frederick,126,68902,12,2019
3146,069 - Frederick,87,55235,2,2019
4141,069 - Frederick,93,47902,1,2019
5260,069 - Frederick,127,73164.4,7,2019
6129,069 - Frederick,119,71969,6,2019
7125,069 - Frederick,98,50608,3,2019
8121,069 - Frederick,115,63316,5,2019
9234,069 - Frederick,130,77477.2,11,2019
10228,069 - Frederick,135,74721.2,10,2019
11222,069 - Frederick,142,70769.4,9,2019
283,069 - Frederick,124,65449,4,2020
1402,069 - Frederick,111,71893.8,8,2020
2397,069 - Frederick,84,47464,12,2020
3270,069 - Frederick,127,72488.6,2,2020
4265,069 - Frederick,129,69217.2,1,2020
5383,069 - Frederick,116,82379.8,7,2020
6253,069 - Frederick,124,72034,6,2020
7250,069 - Frederick,125,61205,3,2020
8245,069 - Frederick,99,63853.4,5,2020
9355,069 - Frederick,106,64482,11,2020
10349,069 - Frederick,111,44842,10,2020
11344,069 - Frederick,123,76386,9,2020
405,069 - Frederick,80,48650.2,4,2021
1526,069 - Frederick,93,66770.6,8,2021
2520,069 - Frederick,103,74176.4,12,2021
3392,069 - Frederick,90,47239.4,2,2021
4387,069 - Frederick,85,49894.4,1,2021
5504,069 - Frederick,93,65240,7,2021
6375,069 - Frederick,78,45437.4,6,2021
7372,069 - Frederick,85,40112,3,2021
8362,069 - Frederick,83,48967.2,5,2021
9479,069 - Frederick,94,60032.6,11,2021
10472,069 - Frederick,89,61229.6,10,2021
11468,069 - Frederick,108,68212,9,2021
528,069 - Frederick,132,96980.2,4,2022
1651,069 - Frederick,153,103296.4,8,2022
2645,069 - Frederick,132,115729,12,2022
3514,069 - Frederick,121,78434.8,2,2022
4510,069 - Frederick,111,83978,1,2022
5628,069 - Frederick,155,105379.6,7,2022
6498,069 - Frederick,143,96016,6,2022
7495,069 - Frederick,127,85847,3,2022
8485,069 - Frederick,153,120456,5,2022
9604,069 - Frederick,129,105292,11,2022
10597,069 - Frederick,128,85948.4,10,2022
11593,069 - Frederick,151,110261.4,9,2022
653,069 - Frederick,157,138447,4,2023
1776,069 - Frederick,174,140775,8,2023
2769,069 - Frederick,176,159535,12,2023
3639,069 - Frederick,137,113603,2,2023
4635,069 - Frederick,131,115343,1,2023
5753,069 - Frederick,164,155349,7,2023
6623,069 - Frederick,159,139320,6,2023
7620,069 - Frederick,145,110946,3,2023
8610,069 - Frederick,158,124440,5,2023
9728,069 - Frederick,176,155597,11,2023
10722,069 - Frederick,179,150447,10,2023
11717,069 - Frederick,199,159084,9,2023
778,069 - Frederick,193,156782,4,2024
1902,069 - Frederick,233,219593,8,2024
2896,069 - Frederick,204,168523,12,2024
3764,069 - Frederick,195,178837,2,2024
4758,069 - Frederick,180,157855,1,2024
5880,069 - Frederick,225,197857,7,2024
6748,069 - Frederick,200,186164,6,2024
7744,069 - Frederick,188,156882,3,2024
8735,069 - Frederick,204,178658,5,2024
9855,069 - Frederick,191,172602,11,2024
10847,069 - Frederick,195,162954,10,2024
11843,069 - Frederick,229,184355,9,2024
904,069 - Frederick,207,170376,4,2025
3891,069 - Frederick,201,172298,2,2025
4885,069 - Frederick,196,171677,1,2025
6875,069 - Frederick,215,181443,6,2025
7870,069 - Frederick,205,172508,3,2025
8861,069 - Frederick,204,185449,5,2025
1030,071 - Giles,23,7354,8,2017
2029,071 - Giles,22,6905,12,2017
5011,071 - Giles,23,8623,7,2017
8988,071 - Giles,23,7742,11,2017
9981,071 - Giles,21,6367,10,2017
10973,071 - Giles,23,9905,9,2017
35,071 - Giles,22,8056,4,2018
1155,071 - Giles,36,15821,8,2018
2153,071 - Giles,32,12184,12,2018
3023,071 - Giles,20,8462,2,2018
4018,071 - Giles,23,7162,1,2018
5136,071 - Giles,30,12835,7,2018
6006,071 - Giles,30,10954,6,2018
7002,071 - Giles,22,7613,3,2018
7998,071 - Giles,28,10328,5,2018
9111,071 - Giles,33,12445,11,2018
10105,071 - Giles,33,12810,10,2018
11098,071 - Giles,37,17981,9,2018
159,071 - Giles,41,14443,4,2019
1280,071 - Giles,44,18810,8,2019
2277,071 - Giles,32,11098.6,12,2019
3147,071 - Giles,32,12146,2,2019
4142,071 - Giles,32,11161,1,2019
5261,071 - Giles,42,16710,7,2019
6130,071 - Giles,39,16021,6,2019
7126,071 - Giles,30,10170,3,2019
8122,071 - Giles,42,16388,5,2019
9235,071 - Giles,31,12939.8,11,2019
10229,071 - Giles,34,11078.2,10,2019
11223,071 - Giles,43,14991.4,9,2019
284,071 - Giles,44,15378,4,2020
1403,071 - Giles,43,19291.8,8,2020
2398,071 - Giles,43,17228,12,2020
3271,071 - Giles,31,14970.6,2,2020
4266,071 - Giles,32,12271.6,1,2020
5384,071 - Giles,41,23969.4,7,2020
6254,071 - Giles,38,18117,6,2020
7251,071 - Giles,31,10815.2,3,2020
8246,071 - Giles,37,16483,5,2020
9356,071 - Giles,38,15014,11,2020
10350,071 - Giles,46,15171.6,10,2020
11345,071 - Giles,46,18408.8,9,2020
406,071 - Giles,55,23096.8,4,2021
1527,071 - Giles,82,41172,8,2021
2521,071 - Giles,95,43032,12,2021
3393,071 - Giles,49,19477.4,2,2021
4388,071 - Giles,52,24052.6,1,2021
5505,071 - Giles,79,45009.6,7,2021
6376,071 - Giles,70,30537.6,6,2021
7373,071 - Giles,49,16002.6,3,2021
8363,071 - Giles,60,24618.4,5,2021
9480,071 - Giles,93,38539,11,2021
10473,071 - Giles,98,44304.8,10,2021
11469,071 - Giles,93,43171.2,9,2021
529,071 - Giles,108,46200.4,4,2022
1652,071 - Giles,108,54049,8,2022
2646,071 - Giles,79,53771,12,2022
3515,071 - Giles,104,43091,2,2022
4511,071 - Giles,101,50468.8,1,2022
5629,071 - Giles,109,58967.8,7,2022
6499,071 - Giles,115,49420.2,6,2022
7496,071 - Giles,108,43179.6,3,2022
8486,071 - Giles,110,44358.4,5,2022
9605,071 - Giles,85,53376,11,2022
10598,071 - Giles,104,41840.8,10,2022
11594,071 - Giles,101,50225.6,9,2022
654,071 - Giles,119,70403,4,2023
1777,071 - Giles,124,82872,8,2023
2770,071 - Giles,91,60717.38,12,2023
3640,071 - Giles,104,78451,2,2023
4636,071 - Giles,95,71800,1,2023
5754,071 - Giles,123,88483,7,2023
6624,071 - Giles,116,72927,6,2023
7621,071 - Giles,109,58087,3,2023
8611,071 - Giles,112,60123,5,2023
9729,071 - Giles,94,59717.38,11,2023
10723,071 - Giles,99,57274.59,10,2023
11718,071 - Giles,111,74701.26,9,2023
779,071 - Giles,97,65540.71,4,2024
1903,071 - Giles,121,95934.98,8,2024
2897,071 - Giles,93,56422,12,2024
3765,071 - Giles,99,69971.17,2,2024
4759,071 - Giles,94,63129.59,1,2024
5881,071 - Giles,116,74719,7,2024
6749,071 - Giles,107,74962.8,6,2024
7745,071 - Giles,101,58769.47,3,2024
8736,071 - Giles,102,69244.49,5,2024
9856,071 - Giles,96,61761,11,2024
10848,071 - Giles,98,56252.6,10,2024
11844,071 - Giles,113,77809.79,9,2024
905,071 - Giles,106,66597,4,2025
3892,071 - Giles,101,72863,2,2025
4886,071 - Giles,95,68367,1,2025
6876,071 - Giles,106,69416,6,2025
7871,071 - Giles,105,63495,3,2025
8862,071 - Giles,109,72188,5,2025
1031,073 - Gloucester,89,37694,8,2017
2030,073 - Gloucester,64,26442,12,2017
5012,073 - Gloucester,102,47168,7,2017
8989,073 - Gloucester,66,26000,11,2017
9982,073 - Gloucester,79,29009,10,2017
10974,073 - Gloucester,86,39069,9,2017
36,073 - Gloucester,67,26583,4,2018
1156,073 - Gloucester,68,31568,8,2018
2154,073 - Gloucester,51,21862,12,2018
3024,073 - Gloucester,73,28258,2,2018
4019,073 - Gloucester,73,29005,1,2018
5137,073 - Gloucester,74,36370,7,2018
6007,073 - Gloucester,68,30520,6,2018
7003,073 - Gloucester,63,22300,3,2018
7999,073 - Gloucester,67,27142,5,2018
9112,073 - Gloucester,48,24271,11,2018
10106,073 - Gloucester,56,21450,10,2018
11099,073 - Gloucester,63,30406,9,2018
160,073 - Gloucester,52,22606,4,2019
1281,073 - Gloucester,82,36969.8,8,2019
2278,073 - Gloucester,80,26002.4,12,2019
3148,073 - Gloucester,55,25133,2,2019
4143,073 - Gloucester,51,19889,1,2019
5262,073 - Gloucester,70,30087.2,7,2019
6131,073 - Gloucester,65,29547,6,2019
7127,073 - Gloucester,59,23445,3,2019
8123,073 - Gloucester,62,28436,5,2019
9236,073 - Gloucester,76,29978.6,11,2019
10230,073 - Gloucester,79,25479.4,10,2019
11224,073 - Gloucester,87,42762.2,9,2019
285,073 - Gloucester,75,27090.4,4,2020
1404,073 - Gloucester,66,32922.6,8,2020
2399,073 - Gloucester,57,25709.6,12,2020
3272,073 - Gloucester,78,30827.8,2,2020
4267,073 - Gloucester,74,24360.6,1,2020
5385,073 - Gloucester,68,45947,7,2020
6255,073 - Gloucester,67,38063.8,6,2020
7252,073 - Gloucester,79,27455.4,3,2020
8247,073 - Gloucester,65,32933.2,5,2020
9357,073 - Gloucester,57,29934,11,2020
10351,073 - Gloucester,66,27629.8,10,2020
11346,073 - Gloucester,58,25755,9,2020
407,073 - Gloucester,55,26582.8,4,2021
1528,073 - Gloucester,79,46682.8,8,2021
2522,073 - Gloucester,80,42351.4,12,2021
3394,073 - Gloucester,51,21995,2,2021
4389,073 - Gloucester,53,24410,1,2021
5506,073 - Gloucester,74,48994.6,7,2021
6377,073 - Gloucester,65,30840,6,2021
7374,073 - Gloucester,51,20889.6,3,2021
8364,073 - Gloucester,62,32106,5,2021
9481,073 - Gloucester,77,40457,11,2021
10474,073 - Gloucester,81,41443,10,2021
11470,073 - Gloucester,86,50503,9,2021
530,073 - Gloucester,93,54007,4,2022
1653,073 - Gloucester,89,51776.4,8,2022
2647,073 - Gloucester,90,88728,12,2022
3516,073 - Gloucester,79,41384,2,2022
4512,073 - Gloucester,81,51387,1,2022
5630,073 - Gloucester,92,49067.6,7,2022
6500,073 - Gloucester,91,51444,6,2022
7497,073 - Gloucester,82,43792,3,2022
8487,073 - Gloucester,90,50598,5,2022
9606,073 - Gloucester,94,63921,11,2022
10599,073 - Gloucester,92,52414,10,2022
11595,073 - Gloucester,90,56646,9,2022
655,073 - Gloucester,100,86420,4,2023
1778,073 - Gloucester,115,89778,8,2023
2771,073 - Gloucester,79,62107,12,2023
3641,073 - Gloucester,98,74329,2,2023
4637,073 - Gloucester,88,79733,1,2023
5755,073 - Gloucester,116,104217,7,2023
6625,073 - Gloucester,101,82226,6,2023
7622,073 - Gloucester,99,69695,3,2023
8612,073 - Gloucester,104,72421,5,2023
9730,073 - Gloucester,87,66225,11,2023
10724,073 - Gloucester,81,61372,10,2023
11719,073 - Gloucester,107,83831,9,2023
780,073 - Gloucester,87,64424.15,4,2024
1904,073 - Gloucester,116,94181.65,8,2024
2898,073 - Gloucester,95,65988,12,2024
3766,073 - Gloucester,82,67037.99,2,2024
4760,073 - Gloucester,77,59097.73,1,2024
5882,073 - Gloucester,100,74128.5,7,2024
6750,073 - Gloucester,96,77705.15,6,2024
7746,073 - Gloucester,79,55197.7,3,2024
8737,073 - Gloucester,92,69863.3,5,2024
9857,073 - Gloucester,101,76575,11,2024
10849,073 - Gloucester,117,92676.27,10,2024
11845,073 - Gloucester,118,85538,9,2024
906,073 - Gloucester,100,69129,4,2025
3893,073 - Gloucester,102,80400,2,2025
4887,073 - Gloucester,101,84040,1,2025
6877,073 - Gloucester,100,75196,6,2025
7872,073 - Gloucester,108,65543,3,2025
8863,073 - Gloucester,101,74962,5,2025
1032,075 - Goochland,27,15528,8,2017
2031,075 - Goochland,23,11008,12,2017
5013,075 - Goochland,27,18375,7,2017
8990,075 - Goochland,23,12503,11,2017
9983,075 - Goochland,24,10394,10,2017
10975,075 - Goochland,24,14044,9,2017
37,075 - Goochland,25,13132,4,2018
1157,075 - Goochland,25,16176,8,2018
2155,075 - Goochland,REDACTED,6032,12,2018
3025,075 - Goochland,24,12806,2,2018
4020,075 - Goochland,22,11729,1,2018
5138,075 - Goochland,27,18861,7,2018
6008,075 - Goochland,23,11519,6,2018
7004,075 - Goochland,25,11610,3,2018
8000,075 - Goochland,27,12650,5,2018
9113,075 - Goochland,13,10090,11,2018
10107,075 - Goochland,17,9360,10,2018
11100,075 - Goochland,23,17222,9,2018
161,075 - Goochland,14,8982,4,2019
1282,075 - Goochland,16,12041,8,2019
2279,075 - Goochland,16,7562,12,2019
3149,075 - Goochland,12,7194,2,2019
4144,075 - Goochland,12,6671,1,2019
5263,075 - Goochland,13,6971,7,2019
6132,075 - Goochland,13,9675,6,2019
7128,075 - Goochland,15,8173,3,2019
8124,075 - Goochland,16,9867,5,2019
9237,075 - Goochland,15,11009,11,2019
10231,075 - Goochland,12,7822.2,10,2019
11225,075 - Goochland,15,9911.4,9,2019
286,075 - Goochland,12,6670,4,2020
1405,075 - Goochland,11,7942,8,2020
2400,075 - Goochland,14,8371.2,12,2020
3273,075 - Goochland,17,7889.2,2,2020
4268,075 - Goochland,15,8093.8,1,2020
5386,075 - Goochland,11,9229,7,2020
6256,075 - Goochland,10,6979,6,2020
7253,075 - Goochland,13,6810.2,3,2020
8248,075 - Goochland,13,8108,5,2020
9358,075 - Goochland,10,5299.2,11,2020
10352,075 - Goochland,REDACTED,5414,10,2020
11347,075 - Goochland,10,4962,9,2020
408,075 - Goochland,REDACTED,6150.2,4,2021
1529,075 - Goochland,15,13426,8,2021
2523,075 - Goochland,REDACTED,7454.2,12,2021
3395,075 - Goochland,12,6956.4,2,2021
4390,075 - Goochland,15,8960.8,1,2021
5507,075 - Goochland,17,11181.8,7,2021
6378,075 - Goochland,REDACTED,5609.6,6,2021
7375,075 - Goochland,REDACTED,4993.8,3,2021
8365,075 - Goochland,REDACTED,5567.6,5,2021
9482,075 - Goochland,REDACTED,7022.4,11,2021
10475,075 - Goochland,11,9015,10,2021
11471,075 - Goochland,16,12290.4,9,2021
531,075 - Goochland,11,9857,4,2022
1654,075 - Goochland,16,14830,8,2022
2648,075 - Goochland,21,16538,12,2022
3517,075 - Goochland,13,8466,2,2022
4513,075 - Goochland,13,11340.8,1,2022
5631,075 - Goochland,17,14640,7,2022
6501,075 - Goochland,15,12645.8,6,2022
7498,075 - Goochland,11,7625.4,3,2022
8488,075 - Goochland,15,10198.8,5,2022
9607,075 - Goochland,19,17258,11,2022
10600,075 - Goochland,19,13834.4,10,2022
11596,075 - Goochland,19,15122.8,9,2022
656,075 - Goochland,22,18075.84,4,2023
1779,075 - Goochland,15,11661.57,8,2023
2772,075 - Goochland,22,19439.16,12,2023
3642,075 - Goochland,22,17572.9,2,2023
4638,075 - Goochland,23,23493.8,1,2023
5756,075 - Goochland,16,16825.74,7,2023
6626,075 - Goochland,17,15054.91,6,2023
7623,075 - Goochland,21,15108.7,3,2023
8613,075 - Goochland,23,15985.9,5,2023
9731,075 - Goochland,19,14973.74,11,2023
10725,075 - Goochland,16,12905.57,10,2023
11720,075 - Goochland,14,14971.91,9,2023
781,075 - Goochland,25,21672.76,4,2024
1905,075 - Goochland,31,30674.88,8,2024
2899,075 - Goochland,34,27642,12,2024
3767,075 - Goochland,24,21465.55,2,2024
4761,075 - Goochland,22,19694.99,1,2024
5883,075 - Goochland,31,26317.2,7,2024
6751,075 - Goochland,29,31054.88,6,2024
7747,075 - Goochland,25,21035.76,3,2024
8738,075 - Goochland,24,22038.32,5,2024
9858,075 - Goochland,33,27439,11,2024
10850,075 - Goochland,34,26466.02,10,2024
11846,075 - Goochland,33,27792.32,9,2024
907,075 - Goochland,28,25211,4,2025
3894,075 - Goochland,30,28619,2,2025
4888,075 - Goochland,33,28024,1,2025
6878,075 - Goochland,28,22446,6,2025
7873,075 - Goochland,33,28929,3,2025
8864,075 - Goochland,27,27827,5,2025
1033,077 - Grayson,16,4654,8,2017
2032,077 - Grayson,13,2825,12,2017
5014,077 - Grayson,15,4223,7,2017
8991,077 - Grayson,12,2712,11,2017
9984,077 - Grayson,11,2309,10,2017
10976,077 - Grayson,20,4919,9,2017
38,077 - Grayson,14,2464,4,2018
1158,077 - Grayson,REDACTED,2989,8,2018
2156,077 - Grayson,REDACTED,1765,12,2018
3026,077 - Grayson,12,2416,2,2018
4021,077 - Grayson,12,2288,1,2018
5139,077 - Grayson,REDACTED,2839,7,2018
6009,077 - Grayson,11,2137,6,2018
7005,077 - Grayson,16,3517,3,2018
8001,077 - Grayson,13,2514,5,2018
9114,077 - Grayson,REDACTED,2743,11,2018
10108,077 - Grayson,REDACTED,2327,10,2018
11101,077 - Grayson,REDACTED,2943,9,2018
162,077 - Grayson,REDACTED,2477,4,2019
1283,077 - Grayson,11,3380,8,2019
2280,077 - Grayson,REDACTED,2089,12,2019
3150,077 - Grayson,REDACTED,2437,2,2019
4145,077 - Grayson,REDACTED,1961,1,2019
5264,077 - Grayson,12,3206,7,2019
6133,077 - Grayson,11,3671,6,2019
7129,077 - Grayson,REDACTED,2297,3,2019
8125,077 - Grayson,11,2810,5,2019
9238,077 - Grayson,10,2701,11,2019
10232,077 - Grayson,REDACTED,1696,10,2019
11226,077 - Grayson,13,2209,9,2019
287,077 - Grayson,REDACTED,2505,4,2020
1406,077 - Grayson,11,3936,8,2020
2401,077 - Grayson,REDACTED,1980,12,2020
3274,077 - Grayson,11,2637,2,2020
4269,077 - Grayson,10,2472,1,2020
5387,077 - Grayson,12,3467,7,2020
6257,077 - Grayson,REDACTED,1763,6,2020
7254,077 - Grayson,REDACTED,2301,3,2020
8249,077 - Grayson,REDACTED,1265,5,2020
9359,077 - Grayson,REDACTED,2160,11,2020
10353,077 - Grayson,REDACTED,2557,10,2020
11348,077 - Grayson,11,3326,9,2020
409,077 - Grayson,REDACTED,3263,4,2021
1530,077 - Grayson,10,4576,8,2021
2524,077 - Grayson,REDACTED,2848,12,2021
3396,077 - Grayson,REDACTED,3408,2,2021
4391,077 - Grayson,REDACTED,2300,1,2021
5508,077 - Grayson,10,4876,7,2021
6379,077 - Grayson,10,3379,6,2021
7376,077 - Grayson,12,3215,3,2021
8366,077 - Grayson,REDACTED,3387,5,2021
9483,077 - Grayson,10,3892,11,2021
10476,077 - Grayson,10,3775,10,2021
11472,077 - Grayson,11,4749,9,2021
532,077 - Grayson,REDACTED,2128,4,2022
1655,077 - Grayson,15,5911,8,2022
2649,077 - Grayson,16,12713,12,2022
3518,077 - Grayson,REDACTED,2412,2,2022
4514,077 - Grayson,10,3553,1,2022
5632,077 - Grayson,14,6119,7,2022
6502,077 - Grayson,REDACTED,3896,6,2022
7499,077 - Grayson,REDACTED,2286,3,2022
8489,077 - Grayson,REDACTED,2886,5,2022
9608,077 - Grayson,14,8202,11,2022
10601,077 - Grayson,13,5175.6,10,2022
11597,077 - Grayson,16,6112,9,2022
657,077 - Grayson,18,12328,4,2023
1780,077 - Grayson,23,14354,8,2023
2773,077 - Grayson,19,12446,12,2023
3643,077 - Grayson,20,14570,2,2023
4639,077 - Grayson,20,16459,1,2023
5757,077 - Grayson,21,15428,7,2023
6627,077 - Grayson,20,12350,6,2023
7624,077 - Grayson,20,10975,3,2023
8614,077 - Grayson,18,10535,5,2023
9732,077 - Grayson,17,10344,11,2023
10726,077 - Grayson,REDACTED,5560,10,2023
11721,077 - Grayson,22,14549,9,2023
782,077 - Grayson,24,17765,4,2024
1906,077 - Grayson,27,22259,8,2024
2900,077 - Grayson,21,13151,12,2024
3768,077 - Grayson,26,18920,2,2024
4762,077 - Grayson,21,11197,1,2024
5884,077 - Grayson,29,21011,7,2024
6752,077 - Grayson,31,20291,6,2024
7748,077 - Grayson,24,18257,3,2024
8739,077 - Grayson,24,20792,5,2024
9859,077 - Grayson,25,15173,11,2024
10851,077 - Grayson,22,15945,10,2024
11847,077 - Grayson,27,16883,9,2024
908,077 - Grayson,24,20100,4,2025
3895,077 - Grayson,21,15146,2,2025
4889,077 - Grayson,21,13748,1,2025
6879,077 - Grayson,22,19380,6,2025
7874,077 - Grayson,24,13214,3,2025
8865,077 - Grayson,26,20659,5,2025
1034,079 - Greene,17,8667,8,2017
2033,079 - Greene,19,8429,12,2017
5015,079 - Greene,19,9582,7,2017
8992,079 - Greene,16,7743,11,2017
9985,079 - Greene,16,5716,10,2017
10977,079 - Greene,17,6107,9,2017
39,079 - Greene,19,9156,4,2018
1159,079 - Greene,21,12100,8,2018
2157,079 - Greene,19,9766,12,2018
3027,079 - Greene,19,10017,2,2018
4022,079 - Greene,19,10585,1,2018
5140,079 - Greene,21,14759,7,2018
6010,079 - Greene,20,10987,6,2018
7006,079 - Greene,19,10660,3,2018
8002,079 - Greene,21,10675,5,2018
9115,079 - Greene,19,10100,11,2018
10109,079 - Greene,17,11840,10,2018
11102,079 - Greene,17,9378,9,2018
163,079 - Greene,19,8663,4,2019
1284,079 - Greene,16,7910,8,2019
2281,079 - Greene,17,6764,12,2019
3151,079 - Greene,19,9289,2,2019
4146,079 - Greene,19,9625,1,2019
5265,079 - Greene,15,7201,7,2019
6134,079 - Greene,19,9306,6,2019
7130,079 - Greene,19,8544,3,2019
8126,079 - Greene,19,9197,5,2019
9239,079 - Greene,16,6715,11,2019
10233,079 - Greene,15,6056,10,2019
11227,079 - Greene,16,6415,9,2019
288,079 - Greene,20,10322.6,4,2020
1407,079 - Greene,18,11498,8,2020
2402,079 - Greene,16,7093,12,2020
3275,079 - Greene,20,12817.4,2,2020
4270,079 - Greene,18,8424.2,1,2020
5388,079 - Greene,18,6760,7,2020
6258,079 - Greene,REDACTED,3753,6,2020
7255,079 - Greene,18,7109,3,2020
8250,079 - Greene,18,4860,5,2020
9360,079 - Greene,13,5560,11,2020
10354,079 - Greene,21,6904,10,2020
11349,079 - Greene,17,8665,9,2020
410,079 - Greene,15,8314,4,2021
1531,079 - Greene,15,9936,8,2021
2525,079 - Greene,16,10198,12,2021
3397,079 - Greene,15,6169,2,2021
4392,079 - Greene,15,7369,1,2021
5509,079 - Greene,16,10249,7,2021
6380,079 - Greene,15,8685,6,2021
7377,079 - Greene,14,5167,3,2021
8367,079 - Greene,16,10128,5,2021
9484,079 - Greene,19,9844,11,2021
10477,079 - Greene,18,10302,10,2021
11473,079 - Greene,16,9391,9,2021
533,079 - Greene,20,12136,4,2022
1656,079 - Greene,45,28869,8,2022
2650,079 - Greene,60,49964,12,2022
3519,079 - Greene,18,10681,2,2022
4515,079 - Greene,16,10710,1,2022
5633,079 - Greene,35,25983,7,2022
6503,079 - Greene,30,16712,6,2022
7500,079 - Greene,16,9213,3,2022
8490,079 - Greene,23,13755,5,2022
9609,079 - Greene,49,41961,11,2022
10602,079 - Greene,47,32644,10,2022
11598,079 - Greene,50,32166,9,2022
658,079 - Greene,66,58860.9,4,2023
1781,079 - Greene,79,70513.3,8,2023
2774,079 - Greene,99,78521.11,12,2023
3644,079 - Greene,57,49518,2,2023
4640,079 - Greene,58,53744.9,1,2023
5758,079 - Greene,80,76821.6,7,2023
6628,079 - Greene,80,79924.9,6,2023
7625,079 - Greene,59,46723.75,3,2023
8615,079 - Greene,71,55238,5,2023
9733,079 - Greene,81,70737.3,11,2023
10727,079 - Greene,78,60405.14,10,2023
11722,079 - Greene,83,68559.66,9,2023
783,079 - Greene,102,154336.09,4,2024
1907,079 - Greene,101,90862.35,8,2024
2901,079 - Greene,83,64990.68,12,2024
3769,079 - Greene,52,54620.12,2,2024
4763,079 - Greene,94,59340.64,1,2024
5885,079 - Greene,102,86437.61,7,2024
6753,079 - Greene,109,90201.01,6,2024
7749,079 - Greene,55,44530.29,3,2024
8740,079 - Greene,103,80033.38,5,2024
9860,079 - Greene,88,73532.34,11,2024
10852,079 - Greene,90,67872.99,10,2024
11848,079 - Greene,97,71623.77,9,2024
909,079 - Greene,92,65852,4,2025
3896,079 - Greene,84,70420.34,2,2025
4890,079 - Greene,89,64698.34,1,2025
6880,079 - Greene,91,69151,6,2025
7875,079 - Greene,90,59332.34,3,2025
8866,079 - Greene,88,68328,5,2025
1035,081 - Greensville,81,19913,8,2017
2034,081 - Greensville,76,21272,12,2017
5016,081 - Greensville,88,19742,7,2017
8993,081 - Greensville,78,22305,11,2017
9986,081 - Greensville,83,20567,10,2017
10978,081 - Greensville,75,19209,9,2017
40,081 - Greensville,63,16970,4,2018
1160,081 - Greensville,56,21089,8,2018
2158,081 - Greensville,52,18752,12,2018
3028,081 - Greensville,67,17740,2,2018
4023,081 - Greensville,74,18930,1,2018
5141,081 - Greensville,58,21946,7,2018
6011,081 - Greensville,60,19469,6,2018
7007,081 - Greensville,64,18204,3,2018
8003,081 - Greensville,61,17811,5,2018
9116,081 - Greensville,54,26442,11,2018
10110,081 - Greensville,57,17926,10,2018
11103,081 - Greensville,59,24028,9,2018
164,081 - Greensville,54,23968,4,2019
1285,081 - Greensville,64,30187,8,2019
2282,081 - Greensville,67,22200,12,2019
3152,081 - Greensville,55,26192,2,2019
4147,081 - Greensville,43,14912,1,2019
5266,081 - Greensville,55,23096,7,2019
6135,081 - Greensville,52,27783,6,2019
7131,081 - Greensville,55,22943,3,2019
8127,081 - Greensville,58,24236,5,2019
9240,081 - Greensville,63,23109,11,2019
10234,081 - Greensville,63,21434,10,2019
11228,081 - Greensville,61,22978,9,2019
289,081 - Greensville,64,21748,4,2020
1408,081 - Greensville,55,24388,8,2020
2403,081 - Greensville,39,12317,12,2020
3276,081 - Greensville,71,27815,2,2020
4271,081 - Greensville,67,22637,1,2020
5389,081 - Greensville,56,24440,7,2020
6259,081 - Greensville,60,23020,6,2020
7256,081 - Greensville,66,20069,3,2020
8251,081 - Greensville,59,23646,5,2020
9361,081 - Greensville,44,16725.2,11,2020
10355,081 - Greensville,56,16600.8,10,2020
11350,081 - Greensville,56,24553,9,2020
411,081 - Greensville,34,12716,4,2021
1532,081 - Greensville,31,13532,8,2021
2526,081 - Greensville,36,17348,12,2021
3398,081 - Greensville,31,11071,2,2021
4393,081 - Greensville,36,12069,1,2021
5510,081 - Greensville,35,15701.8,7,2021
6381,081 - Greensville,31,12155,6,2021
7378,081 - Greensville,32,10332,3,2021
8368,081 - Greensville,31,12106,5,2021
9485,081 - Greensville,40,18074.8,11,2021
10478,081 - Greensville,41,17368.6,10,2021
11474,081 - Greensville,36,16785,9,2021
534,081 - Greensville,46,21872.2,4,2022
1657,081 - Greensville,57,25434.4,8,2022
2651,081 - Greensville,72,49342,12,2022
3520,081 - Greensville,37,16578,2,2022
4516,081 - Greensville,35,17354.4,1,2022
5634,081 - Greensville,56,25124.4,7,2022
6504,081 - Greensville,50,23313.2,6,2022
7501,081 - Greensville,41,17036.4,3,2022
8491,081 - Greensville,48,20381.6,5,2022
9610,081 - Greensville,63,42389,11,2022
10603,081 - Greensville,65,28157.4,10,2022
11599,081 - Greensville,57,29282.8,9,2022
659,081 - Greensville,79,53212,4,2023
1782,081 - Greensville,63,47473,8,2023
2775,081 - Greensville,82,61460,12,2023
3645,081 - Greensville,84,55288.6,2,2023
4641,081 - Greensville,78,53041,1,2023
5759,081 - Greensville,72,52996,7,2023
6629,081 - Greensville,76,51224,6,2023
7626,081 - Greensville,84,52696,3,2023
8616,081 - Greensville,76,42978,5,2023
9734,081 - Greensville,74,56510,11,2023
10728,081 - Greensville,76,58684,10,2023
11723,081 - Greensville,67,53134,9,2023
784,081 - Greensville,90,64735,4,2024
1908,081 - Greensville,102,91361,8,2024
2902,081 - Greensville,98,75245,12,2024
3770,081 - Greensville,92,77965,2,2024
4764,081 - Greensville,89,68792,1,2024
5886,081 - Greensville,102,83465,7,2024
6754,081 - Greensville,101,80933,6,2024
7750,081 - Greensville,86,63126,3,2024
8741,081 - Greensville,93,73745,5,2024
9861,081 - Greensville,94,72453,11,2024
10853,081 - Greensville,89,64218,10,2024
11849,081 - Greensville,97,74408,9,2024
910,081 - Greensville,103,73503,4,2025
3897,081 - Greensville,99,82939,2,2025
4891,081 - Greensville,100,78201,1,2025
6881,081 - Greensville,103,81000,6,2025
7876,081 - Greensville,101,69884,3,2025
8867,081 - Greensville,104,80979,5,2025
1036,083 - Halifax,42,13515,8,2017
2035,083 - Halifax,45,13239,12,2017
5017,083 - Halifax,38,14398,7,2017
8994,083 - Halifax,51,15173,11,2017
9987,083 - Halifax,55,14663,10,2017
10979,083 - Halifax,51,18175,9,2017
41,083 - Halifax,36,11654,4,2018
1161,083 - Halifax,41,19760,8,2018
2159,083 - Halifax,34,12225,12,2018
3029,083 - Halifax,40,11941,2,2018
4024,083 - Halifax,41,11518,1,2018
5142,083 - Halifax,43,21864,7,2018
6012,083 - Halifax,39,12807,6,2018
7008,083 - Halifax,38,11235,3,2018
8004,083 - Halifax,36,11350,5,2018
9117,083 - Halifax,35,13458,11,2018
10111,083 - Halifax,42,14630,10,2018
11104,083 - Halifax,43,16167,9,2018
165,083 - Halifax,38,15169,4,2019
1286,083 - Halifax,48,22171,8,2019
2283,083 - Halifax,50,20272,12,2019
3153,083 - Halifax,36,14454,2,2019
4148,083 - Halifax,39,12196,1,2019
5267,083 - Halifax,44,21257,7,2019
6136,083 - Halifax,45,17551,6,2019
7132,083 - Halifax,38,12801,3,2019
8128,083 - Halifax,42,15450,5,2019
9241,083 - Halifax,50,21718,11,2019
10235,083 - Halifax,50,20810,10,2019
11229,083 - Halifax,52,20609,9,2019
290,083 - Halifax,49,19864,4,2020
1409,083 - Halifax,55,24062,8,2020
2404,083 - Halifax,31,13197,12,2020
3277,083 - Halifax,53,22497,2,2020
4272,083 - Halifax,49,20400,1,2020
5390,083 - Halifax,55,30034,7,2020
6260,083 - Halifax,49,23332,6,2020
7257,083 - Halifax,50,18376,3,2020
8252,083 - Halifax,49,23962,5,2020
9362,083 - Halifax,30,12469,11,2020
10356,083 - Halifax,36,14264,10,2020
11351,083 - Halifax,38,12409,9,2020
412,083 - Halifax,35,17363,4,2021
1533,083 - Halifax,59,29311,8,2021
2527,083 - Halifax,82,35903,12,2021
3399,083 - Halifax,35,14596,2,2021
4394,083 - Halifax,27,13229,1,2021
5511,083 - Halifax,51,30020,7,2021
6382,083 - Halifax,47,21462,6,2021
7379,083 - Halifax,32,12125,3,2021
8369,083 - Halifax,42,21988,5,2021
9486,083 - Halifax,80,35272,11,2021
10479,083 - Halifax,77,32832,10,2021
11475,083 - Halifax,76,34938,9,2021
535,083 - Halifax,93,39912,4,2022
1658,083 - Halifax,107,52890,8,2022
2652,083 - Halifax,96,67464,12,2022
3521,083 - Halifax,89,35228,2,2022
4517,083 - Halifax,84,39757,1,2022
5635,083 - Halifax,99,54149,7,2022
6505,083 - Halifax,93,39192,6,2022
7502,083 - Halifax,81,31540,3,2022
8492,083 - Halifax,91,36915,5,2022
9611,083 - Halifax,95,59298,11,2022
10604,083 - Halifax,95,38166,10,2022
11600,083 - Halifax,102,48658,9,2022
660,083 - Halifax,102,75140.79,4,2023
1783,083 - Halifax,115,85922.33,8,2023
2776,083 - Halifax,96,66999.07,12,2023
3646,083 - Halifax,101,65647.98,2,2023
4642,083 - Halifax,98,67918.06,1,2023
5760,083 - Halifax,115,99839.06,7,2023
6630,083 - Halifax,98,71688.14,6,2023
7627,083 - Halifax,100,62597.99,3,2023
8617,083 - Halifax,103,61055.6,5,2023
9735,083 - Halifax,97,70826.07,11,2023
10729,083 - Halifax,99,66583.34,10,2023
11724,083 - Halifax,111,85356.79,9,2023
785,083 - Halifax,102,63211.33,4,2024
1909,083 - Halifax,117,91250.79,8,2024
2903,083 - Halifax,109,74200,12,2024
3771,083 - Halifax,108,80458.8,2,2024
4765,083 - Halifax,110,74665.34,1,2024
5887,083 - Halifax,112,88440.6,7,2024
6755,083 - Halifax,99,72083.79,6,2024
7751,083 - Halifax,107,69221.33,3,2024
8742,083 - Halifax,99,68625.06,5,2024
9862,083 - Halifax,107,74832,11,2024
10854,083 - Halifax,90,59340,10,2024
11850,083 - Halifax,114,68252.38,9,2024
911,083 - Halifax,93,61539,4,2025
3898,083 - Halifax,103,73648,2,2025
4892,083 - Halifax,105,75725,1,2025
6882,083 - Halifax,95,64460,6,2025
7877,083 - Halifax,103,59572,3,2025
8868,083 - Halifax,91,61932,5,2025
1037,085 - Hanover,155,84676,8,2017
2036,085 - Hanover,161,71767,12,2017
5018,085 - Hanover,163,97013,7,2017
8995,085 - Hanover,169,75177,11,2017
9988,085 - Hanover,182,73437,10,2017
10980,085 - Hanover,167,107606,9,2017
42,085 - Hanover,162,86773,4,2018
1162,085 - Hanover,142,101814,8,2018
2160,085 - Hanover,162,101979,12,2018
3030,085 - Hanover,155,73119,2,2018
4025,085 - Hanover,160,72484,1,2018
5143,085 - Hanover,150,106527,7,2018
6013,085 - Hanover,142,70352,6,2018
7009,085 - Hanover,153,69481,3,2018
8005,085 - Hanover,150,64992,5,2018
9118,085 - Hanover,162,106257,11,2018
10112,085 - Hanover,168,101208,10,2018
11105,085 - Hanover,146,92568,9,2018
166,085 - Hanover,182,119539,4,2019
1287,085 - Hanover,200,143941.2,8,2019
2284,085 - Hanover,221,113284.2,12,2019
3154,085 - Hanover,176,116179,2,2019
4149,085 - Hanover,167,96910,1,2019
5268,085 - Hanover,175,106328.8,7,2019
6137,085 - Hanover,187,127793,6,2019
7133,085 - Hanover,183,99951,3,2019
8129,085 - Hanover,185,116773,5,2019
9242,085 - Hanover,214,136073,11,2019
10236,085 - Hanover,204,96640.2,10,2019
11230,085 - Hanover,204,140285.2,9,2019
291,085 - Hanover,216,122583,4,2020
1410,085 - Hanover,183,132317.8,8,2020
2405,085 - Hanover,150,101136.2,12,2020
3278,085 - Hanover,224,132325.2,2,2020
4273,085 - Hanover,212,116036.6,1,2020
5391,085 - Hanover,182,157314.2,7,2020
6261,085 - Hanover,196,138923.4,6,2020
7258,085 - Hanover,219,113255.6,3,2020
8253,085 - Hanover,192,139663.6,5,2020
9363,085 - Hanover,142,82266,11,2020
10357,085 - Hanover,151,87249.2,10,2020
11352,085 - Hanover,166,113992.6,9,2020
413,085 - Hanover,143,94167.6,4,2021
1534,085 - Hanover,167,131147.6,8,2021
2528,085 - Hanover,216,168813,12,2021
3400,085 - Hanover,140,83046,2,2021
4395,085 - Hanover,136,93144.6,1,2021
5512,085 - Hanover,165,130049.4,7,2021
6383,085 - Hanover,143,90597.8,6,2021
7380,085 - Hanover,146,75390.8,3,2021
8370,085 - Hanover,145,96970.4,5,2021
9487,085 - Hanover,205,154180.8,11,2021
10480,085 - Hanover,213,151316,10,2021
11476,085 - Hanover,193,147956.2,9,2021
536,085 - Hanover,243,191158,4,2022
1659,085 - Hanover,264,218449.4,8,2022
2653,085 - Hanover,297,243090,12,2022
3522,085 - Hanover,223,165477.4,2,2022
4518,085 - Hanover,224,182052,1,2022
5636,085 - Hanover,276,211153,7,2022
6506,085 - Hanover,266,197512,6,2022
7503,085 - Hanover,241,171912.6,3,2022
8493,085 - Hanover,263,190314.6,5,2022
9612,085 - Hanover,299,230296,11,2022
10605,085 - Hanover,290,214410.6,10,2022
11601,085 - Hanover,285,233269.2,9,2022
661,085 - Hanover,321,246649,4,2023
1784,085 - Hanover,326,269983,8,2023
2777,085 - Hanover,329,261454,12,2023
3647,085 - Hanover,312,241222,2,2023
4643,085 - Hanover,303,263442,1,2023
5761,085 - Hanover,328,279958,7,2023
6631,085 - Hanover,316,249205,6,2023
7628,085 - Hanover,307,207845,3,2023
8618,085 - Hanover,317,218661,5,2023
9736,085 - Hanover,322,256140,11,2023
10730,085 - Hanover,323,250365,10,2023
11725,085 - Hanover,341,282782,9,2023
786,085 - Hanover,337,238647,4,2024
1910,085 - Hanover,344,320531,8,2024
2904,085 - Hanover,326,254918,12,2024
3772,085 - Hanover,339,283070,2,2024
4766,085 - Hanover,339,252570,1,2024
5888,085 - Hanover,347,277455,7,2024
6756,085 - Hanover,352,299720,6,2024
7752,085 - Hanover,354,261123,3,2024
8743,085 - Hanover,339,267434,5,2024
9863,085 - Hanover,328,270033,11,2024
10855,085 - Hanover,329,258442,10,2024
11851,085 - Hanover,362,295519,9,2024
912,085 - Hanover,340,258472,4,2025
3899,085 - Hanover,339,287110,2,2025
4893,085 - Hanover,340,272257,1,2025
6883,085 - Hanover,337,275600,6,2025
7878,085 - Hanover,335,240448,3,2025
8869,085 - Hanover,341,280005,5,2025
1038,087 - Henrico,963,509665,8,2017
2037,087 - Henrico,1006,492942.5,12,2017
5019,087 - Henrico,971,508621,7,2017
8996,087 - Henrico,1002,472103,11,2017
9989,087 - Henrico,1041,437856,10,2017
10981,087 - Henrico,988,512041,9,2017
43,087 - Henrico,1046,496847,4,2018
1163,087 - Henrico,1022,705390,8,2018
2161,087 - Henrico,988,664126,12,2018
3031,087 - Henrico,1102,590455,2,2018
4026,087 - Henrico,1042,443595,1,2018
5144,087 - Henrico,1068,683315,7,2018
6014,087 - Henrico,1096,511591,6,2018
7010,087 - Henrico,1084,489850,3,2018
8006,087 - Henrico,1107,533271,5,2018
9119,087 - Henrico,984,662477,11,2018
10113,087 - Henrico,994,574653,10,2018
11106,087 - Henrico,987,721726,9,2018
167,087 - Henrico,1124,710844,4,2019
1288,087 - Henrico,1216,854578.2,8,2019
2285,087 - Henrico,1295,743219.8,12,2019
3155,087 - Henrico,1048,748672,2,2019
4150,087 - Henrico,1016,619897,1,2019
5269,087 - Henrico,1218,755968.2,7,2019
6138,087 - Henrico,1205,847191,6,2019
7134,087 - Henrico,1095,691070,3,2019
8130,087 - Henrico,1181,807694,5,2019
9243,087 - Henrico,1271,820791.8,11,2019
10237,087 - Henrico,1268,718471,10,2019
11231,087 - Henrico,1192,770151,9,2019
292,087 - Henrico,1265,687769.8,4,2020
1411,087 - Henrico,1120,807191.6,8,2020
2406,087 - Henrico,960,609198,12,2020
3279,087 - Henrico,1321,867458.6,2,2020
4274,087 - Henrico,1287,775553.3,1,2020
5392,087 - Henrico,1093,895843.6,7,2020
6262,087 - Henrico,1077,724921.8,6,2020
7259,087 - Henrico,1300,727714.7,3,2020
8254,087 - Henrico,1025,651391,5,2020
9364,087 - Henrico,1006,636813.6,11,2020
10358,087 - Henrico,1087,637531,10,2020
11353,087 - Henrico,1034,661799.8,9,2020
414,087 - Henrico,948,670623.6,4,2021
1535,087 - Henrico,1269,986211.4,8,2021
2529,087 - Henrico,1657,1207687.8,12,2021
3401,087 - Henrico,896,526868.8,2,2021
4396,087 - Henrico,923,624468.2,1,2021
5513,087 - Henrico,1196,971555.6,7,2021
6384,087 - Henrico,1062,726821.57,6,2021
7381,087 - Henrico,915,489756,3,2021
8371,087 - Henrico,986,710119.63,5,2021
9488,087 - Henrico,1563,1044434.8,11,2021
10481,087 - Henrico,1475,1033491,10,2021
11477,087 - Henrico,1336,1014922.2,9,2021
537,087 - Henrico,1960,1473611,4,2022
1660,087 - Henrico,2040,1558374.17,8,2022
2654,087 - Henrico,2240,1860205.06,12,2022
3523,087 - Henrico,1740,1210277.6,2,2022
4519,087 - Henrico,1715,1325836.4,1,2022
5637,087 - Henrico,2087,1596534.64,7,2022
6507,087 - Henrico,2046,1504131.04,6,2022
7504,087 - Henrico,1841,1253868.4,3,2022
8494,087 - Henrico,2009,1421290.8,5,2022
9613,087 - Henrico,2207,1738020.43,11,2022
10606,087 - Henrico,2051,1486978.24,10,2022
11602,087 - Henrico,2089,1662912.16,9,2022
662,087 - Henrico,2387,1985644.55,4,2023
1785,087 - Henrico,2379,2025216.12,8,2023
2778,087 - Henrico,2621,2171814.71,12,2023
3648,087 - Henrico,2306,1872241.08,2,2023
4644,087 - Henrico,2236,1901880.08,1,2023
5762,087 - Henrico,2436,2195863.25,7,2023
6632,087 - Henrico,2383,2004707.22,6,2023
7629,087 - Henrico,2332,1693305.54,3,2023
8619,087 - Henrico,2381,1760531.11,5,2023
9737,087 - Henrico,2545,2103728.97,11,2023
10731,087 - Henrico,2512,1948295.01,10,2023
11726,087 - Henrico,2496,2086810.14,9,2023
787,087 - Henrico,2816,2193585.41,4,2024
1911,087 - Henrico,2902,2701820.74,8,2024
2905,087 - Henrico,2838,2203136,12,2024
3773,087 - Henrico,2767,2384132.05,2,2024
4767,087 - Henrico,2665,2075454.93,1,2024
5889,087 - Henrico,2865,2496399.18,7,2024
6757,087 - Henrico,2901,2524108.41,6,2024
7753,087 - Henrico,2791,2143774.42,3,2024
8744,087 - Henrico,2928,2459153.2,5,2024
9864,087 - Henrico,2830,2400261,11,2024
10856,087 - Henrico,2840,2186225.32,10,2024
11852,087 - Henrico,2982,2412429.02,9,2024
913,087 - Henrico,2888,2234533,4,2025
3900,087 - Henrico,2823,2380772,2,2025
4894,087 - Henrico,2802,2300089,1,2025
6884,087 - Henrico,2931,2345929,6,2025
7879,087 - Henrico,2854,2079751,3,2025
8870,087 - Henrico,2911,2366468,5,2025
1039,089 - Henry,77,14627,8,2017
2038,089 - Henry,101,18737,12,2017
5020,089 - Henry,89,18443,7,2017
8997,089 - Henry,88,18507,11,2017
9990,089 - Henry,88,17142,10,2017
10982,089 - Henry,97,22343,9,2017
44,089 - Henry,89,16720,4,2018
1164,089 - Henry,103,27174,8,2018
2162,089 - Henry,63,14322,12,2018
3032,089 - Henry,85,17830,2,2018
4027,089 - Henry,85,15658,1,2018
5145,089 - Henry,90,21571,7,2018
6015,089 - Henry,88,16016,6,2018
7011,089 - Henry,90,15419,3,2018
8007,089 - Henry,81,14406,5,2018
9120,089 - Henry,86,22260,11,2018
10114,089 - Henry,78,13959,10,2018
11107,089 - Henry,93,20837,9,2018
168,089 - Henry,88,28514,4,2019
1289,089 - Henry,92,23129.8,8,2019
2286,089 - Henry,84,16301.6,12,2019
3156,089 - Henry,69,15975,2,2019
4151,089 - Henry,84,21078,1,2019
5270,089 - Henry,88,21391.6,7,2019
6139,089 - Henry,93,23257,6,2019
7135,089 - Henry,77,14549,3,2019
8131,089 - Henry,84,16617,5,2019
9244,089 - Henry,87,20342.4,11,2019
10238,089 - Henry,89,21626,10,2019
11232,089 - Henry,99,18920.8,9,2019
293,089 - Henry,88,14848,4,2020
1412,089 - Henry,78,26262,8,2020
2407,089 - Henry,55,11365,12,2020
3280,089 - Henry,85,19044.8,2,2020
4275,089 - Henry,81,14631.2,1,2020
5393,089 - Henry,75,21880.4,7,2020
6263,089 - Henry,80,31074,6,2020
7260,089 - Henry,84,16016.2,3,2020
8255,089 - Henry,47,11486.2,5,2020
9365,089 - Henry,60,13608,11,2020
10359,089 - Henry,76,17153,10,2020
11354,089 - Henry,72,16984,9,2020
415,089 - Henry,45,13038,4,2021
1536,089 - Henry,67,25259,8,2021
2530,089 - Henry,118,37094,12,2021
3402,089 - Henry,49,11841,2,2021
4397,089 - Henry,50,12620,1,2021
5514,089 - Henry,51,23061,7,2021
6385,089 - Henry,52,14906,6,2021
7382,089 - Henry,48,10679,3,2021
8372,089 - Henry,41,12740,5,2021
9489,089 - Henry,119,39823.4,11,2021
10482,089 - Henry,115,39887.6,10,2021
11478,089 - Henry,100,31725.6,9,2021
538,089 - Henry,144,49576,4,2022
1661,089 - Henry,188,78654.6,8,2022
2655,089 - Henry,198,138763.38,12,2022
3524,089 - Henry,142,44457.6,2,2022
4520,089 - Henry,132,43131,1,2022
5638,089 - Henry,171,59944.2,7,2022
6508,089 - Henry,159,48468.4,6,2022
7505,089 - Henry,133,38495.4,3,2022
8495,089 - Henry,156,48226.4,5,2022
9614,089 - Henry,173,107050.92,11,2022
10607,089 - Henry,179,56759.8,10,2022
11603,089 - Henry,195,61590.2,9,2022
663,089 - Henry,209,155949.34,4,2023
1786,089 - Henry,246,182418.46,8,2023
2779,089 - Henry,258,216495.74,12,2023
3649,089 - Henry,210,143105.3,2,2023
4645,089 - Henry,206,143548.21,1,2023
5763,089 - Henry,244,180508.82,7,2023
6633,089 - Henry,244,168040.46,6,2023
7630,089 - Henry,198,122066.19,3,2023
8620,089 - Henry,197,120852.3,5,2023
9738,089 - Henry,256,200346.72,11,2023
10732,089 - Henry,249,175493.9,10,2023
11727,089 - Henry,256,179966.3,9,2023
788,089 - Henry,276,199631.31,4,2024
1912,089 - Henry,295,254952.71,8,2024
2906,089 - Henry,291,192023,12,2024
3774,089 - Henry,272,219953.31,2,2024
4768,089 - Henry,261,180424.73,1,2024
5890,089 - Henry,312,228867.47,7,2024
6758,089 - Henry,294,224310.88,6,2024
7754,089 - Henry,266,191721.44,3,2024
8745,089 - Henry,298,214426.46,5,2024
9865,089 - Henry,290,214009,11,2024
10857,089 - Henry,293,194704.92,10,2024
11853,089 - Henry,315,218356.96,9,2024
914,089 - Henry,316,210151,4,2025
3901,089 - Henry,286,218158,2,2025
4895,089 - Henry,290,207783,1,2025
6885,089 - Henry,348,234503,6,2025
7880,089 - Henry,305,181942,3,2025
8871,089 - Henry,323,224809,5,2025
294,091 - Highland,REDACTED,1346,4,2020
1413,091 - Highland,REDACTED,2096,8,2020
3281,091 - Highland,REDACTED,2062,2,2020
4276,091 - Highland,REDACTED,540,1,2020
5394,091 - Highland,REDACTED,2160,7,2020
6264,091 - Highland,REDACTED,1410,6,2020
7261,091 - Highland,REDACTED,1016,3,2020
8256,091 - Highland,REDACTED,660,5,2020
9366,091 - Highland,REDACTED,284,11,2020
10360,091 - Highland,REDACTED,2176,10,2020
11355,091 - Highland,REDACTED,2696,9,2020
1537,091 - Highland,REDACTED,3280,8,2021
2531,091 - Highland,REDACTED,2504,12,2021
5515,091 - Highland,REDACTED,554,7,2021
9490,091 - Highland,REDACTED,2102,11,2021
10483,091 - Highland,REDACTED,2864,10,2021
11479,091 - Highland,REDACTED,3080,9,2021
539,091 - Highland,REDACTED,4045,4,2022
1662,091 - Highland,13,8294,8,2022
2656,091 - Highland,17,13508,12,2022
3525,091 - Highland,REDACTED,3714,2,2022
4521,091 - Highland,REDACTED,3426,1,2022
5639,091 - Highland,14,8640,7,2022
6509,091 - Highland,10,5444,6,2022
7506,091 - Highland,REDACTED,3536,3,2022
8496,091 - Highland,REDACTED,3398,5,2022
9615,091 - Highland,16,13960,11,2022
10608,091 - Highland,15,8509,10,2022
11604,091 - Highland,17,9902,9,2022
664,091 - Highland,13,11461,4,2023
1787,091 - Highland,15,9596,8,2023
2780,091 - Highland,16,12898,12,2023
3650,091 - Highland,13,12814,2,2023
4646,091 - Highland,15,13878,1,2023
5764,091 - Highland,15,12408,7,2023
6634,091 - Highland,13,14527,6,2023
7631,091 - Highland,14,10563,3,2023
8621,091 - Highland,12,8531,5,2023
9739,091 - Highland,14,11627,11,2023
10733,091 - Highland,10,7710,10,2023
11728,091 - Highland,15,10389,9,2023
789,091 - Highland,15,11487,4,2024
1913,091 - Highland,16,12417,8,2024
2907,091 - Highland,15,9550,12,2024
3775,091 - Highland,16,11639,2,2024
4769,091 - Highland,16,12471,1,2024
5891,091 - Highland,14,9520,7,2024
6759,091 - Highland,13,10946,6,2024
7755,091 - Highland,14,10161,3,2024
8746,091 - Highland,13,10316,5,2024
9866,091 - Highland,15,10855,11,2024
10858,091 - Highland,15,8937,10,2024
11854,091 - Highland,14,11943,9,2024
915,091 - Highland,15,9744,4,2025
3902,091 - Highland,14,11015,2,2025
4896,091 - Highland,15,10671,1,2025
6886,091 - Highland,14,11152,6,2025
7881,091 - Highland,14,10457,3,2025
8872,091 - Highland,14,9508,5,2025
1040,093 - Isle of Wight,22,9159,8,2017
2039,093 - Isle of Wight,21,8265,12,2017
5021,093 - Isle of Wight,28,8828,7,2017
8998,093 - Isle of Wight,21,9064,11,2017
9991,093 - Isle of Wight,22,7633,10,2017
10983,093 - Isle of Wight,20,8275,9,2017
45,093 - Isle of Wight,19,7511,4,2018
1165,093 - Isle of Wight,16,7809,8,2018
2163,093 - Isle of Wight,11,4917,12,2018
3033,093 - Isle of Wight,20,7425,2,2018
4028,093 - Isle of Wight,24,6966,1,2018
5146,093 - Isle of Wight,15,6608,7,2018
6016,093 - Isle of Wight,17,7253,6,2018
7012,093 - Isle of Wight,19,7079,3,2018
8008,093 - Isle of Wight,18,5782,5,2018
9121,093 - Isle of Wight,11,4520,11,2018
10115,093 - Isle of Wight,12,4683,10,2018
11108,093 - Isle of Wight,14,6759,9,2018
169,093 - Isle of Wight,12,3978,4,2019
1290,093 - Isle of Wight,29,13016,8,2019
2287,093 - Isle of Wight,26,10619.2,12,2019
3157,093 - Isle of Wight,10,5431,2,2019
4152,093 - Isle of Wight,10,3404,1,2019
5271,093 - Isle of Wight,18,7724,7,2019
6140,093 - Isle of Wight,18,8914,6,2019
7136,093 - Isle of Wight,10,4695,3,2019
8132,093 - Isle of Wight,15,7006,5,2019
9245,093 - Isle of Wight,27,12096.4,11,2019
10239,093 - Isle of Wight,23,9004,10,2019
11233,093 - Isle of Wight,28,13642,9,2019
295,093 - Isle of Wight,26,8208,4,2020
1414,093 - Isle of Wight,22,11849.6,8,2020
2408,093 - Isle of Wight,16,5699.6,12,2020
3282,093 - Isle of Wight,28,12876.4,2,2020
4277,093 - Isle of Wight,28,10002.4,1,2020
5395,093 - Isle of Wight,20,10521.2,7,2020
6265,093 - Isle of Wight,25,13119.4,6,2020
7262,093 - Isle of Wight,26,10068.8,3,2020
8257,093 - Isle of Wight,16,9063.4,5,2020
9367,093 - Isle of Wight,15,7442.5,11,2020
10361,093 - Isle of Wight,18,7070.1,10,2020
11356,093 - Isle of Wight,27,10951.6,9,2020
416,093 - Isle of Wight,19,9956.7,4,2021
1538,093 - Isle of Wight,21,13954,8,2021
2532,093 - Isle of Wight,38,23289,12,2021
3403,093 - Isle of Wight,18,7192.7,2,2021
4398,093 - Isle of Wight,16,6716.7,1,2021
5516,093 - Isle of Wight,21,15638,7,2021
6386,093 - Isle of Wight,20,11752.2,6,2021
7383,093 - Isle of Wight,19,8319.4,3,2021
8373,093 - Isle of Wight,22,10500.2,5,2021
9491,093 - Isle of Wight,38,20395,11,2021
10484,093 - Isle of Wight,35,20265,10,2021
11480,093 - Isle of Wight,29,16997,9,2021
540,093 - Isle of Wight,34,21590,4,2022
1663,093 - Isle of Wight,48,28622.37,8,2022
2657,093 - Isle of Wight,52,40085,12,2022
3526,093 - Isle of Wight,35,20523,2,2022
4522,093 - Isle of Wight,34,21644,1,2022
5640,093 - Isle of Wight,47,27101.54,7,2022
6510,093 - Isle of Wight,37,22900.28,6,2022
7507,093 - Isle of Wight,33,18102,3,2022
8497,093 - Isle of Wight,36,21590,5,2022
9616,093 - Isle of Wight,54,41790,11,2022
10609,093 - Isle of Wight,44,25348.35,10,2022
11605,093 - Isle of Wight,49,30266.87,9,2022
665,093 - Isle of Wight,63,52553,4,2023
1788,093 - Isle of Wight,76,57788,8,2023
2781,093 - Isle of Wight,70,53728.68,12,2023
3651,093 - Isle of Wight,58,44536,2,2023
4647,093 - Isle of Wight,56,41959,1,2023
5765,093 - Isle of Wight,78,57290,7,2023
6635,093 - Isle of Wight,63,47857,6,2023
7632,093 - Isle of Wight,63,45133,3,2023
8622,093 - Isle of Wight,64,40113,5,2023
9740,093 - Isle of Wight,69,50679.98,11,2023
10734,093 - Isle of Wight,66,46080,10,2023
11729,093 - Isle of Wight,70,59847,9,2023
790,093 - Isle of Wight,79,58245.1,4,2024
1914,093 - Isle of Wight,81,70193,8,2024
2908,093 - Isle of Wight,91,67830,12,2024
3776,093 - Isle of Wight,64,55514.94,2,2024
4770,093 - Isle of Wight,66,46879.74,1,2024
5892,093 - Isle of Wight,85,58381,7,2024
6760,093 - Isle of Wight,81,70162.3,6,2024
7756,093 - Isle of Wight,68,55666.1,3,2024
8747,093 - Isle of Wight,83,69572.2,5,2024
9867,093 - Isle of Wight,78,71957,11,2024
10859,093 - Isle of Wight,82,64926,10,2024
11855,093 - Isle of Wight,80,71298,9,2024
916,093 - Isle of Wight,95,68949,4,2025
3903,093 - Isle of Wight,94,81329,2,2025
4897,093 - Isle of Wight,93,71597,1,2025
6887,093 - Isle of Wight,88,72475,6,2025
7882,093 - Isle of Wight,97,68361,3,2025
8873,093 - Isle of Wight,94,70731,5,2025
1041,095 - James City,112,52019,8,2017
2040,095 - James City,77,31830,12,2017
5022,095 - James City,117,54781,7,2017
8999,095 - James City,88,45129,11,2017
9992,095 - James City,89,39994,10,2017
10984,095 - James City,98,42861,9,2017
46,095 - James City,92,43143,4,2018
1166,095 - James City,84,64224,8,2018
2164,095 - James City,83,43693,12,2018
3034,095 - James City,87,38732,2,2018
4029,095 - James City,82,36505,1,2018
5147,095 - James City,86,53714,7,2018
6017,095 - James City,83,37223,6,2018
7013,095 - James City,95,38464,3,2018
8009,095 - James City,86,33814,5,2018
9122,095 - James City,85,51201,11,2018
10116,095 - James City,86,41277,10,2018
11109,095 - James City,91,60483,9,2018
170,095 - James City,93,50198,4,2019
1291,095 - James City,119,75224.2,8,2019
2288,095 - James City,99,41356.4,12,2019
3158,095 - James City,84,53349,2,2019
4153,095 - James City,81,45310,1,2019
5272,095 - James City,105,63666.1,7,2019
6141,095 - James City,107,70337,6,2019
7137,095 - James City,84,42153,3,2019
8133,095 - James City,96,57813,5,2019
9246,095 - James City,101,54866,11,2019
10240,095 - James City,97,46962.6,10,2019
11234,095 - James City,103,66640.8,9,2019
296,095 - James City,111,57256,4,2020
1415,095 - James City,86,56745.8,8,2020
2409,095 - James City,90,57003.6,12,2020
3283,095 - James City,114,75355.3,2,2020
4278,095 - James City,106,62724.7,1,2020
5396,095 - James City,81,66720.2,7,2020
6266,095 - James City,72,47157,6,2020
7263,095 - James City,116,62909.2,3,2020
8258,095 - James City,74,37530,5,2020
9368,095 - James City,86,52576.2,11,2020
10362,095 - James City,107,47613.6,10,2020
11357,095 - James City,89,51931.2,9,2020
417,095 - James City,83,47705,4,2021
1539,095 - James City,99,74538.52,8,2021
2533,095 - James City,66,46711.88,12,2021
3404,095 - James City,99,56152.4,2,2021
4399,095 - James City,86,53950.8,1,2021
5517,095 - James City,94,69476,7,2021
6387,095 - James City,80,55299.8,6,2021
7384,095 - James City,83,41453.2,3,2021
8374,095 - James City,79,44230.4,5,2021
9492,095 - James City,75,46163.2,11,2021
10485,095 - James City,81,50070.6,10,2021
11481,095 - James City,98,73021.76,9,2021
541,095 - James City,91,70358.28,4,2022
1664,095 - James City,120,82098,8,2022
2658,095 - James City,142,109380,12,2022
3527,095 - James City,89,61247.2,2,2022
4523,095 - James City,79,54736.64,1,2022
5641,095 - James City,103,80505,7,2022
6511,095 - James City,92,63591,6,2022
7508,095 - James City,97,61891.52,3,2022
8498,095 - James City,94,63622.6,5,2022
9617,095 - James City,133,100796,11,2022
10610,095 - James City,123,83515.4,10,2022
11606,095 - James City,128,89882,9,2022
666,095 - James City,156,119720,4,2023
1789,095 - James City,168,129496,8,2023
2782,095 - James City,163,121022,12,2023
3652,095 - James City,150,114068,2,2023
4648,095 - James City,151,119193,1,2023
5766,095 - James City,164,130686,7,2023
6636,095 - James City,153,118056,6,2023
7633,095 - James City,153,104663,3,2023
8623,095 - James City,153,104196,5,2023
9741,095 - James City,165,125072,11,2023
10735,095 - James City,169,123304,10,2023
11730,095 - James City,176,143106,9,2023
791,095 - James City,149,127092,4,2024
1915,095 - James City,165,145905,8,2024
2909,095 - James City,143,106056,12,2024
3777,095 - James City,161,127712,2,2024
4771,095 - James City,156,117724,1,2024
5893,095 - James City,176,129675,7,2024
6761,095 - James City,159,129098,6,2024
7757,095 - James City,158,110961,3,2024
8748,095 - James City,158,124540,5,2024
9868,095 - James City,148,113488,11,2024
10860,095 - James City,151,106903,10,2024
11856,095 - James City,160,124555,9,2024
917,095 - James City,135,101125,4,2025
3904,095 - James City,150,120801,2,2025
4898,095 - James City,145,115362,1,2025
6888,095 - James City,142,108404,6,2025
7883,095 - James City,133,90020,3,2025
8874,095 - James City,134,109098,5,2025
1042,097 - King and Queen,11,4815,8,2017
2041,097 - King and Queen,17,7585,12,2017
5023,097 - King and Queen,12,4292,7,2017
9000,097 - King and Queen,18,7164,11,2017
9993,097 - King and Queen,19,6991,10,2017
10985,097 - King and Queen,20,7821,9,2017
47,097 - King and Queen,18,5899,4,2018
1167,097 - King and Queen,19,10064,8,2018
2165,097 - King and Queen,13,5235,12,2018
3035,097 - King and Queen,17,5987,2,2018
4030,097 - King and Queen,18,6761,1,2018
5148,097 - King and Queen,20,10480,7,2018
6018,097 - King and Queen,18,9139,6,2018
7014,097 - King and Queen,13,3820,3,2018
8010,097 - King and Queen,18,8003,5,2018
9123,097 - King and Queen,14,6033,11,2018
10117,097 - King and Queen,16,5717,10,2018
11110,097 - King and Queen,20,11627,9,2018
171,097 - King and Queen,19,9350,4,2019
1292,097 - King and Queen,31,14209.8,8,2019
2289,097 - King and Queen,22,7719.6,12,2019
3159,097 - King and Queen,13,5634,2,2019
4154,097 - King and Queen,16,5632,1,2019
5273,097 - King and Queen,31,14930.6,7,2019
6142,097 - King and Queen,29,16316,6,2019
7138,097 - King and Queen,16,5255,3,2019
8134,097 - King and Queen,29,15188,5,2019
9247,097 - King and Queen,23,8895,11,2019
10241,097 - King and Queen,27,11034.2,10,2019
11235,097 - King and Queen,30,12633.2,9,2019
297,097 - King and Queen,20,7981,4,2020
1416,097 - King and Queen,24,9886,8,2020
2410,097 - King and Queen,23,6940,12,2020
3284,097 - King and Queen,22,9681.8,2,2020
4279,097 - King and Queen,22,8401.8,1,2020
5397,097 - King and Queen,22,12674,7,2020
6267,097 - King and Queen,18,8764,6,2020
7264,097 - King and Queen,22,7936.6,3,2020
8259,097 - King and Queen,18,8511,5,2020
9369,097 - King and Queen,19,8858,11,2020
10363,097 - King and Queen,25,8373,10,2020
11358,097 - King and Queen,21,9343,9,2020
418,097 - King and Queen,17,9012,4,2021
1540,097 - King and Queen,18,10122,8,2021
2534,097 - King and Queen,15,8574,12,2021
3405,097 - King and Queen,22,9895,2,2021
4400,097 - King and Queen,21,9940,1,2021
5518,097 - King and Queen,17,10447,7,2021
6388,097 - King and Queen,18,9128,6,2021
7385,097 - King and Queen,21,8730,3,2021
8375,097 - King and Queen,17,9669,5,2021
9493,097 - King and Queen,14,8495,11,2021
10486,097 - King and Queen,13,7474,10,2021
11482,097 - King and Queen,17,9144,9,2021
542,097 - King and Queen,25,12085,4,2022
1665,097 - King and Queen,20,11709,8,2022
2659,097 - King and Queen,16,11802,12,2022
3528,097 - King and Queen,15,7196,2,2022
4524,097 - King and Queen,15,9596,1,2022
5642,097 - King and Queen,20,11490,7,2022
6512,097 - King and Queen,23,11760,6,2022
7509,097 - King and Queen,15,7202,3,2022
8499,097 - King and Queen,24,12833,5,2022
9618,097 - King and Queen,19,12374,11,2022
10611,097 - King and Queen,20,11350,10,2022
11607,097 - King and Queen,20,12437,9,2022
667,097 - King and Queen,22,16530,4,2023
1790,097 - King and Queen,26,18355,8,2023
2783,097 - King and Queen,22,16274,12,2023
3653,097 - King and Queen,20,15332,2,2023
4649,097 - King and Queen,19,13993,1,2023
5767,097 - King and Queen,22,16674,7,2023
6637,097 - King and Queen,19,13843,6,2023
7634,097 - King and Queen,20,11881,3,2023
8624,097 - King and Queen,19,9384,5,2023
9742,097 - King and Queen,24,18869,11,2023
10736,097 - King and Queen,23,18026,10,2023
11731,097 - King and Queen,28,21922,9,2023
792,097 - King and Queen,23,13830,4,2024
1916,097 - King and Queen,29,23061,8,2024
2910,097 - King and Queen,25,16578,12,2024
3778,097 - King and Queen,20,14018,2,2024
4772,097 - King and Queen,20,11611,1,2024
5894,097 - King and Queen,31,21582,7,2024
6762,097 - King and Queen,23,15904,6,2024
7758,097 - King and Queen,19,12947,3,2024
8749,097 - King and Queen,24,15246,5,2024
9869,097 - King and Queen,27,18941,11,2024
10861,097 - King and Queen,22,14455,10,2024
11857,097 - King and Queen,27,17653,9,2024
918,097 - King and Queen,31,19619,4,2025
3905,097 - King and Queen,26,16284,2,2025
4899,097 - King and Queen,27,16444,1,2025
6889,097 - King and Queen,24,17933,6,2025
7884,097 - King and Queen,27,15468,3,2025
8875,097 - King and Queen,29,19455,5,2025
1043,099 - King George,96,41873,8,2017
2042,099 - King George,93,43266,12,2017
5024,099 - King George,93,42864,7,2017
9001,099 - King George,94,42951,11,2017
9994,099 - King George,87,36322,10,2017
10986,099 - King George,91,48680,9,2017
48,099 - King George,80,33295,4,2018
1168,099 - King George,87,48615,8,2018
2166,099 - King George,65,33664,12,2018
3036,099 - King George,74,35005,2,2018
4031,099 - King George,91,33776,1,2018
5149,099 - King George,89,43324,7,2018
6019,099 - King George,81,40625,6,2018
7015,099 - King George,65,32800,3,2018
8011,099 - King George,78,36259,5,2018
9124,099 - King George,77,36750,11,2018
10118,099 - King George,79,29619,10,2018
11111,099 - King George,93,39701,9,2018
172,099 - King George,70,32934,4,2019
1293,099 - King George,78,48778.4,8,2019
2290,099 - King George,86,40477.2,12,2019
3160,099 - King George,70,37200,2,2019
4155,099 - King George,71,38959,1,2019
5274,099 - King George,73,39218,7,2019
6143,099 - King George,74,40563,6,2019
7139,099 - King George,71,30188,3,2019
8135,099 - King George,75,36396,5,2019
9248,099 - King George,78,43414.2,11,2019
10242,099 - King George,81,34958.2,10,2019
11236,099 - King George,80,37875.6,9,2019
298,099 - King George,91,40312.6,4,2020
1417,099 - King George,85,52648.2,8,2020
2411,099 - King George,57,26255.68,12,2020
3285,099 - King George,94,46614,2,2020
4280,099 - King George,89,41626.6,1,2020
5398,099 - King George,82,50240.2,7,2020
6268,099 - King George,82,46747.2,6,2020
7265,099 - King George,88,40427.6,3,2020
8260,099 - King George,80,45828.2,5,2020
9370,099 - King George,70,31912.76,11,2020
10364,099 - King George,83,32043,10,2020
11359,099 - King George,83,50104,9,2020
419,099 - King George,52,30320.84,4,2021
1541,099 - King George,68,45794.76,8,2021
2535,099 - King George,87,55051.08,12,2021
3406,099 - King George,42,18628.68,2,2021
4401,099 - King George,50,24912.2,1,2021
5519,099 - King George,64,40790.16,7,2021
6389,099 - King George,61,34617.36,6,2021
7386,099 - King George,50,19676.52,3,2021
8376,099 - King George,57,31947.6,5,2021
9494,099 - King George,80,46946.68,11,2021
10487,099 - King George,75,44110.76,10,2021
11483,099 - King George,77,44213.76,9,2021
543,099 - King George,87,58936.04,4,2022
1666,099 - King George,94,63035.48,8,2022
2660,099 - King George,110,101349.82,12,2022
3529,099 - King George,90,53033.48,2,2022
4525,099 - King George,87,59465.64,1,2022
5643,099 - King George,92,66160.56,7,2022
6513,099 - King George,90,54103.36,6,2022
7510,099 - King George,89,52995.6,3,2022
8500,099 - King George,87,52139.68,5,2022
9619,099 - King George,100,89987.51,11,2022
10612,099 - King George,97,60000.96,10,2022
11608,099 - King George,102,67229.94,9,2022
668,099 - King George,122,108343.5,4,2023
1791,099 - King George,149,141145,8,2023
2784,099 - King George,116,111305,12,2023
3654,099 - King George,111,96787.67,2,2023
4650,099 - King George,112,108105.82,1,2023
5768,099 - King George,147,145439,7,2023
6638,099 - King George,141,125738.5,6,2023
7635,099 - King George,115,92232,3,2023
8625,099 - King George,129,106052,5,2023
9743,099 - King George,139,131723,11,2023
10737,099 - King George,136,120379.5,10,2023
11732,099 - King George,128,127243.5,9,2023
793,099 - King George,112,101351,4,2024
1917,099 - King George,112,122343,8,2024
2911,099 - King George,112,108787,12,2024
3779,099 - King George,114,116444,2,2024
4773,099 - King George,114,105875,1,2024
5895,099 - King George,105,101698,7,2024
6763,099 - King George,112,118918,6,2024
7759,099 - King George,117,98089,3,2024
8750,099 - King George,116,113922,5,2024
9870,099 - King George,109,109330,11,2024
10862,099 - King George,113,98222,10,2024
11858,099 - King George,116,104982,9,2024
919,099 - King George,123,118508,4,2025
3906,099 - King George,124,135065,2,2025
4900,099 - King George,118,120178,1,2025
6890,099 - King George,134,128603,6,2025
7885,099 - King George,123,107523,3,2025
8876,099 - King George,123,125853,5,2025
1044,101 - King William,38,14382,8,2017
2043,101 - King William,29,7509,12,2017
5025,101 - King William,38,13396,7,2017
9002,101 - King William,28,7738,11,2017
9995,101 - King William,37,9324,10,2017
10987,101 - King William,34,11407,9,2017
49,101 - King William,33,8414,4,2018
1169,101 - King William,26,13604,8,2018
2167,101 - King William,31,9106,12,2018
3037,101 - King William,32,8954,2,2018
4032,101 - King William,28,7855,1,2018
5150,101 - King William,26,9735,7,2018
6020,101 - King William,32,8413,6,2018
7016,101 - King William,31,7553,3,2018
8012,101 - King William,34,10781,5,2018
9125,101 - King William,30,9660,11,2018
10119,101 - King William,29,8271,10,2018
11112,101 - King William,30,13598,9,2018
173,101 - King William,25,8269,4,2019
1294,101 - King William,29,14111,8,2019
2291,101 - King William,37,14692.8,12,2019
3161,101 - King William,25,8468,2,2019
4156,101 - King William,31,10177,1,2019
5275,101 - King William,26,9332,7,2019
6144,101 - King William,24,10015,6,2019
7140,101 - King William,26,6765,3,2019
8136,101 - King William,23,7751,5,2019
9249,101 - King William,32,14368.8,11,2019
10243,101 - King William,34,9455.4,10,2019
11237,101 - King William,32,12158.8,9,2019
299,101 - King William,36,13572.6,4,2020
1418,101 - King William,26,11080,8,2020
2412,101 - King William,19,7233,12,2020
3286,101 - King William,36,16091,2,2020
4281,101 - King William,35,13514.2,1,2020
5399,101 - King William,25,18091,7,2020
6269,101 - King William,25,15400.2,6,2020
7266,101 - King William,36,14187,3,2020
8261,101 - King William,24,12204.2,5,2020
9371,101 - King William,19,9358,11,2020
10365,101 - King William,25,9761,10,2020
11360,101 - King William,19,9938,9,2020
420,101 - King William,21,12589.2,4,2021
1542,101 - King William,31,21030.2,8,2021
2536,101 - King William,40,23155.6,12,2021
3407,101 - King William,20,8629,2,2021
4402,101 - King William,20,11110,1,2021
5520,101 - King William,29,18024.2,7,2021
6390,101 - King William,24,14028.6,6,2021
7387,101 - King William,21,9497.4,3,2021
8377,101 - King William,23,13826.2,5,2021
9495,101 - King William,39,21603.6,11,2021
10488,101 - King William,40,22545.2,10,2021
11484,101 - King William,37,21657.2,9,2021
544,101 - King William,45,24202.8,4,2022
1667,101 - King William,47,30847,8,2022
2661,101 - King William,48,35668,12,2022
3530,101 - King William,40,22243.8,2,2022
4526,101 - King William,36,23684,1,2022
5644,101 - King William,50,32718.4,7,2022
6514,101 - King William,45,23177.8,6,2022
7511,101 - King William,39,20062,3,2022
8501,101 - King William,42,23227.6,5,2022
9620,101 - King William,41,28344,11,2022
10613,101 - King William,44,23455.8,10,2022
11609,101 - King William,46,32132.6,9,2022
669,101 - King William,52,49089,4,2023
1792,101 - King William,53,41987,8,2023
2785,101 - King William,54,40521,12,2023
3655,101 - King William,46,35289,2,2023
4651,101 - King William,46,38545,1,2023
5769,101 - King William,54,47155,7,2023
6639,101 - King William,53,41080,6,2023
7636,101 - King William,46,31951,3,2023
8626,101 - King William,51,33834,5,2023
9744,101 - King William,52,37289,11,2023
10738,101 - King William,49,33355,10,2023
11733,101 - King William,52,42914,9,2023
794,101 - King William,51,37715,4,2024
1918,101 - King William,65,58133,8,2024
2912,101 - King William,57,42163,12,2024
3780,101 - King William,58,42238,2,2024
4774,101 - King William,54,39842,1,2024
5896,101 - King William,71,53539,7,2024
6764,101 - King William,57,45608,6,2024
7760,101 - King William,55,35657,3,2024
8751,101 - King William,55,41721,5,2024
9871,101 - King William,54,44366,11,2024
10863,101 - King William,59,41874,10,2024
11859,101 - King William,69,52266,9,2024
920,101 - King William,58,41806,4,2025
3907,101 - King William,57,45413,2,2025
4901,101 - King William,58,44736,1,2025
6891,101 - King William,64,49620,6,2025
7886,101 - King William,58,37368,3,2025
8877,101 - King William,60,45430,5,2025
1045,103 - Lancaster,12,4154,8,2017
2044,103 - Lancaster,REDACTED,2241,12,2017
5026,103 - Lancaster,12,4305,7,2017
9003,103 - Lancaster,REDACTED,1778,11,2017
9996,103 - Lancaster,12,1736,10,2017
10988,103 - Lancaster,13,4572,9,2017
50,103 - Lancaster,14,3459,4,2018
1170,103 - Lancaster,14,6042,8,2018
2168,103 - Lancaster,10,4375,12,2018
3038,103 - Lancaster,12,3631,2,2018
4033,103 - Lancaster,10,2595,1,2018
5151,103 - Lancaster,15,6727,7,2018
6021,103 - Lancaster,11,3349,6,2018
7017,103 - Lancaster,12,2728,3,2018
8013,103 - Lancaster,15,3465,5,2018
9126,103 - Lancaster,13,6775,11,2018
10120,103 - Lancaster,11,4562,10,2018
11113,103 - Lancaster,13,6689,9,2018
174,103 - Lancaster,REDACTED,5312,4,2019
1295,103 - Lancaster,REDACTED,380,8,2019
2292,103 - Lancaster,REDACTED,2057,12,2019
3162,103 - Lancaster,REDACTED,2387,2,2019
4157,103 - Lancaster,REDACTED,4616,1,2019
6145,103 - Lancaster,REDACTED,1032,6,2019
7141,103 - Lancaster,REDACTED,1593,3,2019
8137,103 - Lancaster,REDACTED,2092,5,2019
9250,103 - Lancaster,REDACTED,1778,11,2019
10244,103 - Lancaster,REDACTED,662,10,2019
11238,103 - Lancaster,REDACTED,116,9,2019
300,103 - Lancaster,REDACTED,1522,4,2020
1419,103 - Lancaster,REDACTED,879,8,2020
2413,103 - Lancaster,REDACTED,1461,12,2020
3287,103 - Lancaster,REDACTED,1376,2,2020
4282,103 - Lancaster,REDACTED,1358,1,2020
5400,103 - Lancaster,REDACTED,899,7,2020
6270,103 - Lancaster,REDACTED,327,6,2020
7267,103 - Lancaster,REDACTED,1509,3,2020
8262,103 - Lancaster,REDACTED,87,5,2020
9372,103 - Lancaster,REDACTED,1189,11,2020
10366,103 - Lancaster,REDACTED,1171,10,2020
11361,103 - Lancaster,REDACTED,676,9,2020
421,103 - Lancaster,REDACTED,1276,4,2021
1543,103 - Lancaster,REDACTED,2639,8,2021
2537,103 - Lancaster,REDACTED,1204,12,2021
3408,103 - Lancaster,REDACTED,1296,2,2021
4403,103 - Lancaster,REDACTED,881,1,2021
5521,103 - Lancaster,REDACTED,2707,7,2021
6391,103 - Lancaster,REDACTED,1363,6,2021
7388,103 - Lancaster,REDACTED,377,3,2021
8378,103 - Lancaster,REDACTED,1443,5,2021
9496,103 - Lancaster,REDACTED,2489,11,2021
10489,103 - Lancaster,REDACTED,2581,10,2021
11485,103 - Lancaster,REDACTED,2561,9,2021
545,103 - Lancaster,REDACTED,4007,4,2022
1668,103 - Lancaster,17,9067,8,2022
2662,103 - Lancaster,24,19858,12,2022
3531,103 - Lancaster,REDACTED,2483,2,2022
4527,103 - Lancaster,REDACTED,2693,1,2022
5645,103 - Lancaster,12,7205,7,2022
6515,103 - Lancaster,REDACTED,4646,6,2022
7512,103 - Lancaster,REDACTED,3152,3,2022
8502,103 - Lancaster,REDACTED,3707,5,2022
9621,103 - Lancaster,27,19090,11,2022
10614,103 - Lancaster,24,11145,10,2022
11610,103 - Lancaster,18,10404,9,2022
670,103 - Lancaster,44,34470,4,2023
1793,103 - Lancaster,48,34638,8,2023
2786,103 - Lancaster,54,41046,12,2023
3656,103 - Lancaster,30,21113,2,2023
4652,103 - Lancaster,21,14729,1,2023
5770,103 - Lancaster,48,34996,7,2023
6640,103 - Lancaster,44,32421,6,2023
7637,103 - Lancaster,34,23947,3,2023
8627,103 - Lancaster,41,26209,5,2023
9745,103 - Lancaster,49,36538,11,2023
10739,103 - Lancaster,56,39617,10,2023
11734,103 - Lancaster,58,41695,9,2023
795,103 - Lancaster,53,41198,4,2024
1919,103 - Lancaster,51,47242,8,2024
2913,103 - Lancaster,53,37272,12,2024
3781,103 - Lancaster,51,43802,2,2024
4775,103 - Lancaster,57,41513,1,2024
5897,103 - Lancaster,58,42007,7,2024
6765,103 - Lancaster,52,42752,6,2024
7761,103 - Lancaster,55,41737,3,2024
8752,103 - Lancaster,52,40491,5,2024
9872,103 - Lancaster,50,38311,11,2024
10864,103 - Lancaster,53,37802,10,2024
11860,103 - Lancaster,57,40541,9,2024
921,103 - Lancaster,51,32884,4,2025
3908,103 - Lancaster,56,40140,2,2025
4902,103 - Lancaster,48,38856,1,2025
6892,103 - Lancaster,52,34639,6,2025
7887,103 - Lancaster,47,30723,3,2025
8878,103 - Lancaster,52,36684,5,2025
1046,105 - Lee,15,3503,8,2017
2045,105 - Lee,11,2306,12,2017
5027,105 - Lee,16,4036,7,2017
9004,105 - Lee,11,2999,11,2017
9997,105 - Lee,10,2146,10,2017
10989,105 - Lee,14,2421,9,2017
51,105 - Lee,REDACTED,1973,4,2018
1171,105 - Lee,11,3083,8,2018
2169,105 - Lee,REDACTED,898,12,2018
3039,105 - Lee,10,1756,2,2018
4034,105 - Lee,10,2101,1,2018
5152,105 - Lee,REDACTED,2890,7,2018
6022,105 - Lee,REDACTED,2300,6,2018
7018,105 - Lee,REDACTED,1543,3,2018
8014,105 - Lee,REDACTED,2335,5,2018
9127,105 - Lee,REDACTED,1054,11,2018
10121,105 - Lee,REDACTED,770,10,2018
11114,105 - Lee,12,1845,9,2018
175,105 - Lee,REDACTED,1651,4,2019
1296,105 - Lee,REDACTED,1928,8,2019
2293,105 - Lee,REDACTED,1959,12,2019
3163,105 - Lee,REDACTED,1228,2,2019
4158,105 - Lee,REDACTED,614,1,2019
5276,105 - Lee,REDACTED,1656,7,2019
6146,105 - Lee,REDACTED,1779,6,2019
7142,105 - Lee,REDACTED,1392,3,2019
8138,105 - Lee,REDACTED,1674,5,2019
9251,105 - Lee,REDACTED,1880,11,2019
10245,105 - Lee,REDACTED,508,10,2019
11239,105 - Lee,REDACTED,1518,9,2019
301,105 - Lee,REDACTED,1395.5,4,2020
1420,105 - Lee,REDACTED,1610,8,2020
2414,105 - Lee,REDACTED,1291,12,2020
3288,105 - Lee,10,3179.5,2,2020
4283,105 - Lee,10,2412,1,2020
5401,105 - Lee,REDACTED,1932,7,2020
6271,105 - Lee,REDACTED,2222,6,2020
7268,105 - Lee,REDACTED,1772,3,2020
9373,105 - Lee,REDACTED,1761,11,2020
10367,105 - Lee,REDACTED,1603,10,2020
11362,105 - Lee,REDACTED,1910,9,2020
422,105 - Lee,REDACTED,1897,4,2021
1544,105 - Lee,12,5588,8,2021
2538,105 - Lee,10,4066,12,2021
3409,105 - Lee,REDACTED,1545,2,2021
4404,105 - Lee,REDACTED,1387,1,2021
5522,105 - Lee,13,4936,7,2021
6392,105 - Lee,12,3006,6,2021
7389,105 - Lee,REDACTED,1633,3,2021
8379,105 - Lee,REDACTED,1844,5,2021
9497,105 - Lee,11,4010,11,2021
10490,105 - Lee,10,4162,10,2021
11486,105 - Lee,13,3916,9,2021
546,105 - Lee,15,5498,4,2022
1669,105 - Lee,12,5441,8,2022
2663,105 - Lee,16,12396,12,2022
3532,105 - Lee,11,4256,2,2022
4528,105 - Lee,10,4330,1,2022
5646,105 - Lee,14,5040,7,2022
6516,105 - Lee,15,5708,6,2022
7513,105 - Lee,12,4165,3,2022
8503,105 - Lee,15,5368,5,2022
9622,105 - Lee,17,11416,11,2022
10615,105 - Lee,15,6208,10,2022
11611,105 - Lee,13,5472,9,2022
671,105 - Lee,17,12067,4,2023
1794,105 - Lee,18,13833,8,2023
2787,105 - Lee,16,12589,12,2023
3657,105 - Lee,17,11198,2,2023
4653,105 - Lee,16,12174,1,2023
5771,105 - Lee,20,15388,7,2023
6641,105 - Lee,22,15034,6,2023
7638,105 - Lee,14,9523,3,2023
8628,105 - Lee,18,10875,5,2023
9746,105 - Lee,14,9641,11,2023
10740,105 - Lee,14,7970,10,2023
11735,105 - Lee,17,12256,9,2023
796,105 - Lee,12,8312,4,2024
1920,105 - Lee,15,13140,8,2024
2914,105 - Lee,14,9172,12,2024
3782,105 - Lee,21,12931,2,2024
4776,105 - Lee,24,13159,1,2024
5898,105 - Lee,17,13486,7,2024
6766,105 - Lee,15,11917,6,2024
7762,105 - Lee,11,7911,3,2024
8753,105 - Lee,14,7060,5,2024
9873,105 - Lee,11,8444,11,2024
10865,105 - Lee,11,8251,10,2024
11861,105 - Lee,16,9721,9,2024
922,105 - Lee,15,10454,4,2025
3909,105 - Lee,14,10229,2,2025
4903,105 - Lee,13,9249,1,2025
6893,105 - Lee,18,11606,6,2025
7888,105 - Lee,16,10410,3,2025
8879,105 - Lee,16,11660,5,2025
1047,107 - Loudoun,303,224888,8,2017
2046,107 - Loudoun,312,221735,12,2017
5028,107 - Loudoun,327,260050,7,2017
9005,107 - Loudoun,303,205594,11,2017
9998,107 - Loudoun,306,185928,10,2017
10990,107 - Loudoun,302,231691,9,2017
52,107 - Loudoun,319,224532,4,2018
1172,107 - Loudoun,362,429128,8,2018
2170,107 - Loudoun,318,340971,12,2018
3040,107 - Loudoun,306,234326,2,2018
4035,107 - Loudoun,319,219268,1,2018
5153,107 - Loudoun,375,431021,7,2018
6023,107 - Loudoun,342,269644,6,2018
7019,107 - Loudoun,313,206436,3,2018
8015,107 - Loudoun,336,225249,5,2018
9128,107 - Loudoun,324,353195,11,2018
10122,107 - Loudoun,325,312067,10,2018
11115,107 - Loudoun,360,414447,9,2018
176,107 - Loudoun,329,345860,4,2019
1297,107 - Loudoun,373,444442.5,8,2019
2294,107 - Loudoun,436,411338.65,12,2019
3164,107 - Loudoun,320,350110,2,2019
4159,107 - Loudoun,323,336753,1,2019
5277,107 - Loudoun,365,384183.18,7,2019
6147,107 - Loudoun,355,411808,6,2019
7143,107 - Loudoun,322,301697,3,2019
8139,107 - Loudoun,345,387446,5,2019
9252,107 - Loudoun,435,455744.45,11,2019
10246,107 - Loudoun,425,408388.95,10,2019
11240,107 - Loudoun,424,449830.15,9,2019
302,107 - Loudoun,412,316911.45,4,2020
1421,107 - Loudoun,332,409357,8,2020
2415,107 - Loudoun,274,311523.25,12,2020
3289,107 - Loudoun,423,453839.85,2,2020
4284,107 - Loudoun,421,414467.3,1,2020
5402,107 - Loudoun,369,540396.65,7,2020
6272,107 - Loudoun,355,436493.45,6,2020
7269,107 - Loudoun,416,380673.65,3,2020
8263,107 - Loudoun,240,253095.2,5,2020
9374,107 - Loudoun,287,319195.82,11,2020
10368,107 - Loudoun,331,328789.8,10,2020
11363,107 - Loudoun,293,331062.95,9,2020
423,107 - Loudoun,285,337685.16,4,2021
1545,107 - Loudoun,365,479416.64,8,2021
2539,107 - Loudoun,544,667785.1,12,2021
3410,107 - Loudoun,268,278419.55,2,2021
4405,107 - Loudoun,276,303378.15,1,2021
5523,107 - Loudoun,344,456512.2,7,2021
6393,107 - Loudoun,314,370093.08,6,2021
7390,107 - Loudoun,273,269039.7,3,2021
8380,107 - Loudoun,296,364755.62,5,2021
9498,107 - Loudoun,503,568604.54,11,2021
10491,107 - Loudoun,482,579739.92,10,2021
11487,107 - Loudoun,451,564398.53,9,2021
547,107 - Loudoun,673,872118.77,4,2022
1670,107 - Loudoun,752,1022892.62,8,2022
2664,107 - Loudoun,860,1136321.95,12,2022
3533,107 - Loudoun,599,687212.82,2,2022
4529,107 - Loudoun,569,732942.89,1,2022
5647,107 - Loudoun,755,980035.34,7,2022
6517,107 - Loudoun,690,844532.92,6,2022
7514,107 - Loudoun,649,704922.72,3,2022
8504,107 - Loudoun,731,874068.29,5,2022
9623,107 - Loudoun,816,1032210.19,11,2022
10616,107 - Loudoun,801,1015344.8,10,2022
11612,107 - Loudoun,797,1056400.7,9,2022
672,107 - Loudoun,981,1265964.69,4,2023
1795,107 - Loudoun,1063,1355585.53,8,2023
2788,107 - Loudoun,1160,1451652.28,12,2023
3658,107 - Loudoun,925,1157308.15,2,2023
4654,107 - Loudoun,918,1185334.68,1,2023
5772,107 - Loudoun,1084,1498326.34,7,2023
6642,107 - Loudoun,1015,1320218.07,6,2023
7639,107 - Loudoun,954,1070575.12,3,2023
8629,107 - Loudoun,997,1133992.4,5,2023
9747,107 - Loudoun,1125,1381108.68,11,2023
10741,107 - Loudoun,1102,1297751.12,10,2023
11736,107 - Loudoun,1148,1480486.39,9,2023
797,107 - Loudoun,1241,1508387.45,4,2024
1921,107 - Loudoun,1257,1768130.25,8,2024
2915,107 - Loudoun,1139,1344639,12,2024
3783,107 - Loudoun,1224,1560449.3,2,2024
4777,107 - Loudoun,1198,1415373.58,1,2024
5899,107 - Loudoun,1307,1590343.16,7,2024
6767,107 - Loudoun,1265,1662422.78,6,2024
7763,107 - Loudoun,1230,1416111.57,3,2024
8754,107 - Loudoun,1264,1550382.4,5,2024
9874,107 - Loudoun,1175,1491350,11,2024
10866,107 - Loudoun,1194,1355006.63,10,2024
11862,107 - Loudoun,1302,1621773.18,9,2024
923,107 - Loudoun,1133,1290151,4,2025
3910,107 - Loudoun,1161,1488601,2,2025
4904,107 - Loudoun,1137,1398820,1,2025
6894,107 - Loudoun,1143,1376147,6,2025
7889,107 - Loudoun,1143,1229102,3,2025
8880,107 - Loudoun,1142,1415719,5,2025
1048,109 - Louisa,20,7838,8,2017
2047,109 - Louisa,13,6254,12,2017
5029,109 - Louisa,29,10925,7,2017
9006,109 - Louisa,13,6279,11,2017
9999,109 - Louisa,12,6203,10,2017
10991,109 - Louisa,14,5915,9,2017
53,109 - Louisa,13,6044,4,2018
1173,109 - Louisa,12,8964,8,2018
2171,109 - Louisa,17,8774,12,2018
3041,109 - Louisa,REDACTED,4071,2,2018
4036,109 - Louisa,REDACTED,3499,1,2018
5154,109 - Louisa,15,8505,7,2018
6024,109 - Louisa,14,6066,6,2018
7020,109 - Louisa,REDACTED,4040,3,2018
8016,109 - Louisa,14,7132,5,2018
9129,109 - Louisa,16,10250,11,2018
10123,109 - Louisa,REDACTED,6022,10,2018
11116,109 - Louisa,13,5589,9,2018
177,109 - Louisa,17,9271,4,2019
1298,109 - Louisa,19,10903.4,8,2019
2295,109 - Louisa,21,9672.4,12,2019
3165,109 - Louisa,18,10941,2,2019
4160,109 - Louisa,12,5588,1,2019
5278,109 - Louisa,13,9726,7,2019
6148,109 - Louisa,16,10824,6,2019
7144,109 - Louisa,15,8119,3,2019
8140,109 - Louisa,18,10215,5,2019
9253,109 - Louisa,22,11895.2,11,2019
10247,109 - Louisa,23,9248.8,10,2019
11241,109 - Louisa,19,12091,9,2019
303,109 - Louisa,24,10495.6,4,2020
1422,109 - Louisa,25,18177.2,8,2020
2416,109 - Louisa,25,13240.2,12,2020
3290,109 - Louisa,23,11272.2,2,2020
4285,109 - Louisa,21,9057.8,1,2020
5403,109 - Louisa,27,20328.2,7,2020
6273,109 - Louisa,15,9684,6,2020
7270,109 - Louisa,24,11045.8,3,2020
8264,109 - Louisa,20,10499.2,5,2020
9375,109 - Louisa,23,13355.2,11,2020
10369,109 - Louisa,28,13211.8,10,2020
11364,109 - Louisa,20,10012,9,2020
424,109 - Louisa,19,9156.4,4,2021
1546,109 - Louisa,39,24180.6,8,2021
2540,109 - Louisa,42,22466.6,12,2021
3411,109 - Louisa,17,9586,2,2021
4406,109 - Louisa,20,12323.6,1,2021
5524,109 - Louisa,28,18329.4,7,2021
6394,109 - Louisa,25,13368.4,6,2021
7391,109 - Louisa,15,7297.2,3,2021
8381,109 - Louisa,17,10777.4,5,2021
9499,109 - Louisa,44,23330.6,11,2021
10492,109 - Louisa,39,22541.4,10,2021
11488,109 - Louisa,41,24625.2,9,2021
548,109 - Louisa,45,28776.8,4,2022
1671,109 - Louisa,76,46524.8,8,2022
2665,109 - Louisa,75,67003,12,2022
3534,109 - Louisa,44,28706.4,2,2022
4530,109 - Louisa,46,32548,1,2022
5648,109 - Louisa,67,43881,7,2022
6518,109 - Louisa,57,31291.8,6,2022
7515,109 - Louisa,48,29135.4,3,2022
8505,109 - Louisa,53,31891,5,2022
9624,109 - Louisa,77,69477,11,2022
10617,109 - Louisa,64,40623,10,2022
11613,109 - Louisa,76,44567,9,2022
673,109 - Louisa,90,84672,4,2023
1796,109 - Louisa,105,90487,8,2023
2789,109 - Louisa,126,103119,12,2023
3659,109 - Louisa,79,68618,2,2023
4655,109 - Louisa,71,66873,1,2023
5773,109 - Louisa,104,92572,7,2023
6643,109 - Louisa,89,82474,6,2023
7640,109 - Louisa,91,71813,3,2023
8630,109 - Louisa,94,73668,5,2023
9748,109 - Louisa,116,93010,11,2023
10742,109 - Louisa,112,93173.7,10,2023
11737,109 - Louisa,110,92606,9,2023
798,109 - Louisa,123,106462,4,2024
1922,109 - Louisa,126,119596,8,2024
2916,109 - Louisa,107,82422,12,2024
3784,109 - Louisa,124,116334,2,2024
4778,109 - Louisa,130,96116,1,2024
5900,109 - Louisa,139,114722,7,2024
6768,109 - Louisa,134,112208,6,2024
7764,109 - Louisa,133,106612,3,2024
8755,109 - Louisa,123,107883,5,2024
9875,109 - Louisa,101,91462,11,2024
10867,109 - Louisa,106,84951,10,2024
11863,109 - Louisa,121,92521,9,2024
924,109 - Louisa,110,93390,4,2025
3911,109 - Louisa,103,98694,2,2025
4905,109 - Louisa,108,86757,1,2025
6895,109 - Louisa,114,92985,6,2025
7890,109 - Louisa,104,83394,3,2025
8881,109 - Louisa,108,93961,5,2025
1049,111 - Lunenburg,REDACTED,215,8,2017
2048,111 - Lunenburg,REDACTED,231,12,2017
5030,111 - Lunenburg,REDACTED,535,7,2017
9007,111 - Lunenburg,REDACTED,231,11,2017
10000,111 - Lunenburg,REDACTED,407,10,2017
10992,111 - Lunenburg,REDACTED,247,9,2017
54,111 - Lunenburg,REDACTED,231,4,2018
1174,111 - Lunenburg,REDACTED,1134,8,2018
2172,111 - Lunenburg,REDACTED,1239,12,2018
3042,111 - Lunenburg,REDACTED,247,2,2018
4037,111 - Lunenburg,REDACTED,215,1,2018
5155,111 - Lunenburg,REDACTED,1279,7,2018
6025,111 - Lunenburg,REDACTED,1887,6,2018
7021,111 - Lunenburg,REDACTED,199,3,2018
8017,111 - Lunenburg,REDACTED,255,5,2018
9130,111 - Lunenburg,REDACTED,1351,11,2018
10124,111 - Lunenburg,REDACTED,1130,10,2018
11117,111 - Lunenburg,REDACTED,1351,9,2018
178,111 - Lunenburg,REDACTED,1264,4,2019
1299,111 - Lunenburg,REDACTED,1166,8,2019
2296,111 - Lunenburg,REDACTED,805,12,2019
3166,111 - Lunenburg,REDACTED,1351,2,2019
4161,111 - Lunenburg,REDACTED,1035,1,2019
5279,111 - Lunenburg,REDACTED,1198,7,2019
6149,111 - Lunenburg,REDACTED,1350,6,2019
7145,111 - Lunenburg,REDACTED,1198,3,2019
8141,111 - Lunenburg,REDACTED,1284,5,2019
9254,111 - Lunenburg,REDACTED,1058,11,2019
10248,111 - Lunenburg,REDACTED,736,10,2019
11242,111 - Lunenburg,REDACTED,1012,9,2019
304,111 - Lunenburg,REDACTED,414,4,2020
1423,111 - Lunenburg,REDACTED,2806,8,2020
2417,111 - Lunenburg,REDACTED,1354,12,2020
3291,111 - Lunenburg,REDACTED,1058,2,2020
4286,111 - Lunenburg,REDACTED,644,1,2020
7271,111 - Lunenburg,REDACTED,874,3,2020
9376,111 - Lunenburg,REDACTED,420,11,2020
425,111 - Lunenburg,REDACTED,1968,4,2021
1547,111 - Lunenburg,REDACTED,2626,8,2021
2541,111 - Lunenburg,REDACTED,3399,12,2021
3412,111 - Lunenburg,REDACTED,1940,2,2021
4407,111 - Lunenburg,REDACTED,532,1,2021
5525,111 - Lunenburg,REDACTED,2462,7,2021
6395,111 - Lunenburg,REDACTED,1848,6,2021
7392,111 - Lunenburg,REDACTED,1704,3,2021
8382,111 - Lunenburg,REDACTED,1936,5,2021
9500,111 - Lunenburg,10,4598,11,2021
10493,111 - Lunenburg,REDACTED,3410,10,2021
11489,111 - Lunenburg,REDACTED,4075,9,2021
549,111 - Lunenburg,REDACTED,4019,4,2022
1672,111 - Lunenburg,11,4509,8,2022
2666,111 - Lunenburg,REDACTED,5592,12,2022
3535,111 - Lunenburg,REDACTED,3563,2,2022
4531,111 - Lunenburg,REDACTED,3365,1,2022
5649,111 - Lunenburg,11,5148,7,2022
6519,111 - Lunenburg,11,4336,6,2022
7516,111 - Lunenburg,REDACTED,3716,3,2022
8506,111 - Lunenburg,11,3970,5,2022
9625,111 - Lunenburg,10,9006,11,2022
10618,111 - Lunenburg,13,5704,10,2022
11614,111 - Lunenburg,11,5349,9,2022
674,111 - Lunenburg,13,9539,4,2023
1797,111 - Lunenburg,12,7952,8,2023
2790,111 - Lunenburg,19,14135,12,2023
3660,111 - Lunenburg,REDACTED,6689,2,2023
4656,111 - Lunenburg,REDACTED,5560,1,2023
5774,111 - Lunenburg,16,11720,7,2023
6644,111 - Lunenburg,19,14089,6,2023
7641,111 - Lunenburg,REDACTED,6296,3,2023
8631,111 - Lunenburg,14,11399,5,2023
9749,111 - Lunenburg,16,13432,11,2023
10743,111 - Lunenburg,16,13689,10,2023
11738,111 - Lunenburg,16,11017,9,2023
799,111 - Lunenburg,16,14427,4,2024
1923,111 - Lunenburg,18,16121,8,2024
2917,111 - Lunenburg,11,9519,12,2024
3785,111 - Lunenburg,21,16728,2,2024
4779,111 - Lunenburg,20,14836,1,2024
5901,111 - Lunenburg,19,13076,7,2024
6769,111 - Lunenburg,19,15096,6,2024
7765,111 - Lunenburg,17,14111,3,2024
8756,111 - Lunenburg,17,13947,5,2024
9876,111 - Lunenburg,11,12395,11,2024
10868,111 - Lunenburg,11,8529,10,2024
11864,111 - Lunenburg,12,10518,9,2024
925,111 - Lunenburg,11,10840,4,2025
3912,111 - Lunenburg,11,11094,2,2025
4906,111 - Lunenburg,12,10774,1,2025
6896,111 - Lunenburg,18,13132,6,2025
7891,111 - Lunenburg,14,10155,3,2025
8882,111 - Lunenburg,11,11420,5,2025
1050,113 - Madison,11,6039,8,2017
2049,113 - Madison,10,4137,12,2017
5031,113 - Madison,10,5215,7,2017
9008,113 - Madison,REDACTED,3982,11,2017
10001,113 - Madison,REDACTED,3363,10,2017
10993,113 - Madison,REDACTED,3914,9,2017
55,113 - Madison,16,9118,4,2018
1175,113 - Madison,19,11758,8,2018
2173,113 - Madison,14,9062,12,2018
3043,113 - Madison,13,4483,2,2018
4038,113 - Madison,REDACTED,3729,1,2018
5156,113 - Madison,19,14366,7,2018
6026,113 - Madison,18,10221,6,2018
7022,113 - Madison,12,5214,3,2018
8018,113 - Madison,18,10507,5,2018
9131,113 - Madison,14,7813,11,2018
10125,113 - Madison,15,7397,10,2018
11118,113 - Madison,21,11366,9,2018
179,113 - Madison,12,5536,4,2019
1300,113 - Madison,13,7256.2,8,2019
2297,113 - Madison,11,5130,12,2019
3167,113 - Madison,13,8220,2,2019
4162,113 - Madison,13,7138,1,2019
5280,113 - Madison,13,9855.6,7,2019
6150,113 - Madison,REDACTED,4382,6,2019
7146,113 - Madison,14,6305,3,2019
8142,113 - Madison,10,4718,5,2019
9255,113 - Madison,11,7191.2,11,2019
10249,113 - Madison,12,6494.4,10,2019
11243,113 - Madison,14,6843.8,9,2019
305,113 - Madison,10,5243.4,4,2020
1424,113 - Madison,12,9181.2,8,2020
2418,113 - Madison,12,8462.2,12,2020
3292,113 - Madison,11,7206.2,2,2020
4287,113 - Madison,11,7325.8,1,2020
5404,113 - Madison,12,9026.4,7,2020
6274,113 - Madison,10,4928.6,6,2020
7272,113 - Madison,10,5801.2,3,2020
8265,113 - Madison,REDACTED,4338.8,5,2020
9377,113 - Madison,12,8112.4,11,2020
10370,113 - Madison,14,8431.4,10,2020
11365,113 - Madison,12,8637.4,9,2020
426,113 - Madison,14,5740.4,4,2021
1548,113 - Madison,13,9032.4,8,2021
2542,113 - Madison,11,8101.2,12,2021
3413,113 - Madison,12,5759.2,2,2021
4408,113 - Madison,12,7750,1,2021
5526,113 - Madison,13,10408.2,7,2021
6396,113 - Madison,10,5608.6,6,2021
7393,113 - Madison,12,5912.6,3,2021
8383,113 - Madison,12,7255.6,5,2021
9501,113 - Madison,11,8045.6,11,2021
10494,113 - Madison,11,8003.2,10,2021
11490,113 - Madison,15,8948.8,9,2021
550,113 - Madison,22,13934.4,4,2022
1673,113 - Madison,30,19817.4,8,2022
2667,113 - Madison,22,20664,12,2022
3536,113 - Madison,21,13012,2,2022
4532,113 - Madison,21,13822.4,1,2022
5650,113 - Madison,28,19752,7,2022
6520,113 - Madison,22,15089.2,6,2022
7517,113 - Madison,22,11850.4,3,2022
8507,113 - Madison,24,14963,5,2022
9626,113 - Madison,21,17965,11,2022
10619,113 - Madison,24,15310.2,10,2022
11615,113 - Madison,28,19140.8,9,2022
675,113 - Madison,27,23696,4,2023
1798,113 - Madison,33,26660,8,2023
2791,113 - Madison,33,26355,12,2023
3661,113 - Madison,23,19997,2,2023
4657,113 - Madison,24,20945,1,2023
5775,113 - Madison,32,30465,7,2023
6645,113 - Madison,30,26617,6,2023
7642,113 - Madison,23,19524,3,2023
8632,113 - Madison,27,22216,5,2023
9750,113 - Madison,33,27754,11,2023
10744,113 - Madison,31,22773,10,2023
11739,113 - Madison,38,28833,9,2023
800,113 - Madison,44,34631,4,2024
1924,113 - Madison,51,49847,8,2024
2918,113 - Madison,49,42467,12,2024
3786,113 - Madison,32,30663,2,2024
4780,113 - Madison,33,27811,1,2024
5902,113 - Madison,51,41821,7,2024
6770,113 - Madison,51,43122,6,2024
7766,113 - Madison,37,31134,3,2024
8757,113 - Madison,46,39782,5,2024
9877,113 - Madison,39,40363,11,2024
10869,113 - Madison,37,35467,10,2024
11865,113 - Madison,50,43329,9,2024
926,113 - Madison,53,43330,4,2025
3913,113 - Madison,54,49609,2,2025
4907,113 - Madison,48,47885,1,2025
6897,113 - Madison,50,43234,6,2025
7892,113 - Madison,52,44183,3,2025
8883,113 - Madison,54,45447,5,2025
1051,115 - Mathews,10,3529,8,2017
2050,115 - Mathews,REDACTED,1424,12,2017
5032,115 - Mathews,REDACTED,2687,7,2017
9009,115 - Mathews,REDACTED,1804,11,2017
10002,115 - Mathews,REDACTED,2108,10,2017
10994,115 - Mathews,REDACTED,2290,9,2017
56,115 - Mathews,REDACTED,2372,4,2018
1176,115 - Mathews,REDACTED,1056,8,2018
2174,115 - Mathews,REDACTED,1424,12,2018
3044,115 - Mathews,REDACTED,2262,2,2018
4039,115 - Mathews,REDACTED,2146,1,2018
5157,115 - Mathews,REDACTED,3016,7,2018
6027,115 - Mathews,REDACTED,3720,6,2018
7023,115 - Mathews,REDACTED,1126,3,2018
8019,115 - Mathews,REDACTED,1642,5,2018
9132,115 - Mathews,REDACTED,2181,11,2018
10126,115 - Mathews,REDACTED,64,10,2018
11119,115 - Mathews,REDACTED,1959,9,2018
180,115 - Mathews,REDACTED,4986,4,2019
1301,115 - Mathews,REDACTED,3769,8,2019
2298,115 - Mathews,REDACTED,3728.4,12,2019
3168,115 - Mathews,REDACTED,2238,2,2019
4163,115 - Mathews,REDACTED,1644,1,2019
5281,115 - Mathews,REDACTED,2025,7,2019
6151,115 - Mathews,REDACTED,4134,6,2019
7147,115 - Mathews,REDACTED,2161,3,2019
8143,115 - Mathews,REDACTED,4590,5,2019
9256,115 - Mathews,REDACTED,4438,11,2019
10250,115 - Mathews,REDACTED,3932,10,2019
11244,115 - Mathews,REDACTED,5087,9,2019
306,115 - Mathews,REDACTED,4283.4,4,2020
1425,115 - Mathews,13,6927.8,8,2020
2419,115 - Mathews,REDACTED,3583.4,12,2020
3293,115 - Mathews,REDACTED,4671.8,2,2020
4288,115 - Mathews,REDACTED,3709.6,1,2020
5405,115 - Mathews,13,7630.2,7,2020
6275,115 - Mathews,12,6082.4,6,2020
7273,115 - Mathews,REDACTED,3501.2,3,2020
8266,115 - Mathews,REDACTED,4489.6,5,2020
9378,115 - Mathews,10,4335.6,11,2020
10371,115 - Mathews,12,5135.6,10,2020
11366,115 - Mathews,12,5073,9,2020
427,115 - Mathews,12,4618.4,4,2021
1549,115 - Mathews,13,7204,8,2021
2543,115 - Mathews,15,7831,12,2021
3414,115 - Mathews,11,3876.2,2,2021
4409,115 - Mathews,11,4402.6,1,2021
5527,115 - Mathews,13,7306,7,2021
6397,115 - Mathews,15,5337,6,2021
7394,115 - Mathews,14,5112.8,3,2021
8384,115 - Mathews,12,5884.4,5,2021
9502,115 - Mathews,14,7770,11,2021
10495,115 - Mathews,14,7942,10,2021
11491,115 - Mathews,16,9980,9,2021
551,115 - Mathews,13,7599,4,2022
1674,115 - Mathews,19,11019,8,2022
2668,115 - Mathews,16,10017,12,2022
3537,115 - Mathews,15,7639,2,2022
4533,115 - Mathews,14,7781,1,2022
5651,115 - Mathews,22,13151,7,2022
6521,115 - Mathews,19,10873,6,2022
7518,115 - Mathews,16,8619,3,2022
8508,115 - Mathews,15,8671,5,2022
9627,115 - Mathews,15,11254,11,2022
10620,115 - Mathews,16,8347,10,2022
11616,115 - Mathews,18,9067,9,2022
676,115 - Mathews,17,12678,4,2023
1799,115 - Mathews,16,14358,8,2023
2792,115 - Mathews,13,13053,12,2023
3662,115 - Mathews,19,12344,2,2023
4658,115 - Mathews,14,8891,1,2023
5776,115 - Mathews,12,7901,7,2023
6646,115 - Mathews,18,11680,6,2023
7643,115 - Mathews,16,7010,3,2023
8633,115 - Mathews,13,9796,5,2023
9751,115 - Mathews,18,13553,11,2023
10745,115 - Mathews,18,13376,10,2023
11740,115 - Mathews,22,15208,9,2023
801,115 - Mathews,REDACTED,7140,4,2024
1925,115 - Mathews,13,10126,8,2024
2919,115 - Mathews,12,8214,12,2024
3787,115 - Mathews,15,14544,2,2024
4781,115 - Mathews,13,11236,1,2024
5903,115 - Mathews,14,8543,7,2024
6771,115 - Mathews,11,8606,6,2024
7767,115 - Mathews,13,10946,3,2024
8758,115 - Mathews,10,8039,5,2024
9878,115 - Mathews,REDACTED,6516,11,2024
10870,115 - Mathews,REDACTED,7093,10,2024
11866,115 - Mathews,REDACTED,5434,9,2024
927,115 - Mathews,14,9791,4,2025
3914,115 - Mathews,13,8181,2,2025
4908,115 - Mathews,13,10821,1,2025
6898,115 - Mathews,12,7884,6,2025
7893,115 - Mathews,13,8770,3,2025
8884,115 - Mathews,12,7212,5,2025
1052,117 - Mecklenburg,33,7879,8,2017
2051,117 - Mecklenburg,28,7106,12,2017
5033,117 - Mecklenburg,30,7297,7,2017
9010,117 - Mecklenburg,26,6729,11,2017
10003,117 - Mecklenburg,25,5253,10,2017
10995,117 - Mecklenburg,31,4996,9,2017
57,117 - Mecklenburg,24,4535,4,2018
1177,117 - Mecklenburg,21,8171,8,2018
2175,117 - Mecklenburg,31,9216,12,2018
3045,117 - Mecklenburg,25,6264,2,2018
4040,117 - Mecklenburg,26,6178,1,2018
5158,117 - Mecklenburg,19,6654,7,2018
6028,117 - Mecklenburg,22,4872,6,2018
7024,117 - Mecklenburg,24,3664,3,2018
8020,117 - Mecklenburg,22,4732,5,2018
9133,117 - Mecklenburg,28,9521,11,2018
10127,117 - Mecklenburg,23,6858,10,2018
11120,117 - Mecklenburg,22,8286,9,2018
181,117 - Mecklenburg,33,9253,4,2019
1302,117 - Mecklenburg,36,10567,8,2019
2299,117 - Mecklenburg,32,7219,12,2019
3169,117 - Mecklenburg,26,8217,2,2019
4164,117 - Mecklenburg,29,7668,1,2019
5282,117 - Mecklenburg,37,9340,7,2019
6152,117 - Mecklenburg,34,12386,6,2019
7148,117 - Mecklenburg,29,9312,3,2019
8144,117 - Mecklenburg,30,10133,5,2019
9257,117 - Mecklenburg,30,8675,11,2019
10251,117 - Mecklenburg,35,10080,10,2019
11245,117 - Mecklenburg,39,9901,9,2019
307,117 - Mecklenburg,24,6298,4,2020
1426,117 - Mecklenburg,20,6905,8,2020
2420,117 - Mecklenburg,23,6654,12,2020
3294,117 - Mecklenburg,26,7181,2,2020
4289,117 - Mecklenburg,30,7074,1,2020
5406,117 - Mecklenburg,19,6938,7,2020
6276,117 - Mecklenburg,21,7512,6,2020
7274,117 - Mecklenburg,24,5679,3,2020
8267,117 - Mecklenburg,22,8201,5,2020
9379,117 - Mecklenburg,22,7415,11,2020
10372,117 - Mecklenburg,23,6656,10,2020
11367,117 - Mecklenburg,23,7514,9,2020
428,117 - Mecklenburg,19,5363,4,2021
1550,117 - Mecklenburg,31,10899,8,2021
2544,117 - Mecklenburg,47,14373,12,2021
3415,117 - Mecklenburg,23,6038,2,2021
4410,117 - Mecklenburg,22,6465,1,2021
5528,117 - Mecklenburg,29,8331,7,2021
6398,117 - Mecklenburg,21,6710,6,2021
7395,117 - Mecklenburg,18,4042,3,2021
8385,117 - Mecklenburg,22,6796,5,2021
9503,117 - Mecklenburg,46,12561,11,2021
10496,117 - Mecklenburg,43,13632,10,2021
11492,117 - Mecklenburg,37,11990,9,2021
552,117 - Mecklenburg,51,16637,4,2022
1675,117 - Mecklenburg,53,16604,8,2022
2669,117 - Mecklenburg,86,59127,12,2022
3538,117 - Mecklenburg,46,10952,2,2022
4534,117 - Mecklenburg,47,14471,1,2022
5652,117 - Mecklenburg,62,18521,7,2022
6522,117 - Mecklenburg,56,16931,6,2022
7519,117 - Mecklenburg,49,13600,3,2022
8509,117 - Mecklenburg,53,15716,5,2022
9628,117 - Mecklenburg,83,48888,11,2022
10621,117 - Mecklenburg,71,20517,10,2022
11617,117 - Mecklenburg,66,20776,9,2022
677,117 - Mecklenburg,104,68149,4,2023
1800,117 - Mecklenburg,109,72076,8,2023
2793,117 - Mecklenburg,96,64883,12,2023
3663,117 - Mecklenburg,92,58956,2,2023
4659,117 - Mecklenburg,87,59193,1,2023
5777,117 - Mecklenburg,112,73685,7,2023
6647,117 - Mecklenburg,104,69622,6,2023
7644,117 - Mecklenburg,99,56224,3,2023
8634,117 - Mecklenburg,105,56564,5,2023
9752,117 - Mecklenburg,101,65638,11,2023
10746,117 - Mecklenburg,102,66357,10,2023
11741,117 - Mecklenburg,104,71342,9,2023
802,117 - Mecklenburg,100,71233,4,2024
1926,117 - Mecklenburg,135,103691,8,2024
2920,117 - Mecklenburg,106,69261,12,2024
3788,117 - Mecklenburg,111,75535,2,2024
4782,117 - Mecklenburg,99,66267,1,2024
5904,117 - Mecklenburg,125,81925,7,2024
6772,117 - Mecklenburg,112,84441,6,2024
7768,117 - Mecklenburg,103,68041,3,2024
8759,117 - Mecklenburg,113,79361,5,2024
9879,117 - Mecklenburg,97,70766,11,2024
10871,117 - Mecklenburg,113,68023,10,2024
11867,117 - Mecklenburg,137,84098,9,2024
928,117 - Mecklenburg,108,70692,4,2025
3915,117 - Mecklenburg,114,74790,2,2025
4909,117 - Mecklenburg,111,73079,1,2025
6899,117 - Mecklenburg,119,78650,6,2025
7894,117 - Mecklenburg,107,62625,3,2025
8885,117 - Mecklenburg,111,74960,5,2025
1053,119 - Middlesex,45,18333,8,2017
2052,119 - Middlesex,36,11846,12,2017
5034,119 - Middlesex,43,14595,7,2017
9011,119 - Middlesex,38,13380,11,2017
10004,119 - Middlesex,44,12559,10,2017
10996,119 - Middlesex,41,16384,9,2017
58,119 - Middlesex,31,10161,4,2018
1178,119 - Middlesex,36,18339,8,2018
2176,119 - Middlesex,27,9627,12,2018
3046,119 - Middlesex,31,11170,2,2018
4041,119 - Middlesex,35,10423,1,2018
5159,119 - Middlesex,34,17147,7,2018
6029,119 - Middlesex,29,10789,6,2018
7025,119 - Middlesex,32,7483,3,2018
8021,119 - Middlesex,31,10490,5,2018
9134,119 - Middlesex,29,12304,11,2018
10128,119 - Middlesex,29,10531,10,2018
11121,119 - Middlesex,35,17464,9,2018
182,119 - Middlesex,24,11950,4,2019
1303,119 - Middlesex,42,24018,8,2019
2300,119 - Middlesex,43,18453.8,12,2019
3170,119 - Middlesex,24,11726,2,2019
4165,119 - Middlesex,26,10332,1,2019
5283,119 - Middlesex,37,16551.8,7,2019
6153,119 - Middlesex,29,14134,6,2019
7149,119 - Middlesex,26,11386,3,2019
8145,119 - Middlesex,27,13821,5,2019
9258,119 - Middlesex,37,17343,11,2019
10252,119 - Middlesex,39,16124.4,10,2019
11246,119 - Middlesex,43,21998,9,2019
308,119 - Middlesex,48,17171.8,4,2020
1427,119 - Middlesex,38,19785,8,2020
2421,119 - Middlesex,38,14827,12,2020
3295,119 - Middlesex,50,21833.8,2,2020
4290,119 - Middlesex,48,20893.4,1,2020
5407,119 - Middlesex,30,15838,7,2020
6277,119 - Middlesex,25,14402,6,2020
7275,119 - Middlesex,48,18020.4,3,2020
8268,119 - Middlesex,24,12405.6,5,2020
9380,119 - Middlesex,40,20577,11,2020
10373,119 - Middlesex,52,23046,10,2020
11368,119 - Middlesex,46,20129,9,2020
429,119 - Middlesex,36,16031,4,2021
1551,119 - Middlesex,53,29723,8,2021
2545,119 - Middlesex,47,23051.2,12,2021
3416,119 - Middlesex,36,14588,2,2021
4411,119 - Middlesex,38,19076,1,2021
5529,119 - Middlesex,53,32159,7,2021
6399,119 - Middlesex,46,19557.2,6,2021
7396,119 - Middlesex,36,13633,3,2021
8386,119 - Middlesex,40,17958,5,2021
9504,119 - Middlesex,44,17650,11,2021
10497,119 - Middlesex,38,18032.2,10,2021
11493,119 - Middlesex,52,23987,9,2021
553,119 - Middlesex,47,23874,4,2022
1676,119 - Middlesex,77,42537,8,2022
2670,119 - Middlesex,62,40684,12,2022
3539,119 - Middlesex,49,20562.2,2,2022
4535,119 - Middlesex,48,24708,1,2022
5653,119 - Middlesex,75,40357.2,7,2022
6523,119 - Middlesex,52,24811.4,6,2022
7520,119 - Middlesex,53,23297.2,3,2022
8510,119 - Middlesex,51,23090.6,5,2022
9629,119 - Middlesex,63,38936,11,2022
10622,119 - Middlesex,62,26762.4,10,2022
11618,119 - Middlesex,78,40538,9,2022
678,119 - Middlesex,70,44336,4,2023
1801,119 - Middlesex,83,59457,8,2023
2794,119 - Middlesex,69,48858,12,2023
3664,119 - Middlesex,63,38093,2,2023
4660,119 - Middlesex,64,45392,1,2023
5778,119 - Middlesex,86,64741,7,2023
6648,119 - Middlesex,76,48703,6,2023
7645,119 - Middlesex,65,36873,3,2023
8635,119 - Middlesex,70,41813,5,2023
9753,119 - Middlesex,68,46466,11,2023
10747,119 - Middlesex,69,45517,10,2023
11742,119 - Middlesex,81,55555,9,2023
803,119 - Middlesex,74,72294,4,2024
1927,119 - Middlesex,76,59135,8,2024
2921,119 - Middlesex,60,44133,12,2024
3789,119 - Middlesex,66,40529,2,2024
4783,119 - Middlesex,67,47597,1,2024
5905,119 - Middlesex,76,55722,7,2024
6773,119 - Middlesex,74,50712,6,2024
7769,119 - Middlesex,46,28328,3,2024
8760,119 - Middlesex,70,49679,5,2024
9880,119 - Middlesex,59,48000,11,2024
10872,119 - Middlesex,63,44777,10,2024
11868,119 - Middlesex,83,52408,9,2024
929,119 - Middlesex,69,46049,4,2025
3916,119 - Middlesex,60,49335,2,2025
4910,119 - Middlesex,64,50205,1,2025
6900,119 - Middlesex,66,47603,6,2025
7895,119 - Middlesex,63,41797,3,2025
8886,119 - Middlesex,65,49483,5,2025
1054,121 - Montgomery,159,75057,8,2017
2053,121 - Montgomery,155,57098,12,2017
5035,121 - Montgomery,129,55718,7,2017
9012,121 - Montgomery,160,65408,11,2017
10005,121 - Montgomery,153,50862,10,2017
10997,121 - Montgomery,158,67345,9,2017
59,121 - Montgomery,173,62849,4,2018
1179,121 - Montgomery,184,106897,8,2018
2177,121 - Montgomery,181,87587,12,2018
3047,121 - Montgomery,170,76279,2,2018
4042,121 - Montgomery,155,49990,1,2018
5160,121 - Montgomery,174,100880,7,2018
6030,121 - Montgomery,193,74152,6,2018
7026,121 - Montgomery,166,62243,3,2018
8022,121 - Montgomery,174,68973,5,2018
9135,121 - Montgomery,179,96540,11,2018
10129,121 - Montgomery,188,82688,10,2018
11122,121 - Montgomery,195,105741,9,2018
183,121 - Montgomery,203,97862,4,2019
1304,121 - Montgomery,234,150459.6,8,2019
2301,121 - Montgomery,249,104632.6,12,2019
3171,121 - Montgomery,180,95622,2,2019
4166,121 - Montgomery,187,90360,1,2019
5284,121 - Montgomery,220,100724.9,7,2019
6154,121 - Montgomery,217,111939,6,2019
7150,121 - Montgomery,191,81645,3,2019
8146,121 - Montgomery,204,95922,5,2019
9259,121 - Montgomery,228,117596.2,11,2019
10253,121 - Montgomery,226,94472,10,2019
11247,121 - Montgomery,252,107490,9,2019
309,121 - Montgomery,243,103380.8,4,2020
1428,121 - Montgomery,222,137430,8,2020
2422,121 - Montgomery,209,102807.65,12,2020
3296,121 - Montgomery,267,127961.6,2,2020
4291,121 - Montgomery,245,104642.6,1,2020
5408,121 - Montgomery,221,134233.6,7,2020
6278,121 - Montgomery,205,124937.6,6,2020
7276,121 - Montgomery,255,108511.8,3,2020
8269,121 - Montgomery,201,107707,5,2020
9381,121 - Montgomery,203,106072.21,11,2020
10374,121 - Montgomery,244,122301.2,10,2020
11369,121 - Montgomery,210,119901.1,9,2020
430,121 - Montgomery,174,85455.21,4,2021
1552,121 - Montgomery,209,140048.9,8,2021
2546,121 - Montgomery,269,154770.15,12,2021
3417,121 - Montgomery,181,89411.07,2,2021
4412,121 - Montgomery,191,95621,1,2021
5530,121 - Montgomery,201,148143.28,7,2021
6400,121 - Montgomery,206,111369.52,6,2021
7397,121 - Montgomery,180,80421.32,3,2021
8387,121 - Montgomery,175,100618.75,5,2021
9505,121 - Montgomery,246,143846.26,11,2021
10498,121 - Montgomery,236,139427.77,10,2021
11494,121 - Montgomery,241,136256.73,9,2021
554,121 - Montgomery,310,191569.51,4,2022
1677,121 - Montgomery,322,204350.91,8,2022
2671,121 - Montgomery,321,226000.2,12,2022
3540,121 - Montgomery,271,147329.67,2,2022
4536,121 - Montgomery,273,172199.88,1,2022
5654,121 - Montgomery,329,222398,7,2022
6524,121 - Montgomery,325,183682.32,6,2022
7521,121 - Montgomery,290,149313.16,3,2022
8511,121 - Montgomery,321,175404.95,5,2022
9630,121 - Montgomery,307,220816.46,11,2022
10623,121 - Montgomery,300,171572.88,10,2022
11619,121 - Montgomery,345,207456.21,9,2022
679,121 - Montgomery,329,228248.45,4,2023
1802,121 - Montgomery,337,244679.18,8,2023
2795,121 - Montgomery,315,234141.84,12,2023
3665,121 - Montgomery,313,213338.55,2,2023
4661,121 - Montgomery,315,219744.48,1,2023
5779,121 - Montgomery,345,270830.12,7,2023
6649,121 - Montgomery,358,241707.02,6,2023
7646,121 - Montgomery,323,197999.36,3,2023
8636,121 - Montgomery,325,200506.63,5,2023
9754,121 - Montgomery,303,228518.82,11,2023
10748,121 - Montgomery,301,209382.57,10,2023
11743,121 - Montgomery,353,235070.87,9,2023
804,121 - Montgomery,337,239870.41,4,2024
1928,121 - Montgomery,378,324947.71,8,2024
2922,121 - Montgomery,344,230465,12,2024
3790,121 - Montgomery,333,244611.85,2,2024
4784,121 - Montgomery,314,211686.16,1,2024
5906,121 - Montgomery,354,286082.58,7,2024
6774,121 - Montgomery,360,278696.7,6,2024
7770,121 - Montgomery,328,224139.17,3,2024
8761,121 - Montgomery,346,261771.62,5,2024
9881,121 - Montgomery,340,257720,11,2024
10873,121 - Montgomery,326,229313.52,10,2024
11869,121 - Montgomery,385,258802.68,9,2024
930,121 - Montgomery,335,229056,4,2025
3917,121 - Montgomery,344,242330,2,2025
4911,121 - Montgomery,344,238317,1,2025
6901,121 - Montgomery,371,263049,6,2025
7896,121 - Montgomery,340,209731,3,2025
8887,121 - Montgomery,350,253870,5,2025
1055,125 - Nelson,REDACTED,3036,8,2017
2054,125 - Nelson,11,2735,12,2017
5036,125 - Nelson,10,3728,7,2017
9013,125 - Nelson,12,3707,11,2017
10006,125 - Nelson,10,2615,10,2017
10998,125 - Nelson,REDACTED,4014,9,2017
60,125 - Nelson,15,5785,4,2018
1180,125 - Nelson,14,5273,8,2018
2178,125 - Nelson,12,4879,12,2018
3048,125 - Nelson,15,5235,2,2018
4043,125 - Nelson,11,2691,1,2018
5161,125 - Nelson,13,4031,7,2018
6031,125 - Nelson,12,3464,6,2018
7027,125 - Nelson,12,4083,3,2018
8023,125 - Nelson,12,3556,5,2018
9136,125 - Nelson,13,5404,11,2018
10130,125 - Nelson,12,5377,10,2018
11123,125 - Nelson,12,4596,9,2018
184,125 - Nelson,REDACTED,3550,4,2019
1305,125 - Nelson,12,5861.8,8,2019
2302,125 - Nelson,REDACTED,1230.6,12,2019
3172,125 - Nelson,12,7386,2,2019
4167,125 - Nelson,REDACTED,2743,1,2019
5285,125 - Nelson,REDACTED,3762,7,2019
6155,125 - Nelson,REDACTED,4168,6,2019
7151,125 - Nelson,11,5620,3,2019
8147,125 - Nelson,REDACTED,3542,5,2019
9260,125 - Nelson,11,4035.2,11,2019
10254,125 - Nelson,REDACTED,2556,10,2019
11248,125 - Nelson,REDACTED,1737.2,9,2019
310,125 - Nelson,10,3383.8,4,2020
1429,125 - Nelson,10,6535,8,2020
2423,125 - Nelson,12,5950,12,2020
3297,125 - Nelson,REDACTED,2579.4,2,2020
4292,125 - Nelson,REDACTED,2639.6,1,2020
5409,125 - Nelson,14,7164,7,2020
6279,125 - Nelson,12,6255,6,2020
7277,125 - Nelson,10,4078,3,2020
8270,125 - Nelson,REDACTED,3032,5,2020
9382,125 - Nelson,13,7479,11,2020
10375,125 - Nelson,12,5859,10,2020
11370,125 - Nelson,REDACTED,6137,9,2020
431,125 - Nelson,12,7244,4,2021
1553,125 - Nelson,15,10208,8,2021
2547,125 - Nelson,10,4798,12,2021
3418,125 - Nelson,11,5056,2,2021
4413,125 - Nelson,11,5756,1,2021
5531,125 - Nelson,15,10260,7,2021
6401,125 - Nelson,16,7031,6,2021
7398,125 - Nelson,11,4691,3,2021
8388,125 - Nelson,12,6966,5,2021
9506,125 - Nelson,REDACTED,5105,11,2021
10499,125 - Nelson,10,6181,10,2021
11495,125 - Nelson,16,7508,9,2021
555,125 - Nelson,13,7035,4,2022
1678,125 - Nelson,14,9009,8,2022
2672,125 - Nelson,17,16731,12,2022
3541,125 - Nelson,11,6270,2,2022
4537,125 - Nelson,10,5462,1,2022
5655,125 - Nelson,14,10740,7,2022
6525,125 - Nelson,14,7739,6,2022
7522,125 - Nelson,15,8160,3,2022
8512,125 - Nelson,19,9574,5,2022
9631,125 - Nelson,18,16145,11,2022
10624,125 - Nelson,15,8161,10,2022
11620,125 - Nelson,19,8446,9,2022
680,125 - Nelson,20,17950,4,2023
1803,125 - Nelson,29,26760,8,2023
2796,125 - Nelson,26,22381,12,2023
3666,125 - Nelson,19,17665,2,2023
4662,125 - Nelson,19,18132,1,2023
5780,125 - Nelson,29,27772,7,2023
6650,125 - Nelson,27,23350,6,2023
7647,125 - Nelson,17,15074,3,2023
8637,125 - Nelson,22,16989,5,2023
9755,125 - Nelson,26,23628,11,2023
10749,125 - Nelson,26,23378,10,2023
11744,125 - Nelson,32,27470,9,2023
805,125 - Nelson,27,20708,4,2024
1929,125 - Nelson,33,27397.21,8,2024
2923,125 - Nelson,26,22988,12,2024
3791,125 - Nelson,25,17223,2,2024
4785,125 - Nelson,31,23526,1,2024
5907,125 - Nelson,36,29140.4,7,2024
6775,125 - Nelson,32,25560.03,6,2024
7771,125 - Nelson,31,18546,3,2024
8762,125 - Nelson,30,23803.8,5,2024
9882,125 - Nelson,25,20022,11,2024
10874,125 - Nelson,23,17048.67,10,2024
11870,125 - Nelson,31,23107.94,9,2024
931,125 - Nelson,25,16131,4,2025
3918,125 - Nelson,32,19342,2,2025
4912,125 - Nelson,23,19158,1,2025
6902,125 - Nelson,28,17605,6,2025
7897,125 - Nelson,26,16516,3,2025
8888,125 - Nelson,30,19791,5,2025
1056,127 - New Kent,26,15294,8,2017
2055,127 - New Kent,33,14277,12,2017
5037,127 - New Kent,20,10759,7,2017
9014,127 - New Kent,30,14494,11,2017
10007,127 - New Kent,28,11960,10,2017
10999,127 - New Kent,29,16542,9,2017
61,127 - New Kent,30,14509,4,2018
1181,127 - New Kent,31,19403,8,2018
2179,127 - New Kent,24,13727,12,2018
3049,127 - New Kent,34,15876,2,2018
4044,127 - New Kent,32,14746,1,2018
5162,127 - New Kent,40,17646,7,2018
6032,127 - New Kent,35,17278,6,2018
7028,127 - New Kent,30,12424,3,2018
8024,127 - New Kent,30,12897,5,2018
9137,127 - New Kent,23,12149,11,2018
10131,127 - New Kent,26,13689,10,2018
11124,127 - New Kent,30,16149,9,2018
185,127 - New Kent,22,13353,4,2019
1306,127 - New Kent,30,18663,8,2019
2303,127 - New Kent,31,16165.4,12,2019
3173,127 - New Kent,23,13544,2,2019
4168,127 - New Kent,22,13453,1,2019
5286,127 - New Kent,30,16561.6,7,2019
6156,127 - New Kent,23,12350,6,2019
7152,127 - New Kent,21,9376,3,2019
8148,127 - New Kent,26,16600,5,2019
9261,127 - New Kent,33,19891.8,11,2019
10255,127 - New Kent,32,16973.4,10,2019
11249,127 - New Kent,30,17358.8,9,2019
311,127 - New Kent,31,14842,4,2020
1430,127 - New Kent,19,13145,8,2020
2424,127 - New Kent,15,9272,12,2020
3298,127 - New Kent,31,17071.2,2,2020
4293,127 - New Kent,31,13735.2,1,2020
5410,127 - New Kent,22,14735,7,2020
6280,127 - New Kent,28,15301.2,6,2020
7278,127 - New Kent,32,15387,3,2020
8271,127 - New Kent,24,16666.8,5,2020
9383,127 - New Kent,16,9963,11,2020
10376,127 - New Kent,17,10162,10,2020
11371,127 - New Kent,18,10486,9,2020
432,127 - New Kent,12,8788,4,2021
1554,127 - New Kent,18,13789,8,2021
2548,127 - New Kent,23,17578,12,2021
3419,127 - New Kent,14,7624,2,2021
4414,127 - New Kent,14,6552,1,2021
5532,127 - New Kent,17,13211,7,2021
6402,127 - New Kent,17,9666.4,6,2021
7399,127 - New Kent,15,6512,3,2021
8389,127 - New Kent,17,8800.6,5,2021
9507,127 - New Kent,21,14994,11,2021
10500,127 - New Kent,19,14837,10,2021
11496,127 - New Kent,17,13075,9,2021
556,127 - New Kent,28,20579,4,2022
1679,127 - New Kent,33,23304,8,2022
2673,127 - New Kent,49,42982,12,2022
3542,127 - New Kent,26,20466,2,2022
4538,127 - New Kent,19,13761,1,2022
5656,127 - New Kent,29,22419,7,2022
6526,127 - New Kent,31,19010,6,2022
7523,127 - New Kent,24,14699,3,2022
8513,127 - New Kent,32,22605,5,2022
9632,127 - New Kent,49,43387,11,2022
10625,127 - New Kent,44,32010,10,2022
11621,127 - New Kent,38,30819,9,2022
681,127 - New Kent,53,46907,4,2023
1804,127 - New Kent,49,39545,8,2023
2797,127 - New Kent,47,40979.86,12,2023
3667,127 - New Kent,56,43105,2,2023
4663,127 - New Kent,50,44809,1,2023
5781,127 - New Kent,49,40797,7,2023
6651,127 - New Kent,55,46263,6,2023
7648,127 - New Kent,50,38795,3,2023
8638,127 - New Kent,55,41847,5,2023
9756,127 - New Kent,48,38848.86,11,2023
10750,127 - New Kent,58,45963.56,10,2023
11745,127 - New Kent,55,45845.99,9,2023
806,127 - New Kent,58,47251.73,4,2024
1930,127 - New Kent,71,64843.99,8,2024
2924,127 - New Kent,69,53847,12,2024
3792,127 - New Kent,56,50084.99,2,2024
4786,127 - New Kent,50,41745.73,1,2024
5908,127 - New Kent,69,51864.6,7,2024
6776,127 - New Kent,61,55184.99,6,2024
7772,127 - New Kent,56,46128.73,3,2024
8763,127 - New Kent,59,50737.86,5,2024
9883,127 - New Kent,67,68992,11,2024
10875,127 - New Kent,65,52572.73,10,2024
11871,127 - New Kent,77,59434.86,9,2024
932,127 - New Kent,66,51371,4,2025
3919,127 - New Kent,70,61603,2,2025
4913,127 - New Kent,72,59181,1,2025
6903,127 - New Kent,55,45415,6,2025
7898,127 - New Kent,67,48552,3,2025
8889,127 - New Kent,61,50334,5,2025
1057,131 - Northampton,56,16476,8,2017
2056,131 - Northampton,43,12226,12,2017
5038,131 - Northampton,56,13416,7,2017
9015,131 - Northampton,51,13770,11,2017
10008,131 - Northampton,55,13244,10,2017
11000,131 - Northampton,53,14480,9,2017
62,131 - Northampton,37,10398,4,2018
1182,131 - Northampton,38,11550,8,2018
2180,131 - Northampton,40,13016,12,2018
3050,131 - Northampton,39,11289,2,2018
4045,131 - Northampton,40,10769,1,2018
5163,131 - Northampton,42,12020,7,2018
6033,131 - Northampton,37,12320,6,2018
7029,131 - Northampton,36,10026,3,2018
8025,131 - Northampton,37,9030,5,2018
9138,131 - Northampton,33,11054,11,2018
10132,131 - Northampton,36,10187,10,2018
11125,131 - Northampton,35,12439,9,2018
186,131 - Northampton,32,9667,4,2019
1307,131 - Northampton,34,12029.5,8,2019
2304,131 - Northampton,39,13350,12,2019
3174,131 - Northampton,39,11589,2,2019
4169,131 - Northampton,38,10883,1,2019
5287,131 - Northampton,30,9574,7,2019
6157,131 - Northampton,30,11224,6,2019
7153,131 - Northampton,33,9525,3,2019
8149,131 - Northampton,30,10534,5,2019
9262,131 - Northampton,38,13860.5,11,2019
10256,131 - Northampton,36,12174,10,2019
11250,131 - Northampton,32,12956,9,2019
312,131 - Northampton,42,14819,4,2020
1431,131 - Northampton,39,16339.5,8,2020
2425,131 - Northampton,38,14649,12,2020
3299,131 - Northampton,41,15127,2,2020
4294,131 - Northampton,39,13612.5,1,2020
5411,131 - Northampton,39,17238.5,7,2020
6281,131 - Northampton,41,15015.5,6,2020
7279,131 - Northampton,43,13657,3,2020
8272,131 - Northampton,42,16457.5,5,2020
9384,131 - Northampton,36,20486,11,2020
10377,131 - Northampton,39,10674,10,2020
11372,131 - Northampton,40,15568,9,2020
433,131 - Northampton,38,12475,4,2021
1555,131 - Northampton,36,16364,8,2021
2549,131 - Northampton,40,19958,12,2021
3420,131 - Northampton,37,13385,2,2021
4415,131 - Northampton,42,16719,1,2021
5533,131 - Northampton,34,15532,7,2021
6403,131 - Northampton,34,16336,6,2021
7400,131 - Northampton,39,16402,3,2021
8390,131 - Northampton,34,10650,5,2021
9508,131 - Northampton,47,18325,11,2021
10501,131 - Northampton,45,19848,10,2021
11497,131 - Northampton,40,17834,9,2021
557,131 - Northampton,50,23052,4,2022
1680,131 - Northampton,52,22464,8,2022
2674,131 - Northampton,51,44042,12,2022
3543,131 - Northampton,49,22305,2,2022
4539,131 - Northampton,46,22634,1,2022
5657,131 - Northampton,46,20971,7,2022
6527,131 - Northampton,47,20856,6,2022
7524,131 - Northampton,48,21725,3,2022
8514,131 - Northampton,42,18381,5,2022
9633,131 - Northampton,51,42220,11,2022
10626,131 - Northampton,54,24138,10,2022
11622,131 - Northampton,49,23722,9,2022
682,131 - Northampton,43,40234,4,2023
1805,131 - Northampton,58,48046,8,2023
2798,131 - Northampton,41,43449,12,2023
3668,131 - Northampton,51,44650,2,2023
4664,131 - Northampton,51,48284,1,2023
5782,131 - Northampton,54,42166,7,2023
6652,131 - Northampton,48,42612,6,2023
7649,131 - Northampton,46,36325,3,2023
8639,131 - Northampton,48,36528,5,2023
9757,131 - Northampton,41,42516,11,2023
10751,131 - Northampton,43,41426,10,2023
11746,131 - Northampton,59,68666,9,2023
807,131 - Northampton,38,38670,4,2024
1931,131 - Northampton,58,65436,8,2024
2925,131 - Northampton,40,37679,12,2024
3793,131 - Northampton,39,42527,2,2024
4787,131 - Northampton,41,41832,1,2024
5909,131 - Northampton,51,46986,7,2024
6777,131 - Northampton,42,41922,6,2024
7773,131 - Northampton,38,37122,3,2024
8764,131 - Northampton,40,41704,5,2024
9884,131 - Northampton,40,39319,11,2024
10876,131 - Northampton,41,37197,10,2024
11872,131 - Northampton,64,64878,9,2024
933,131 - Northampton,41,38043,4,2025
3920,131 - Northampton,36,38713,2,2025
4914,131 - Northampton,39,38544,1,2025
6904,131 - Northampton,45,44006,6,2025
7899,131 - Northampton,38,36230,3,2025
8890,131 - Northampton,41,41718,5,2025
1058,133 - Northumberland,REDACTED,3006,8,2017
2057,133 - Northumberland,REDACTED,394,12,2017
5039,133 - Northumberland,REDACTED,2164,7,2017
9016,133 - Northumberland,REDACTED,867,11,2017
10009,133 - Northumberland,REDACTED,1251,10,2017
11001,133 - Northumberland,REDACTED,2001,9,2017
63,133 - Northumberland,REDACTED,515,4,2018
1183,133 - Northumberland,10,7278,8,2018
2181,133 - Northumberland,REDACTED,2476,12,2018
4046,133 - Northumberland,REDACTED,233,1,2018
5164,133 - Northumberland,10,3392,7,2018
6034,133 - Northumberland,REDACTED,3788,6,2018
7030,133 - Northumberland,REDACTED,3,3,2018
8026,133 - Northumberland,10,3685,5,2018
9139,133 - Northumberland,REDACTED,3001,11,2018
10133,133 - Northumberland,REDACTED,3302,10,2018
11126,133 - Northumberland,10,5606,9,2018
187,133 - Northumberland,REDACTED,3269,4,2019
1308,133 - Northumberland,12,4122,8,2019
2305,133 - Northumberland,13,3194.5,12,2019
3175,133 - Northumberland,REDACTED,2735,2,2019
4170,133 - Northumberland,REDACTED,2767,1,2019
5288,133 - Northumberland,15,4920,7,2019
6158,133 - Northumberland,13,4615,6,2019
7154,133 - Northumberland,REDACTED,2298,3,2019
8150,133 - Northumberland,12,3005,5,2019
9263,133 - Northumberland,11,3445.5,11,2019
10257,133 - Northumberland,11,3355.5,10,2019
11251,133 - Northumberland,12,4023,9,2019
313,133 - Northumberland,REDACTED,2314,4,2020
1432,133 - Northumberland,REDACTED,1992,8,2020
2426,133 - Northumberland,REDACTED,1721,12,2020
3300,133 - Northumberland,12,4045.5,2,2020
4295,133 - Northumberland,12,3399,1,2020
5412,133 - Northumberland,REDACTED,3821,7,2020
6282,133 - Northumberland,REDACTED,2109,6,2020
7280,133 - Northumberland,12,4115.5,3,2020
8273,133 - Northumberland,REDACTED,2288,5,2020
9385,133 - Northumberland,REDACTED,1996,11,2020
10378,133 - Northumberland,REDACTED,1664,10,2020
11373,133 - Northumberland,REDACTED,1781,9,2020
434,133 - Northumberland,REDACTED,2654,4,2021
1556,133 - Northumberland,REDACTED,2957,8,2021
2550,133 - Northumberland,REDACTED,2783,12,2021
3421,133 - Northumberland,REDACTED,1916,2,2021
4416,133 - Northumberland,REDACTED,1994,1,2021
5534,133 - Northumberland,REDACTED,3466,7,2021
6404,133 - Northumberland,REDACTED,2225,6,2021
7401,133 - Northumberland,REDACTED,2161,3,2021
8391,133 - Northumberland,REDACTED,2301,5,2021
9509,133 - Northumberland,REDACTED,2640,11,2021
10502,133 - Northumberland,REDACTED,3510,10,2021
11498,133 - Northumberland,REDACTED,1820,9,2021
558,133 - Northumberland,REDACTED,3863,4,2022
1681,133 - Northumberland,14,7186,8,2022
2675,133 - Northumberland,25,18144,12,2022
3544,133 - Northumberland,REDACTED,2625,2,2022
4540,133 - Northumberland,REDACTED,2962,1,2022
5658,133 - Northumberland,14,7704,7,2022
6528,133 - Northumberland,REDACTED,4458,6,2022
7525,133 - Northumberland,REDACTED,2488,3,2022
8515,133 - Northumberland,REDACTED,4108,5,2022
9634,133 - Northumberland,23,16475,11,2022
10627,133 - Northumberland,19,9465,10,2022
11623,133 - Northumberland,20,8356,9,2022
683,133 - Northumberland,23,17460,4,2023
1806,133 - Northumberland,37,31244,8,2023
2799,133 - Northumberland,35,24576,12,2023
3669,133 - Northumberland,26,19309,2,2023
4665,133 - Northumberland,24,19226,1,2023
5783,133 - Northumberland,33,29297,7,2023
6653,133 - Northumberland,28,22347,6,2023
7650,133 - Northumberland,24,16681,3,2023
8640,133 - Northumberland,22,15702,5,2023
9758,133 - Northumberland,32,25166,11,2023
10752,133 - Northumberland,32,25842,10,2023
11747,133 - Northumberland,41,32040,9,2023
808,133 - Northumberland,37,28559,4,2024
1932,133 - Northumberland,37,32022,8,2024
2926,133 - Northumberland,33,27382,12,2024
3794,133 - Northumberland,34,31151,2,2024
4788,133 - Northumberland,32,25501,1,2024
5910,133 - Northumberland,42,31620,7,2024
6778,133 - Northumberland,38,34480,6,2024
7774,133 - Northumberland,38,28694,3,2024
8765,133 - Northumberland,32,26563,5,2024
9885,133 - Northumberland,33,29600,11,2024
10877,133 - Northumberland,35,26704,10,2024
11873,133 - Northumberland,38,27945,9,2024
934,133 - Northumberland,40,30980,4,2025
3921,133 - Northumberland,39,32155,2,2025
4915,133 - Northumberland,36,29998,1,2025
6905,133 - Northumberland,38,29455,6,2025
7900,133 - Northumberland,39,29435,3,2025
8891,133 - Northumberland,37,32118,5,2025
1059,135 - Nottoway,20,5206,8,2017
2058,135 - Nottoway,25,5974,12,2017
5040,135 - Nottoway,22,7193,7,2017
9017,135 - Nottoway,25,5603,11,2017
10010,135 - Nottoway,25,5570,10,2017
11002,135 - Nottoway,26,7173,9,2017
64,135 - Nottoway,23,5364,4,2018
1184,135 - Nottoway,19,3887,8,2018
2182,135 - Nottoway,12,2442,12,2018
3051,135 - Nottoway,18,4318,2,2018
4047,135 - Nottoway,23,4847,1,2018
5165,135 - Nottoway,22,7176,7,2018
6035,135 - Nottoway,23,5797,6,2018
7031,135 - Nottoway,16,3920,3,2018
8027,135 - Nottoway,22,4482,5,2018
9140,135 - Nottoway,13,2820,11,2018
10134,135 - Nottoway,16,3287,10,2018
11127,135 - Nottoway,16,4047,9,2018
188,135 - Nottoway,16,3251,4,2019
1309,135 - Nottoway,REDACTED,1852,8,2019
2306,135 - Nottoway,REDACTED,1696,12,2019
3176,135 - Nottoway,15,3865,2,2019
4171,135 - Nottoway,14,2316,1,2019
5289,135 - Nottoway,REDACTED,2651,7,2019
6159,135 - Nottoway,14,2050,6,2019
7155,135 - Nottoway,14,2801,3,2019
8151,135 - Nottoway,14,2826,5,2019
9264,135 - Nottoway,REDACTED,2556,11,2019
10258,135 - Nottoway,REDACTED,1816,10,2019
11252,135 - Nottoway,REDACTED,2216,9,2019
314,135 - Nottoway,REDACTED,3634,4,2020
1433,135 - Nottoway,11,5547,8,2020
2427,135 - Nottoway,REDACTED,4285.42,12,2020
3301,135 - Nottoway,REDACTED,5148,2,2020
4296,135 - Nottoway,10,3749,1,2020
5413,135 - Nottoway,11,6072,7,2020
6283,135 - Nottoway,12,4510,6,2020
7281,135 - Nottoway,REDACTED,4808,3,2020
8274,135 - Nottoway,REDACTED,5948,5,2020
9386,135 - Nottoway,REDACTED,4399.4,11,2020
10379,135 - Nottoway,10,5340,10,2020
11374,135 - Nottoway,REDACTED,4065,9,2020
435,135 - Nottoway,REDACTED,1963.91,4,2021
1557,135 - Nottoway,12,8188.85,8,2021
2551,135 - Nottoway,17,6803,12,2021
3422,135 - Nottoway,REDACTED,2838.55,2,2021
4417,135 - Nottoway,REDACTED,4559.68,1,2021
5535,135 - Nottoway,REDACTED,3621.95,7,2021
6405,135 - Nottoway,REDACTED,3824.45,6,2021
7402,135 - Nottoway,REDACTED,2294.39,3,2021
8392,135 - Nottoway,REDACTED,2523.94,5,2021
9510,135 - Nottoway,18,5397,11,2021
10503,135 - Nottoway,16,6254,10,2021
11499,135 - Nottoway,17,4665,9,2021
559,135 - Nottoway,23,8811,4,2022
1682,135 - Nottoway,35,14615,8,2022
2676,135 - Nottoway,34,19216,12,2022
3545,135 - Nottoway,22,7216,2,2022
4541,135 - Nottoway,19,8009,1,2022
5659,135 - Nottoway,36,13315,7,2022
6529,135 - Nottoway,26,11052,6,2022
7526,135 - Nottoway,23,7776,3,2022
8516,135 - Nottoway,23,8364,5,2022
9635,135 - Nottoway,34,18639,11,2022
10628,135 - Nottoway,31,10273,10,2022
11624,135 - Nottoway,33,13996,9,2022
684,135 - Nottoway,38,29571.54,4,2023
1807,135 - Nottoway,49,34630.58,8,2023
2800,135 - Nottoway,46,32813,12,2023
3670,135 - Nottoway,31,22699,2,2023
4666,135 - Nottoway,35,29295,1,2023
5784,135 - Nottoway,46,36336.56,7,2023
6654,135 - Nottoway,44,35423.54,6,2023
7651,135 - Nottoway,37,22795.45,3,2023
8641,135 - Nottoway,43,28300.6,5,2023
9759,135 - Nottoway,43,29881,11,2023
10753,135 - Nottoway,44,31301.58,10,2023
11748,135 - Nottoway,49,36558.54,9,2023
809,135 - Nottoway,45,31579,4,2024
1933,135 - Nottoway,42,36031,8,2024
2927,135 - Nottoway,35,28775,12,2024
3795,135 - Nottoway,45,35621,2,2024
4789,135 - Nottoway,44,31115,1,2024
5911,135 - Nottoway,42,30780,7,2024
6779,135 - Nottoway,38,30518,6,2024
7775,135 - Nottoway,45,32338,3,2024
8766,135 - Nottoway,42,29593,5,2024
9886,135 - Nottoway,32,32391,11,2024
10878,135 - Nottoway,34,25375,10,2024
11874,135 - Nottoway,44,30453,9,2024
935,135 - Nottoway,51,40702,4,2025
3922,135 - Nottoway,46,40501,2,2025
4916,135 - Nottoway,36,32012,1,2025
6906,135 - Nottoway,45,39706,6,2025
7901,135 - Nottoway,45,34996,3,2025
8892,135 - Nottoway,49,42511,5,2025
1060,137 - Orange,81,31646,8,2017
2059,137 - Orange,83,33290,12,2017
5041,137 - Orange,83,38802,7,2017
9018,137 - Orange,77,31464,11,2017
10011,137 - Orange,77,27051,10,2017
11003,137 - Orange,84,37499,9,2017
65,137 - Orange,70,27148,4,2018
1185,137 - Orange,77,38407,8,2018
2183,137 - Orange,67,31811,12,2018
3052,137 - Orange,81,30827,2,2018
4048,137 - Orange,78,27711,1,2018
5166,137 - Orange,79,40121,7,2018
6036,137 - Orange,71,30670,6,2018
7032,137 - Orange,77,27610,3,2018
8028,137 - Orange,74,31134,5,2018
9141,137 - Orange,60,29792,11,2018
10135,137 - Orange,60,26432,10,2018
11128,137 - Orange,65,30695,9,2018
189,137 - Orange,67,32893,4,2019
1310,137 - Orange,68,35680.2,8,2019
2307,137 - Orange,74,29300.8,12,2019
3177,137 - Orange,70,34336,2,2019
4172,137 - Orange,65,30166,1,2019
5290,137 - Orange,69,35659.8,7,2019
6160,137 - Orange,74,39622,6,2019
7156,137 - Orange,76,33860,3,2019
8152,137 - Orange,69,35709,5,2019
9265,137 - Orange,75,33548.4,11,2019
10259,137 - Orange,76,32585.6,10,2019
11253,137 - Orange,74,30835.3,9,2019
315,137 - Orange,71,28790.4,4,2020
1434,137 - Orange,71,47548.6,8,2020
2428,137 - Orange,72,36502.4,12,2020
3302,137 - Orange,71,33499.6,2,2020
4297,137 - Orange,73,27273,1,2020
5414,137 - Orange,61,48416.2,7,2020
6284,137 - Orange,61,34922.4,6,2020
7282,137 - Orange,71,30411.9,3,2020
8275,137 - Orange,48,27624,5,2020
9387,137 - Orange,76,38496.2,11,2020
10380,137 - Orange,80,41475,10,2020
11375,137 - Orange,72,39924.8,9,2020
436,137 - Orange,60,30367.6,4,2021
1558,137 - Orange,89,57440.8,8,2021
2552,137 - Orange,94,55516.8,12,2021
3423,137 - Orange,67,36289.4,2,2021
4418,137 - Orange,71,36191.6,1,2021
5536,137 - Orange,81,62715.8,7,2021
6406,137 - Orange,68,35951.2,6,2021
7403,137 - Orange,63,28108.2,3,2021
8393,137 - Orange,62,38601.8,5,2021
9511,137 - Orange,93,53831.4,11,2021
10504,137 - Orange,86,51838.4,10,2021
11500,137 - Orange,89,53444.8,9,2021
560,137 - Orange,115,75483.4,4,2022
1683,137 - Orange,133,81098.8,8,2022
2677,137 - Orange,125,94671,12,2022
3546,137 - Orange,107,58008.2,2,2022
4542,137 - Orange,98,59234.4,1,2022
5660,137 - Orange,134,91946.2,7,2022
6530,137 - Orange,129,78905.6,6,2022
7527,137 - Orange,114,57859.2,3,2022
8517,137 - Orange,120,66867.6,5,2022
9636,137 - Orange,119,84232,11,2022
10629,137 - Orange,120,70868,10,2022
11625,137 - Orange,145,84526.8,9,2022
685,137 - Orange,135,102802,4,2023
1808,137 - Orange,143,117718,8,2023
2801,137 - Orange,139,115571,12,2023
3671,137 - Orange,134,99709,2,2023
4667,137 - Orange,125,100472,1,2023
5785,137 - Orange,153,128701,7,2023
6655,137 - Orange,148,118156,6,2023
7652,137 - Orange,127,86957,3,2023
8642,137 - Orange,145,95651,5,2023
9760,137 - Orange,140,116315,11,2023
10754,137 - Orange,129,100653,10,2023
11749,137 - Orange,137,114282,9,2023
810,137 - Orange,152,121568,4,2024
1934,137 - Orange,160,145433,8,2024
2928,137 - Orange,142,111112,12,2024
3796,137 - Orange,151,130472,2,2024
4790,137 - Orange,143,115645,1,2024
5912,137 - Orange,175,148069,7,2024
6780,137 - Orange,166,140478,6,2024
7776,137 - Orange,149,114509,3,2024
8767,137 - Orange,157,130236,5,2024
9887,137 - Orange,149,126666,11,2024
10879,137 - Orange,154,119835,10,2024
11875,137 - Orange,156,121460,9,2024
936,137 - Orange,148,110738,4,2025
3923,137 - Orange,148,128685,2,2025
4917,137 - Orange,149,120885,1,2025
6907,137 - Orange,158,125501,6,2025
7902,137 - Orange,145,105128,3,2025
8893,137 - Orange,154,122829,5,2025
1061,139 - Page,24,7636,8,2017
2060,139 - Page,15,2897,12,2017
5042,139 - Page,23,7194,7,2017
9019,139 - Page,18,4541,11,2017
10012,139 - Page,18,4215,10,2017
11004,139 - Page,22,7781,9,2017
66,139 - Page,REDACTED,1920,4,2018
1186,139 - Page,10,4436,8,2018
2184,139 - Page,REDACTED,1666,12,2018
3053,139 - Page,12,2909,2,2018
4049,139 - Page,18,3969,1,2018
5167,139 - Page,16,4832,7,2018
6037,139 - Page,REDACTED,2203,6,2018
7033,139 - Page,11,2307,3,2018
8029,139 - Page,REDACTED,2016,5,2018
9142,139 - Page,REDACTED,3072,11,2018
10136,139 - Page,REDACTED,2758,10,2018
11129,139 - Page,10,4190,9,2018
190,139 - Page,REDACTED,1896,4,2019
1311,139 - Page,REDACTED,2141,8,2019
2308,139 - Page,REDACTED,2448,12,2019
3178,139 - Page,REDACTED,1483,2,2019
4173,139 - Page,REDACTED,1534,1,2019
5291,139 - Page,REDACTED,1196,7,2019
6161,139 - Page,REDACTED,2093,6,2019
7157,139 - Page,REDACTED,1555,3,2019
8153,139 - Page,REDACTED,1638,5,2019
9266,139 - Page,REDACTED,2176,11,2019
10260,139 - Page,REDACTED,1594,10,2019
11254,139 - Page,REDACTED,2116,9,2019
316,139 - Page,13,6716,4,2020
1435,139 - Page,10,3553,8,2020
2429,139 - Page,14,5400.4,12,2020
3303,139 - Page,15,5497,2,2020
4298,139 - Page,10,3827,1,2020
5415,139 - Page,12,4532,7,2020
6285,139 - Page,13,4056,6,2020
7283,139 - Page,14,3097,3,2020
8276,139 - Page,13,4968,5,2020
9388,139 - Page,15,5697.8,11,2020
10381,139 - Page,REDACTED,1262,10,2020
11376,139 - Page,REDACTED,6079,9,2020
437,139 - Page,19,7226.8,4,2021
1559,139 - Page,16,7468.82,8,2021
2553,139 - Page,18,7023.42,12,2021
3424,139 - Page,14,3758.8,2,2021
4419,139 - Page,14,4803.4,1,2021
5537,139 - Page,17,8683.96,7,2021
6407,139 - Page,19,6880,6,2021
7404,139 - Page,16,5857.6,3,2021
8394,139 - Page,18,6439.57,5,2021
9512,139 - Page,18,6439.51,11,2021
10505,139 - Page,20,6723.82,10,2021
11501,139 - Page,15,6941.22,9,2021
561,139 - Page,REDACTED,4474.13,4,2022
1684,139 - Page,12,5781.51,8,2022
2678,139 - Page,37,48906.68,12,2022
3547,139 - Page,10,4002.11,2,2022
4543,139 - Page,18,6846.93,1,2022
5661,139 - Page,11,6068.82,7,2022
6531,139 - Page,11,5348.82,6,2022
7528,139 - Page,REDACTED,3812.2,3,2022
8518,139 - Page,REDACTED,4050.51,5,2022
9637,139 - Page,22,19904.74,11,2022
10630,139 - Page,13,6748.02,10,2022
11626,139 - Page,14,6845.53,9,2022
686,139 - Page,29,22027.62,4,2023
1809,139 - Page,54,43761.74,8,2023
2802,139 - Page,57,46988.8,12,2023
3672,139 - Page,44,37559.68,2,2023
4668,139 - Page,39,38343.68,1,2023
5786,139 - Page,37,21176.68,7,2023
6656,139 - Page,REDACTED,6779.62,6,2023
7653,139 - Page,38,23928.8,3,2023
8643,139 - Page,22,18012.8,5,2023
9761,139 - Page,52,43750.8,11,2023
10755,139 - Page,59,42812.9,10,2023
11750,139 - Page,47,38987.6,9,2023
811,139 - Page,70,59318.9,4,2024
1935,139 - Page,73,72883.43,8,2024
2929,139 - Page,82,64530.4,12,2024
3797,139 - Page,66,55027.7,2,2024
4791,139 - Page,66,54095.9,1,2024
5913,139 - Page,72,63531.97,7,2024
6781,139 - Page,69,61159.25,6,2024
7777,139 - Page,60,44742.9,3,2024
8768,139 - Page,64,58131.8,5,2024
9888,139 - Page,77,64076.21,11,2024
10880,139 - Page,72,57687.67,10,2024
11876,139 - Page,73,59241.94,9,2024
937,139 - Page,89,71459.09,4,2025
3924,139 - Page,81,66323.51,2,2025
4918,139 - Page,81,62868.94,1,2025
6908,139 - Page,95,74275.38,6,2025
7903,139 - Page,78,56221.8,3,2025
8894,139 - Page,89,76164.38,5,2025
1062,141 - Patrick,REDACTED,902,8,2017
5043,141 - Patrick,REDACTED,578,7,2017
11005,141 - Patrick,REDACTED,120,9,2017
1187,141 - Patrick,REDACTED,1931,8,2018
2185,141 - Patrick,REDACTED,539,12,2018
3054,141 - Patrick,11,3789,2,2018
5168,141 - Patrick,REDACTED,689,7,2018
9143,141 - Patrick,REDACTED,653,11,2018
10137,141 - Patrick,REDACTED,911,10,2018
11130,141 - Patrick,REDACTED,615,9,2018
191,141 - Patrick,REDACTED,588,4,2019
1312,141 - Patrick,REDACTED,432,8,2019
2309,141 - Patrick,REDACTED,504,12,2019
3179,141 - Patrick,REDACTED,687,2,2019
4174,141 - Patrick,REDACTED,608,1,2019
5292,141 - Patrick,REDACTED,480,7,2019
6162,141 - Patrick,REDACTED,584,6,2019
7158,141 - Patrick,REDACTED,560,3,2019
8154,141 - Patrick,REDACTED,616,5,2019
9267,141 - Patrick,REDACTED,552,11,2019
10261,141 - Patrick,REDACTED,504,10,2019
11255,141 - Patrick,REDACTED,528,9,2019
317,141 - Patrick,REDACTED,240,4,2020
1436,141 - Patrick,REDACTED,852,8,2020
2430,141 - Patrick,REDACTED,1752,12,2020
3304,141 - Patrick,REDACTED,552,2,2020
4299,141 - Patrick,REDACTED,408,1,2020
7284,141 - Patrick,REDACTED,480,3,2020
9389,141 - Patrick,REDACTED,1844,11,2020
10382,141 - Patrick,REDACTED,1711,10,2020
11377,141 - Patrick,REDACTED,1908,9,2020
438,141 - Patrick,REDACTED,2527,4,2021
1560,141 - Patrick,REDACTED,4995,8,2021
2554,141 - Patrick,REDACTED,5112,12,2021
3425,141 - Patrick,REDACTED,2089,2,2021
4420,141 - Patrick,REDACTED,2087,1,2021
5538,141 - Patrick,REDACTED,3940,7,2021
6408,141 - Patrick,REDACTED,6461,6,2021
7405,141 - Patrick,REDACTED,2420,3,2021
8395,141 - Patrick,REDACTED,2376,5,2021
9513,141 - Patrick,REDACTED,4263,11,2021
10506,141 - Patrick,REDACTED,2944,10,2021
11502,141 - Patrick,REDACTED,3886,9,2021
562,141 - Patrick,20,9286,4,2022
1685,141 - Patrick,26,11574,8,2022
2679,141 - Patrick,17,13697,12,2022
3548,141 - Patrick,15,7316,2,2022
4544,141 - Patrick,11,5783,1,2022
5662,141 - Patrick,24,10933,7,2022
6532,141 - Patrick,23,8580,6,2022
7529,141 - Patrick,18,7608,3,2022
8519,141 - Patrick,23,10992,5,2022
9638,141 - Patrick,19,14192,11,2022
10631,141 - Patrick,21,9971,10,2022
11627,141 - Patrick,23,11796,9,2022
687,141 - Patrick,25,16662,4,2023
1810,141 - Patrick,20,13760,8,2023
2803,141 - Patrick,25,18931.46,12,2023
3673,141 - Patrick,25,16667,2,2023
4669,141 - Patrick,22,17248,1,2023
5787,141 - Patrick,23,15760,7,2023
6657,141 - Patrick,26,16807,6,2023
7654,141 - Patrick,24,15145,3,2023
8644,141 - Patrick,25,13927,5,2023
9762,141 - Patrick,26,18221.1,11,2023
10756,141 - Patrick,25,14884.19,10,2023
11751,141 - Patrick,18,10124.08,9,2023
812,141 - Patrick,21,14519.53,4,2024
1936,141 - Patrick,34,26028.47,8,2024
2930,141 - Patrick,28,19031,12,2024
3798,141 - Patrick,22,18050.39,2,2024
4792,141 - Patrick,23,16906.53,1,2024
5914,141 - Patrick,35,22318.23,7,2024
6782,141 - Patrick,33,21341.74,6,2024
7778,141 - Patrick,22,17137.53,3,2024
8769,141 - Patrick,26,18052.46,5,2024
9889,141 - Patrick,27,21504,11,2024
10881,141 - Patrick,25,17735.69,10,2024
11877,141 - Patrick,35,20974.58,9,2024
938,141 - Patrick,37,22086,4,2025
3925,141 - Patrick,33,27333,2,2025
4919,141 - Patrick,33,21720,1,2025
6909,141 - Patrick,35,21528,6,2025
7904,141 - Patrick,36,21140,3,2025
8895,141 - Patrick,33,21874,5,2025
1063,143 - Pittsylvania,65,16590,8,2017
2061,143 - Pittsylvania,69,18547,12,2017
5044,143 - Pittsylvania,76,28012,7,2017
9020,143 - Pittsylvania,64,15891,11,2017
10013,143 - Pittsylvania,72,13440,10,2017
11006,143 - Pittsylvania,69,16074,9,2017
67,143 - Pittsylvania,67,14817,4,2018
1188,143 - Pittsylvania,62,23816,8,2018
2186,143 - Pittsylvania,67,23626,12,2018
3055,143 - Pittsylvania,68,20115,2,2018
4050,143 - Pittsylvania,66,18786,1,2018
5169,143 - Pittsylvania,65,24399,7,2018
6038,143 - Pittsylvania,69,17670,6,2018
7034,143 - Pittsylvania,66,14280,3,2018
8030,143 - Pittsylvania,68,16290,5,2018
9144,143 - Pittsylvania,58,19549,11,2018
10138,143 - Pittsylvania,57,17646,10,2018
11131,143 - Pittsylvania,57,18808,9,2018
192,143 - Pittsylvania,78,25673,4,2019
1313,143 - Pittsylvania,88,31200,8,2019
2310,143 - Pittsylvania,91,26568,12,2019
3180,143 - Pittsylvania,67,24403,2,2019
4175,143 - Pittsylvania,71,20509,1,2019
5293,143 - Pittsylvania,76,26529,7,2019
6163,143 - Pittsylvania,82,26404,6,2019
7159,143 - Pittsylvania,76,22889,3,2019
8155,143 - Pittsylvania,74,23124,5,2019
9268,143 - Pittsylvania,89,27859.2,11,2019
10262,143 - Pittsylvania,78,25053,10,2019
11256,143 - Pittsylvania,88,26730,9,2019
318,143 - Pittsylvania,91,19128,4,2020
1437,143 - Pittsylvania,64,30702,8,2020
2431,143 - Pittsylvania,58,19285,12,2020
3305,143 - Pittsylvania,93,28428.8,2,2020
4300,143 - Pittsylvania,89,26812,1,2020
5416,143 - Pittsylvania,76,46891,7,2020
6286,143 - Pittsylvania,50,18239,6,2020
7285,143 - Pittsylvania,95,25853.8,3,2020
8277,143 - Pittsylvania,67,18238,5,2020
9390,143 - Pittsylvania,52,18659,11,2020
10383,143 - Pittsylvania,61,17679,10,2020
11378,143 - Pittsylvania,77,30869,9,2020
439,143 - Pittsylvania,58,18455,4,2021
1561,143 - Pittsylvania,91,42696,8,2021
2555,143 - Pittsylvania,117,43896.08,12,2021
3426,143 - Pittsylvania,59,17134,2,2021
4421,143 - Pittsylvania,61,18563,1,2021
5539,143 - Pittsylvania,88,45185,7,2021
6409,143 - Pittsylvania,62,22331,6,2021
7406,143 - Pittsylvania,52,14070,3,2021
8396,143 - Pittsylvania,55,21536,5,2021
9514,143 - Pittsylvania,118,41209.86,11,2021
10507,143 - Pittsylvania,113,41832.8,10,2021
11503,143 - Pittsylvania,106,41320.6,9,2021
563,143 - Pittsylvania,121,49530.5,4,2022
1686,143 - Pittsylvania,142,63729.22,8,2022
2680,143 - Pittsylvania,148,104477.53,12,2022
3549,143 - Pittsylvania,117,42839.16,2,2022
4545,143 - Pittsylvania,113,47228.58,1,2022
5663,143 - Pittsylvania,143,74290.52,7,2022
6533,143 - Pittsylvania,120,48776,6,2022
7530,143 - Pittsylvania,128,43523.88,3,2022
8520,143 - Pittsylvania,119,44383.14,5,2022
9639,143 - Pittsylvania,132,89839.41,11,2022
10632,143 - Pittsylvania,137,54400.57,10,2022
11628,143 - Pittsylvania,139,57408.22,9,2022
688,143 - Pittsylvania,160,113079.99,4,2023
1811,143 - Pittsylvania,232,170534.37,8,2023
2804,143 - Pittsylvania,233,166324.46,12,2023
3674,143 - Pittsylvania,180,113847.94,2,2023
4670,143 - Pittsylvania,156,117542.22,1,2023
5788,143 - Pittsylvania,221,187965.66,7,2023
6658,143 - Pittsylvania,199,138683.79,6,2023
7655,143 - Pittsylvania,161,101571.46,3,2023
8645,143 - Pittsylvania,171,108367.4,5,2023
9763,143 - Pittsylvania,236,169615.57,11,2023
10757,143 - Pittsylvania,236,152504.46,10,2023
11752,143 - Pittsylvania,229,158886.54,9,2023
813,143 - Pittsylvania,222,153761.26,4,2024
1937,143 - Pittsylvania,236,198231.01,8,2024
2931,143 - Pittsylvania,218,141061,12,2024
3799,143 - Pittsylvania,237,178505.77,2,2024
4793,143 - Pittsylvania,229,157851.25,1,2024
5915,143 - Pittsylvania,239,183517.77,7,2024
6783,143 - Pittsylvania,251,181888.82,6,2024
7779,143 - Pittsylvania,234,157669.38,3,2024
8770,143 - Pittsylvania,227,168546.48,5,2024
9890,143 - Pittsylvania,208,156759,11,2024
10882,143 - Pittsylvania,196,136964.82,10,2024
11878,143 - Pittsylvania,229,158046.99,9,2024
939,143 - Pittsylvania,226,145033,4,2025
3926,143 - Pittsylvania,229,166490,2,2025
4920,143 - Pittsylvania,205,149075,1,2025
6910,143 - Pittsylvania,214,144028,6,2025
7905,143 - Pittsylvania,219,136403,3,2025
8896,143 - Pittsylvania,213,152755,5,2025
1064,145 - Powhatan,36,17429,8,2017
2062,145 - Powhatan,34,14639,12,2017
5045,145 - Powhatan,41,18838,7,2017
9021,145 - Powhatan,35,16087,11,2017
10014,145 - Powhatan,36,14224,10,2017
11007,145 - Powhatan,33,19518,9,2017
68,145 - Powhatan,37,16964,4,2018
1189,145 - Powhatan,30,15921,8,2018
2187,145 - Powhatan,28,12639,12,2018
3056,145 - Powhatan,34,17991,2,2018
4051,145 - Powhatan,31,14612,1,2018
5170,145 - Powhatan,28,13796,7,2018
6039,145 - Powhatan,23,8923,6,2018
7035,145 - Powhatan,38,15977,3,2018
8031,145 - Powhatan,27,12868,5,2018
9145,145 - Powhatan,29,14471,11,2018
10139,145 - Powhatan,31,11210,10,2018
11132,145 - Powhatan,30,15574,9,2018
193,145 - Powhatan,29,9176,4,2019
1314,145 - Powhatan,20,9859,8,2019
2311,145 - Powhatan,20,8187,12,2019
3181,145 - Powhatan,28,13436,2,2019
4176,145 - Powhatan,28,13538,1,2019
5294,145 - Powhatan,22,11047,7,2019
6164,145 - Powhatan,22,12960,6,2019
7160,145 - Powhatan,26,11228,3,2019
8156,145 - Powhatan,26,11684,5,2019
9269,145 - Powhatan,20,10538,11,2019
10263,145 - Powhatan,21,9232,10,2019
11257,145 - Powhatan,23,12171,9,2019
319,145 - Powhatan,19,4691,4,2020
1438,145 - Powhatan,20,12401,8,2020
2432,145 - Powhatan,20,9011,12,2020
3306,145 - Powhatan,17,7942,2,2020
4301,145 - Powhatan,21,7835,1,2020
5417,145 - Powhatan,19,16707,7,2020
6287,145 - Powhatan,17,10543,6,2020
7286,145 - Powhatan,19,8700,3,2020
8278,145 - Powhatan,16,6319,5,2020
9391,145 - Powhatan,18,10772,11,2020
10384,145 - Powhatan,20,9138,10,2020
11379,145 - Powhatan,15,8360,9,2020
440,145 - Powhatan,18,9801.4,4,2021
1562,145 - Powhatan,14,11980.8,8,2021
2556,145 - Powhatan,31,20360,12,2021
3427,145 - Powhatan,17,8862,2,2021
4422,145 - Powhatan,16,7523,1,2021
5540,145 - Powhatan,17,13701.4,7,2021
6410,145 - Powhatan,13,9076.8,6,2021
7407,145 - Powhatan,17,8410,3,2021
8397,145 - Powhatan,15,8455.4,5,2021
9515,145 - Powhatan,28,19231,11,2021
10508,145 - Powhatan,25,16407.6,10,2021
11504,145 - Powhatan,25,19321.8,9,2021
564,145 - Powhatan,32,19894.8,4,2022
1687,145 - Powhatan,34,20386,8,2022
2681,145 - Powhatan,50,37703,12,2022
3550,145 - Powhatan,26,14909,2,2022
4546,145 - Powhatan,30,21300,1,2022
5664,145 - Powhatan,30,19736.2,7,2022
6534,145 - Powhatan,37,21045,6,2022
7531,145 - Powhatan,29,14888,3,2022
8521,145 - Powhatan,36,25143,5,2022
9640,145 - Powhatan,44,27779,11,2022
10633,145 - Powhatan,41,21579.2,10,2022
11629,145 - Powhatan,35,18649.6,9,2022
689,145 - Powhatan,51,36957,4,2023
1812,145 - Powhatan,54,38828,8,2023
2805,145 - Powhatan,64,44291,12,2023
3675,145 - Powhatan,48,32022,2,2023
4671,145 - Powhatan,51,35131,1,2023
5789,145 - Powhatan,56,43808,7,2023
6659,145 - Powhatan,52,38355,6,2023
7656,145 - Powhatan,46,27242,3,2023
8646,145 - Powhatan,53,34728,5,2023
9764,145 - Powhatan,67,45803.65,11,2023
10758,145 - Powhatan,60,40581,10,2023
11753,145 - Powhatan,64,44100,9,2023
814,145 - Powhatan,73,44741.43,4,2024
1938,145 - Powhatan,75,63638.05,8,2024
2932,145 - Powhatan,73,50708,12,2024
3800,145 - Powhatan,71,48984,2,2024
4794,145 - Powhatan,69,46254,1,2024
5916,145 - Powhatan,81,56486.25,7,2024
6784,145 - Powhatan,75,51627.49,6,2024
7780,145 - Powhatan,75,47674.11,3,2024
8771,145 - Powhatan,68,49113.26,5,2024
9891,145 - Powhatan,72,51010,11,2024
10883,145 - Powhatan,67,44535.2,10,2024
11879,145 - Powhatan,74,55099.7,9,2024
940,145 - Powhatan,76,51405,4,2025
3927,145 - Powhatan,81,62118,2,2025
4921,145 - Powhatan,74,56256,1,2025
6911,145 - Powhatan,79,57132,6,2025
7906,145 - Powhatan,73,49087,3,2025
8897,145 - Powhatan,70,53985,5,2025
1065,147 - Prince Edward,22,6783,8,2017
2063,147 - Prince Edward,14,3341,12,2017
5046,147 - Prince Edward,21,5875,7,2017
9022,147 - Prince Edward,17,3622,11,2017
10015,147 - Prince Edward,19,5100,10,2017
11008,147 - Prince Edward,22,4937,9,2017
69,147 - Prince Edward,12,2583,4,2018
1190,147 - Prince Edward,17,5921,8,2018
2188,147 - Prince Edward,10,3151,12,2018
3057,147 - Prince Edward,14,4481,2,2018
4052,147 - Prince Edward,11,2208,1,2018
5171,147 - Prince Edward,15,9705,7,2018
6040,147 - Prince Edward,13,4628,6,2018
7036,147 - Prince Edward,11,2443,3,2018
8032,147 - Prince Edward,11,2622,5,2018
9146,147 - Prince Edward,10,2853,11,2018
10140,147 - Prince Edward,REDACTED,1588,10,2018
11133,147 - Prince Edward,REDACTED,2730,9,2018
194,147 - Prince Edward,11,5636,4,2019
1315,147 - Prince Edward,REDACTED,4393,8,2019
2312,147 - Prince Edward,19,6635,12,2019
3182,147 - Prince Edward,13,3520,2,2019
4177,147 - Prince Edward,REDACTED,1803,1,2019
5295,147 - Prince Edward,10,3425,7,2019
6165,147 - Prince Edward,REDACTED,4621,6,2019
7161,147 - Prince Edward,12,4931,3,2019
8157,147 - Prince Edward,REDACTED,4526,5,2019
9270,147 - Prince Edward,15,5312,11,2019
10264,147 - Prince Edward,13,4783,10,2019
11258,147 - Prince Edward,13,5232,9,2019
320,147 - Prince Edward,22,6774,4,2020
1439,147 - Prince Edward,19,8281,8,2020
2433,147 - Prince Edward,17,5861,12,2020
3307,147 - Prince Edward,16,6345,2,2020
4302,147 - Prince Edward,16,5401,1,2020
5418,147 - Prince Edward,23,9885,7,2020
6288,147 - Prince Edward,21,8081,6,2020
7287,147 - Prince Edward,16,5602,3,2020
8279,147 - Prince Edward,21,7512,5,2020
9392,147 - Prince Edward,17,6325,11,2020
10385,147 - Prince Edward,19,5770,10,2020
11380,147 - Prince Edward,15,6010,9,2020
441,147 - Prince Edward,12,5469,4,2021
1563,147 - Prince Edward,16,8167,8,2021
2557,147 - Prince Edward,17,7705,12,2021
3428,147 - Prince Edward,REDACTED,3619,2,2021
4423,147 - Prince Edward,16,5363,1,2021
5541,147 - Prince Edward,14,6849,7,2021
6411,147 - Prince Edward,13,5374,6,2021
7408,147 - Prince Edward,11,2563,3,2021
8398,147 - Prince Edward,12,5810,5,2021
9516,147 - Prince Edward,16,6395,11,2021
10509,147 - Prince Edward,19,10352,10,2021
11505,147 - Prince Edward,13,3999,9,2021
565,147 - Prince Edward,18,8840,4,2022
1688,147 - Prince Edward,24,9681,8,2022
2682,147 - Prince Edward,23,17801,12,2022
3551,147 - Prince Edward,14,5125,2,2022
4547,147 - Prince Edward,15,6530,1,2022
5665,147 - Prince Edward,19,9096,7,2022
6535,147 - Prince Edward,19,8314,6,2022
7532,147 - Prince Edward,17,6663,3,2022
8522,147 - Prince Edward,20,8444,5,2022
9641,147 - Prince Edward,23,15452,11,2022
10634,147 - Prince Edward,23,10057,10,2022
11630,147 - Prince Edward,29,11385,9,2022
690,147 - Prince Edward,28,25755,4,2023
1813,147 - Prince Edward,35,28940,8,2023
2806,147 - Prince Edward,31,26250,12,2023
3676,147 - Prince Edward,27,19612,2,2023
4672,147 - Prince Edward,27,19517,1,2023
5790,147 - Prince Edward,40,32407,7,2023
6660,147 - Prince Edward,40,34740,6,2023
7657,147 - Prince Edward,29,21163,3,2023
8647,147 - Prince Edward,30,22956,5,2023
9765,147 - Prince Edward,29,27709,11,2023
10759,147 - Prince Edward,27,23256,10,2023
11754,147 - Prince Edward,27,23577,9,2023
815,147 - Prince Edward,27,21574,4,2024
1939,147 - Prince Edward,36,33120,8,2024
2933,147 - Prince Edward,24,18215,12,2024
3801,147 - Prince Edward,33,30512,2,2024
4795,147 - Prince Edward,30,20414,1,2024
5917,147 - Prince Edward,42,29383,7,2024
6785,147 - Prince Edward,42,34041,6,2024
7781,147 - Prince Edward,29,22598,3,2024
8772,147 - Prince Edward,28,23877,5,2024
9892,147 - Prince Edward,27,25156,11,2024
10884,147 - Prince Edward,29,23286,10,2024
11880,147 - Prince Edward,37,25505,9,2024
941,147 - Prince Edward,32,28904,4,2025
3928,147 - Prince Edward,32,28222,2,2025
4922,147 - Prince Edward,31,24846,1,2025
6912,147 - Prince Edward,29,24660,6,2025
7907,147 - Prince Edward,32,23055,3,2025
8898,147 - Prince Edward,30,24182,5,2025
1066,149 - Prince George,21,7578,8,2017
2064,149 - Prince George,25,7310,12,2017
5047,149 - Prince George,24,9461,7,2017
9023,149 - Prince George,23,6290,11,2017
10016,149 - Prince George,22,5734,10,2017
11009,149 - Prince George,17,7250,9,2017
70,149 - Prince George,28,9819,4,2018
1191,149 - Prince George,22,11757,8,2018
2189,149 - Prince George,18,9308,12,2018
3058,149 - Prince George,26,8151,2,2018
4053,149 - Prince George,28,8379,1,2018
5172,149 - Prince George,26,10388,7,2018
6041,149 - Prince George,29,10867,6,2018
7037,149 - Prince George,29,8157,3,2018
8033,149 - Prince George,28,9266,5,2018
9147,149 - Prince George,16,8262,11,2018
10141,149 - Prince George,16,7605,10,2018
11134,149 - Prince George,23,9309,9,2018
195,149 - Prince George,26,10859,4,2019
1316,149 - Prince George,30,11477.2,8,2019
2313,149 - Prince George,45,15111.2,12,2019
3183,149 - Prince George,20,11322,2,2019
4178,149 - Prince George,18,7615,1,2019
5296,149 - Prince George,33,12148.6,7,2019
6166,149 - Prince George,25,14099,6,2019
7162,149 - Prince George,24,13149,3,2019
8158,149 - Prince George,24,11291,5,2019
9271,149 - Prince George,35,14957.8,11,2019
10265,149 - Prince George,39,14153.8,10,2019
11259,149 - Prince George,29,13479,9,2019
321,149 - Prince George,41,15071,4,2020
1440,149 - Prince George,27,17012.2,8,2020
2434,149 - Prince George,26,14648.4,12,2020
3308,149 - Prince George,50,16974,2,2020
4303,149 - Prince George,51,15116.4,1,2020
5419,149 - Prince George,27,14894,7,2020
6289,149 - Prince George,30,14506.6,6,2020
7288,149 - Prince George,43,16044.2,3,2020
8280,149 - Prince George,32,15209.8,5,2020
9393,149 - Prince George,27,13638.8,11,2020
10386,149 - Prince George,27,12932.2,10,2020
11381,149 - Prince George,22,11813.4,9,2020
442,149 - Prince George,27,16334,4,2021
1564,149 - Prince George,36,22333.8,8,2021
2558,149 - Prince George,51,27959,12,2021
3429,149 - Prince George,25,14290,2,2021
4424,149 - Prince George,26,16105,1,2021
5542,149 - Prince George,34,21500.8,7,2021
6412,149 - Prince George,31,16266.8,6,2021
7409,149 - Prince George,25,10845,3,2021
8399,149 - Prince George,29,15959.8,5,2021
9517,149 - Prince George,48,28114,11,2021
10510,149 - Prince George,44,20982.6,10,2021
11506,149 - Prince George,39,23765.8,9,2021
566,149 - Prince George,85,52303.6,4,2022
1689,149 - Prince George,98,59481.8,8,2022
2683,149 - Prince George,116,91077,12,2022
3552,149 - Prince George,67,38006.8,2,2022
4548,149 - Prince George,59,37610,1,2022
5666,149 - Prince George,91,60083,7,2022
6536,149 - Prince George,93,51954.4,6,2022
7533,149 - Prince George,77,38527,3,2022
8523,149 - Prince George,88,46025.4,5,2022
9642,149 - Prince George,107,80406,11,2022
10635,149 - Prince George,111,61432.2,10,2022
11631,149 - Prince George,101,64668.2,9,2022
691,149 - Prince George,113,89435,4,2023
1814,149 - Prince George,121,97143,8,2023
2807,149 - Prince George,113,91662,12,2023
3677,149 - Prince George,119,90487,2,2023
4673,149 - Prince George,114,85681,1,2023
5791,149 - Prince George,140,104802,7,2023
6661,149 - Prince George,118,87662,6,2023
7658,149 - Prince George,117,80249,3,2023
8648,149 - Prince George,122,80163,5,2023
9766,149 - Prince George,111,84405,11,2023
10760,149 - Prince George,113,82351.09,10,2023
11755,149 - Prince George,129,100162.19,9,2023
816,149 - Prince George,122,91183,4,2024
1940,149 - Prince George,126,111800,8,2024
2934,149 - Prince George,113,81357,12,2024
3802,149 - Prince George,124,97774,2,2024
4796,149 - Prince George,113,84414,1,2024
5918,149 - Prince George,129,104772,7,2024
6786,149 - Prince George,126,96567,6,2024
7782,149 - Prince George,116,91375,3,2024
8773,149 - Prince George,125,97671,5,2024
9893,149 - Prince George,108,87207,11,2024
10885,149 - Prince George,103,68438,10,2024
11881,149 - Prince George,135,93545,9,2024
942,149 - Prince George,124,88038,4,2025
3929,149 - Prince George,124,97638,2,2025
4923,149 - Prince George,122,91608,1,2025
6913,149 - Prince George,116,90000,6,2025
7908,149 - Prince George,122,81267,3,2025
8899,149 - Prince George,121,95354,5,2025
1067,153 - Prince William,617,381689,8,2017
2065,153 - Prince William,619,355146,12,2017
5048,153 - Prince William,657,410127,7,2017
9024,153 - Prince William,628,362722,11,2017
10017,153 - Prince William,635,316165,10,2017
11010,153 - Prince William,611,381016,9,2017
71,153 - Prince William,679,402282,4,2018
1192,153 - Prince William,689,677549,8,2018
2190,153 - Prince William,659,586182,12,2018
3059,153 - Prince William,670,420201,2,2018
4054,153 - Prince William,641,355572,1,2018
5173,153 - Prince William,734,674579,7,2018
6042,153 - Prince William,716,465095,6,2018
7038,153 - Prince William,668,366516,3,2018
8034,153 - Prince William,701,421675,5,2018
9148,153 - Prince William,638,597233,11,2018
10142,153 - Prince William,651,533394,10,2018
11135,153 - Prince William,664,655413,9,2018
196,153 - Prince William,680,596601,4,2019
1317,153 - Prince William,827,760234.2,8,2019
2314,153 - Prince William,936,711529.75,12,2019
3184,153 - Prince William,659,619386,2,2019
4179,153 - Prince William,665,551951,1,2019
5297,153 - Prince William,793,644280.46,7,2019
6167,153 - Prince William,760,712098,6,2019
7163,153 - Prince William,672,554842,3,2019
8159,153 - Prince William,752,674780,5,2019
9272,153 - Prince William,915,760182.45,11,2019
10266,153 - Prince William,894,663475.96,10,2019
11260,153 - Prince William,873,750344.68,9,2019
322,153 - Prince William,931,693359.06,4,2020
1441,153 - Prince William,761,788440.55,8,2020
2435,153 - Prince William,713,614953.8,12,2020
3309,153 - Prince William,968,830586.96,2,2020
4304,153 - Prince William,940,749819.66,1,2020
5420,153 - Prince William,760,836795.7,7,2020
6290,153 - Prince William,774,690016.78,6,2020
7289,153 - Prince William,933,711901.31,3,2020
8281,153 - Prince William,724,658282.39,5,2020
9394,153 - Prince William,741,679923,11,2020
10387,153 - Prince William,788,625521.7,10,2020
11382,153 - Prince William,739,726426.7,9,2020
443,153 - Prince William,701,645200.2,4,2021
1565,153 - Prince William,989,1068249.6,8,2021
2559,153 - Prince William,1331,1320504.46,12,2021
3430,153 - Prince William,688,573782.9,2,2021
4425,153 - Prince William,689,629144.9,1,2021
5543,153 - Prince William,957,1026266.8,7,2021
6413,153 - Prince William,831,770325,6,2021
7410,153 - Prince William,683,510203.6,3,2021
8400,153 - Prince William,750,722580.8,5,2021
9518,153 - Prince William,1242,1137405.2,11,2021
10511,153 - Prince William,1185,1124872.4,10,2021
11507,153 - Prince William,1118,1110073.6,9,2021
567,153 - Prince William,1541,1611660.08,4,2022
1690,153 - Prince William,1684,1748582.01,8,2022
2684,153 - Prince William,1786,1969142,12,2022
3553,153 - Prince William,1393,1358135.76,2,2022
4549,153 - Prince William,1330,1404783.76,1,2022
5667,153 - Prince William,1703,1809923.92,7,2022
6537,153 - Prince William,1640,1636643.72,6,2022
7534,153 - Prince William,1436,1318661.6,3,2022
8524,153 - Prince William,1589,1548102.04,5,2022
9643,153 - Prince William,1768,1836197,11,2022
10636,153 - Prince William,1728,1682345.84,10,2022
11632,153 - Prince William,1780,1859865.72,9,2022
692,153 - Prince William,1911,2052536.36,4,2023
1815,153 - Prince William,1965,2120838.23,8,2023
2808,153 - Prince William,1920,2068145.67,12,2023
3678,153 - Prince William,1805,1904768.9,2,2023
4674,153 - Prince William,1764,1984288.01,1,2023
5792,153 - Prince William,1998,2276667.05,7,2023
6662,153 - Prince William,1991,2167701.02,6,2023
7659,153 - Prince William,1863,1741622.14,3,2023
8649,153 - Prince William,1962,1902900.01,5,2023
9767,153 - Prince William,1915,1979208.57,11,2023
10761,153 - Prince William,1900,1907165.47,10,2023
11756,153 - Prince William,2010,2214861.07,9,2023
817,153 - Prince William,1995,2031296.12,4,2024
1941,153 - Prince William,2029,2485119.57,8,2024
2935,153 - Prince William,2016,2044479.01,12,2024
3803,153 - Prince William,1971,2170581.61,2,2024
4797,153 - Prince William,1920,1924132.37,1,2024
5919,153 - Prince William,2081,2253427.41,7,2024
6787,153 - Prince William,1961,2196316.57,6,2024
7783,153 - Prince William,1994,1967191.02,3,2024
8774,153 - Prince William,2023,2098710.75,5,2024
9894,153 - Prince William,1979,2161480.01,11,2024
10886,153 - Prince William,1940,1925925.39,10,2024
11882,153 - Prince William,2046,2139422.17,9,2024
943,153 - Prince William,2041,2008298.01,4,2025
3930,153 - Prince William,2032,2232168.01,2,2025
4924,153 - Prince William,2010,2105593.01,1,2025
6914,153 - Prince William,2037,2116697,6,2025
7909,153 - Prince William,2025,1884517.01,3,2025
8900,153 - Prince William,2018,2122828,5,2025
1068,155 - Pulaski,40,13041,8,2017
2066,155 - Pulaski,38,10597,12,2017
5049,155 - Pulaski,42,15682,7,2017
9025,155 - Pulaski,37,10514,11,2017
10018,155 - Pulaski,39,9898,10,2017
11011,155 - Pulaski,43,12512,9,2017
72,155 - Pulaski,43,10689,4,2018
1193,155 - Pulaski,33,13776,8,2018
2191,155 - Pulaski,27,10222,12,2018
3060,155 - Pulaski,41,13127,2,2018
4055,155 - Pulaski,40,11297,1,2018
5174,155 - Pulaski,32,14921,7,2018
6043,155 - Pulaski,31,9710,6,2018
7039,155 - Pulaski,38,11010,3,2018
8035,155 - Pulaski,36,10166,5,2018
9149,155 - Pulaski,26,10079,11,2018
10143,155 - Pulaski,25,8972,10,2018
11136,155 - Pulaski,25,11100,9,2018
197,155 - Pulaski,33,10077,4,2019
1318,155 - Pulaski,29,10462,8,2019
2315,155 - Pulaski,25,7404,12,2019
3185,155 - Pulaski,27,11931,2,2019
4180,155 - Pulaski,26,10063,1,2019
5298,155 - Pulaski,31,12276,7,2019
6168,155 - Pulaski,33,11788,6,2019
7164,155 - Pulaski,29,11006,3,2019
8160,155 - Pulaski,33,13564,5,2019
9273,155 - Pulaski,26,8823,11,2019
10267,155 - Pulaski,30,9829.2,10,2019
11261,155 - Pulaski,29,9762,9,2019
323,155 - Pulaski,27,5446,4,2020
1442,155 - Pulaski,22,9350.6,8,2020
2436,155 - Pulaski,21,6205.2,12,2020
3310,155 - Pulaski,24,8588,2,2020
4305,155 - Pulaski,24,8190,1,2020
5421,155 - Pulaski,28,11410.8,7,2020
6291,155 - Pulaski,19,6465,6,2020
7290,155 - Pulaski,24,6606,3,2020
8282,155 - Pulaski,13,4096,5,2020
9395,155 - Pulaski,19,6695.2,11,2020
10388,155 - Pulaski,21,7146.2,10,2020
11383,155 - Pulaski,24,9884.8,9,2020
444,155 - Pulaski,17,6417.6,4,2021
1566,155 - Pulaski,26,13108.6,8,2021
2560,155 - Pulaski,41,20404,12,2021
3431,155 - Pulaski,16,4466,2,2021
4426,155 - Pulaski,14,5400.4,1,2021
5544,155 - Pulaski,26,12673.2,7,2021
6414,155 - Pulaski,23,9976.8,6,2021
7411,155 - Pulaski,17,4811.8,3,2021
8401,155 - Pulaski,17,6680.2,5,2021
9519,155 - Pulaski,41,16139.6,11,2021
10512,155 - Pulaski,31,14161,10,2021
11508,155 - Pulaski,37,13295.4,9,2021
568,155 - Pulaski,43,20277.2,4,2022
1691,155 - Pulaski,33,19875,8,2022
2685,155 - Pulaski,35,26420,12,2022
3554,155 - Pulaski,39,16933.2,2,2022
4550,155 - Pulaski,37,21416.4,1,2022
5668,155 - Pulaski,47,23384.6,7,2022
6538,155 - Pulaski,44,21909,6,2022
7535,155 - Pulaski,36,16912,3,2022
8525,155 - Pulaski,41,18993.8,5,2022
9644,155 - Pulaski,38,24964,11,2022
10637,155 - Pulaski,37,16453,10,2022
11633,155 - Pulaski,47,22729.2,9,2022
693,155 - Pulaski,50,31066,4,2023
1816,155 - Pulaski,57,36414.56,8,2023
2809,155 - Pulaski,54,39525.52,12,2023
3679,155 - Pulaski,49,29271,2,2023
4675,155 - Pulaski,38,28210,1,2023
5793,155 - Pulaski,51,37797.89,7,2023
6663,155 - Pulaski,49,32876,6,2023
7660,155 - Pulaski,47,27534,3,2023
8650,155 - Pulaski,45,25013,5,2023
9768,155 - Pulaski,49,32360.76,11,2023
10762,155 - Pulaski,54,27917.74,10,2023
11757,155 - Pulaski,56,33437.62,9,2023
818,155 - Pulaski,87,55378,4,2024
1942,155 - Pulaski,96,83277,8,2024
2936,155 - Pulaski,97,70288,12,2024
3804,155 - Pulaski,69,45208,2,2024
4798,155 - Pulaski,63,40408.86,1,2024
5920,155 - Pulaski,86,60968,7,2024
6788,155 - Pulaski,81,58593,6,2024
7784,155 - Pulaski,75,44654,3,2024
8775,155 - Pulaski,77,52347,5,2024
9895,155 - Pulaski,94,68586,11,2024
10887,155 - Pulaski,89,58647,10,2024
11883,155 - Pulaski,96,60816,9,2024
944,155 - Pulaski,91,66283,4,2025
3931,155 - Pulaski,106,75261,2,2025
4925,155 - Pulaski,98,71129,1,2025
6915,155 - Pulaski,107,80055,6,2025
7910,155 - Pulaski,94,62384,3,2025
8901,155 - Pulaski,108,75888,5,2025
1069,157 - Rappahannock,13,5665,8,2017
2067,157 - Rappahannock,REDACTED,2485,12,2017
5050,157 - Rappahannock,11,4704,7,2017
9026,157 - Rappahannock,REDACTED,3391,11,2017
10019,157 - Rappahannock,12,4192,10,2017
11012,157 - Rappahannock,13,6019,9,2017
73,157 - Rappahannock,10,3916,4,2018
1194,157 - Rappahannock,REDACTED,2937,8,2018
2192,157 - Rappahannock,17,7152,12,2018
3061,157 - Rappahannock,REDACTED,1544,2,2018
4056,157 - Rappahannock,REDACTED,1748,1,2018
5175,157 - Rappahannock,REDACTED,2977,7,2018
6044,157 - Rappahannock,REDACTED,2895,6,2018
7040,157 - Rappahannock,REDACTED,1723,3,2018
8036,157 - Rappahannock,REDACTED,3162,5,2018
9150,157 - Rappahannock,16,7756,11,2018
10144,157 - Rappahannock,18,11213,10,2018
11137,157 - Rappahannock,13,6015,9,2018
198,157 - Rappahannock,11,4730,4,2019
1319,157 - Rappahannock,20,12695,8,2019
2316,157 - Rappahannock,28,11162,12,2019
3186,157 - Rappahannock,17,7269,2,2019
4181,157 - Rappahannock,17,6227,1,2019
5299,157 - Rappahannock,19,10175,7,2019
6169,157 - Rappahannock,18,8021,6,2019
7165,157 - Rappahannock,17,6872,3,2019
8161,157 - Rappahannock,18,6358,5,2019
9274,157 - Rappahannock,29,13739,11,2019
10268,157 - Rappahannock,29,13155,10,2019
11262,157 - Rappahannock,25,10900.2,9,2019
324,157 - Rappahannock,27,6226,4,2020
1443,157 - Rappahannock,25,21164.6,8,2020
2437,157 - Rappahannock,16,7156.4,12,2020
3311,157 - Rappahannock,26,12618,2,2020
4306,157 - Rappahannock,26,6772,1,2020
5422,157 - Rappahannock,25,9045.6,7,2020
6292,157 - Rappahannock,22,9628,6,2020
7291,157 - Rappahannock,27,11496,3,2020
8283,157 - Rappahannock,17,3342,5,2020
9396,157 - Rappahannock,18,7726.4,11,2020
10389,157 - Rappahannock,24,15975.8,10,2020
11384,157 - Rappahannock,18,5138,9,2020
445,157 - Rappahannock,16,6179.8,4,2021
1567,157 - Rappahannock,43,34637.8,8,2021
2561,157 - Rappahannock,41,29709,12,2021
3432,157 - Rappahannock,16,5180.4,2,2021
4427,157 - Rappahannock,16,7105.6,1,2021
5545,157 - Rappahannock,36,21742.8,7,2021
6415,157 - Rappahannock,24,9976.8,6,2021
7412,157 - Rappahannock,17,4843.4,3,2021
8402,157 - Rappahannock,16,7026,5,2021
9520,157 - Rappahannock,41,27643.8,11,2021
10513,157 - Rappahannock,40,26210,10,2021
11509,157 - Rappahannock,42,28244.2,9,2021
569,157 - Rappahannock,51,37429,4,2022
1692,157 - Rappahannock,46,32786.6,8,2022
2686,157 - Rappahannock,49,36993,12,2022
3555,157 - Rappahannock,46,29125,2,2022
4551,157 - Rappahannock,44,31828.8,1,2022
5669,157 - Rappahannock,47,37671.8,7,2022
6539,157 - Rappahannock,49,34350,6,2022
7536,157 - Rappahannock,50,30377.8,3,2022
8526,157 - Rappahannock,48,32230.4,5,2022
9645,157 - Rappahannock,44,34129,11,2022
10638,157 - Rappahannock,42,32031.6,10,2022
11634,157 - Rappahannock,48,35042.4,9,2022
694,157 - Rappahannock,48,38249,4,2023
1817,157 - Rappahannock,61,49791,8,2023
2810,157 - Rappahannock,44,34119,12,2023
3680,157 - Rappahannock,49,33831,2,2023
4676,157 - Rappahannock,48,37117,1,2023
5794,157 - Rappahannock,61,56763,7,2023
6664,157 - Rappahannock,50,40260,6,2023
7661,157 - Rappahannock,50,36741,3,2023
8651,157 - Rappahannock,48,33416,5,2023
9769,157 - Rappahannock,41,39205,11,2023
10763,157 - Rappahannock,48,33228,10,2023
11758,157 - Rappahannock,57,45920,9,2023
819,157 - Rappahannock,43,31762,4,2024
1943,157 - Rappahannock,54,49950,8,2024
2937,157 - Rappahannock,61,44849,12,2024
3805,157 - Rappahannock,43,40306,2,2024
4799,157 - Rappahannock,42,32514,1,2024
5921,157 - Rappahannock,53,43077,7,2024
6789,157 - Rappahannock,51,35659,6,2024
7785,157 - Rappahannock,47,36124,3,2024
8776,157 - Rappahannock,44,35263,5,2024
9896,157 - Rappahannock,62,46819,11,2024
10888,157 - Rappahannock,62,45164,10,2024
11884,157 - Rappahannock,61,45073,9,2024
945,157 - Rappahannock,58,39663,4,2025
3932,157 - Rappahannock,62,49653,2,2025
4926,157 - Rappahannock,63,48846,1,2025
6916,157 - Rappahannock,58,37378,6,2025
7911,157 - Rappahannock,59,40114,3,2025
8902,157 - Rappahannock,55,40264,5,2025
1070,159 - Richmond County,REDACTED,3726,8,2017
2068,159 - Richmond County,REDACTED,2558,12,2017
5051,159 - Richmond County,REDACTED,2805,7,2017
9027,159 - Richmond County,REDACTED,1953,11,2017
10020,159 - Richmond County,10,2371,10,2017
11013,159 - Richmond County,REDACTED,3931,9,2017
74,159 - Richmond County,REDACTED,3591,4,2018
1195,159 - Richmond County,REDACTED,5475,8,2018
2193,159 - Richmond County,REDACTED,3010,12,2018
3062,159 - Richmond County,REDACTED,2842,2,2018
4057,159 - Richmond County,REDACTED,2764,1,2018
5176,159 - Richmond County,11,5950,7,2018
6045,159 - Richmond County,12,4654,6,2018
7041,159 - Richmond County,REDACTED,3072,3,2018
8037,159 - Richmond County,REDACTED,3796,5,2018
9151,159 - Richmond County,REDACTED,3155,11,2018
10145,159 - Richmond County,REDACTED,3142,10,2018
11138,159 - Richmond County,REDACTED,5182,9,2018
199,159 - Richmond County,REDACTED,4319,4,2019
1320,159 - Richmond County,19,11035,8,2019
2317,159 - Richmond County,16,9298,12,2019
3187,159 - Richmond County,REDACTED,4933,2,2019
4182,159 - Richmond County,REDACTED,2869,1,2019
5300,159 - Richmond County,13,6049,7,2019
6170,159 - Richmond County,10,5900,6,2019
7166,159 - Richmond County,REDACTED,4829,3,2019
8162,159 - Richmond County,REDACTED,4352,5,2019
9275,159 - Richmond County,17,8578,11,2019
10269,159 - Richmond County,18,10144,10,2019
11263,159 - Richmond County,19,10276,9,2019
325,159 - Richmond County,19,8967,4,2020
1444,159 - Richmond County,18,9602,8,2020
2438,159 - Richmond County,21,14008,12,2020
3312,159 - Richmond County,21,9630,2,2020
4307,159 - Richmond County,17,9230,1,2020
5423,159 - Richmond County,16,10113,7,2020
6293,159 - Richmond County,17,8070,6,2020
7292,159 - Richmond County,20,9809,3,2020
8284,159 - Richmond County,17,6029,5,2020
9397,159 - Richmond County,16,8599,11,2020
10390,159 - Richmond County,20,9862,10,2020
11385,159 - Richmond County,15,7393,9,2020
446,159 - Richmond County,14,7535,4,2021
1568,159 - Richmond County,18,11668,8,2021
2562,159 - Richmond County,21,12075.4,12,2021
3433,159 - Richmond County,14,7038,2,2021
4428,159 - Richmond County,14,8524,1,2021
5546,159 - Richmond County,18,10334,7,2021
6416,159 - Richmond County,15,8482,6,2021
7413,159 - Richmond County,14,6121,3,2021
8403,159 - Richmond County,15,8218,5,2021
9521,159 - Richmond County,18,7486,11,2021
10514,159 - Richmond County,15,7769,10,2021
11510,159 - Richmond County,18,9058,9,2021
570,159 - Richmond County,20,11196.2,4,2022
1693,159 - Richmond County,21,12520.2,8,2022
2687,159 - Richmond County,16,14344,12,2022
3556,159 - Richmond County,18,9462.2,2,2022
4552,159 - Richmond County,17,11511.6,1,2022
5670,159 - Richmond County,20,13803.4,7,2022
6540,159 - Richmond County,20,11372.4,6,2022
7537,159 - Richmond County,21,12687,3,2022
8527,159 - Richmond County,19,12577.6,5,2022
9646,159 - Richmond County,17,13420,11,2022
10639,159 - Richmond County,15,9484.4,10,2022
11635,159 - Richmond County,23,12963.6,9,2022
695,159 - Richmond County,20,19504,4,2023
1818,159 - Richmond County,37,30431,8,2023
2811,159 - Richmond County,27,26120,12,2023
3681,159 - Richmond County,17,15868,2,2023
4677,159 - Richmond County,17,15929,1,2023
5795,159 - Richmond County,38,30227,7,2023
6665,159 - Richmond County,32,25994,6,2023
7662,159 - Richmond County,19,14843,3,2023
8652,159 - Richmond County,25,22816,5,2023
9770,159 - Richmond County,26,25669,11,2023
10764,159 - Richmond County,27,24898,10,2023
11759,159 - Richmond County,39,29184,9,2023
820,159 - Richmond County,37,36868,4,2024
1944,159 - Richmond County,39,35399,8,2024
2938,159 - Richmond County,40,30770,12,2024
3806,159 - Richmond County,35,30169,2,2024
4800,159 - Richmond County,29,26180,1,2024
5922,159 - Richmond County,34,27895,7,2024
6790,159 - Richmond County,39,38255,6,2024
7786,159 - Richmond County,36,30169,3,2024
8777,159 - Richmond County,38,35816,5,2024
9897,159 - Richmond County,39,35447,11,2024
10889,159 - Richmond County,34,30585,10,2024
11885,159 - Richmond County,36,30779,9,2024
946,159 - Richmond County,39,30200,4,2025
3933,159 - Richmond County,33,29841,2,2025
4927,159 - Richmond County,38,31280,1,2025
6917,159 - Richmond County,34,28304,6,2025
7912,159 - Richmond County,35,29156,3,2025
8903,159 - Richmond County,37,30117,5,2025
1071,161 - Roanoke County,356,173365,8,2017
2069,161 - Roanoke County,335,146798,12,2017
5052,161 - Roanoke County,357,154325,7,2017
9028,161 - Roanoke County,342,140532,11,2017
10021,161 - Roanoke County,363,130077,10,2017
11014,161 - Roanoke County,337,155776,9,2017
75,161 - Roanoke County,306,125244,4,2018
1196,161 - Roanoke County,299,166645,8,2018
2194,161 - Roanoke County,258,127011,12,2018
3063,161 - Roanoke County,343,158190,2,2018
4058,161 - Roanoke County,337,143148,1,2018
5177,161 - Roanoke County,301,154103,7,2018
6046,161 - Roanoke County,305,126189,6,2018
7042,161 - Roanoke County,305,123216,3,2018
8038,161 - Roanoke County,311,123309,5,2018
9152,161 - Roanoke County,272,138792,11,2018
10146,161 - Roanoke County,303,127423,10,2018
11139,161 - Roanoke County,314,164684,9,2018
200,161 - Roanoke County,300,148075,4,2019
1321,161 - Roanoke County,325,200520,8,2019
2318,161 - Roanoke County,337,153627.34,12,2019
3188,161 - Roanoke County,275,143526,2,2019
4183,161 - Roanoke County,270,126571,1,2019
5301,161 - Roanoke County,326,158832.8,7,2019
6171,161 - Roanoke County,325,166364,6,2019
7167,161 - Roanoke County,295,132272,3,2019
8163,161 - Roanoke County,319,157100,5,2019
9276,161 - Roanoke County,343,172506.42,11,2019
10270,161 - Roanoke County,349,157015.68,10,2019
11264,161 - Roanoke County,326,169752.1,9,2019
326,161 - Roanoke County,345,151088.4,4,2020
1445,161 - Roanoke County,291,161574.2,8,2020
2439,161 - Roanoke County,275,121476.31,12,2020
3313,161 - Roanoke County,355,180130.02,2,2020
4308,161 - Roanoke County,352,170225.58,1,2020
5424,161 - Roanoke County,300,209192.8,7,2020
6294,161 - Roanoke County,292,176796.4,6,2020
7293,161 - Roanoke County,349,150047.5,3,2020
8285,161 - Roanoke County,274,153335.4,5,2020
9398,161 - Roanoke County,260,118119.06,11,2020
10391,161 - Roanoke County,295,128859,10,2020
11386,161 - Roanoke County,299,157558.1,9,2020
447,161 - Roanoke County,280,136231.63,4,2021
1569,161 - Roanoke County,350,225478.42,8,2021
2563,161 - Roanoke County,345,197297.84,12,2021
3434,161 - Roanoke County,278,121076.06,2,2021
4429,161 - Roanoke County,270,136431.04,1,2021
5547,161 - Roanoke County,341,220385.25,7,2021
6417,161 - Roanoke County,306,159727.88,6,2021
7414,161 - Roanoke County,272,121127.32,3,2021
8404,161 - Roanoke County,288,154384.69,5,2021
9522,161 - Roanoke County,346,180430.92,11,2021
10515,161 - Roanoke County,353,187234.2,10,2021
11511,161 - Roanoke County,374,198998.84,9,2021
571,161 - Roanoke County,376,221638.63,4,2022
1694,161 - Roanoke County,456,281159.12,8,2022
2688,161 - Roanoke County,496,367771.72,12,2022
3557,161 - Roanoke County,362,194572.61,2,2022
4553,161 - Roanoke County,359,215337.86,1,2022
5671,161 - Roanoke County,432,262305.48,7,2022
6541,161 - Roanoke County,417,227744.21,6,2022
7538,161 - Roanoke County,356,184845.82,3,2022
8528,161 - Roanoke County,402,217102.57,5,2022
9647,161 - Roanoke County,484,316905.07,11,2022
10640,161 - Roanoke County,448,242378.2,10,2022
11636,161 - Roanoke County,487,274146.04,9,2022
696,161 - Roanoke County,558,403058.81,4,2023
1819,161 - Roanoke County,583,419549.49,8,2023
2812,161 - Roanoke County,597,416704.16,12,2023
3682,161 - Roanoke County,515,351740.36,2,2023
4678,161 - Roanoke County,501,373926.9,1,2023
5796,161 - Roanoke County,584,439767.81,7,2023
6666,161 - Roanoke County,567,410338.79,6,2023
7663,161 - Roanoke County,538,329971.38,3,2023
8653,161 - Roanoke County,548,335606.27,5,2023
9771,161 - Roanoke County,585,403778.68,11,2023
10765,161 - Roanoke County,588,388930.75,10,2023
11760,161 - Roanoke County,610,419070.74,9,2023
821,161 - Roanoke County,624,441763.55,4,2024
1945,161 - Roanoke County,721,594223.44,8,2024
2939,161 - Roanoke County,690,448162,12,2024
3807,161 - Roanoke County,622,454691.87,2,2024
4801,161 - Roanoke County,594,415015.49,1,2024
5923,161 - Roanoke County,693,492402.25,7,2024
6791,161 - Roanoke County,670,494367.76,6,2024
7787,161 - Roanoke County,618,421638.33,3,2024
8778,161 - Roanoke County,643,457861.63,5,2024
9898,161 - Roanoke County,683,485346,11,2024
10890,161 - Roanoke County,674,449787.98,10,2024
11886,161 - Roanoke County,723,492525.73,9,2024
947,161 - Roanoke County,696,452201,4,2025
3934,161 - Roanoke County,669,487604,2,2025
4928,161 - Roanoke County,700,480484,1,2025
6918,161 - Roanoke County,700,490431,6,2025
7913,161 - Roanoke County,677,415324,3,2025
8904,161 - Roanoke County,679,468785,5,2025
1072,163 - Rockbridge,REDACTED,795,8,2017
2070,163 - Rockbridge,REDACTED,904,12,2017
5053,163 - Rockbridge,REDACTED,1346,7,2017
9029,163 - Rockbridge,REDACTED,1066,11,2017
10022,163 - Rockbridge,REDACTED,731,10,2017
11015,163 - Rockbridge,REDACTED,595,9,2017
76,163 - Rockbridge,REDACTED,1155,4,2018
1197,163 - Rockbridge,REDACTED,3319,8,2018
2195,163 - Rockbridge,REDACTED,2369,12,2018
3064,163 - Rockbridge,REDACTED,828,2,2018
4059,163 - Rockbridge,REDACTED,576,1,2018
5178,163 - Rockbridge,10,4042,7,2018
6047,163 - Rockbridge,REDACTED,3014,6,2018
7043,163 - Rockbridge,REDACTED,808,3,2018
8039,163 - Rockbridge,REDACTED,1999,5,2018
9153,163 - Rockbridge,REDACTED,1973,11,2018
10147,163 - Rockbridge,REDACTED,1659,10,2018
11140,163 - Rockbridge,REDACTED,2475,9,2018
201,163 - Rockbridge,REDACTED,3126,4,2019
1322,163 - Rockbridge,13,6628,8,2019
2319,163 - Rockbridge,20,8033.8,12,2019
3189,163 - Rockbridge,REDACTED,2429,2,2019
4184,163 - Rockbridge,REDACTED,1350,1,2019
5302,163 - Rockbridge,12,6715,7,2019
6172,163 - Rockbridge,14,6396,6,2019
7168,163 - Rockbridge,REDACTED,2740,3,2019
8164,163 - Rockbridge,13,6166,5,2019
9277,163 - Rockbridge,21,9594.6,11,2019
10271,163 - Rockbridge,15,6350.6,10,2019
11265,163 - Rockbridge,11,3827,9,2019
327,163 - Rockbridge,15,3378.6,4,2020
1446,163 - Rockbridge,16,13768,8,2020
2440,163 - Rockbridge,REDACTED,4685.2,12,2020
3314,163 - Rockbridge,20,8500.6,2,2020
4309,163 - Rockbridge,20,5922,1,2020
5425,163 - Rockbridge,REDACTED,2981,7,2020
6295,163 - Rockbridge,20,4506.2,6,2020
7294,163 - Rockbridge,15,5819.6,3,2020
8286,163 - Rockbridge,12,6297,5,2020
9399,163 - Rockbridge,REDACTED,4275.32,11,2020
10392,163 - Rockbridge,REDACTED,2966,10,2020
11387,163 - Rockbridge,15,12176,9,2020
448,163 - Rockbridge,11,6132.96,4,2021
1570,163 - Rockbridge,15,8976.2,8,2021
2564,163 - Rockbridge,12,6830.79,12,2021
3435,163 - Rockbridge,10,5499.62,2,2021
4430,163 - Rockbridge,REDACTED,3468.12,1,2021
5548,163 - Rockbridge,17,10939.14,7,2021
6418,163 - Rockbridge,16,7386.12,6,2021
7415,163 - Rockbridge,REDACTED,5041.14,3,2021
8405,163 - Rockbridge,14,6385.7,5,2021
9523,163 - Rockbridge,14,7048.86,11,2021
10516,163 - Rockbridge,14,7577.96,10,2021
11512,163 - Rockbridge,12,5978.78,9,2021
572,163 - Rockbridge,14,5998.75,4,2022
1695,163 - Rockbridge,21,10512.63,8,2022
2689,163 - Rockbridge,21,12221.55,12,2022
3558,163 - Rockbridge,10,5045.95,2,2022
4554,163 - Rockbridge,13,5907.46,1,2022
5672,163 - Rockbridge,22,12074.98,7,2022
6542,163 - Rockbridge,16,7180.14,6,2022
7539,163 - Rockbridge,12,4864.35,3,2022
8529,163 - Rockbridge,13,5702.95,5,2022
9648,163 - Rockbridge,17,8464.45,11,2022
10641,163 - Rockbridge,18,7723.04,10,2022
11637,163 - Rockbridge,15,6737.36,9,2022
697,163 - Rockbridge,23,16124.1,4,2023
1820,163 - Rockbridge,31,20459.73,8,2023
2813,163 - Rockbridge,26,19689.28,12,2023
3683,163 - Rockbridge,19,10871.17,2,2023
4679,163 - Rockbridge,20,10721.16,1,2023
5797,163 - Rockbridge,38,31935.34,7,2023
6667,163 - Rockbridge,29,17851.47,6,2023
7664,163 - Rockbridge,22,12366.76,3,2023
8654,163 - Rockbridge,21,13566.42,5,2023
9772,163 - Rockbridge,29,21373.08,11,2023
10766,163 - Rockbridge,33,24278.33,10,2023
11761,163 - Rockbridge,39,24843.31,9,2023
822,163 - Rockbridge,26,15645.3,4,2024
1946,163 - Rockbridge,41,33563.06,8,2024
2940,163 - Rockbridge,28,17910,12,2024
3808,163 - Rockbridge,25,19618.51,2,2024
4802,163 - Rockbridge,26,17399.68,1,2024
5924,163 - Rockbridge,40,27503.75,7,2024
6792,163 - Rockbridge,32,24793.04,6,2024
7788,163 - Rockbridge,34,17372.98,3,2024
8779,163 - Rockbridge,35,21833.46,5,2024
9899,163 - Rockbridge,32,22200,11,2024
10891,163 - Rockbridge,31,18651.54,10,2024
11887,163 - Rockbridge,40,25273.19,9,2024
948,163 - Rockbridge,40,24749,4,2025
3935,163 - Rockbridge,34,25629,2,2025
4929,163 - Rockbridge,26,17474,1,2025
6919,163 - Rockbridge,40,22133,6,2025
7914,163 - Rockbridge,37,21442,3,2025
8905,163 - Rockbridge,32,21641,5,2025
1073,165 - Rockingham,101,39669,8,2017
2071,165 - Rockingham,86,24898,12,2017
5054,165 - Rockingham,103,33689,7,2017
9030,165 - Rockingham,94,39318,11,2017
10023,165 - Rockingham,96,27109,10,2017
11016,165 - Rockingham,98,35796,9,2017
77,165 - Rockingham,75,29102,4,2018
1198,165 - Rockingham,91,50470,8,2018
2196,165 - Rockingham,71,34095,12,2018
3065,165 - Rockingham,80,35429,2,2018
4060,165 - Rockingham,83,26674,1,2018
5179,165 - Rockingham,93,46513,7,2018
6048,165 - Rockingham,72,31971,6,2018
7044,165 - Rockingham,77,31655,3,2018
8040,165 - Rockingham,76,30704,5,2018
9154,165 - Rockingham,70,39847,11,2018
10148,165 - Rockingham,76,35772,10,2018
11141,165 - Rockingham,82,42377,9,2018
202,165 - Rockingham,74,34798,4,2019
1323,165 - Rockingham,84,44024.4,8,2019
2320,165 - Rockingham,88,34610.4,12,2019
3190,165 - Rockingham,73,38476,2,2019
4185,165 - Rockingham,68,27909,1,2019
5303,165 - Rockingham,85,38009.4,7,2019
6173,165 - Rockingham,80,40775,6,2019
7169,165 - Rockingham,72,35529,3,2019
8165,165 - Rockingham,72,37253,5,2019
9278,165 - Rockingham,89,43808.4,11,2019
10272,165 - Rockingham,92,39207.8,10,2019
11266,165 - Rockingham,95,41825.4,9,2019
328,165 - Rockingham,90,29536.6,4,2020
1447,165 - Rockingham,73,62713.6,8,2020
2441,165 - Rockingham,63,26844.27,12,2020
3315,165 - Rockingham,85,38256.2,2,2020
4310,165 - Rockingham,79,32653.8,1,2020
5426,165 - Rockingham,79,53481,7,2020
6296,165 - Rockingham,53,27410.4,6,2020
7295,165 - Rockingham,90,34911,3,2020
8287,165 - Rockingham,50,28058.2,5,2020
9400,165 - Rockingham,62,25412.28,11,2020
10393,165 - Rockingham,65,28584.2,10,2020
11388,165 - Rockingham,63,32125.2,9,2020
449,165 - Rockingham,70,31547.75,4,2021
1571,165 - Rockingham,72,46043.86,8,2021
2565,165 - Rockingham,103,54454.53,12,2021
3436,165 - Rockingham,65,28012.38,2,2021
4431,165 - Rockingham,61,24633.91,1,2021
5549,165 - Rockingham,79,51173.37,7,2021
6419,165 - Rockingham,74,35856.12,6,2021
7416,165 - Rockingham,68,24173.15,3,2021
8406,165 - Rockingham,72,36944.87,5,2021
9524,165 - Rockingham,105,59027.31,11,2021
10517,165 - Rockingham,88,46497.12,10,2021
11513,165 - Rockingham,79,45195.72,9,2021
573,165 - Rockingham,99,63912.32,4,2022
1696,165 - Rockingham,107,62122.43,8,2022
2690,165 - Rockingham,111,93544.36,12,2022
3559,165 - Rockingham,95,52270.49,2,2022
4555,165 - Rockingham,97,59783.99,1,2022
5673,165 - Rockingham,105,62641.08,7,2022
6543,165 - Rockingham,97,55724.16,6,2022
7540,165 - Rockingham,94,52204.01,3,2022
8530,165 - Rockingham,102,55693.44,5,2022
9649,165 - Rockingham,110,86529.27,11,2022
10642,165 - Rockingham,110,60200.44,10,2022
11638,165 - Rockingham,116,65458.96,9,2022
698,165 - Rockingham,139,110539.41,4,2023
1821,165 - Rockingham,154,123390.8,8,2023
2814,165 - Rockingham,164,134848.87,12,2023
3684,165 - Rockingham,133,110704.32,2,2023
4680,165 - Rockingham,111,94277.97,1,2023
5798,165 - Rockingham,160,130687.31,7,2023
6668,165 - Rockingham,143,112239.93,6,2023
7665,165 - Rockingham,129,89281.89,3,2023
8655,165 - Rockingham,129,90823.6,5,2023
9773,165 - Rockingham,144,118346.69,11,2023
10767,165 - Rockingham,141,104260.63,10,2023
11762,165 - Rockingham,146,113740.94,9,2023
823,165 - Rockingham,164,132411.79,4,2024
1947,165 - Rockingham,194,172421.47,8,2024
2941,165 - Rockingham,177,152829.6,12,2024
3809,165 - Rockingham,176,146578.99,2,2024
4803,165 - Rockingham,165,125955.76,1,2024
5925,165 - Rockingham,185,157436.5,7,2024
6793,165 - Rockingham,175,144883.77,6,2024
7789,165 - Rockingham,164,116519.96,3,2024
8780,165 - Rockingham,163,133553.57,5,2024
9900,165 - Rockingham,172,151313.12,11,2024
10892,165 - Rockingham,159,127957.63,10,2024
11888,165 - Rockingham,187,144595.2,9,2024
949,165 - Rockingham,218,170564.26,4,2025
3936,165 - Rockingham,190,165089.38,2,2025
4930,165 - Rockingham,175,149769.91,1,2025
6920,165 - Rockingham,221,182242.15,6,2025
7915,165 - Rockingham,207,155427.7,3,2025
8906,165 - Rockingham,211,174971,5,2025
1074,167 - Russell,19,5715,8,2017
2072,167 - Russell,12,3773,12,2017
5055,167 - Russell,20,5859,7,2017
9031,167 - Russell,12,2962,11,2017
10024,167 - Russell,15,3845,10,2017
11017,167 - Russell,19,5806,9,2017
78,167 - Russell,15,4020,4,2018
1199,167 - Russell,REDACTED,3379,8,2018
2197,167 - Russell,14,4458,12,2018
3066,167 - Russell,16,4147,2,2018
4061,167 - Russell,13,4342,1,2018
5180,167 - Russell,REDACTED,3897,7,2018
6049,167 - Russell,11,3039,6,2018
7045,167 - Russell,14,4358,3,2018
8041,167 - Russell,13,3492,5,2018
9155,167 - Russell,15,5379,11,2018
10149,167 - Russell,11,4205,10,2018
11142,167 - Russell,12,5010,9,2018
203,167 - Russell,11,3872,4,2019
1324,167 - Russell,16,5968,8,2019
2321,167 - Russell,26,8633,12,2019
3191,167 - Russell,12,4244,2,2019
4186,167 - Russell,11,3537,1,2019
5304,167 - Russell,11,4166,7,2019
6174,167 - Russell,11,4230,6,2019
7170,167 - Russell,11,3584,3,2019
8166,167 - Russell,11,3968,5,2019
9279,167 - Russell,22,7547,11,2019
10273,167 - Russell,19,6597,10,2019
11267,167 - Russell,19,6489,9,2019
329,167 - Russell,22,4920,4,2020
1448,167 - Russell,13,6404,8,2020
2442,167 - Russell,24,9823,12,2020
3316,167 - Russell,28,9456,2,2020
4311,167 - Russell,26,6961,1,2020
5427,167 - Russell,19,11858,7,2020
6297,167 - Russell,20,5121,6,2020
7296,167 - Russell,23,6576,3,2020
8288,167 - Russell,19,6109,5,2020
9401,167 - Russell,19,6447,11,2020
10394,167 - Russell,19,6710,10,2020
11389,167 - Russell,18,6486,9,2020
450,167 - Russell,33,12821,4,2021
1572,167 - Russell,60,28279,8,2021
2566,167 - Russell,47,21571,12,2021
3437,167 - Russell,25,8848,2,2021
4432,167 - Russell,24,8740,1,2021
5550,167 - Russell,56,25601,7,2021
6420,167 - Russell,48,18130,6,2021
7417,167 - Russell,29,8854,3,2021
8407,167 - Russell,42,16027,5,2021
9525,167 - Russell,51,20821,11,2021
10518,167 - Russell,58,24083,10,2021
11514,167 - Russell,54,23396,9,2021
574,167 - Russell,50,22171.4,4,2022
1697,167 - Russell,50,23364.8,8,2022
2691,167 - Russell,57,42545,12,2022
3560,167 - Russell,49,20012,2,2022
4556,167 - Russell,51,22837,1,2022
5674,167 - Russell,45,20639.6,7,2022
6544,167 - Russell,52,22910.6,6,2022
7541,167 - Russell,52,20130,3,2022
8531,167 - Russell,55,21802.8,5,2022
9650,167 - Russell,63,41040,11,2022
10643,167 - Russell,66,27473.2,10,2022
11639,167 - Russell,62,27019.2,9,2022
699,167 - Russell,47,30366,4,2023
1822,167 - Russell,31,21493,8,2023
2815,167 - Russell,16,11177,12,2023
3685,167 - Russell,55,34571,2,2023
4681,167 - Russell,56,41376,1,2023
5799,167 - Russell,38,28174,7,2023
6669,167 - Russell,40,27680,6,2023
7666,167 - Russell,49,28563,3,2023
8656,167 - Russell,46,25491,5,2023
9774,167 - Russell,21,13508,11,2023
10768,167 - Russell,25,14582,10,2023
11763,167 - Russell,31,22206,9,2023
824,167 - Russell,20,13576,4,2024
1948,167 - Russell,38,32968,8,2024
2942,167 - Russell,28,19587,12,2024
3810,167 - Russell,16,11470,2,2024
4804,167 - Russell,15,10429,1,2024
5926,167 - Russell,33,26286,7,2024
6794,167 - Russell,31,22366,6,2024
7790,167 - Russell,22,15295,3,2024
8781,167 - Russell,26,19391,5,2024
9901,167 - Russell,27,20216,11,2024
10893,167 - Russell,27,18146,10,2024
11889,167 - Russell,34,24330,9,2024
950,167 - Russell,29,19568,4,2025
3937,167 - Russell,28,20104,2,2025
4931,167 - Russell,28,21182,1,2025
6921,167 - Russell,31,24191,6,2025
7916,167 - Russell,27,16988,3,2025
8907,167 - Russell,32,21930,5,2025
204,169 - Scott,REDACTED,525,4,2019
1325,169 - Scott,REDACTED,125,8,2019
5305,169 - Scott,REDACTED,500,7,2019
6175,169 - Scott,REDACTED,575,6,2019
7171,169 - Scott,REDACTED,875,3,2019
8167,169 - Scott,REDACTED,550,5,2019
700,169 - Scott,REDACTED,456,4,2023
2816,169 - Scott,REDACTED,945,12,2023
5800,169 - Scott,REDACTED,215,7,2023
6670,169 - Scott,REDACTED,750,6,2023
8657,169 - Scott,REDACTED,1740,5,2023
9775,169 - Scott,REDACTED,756,11,2023
4805,169 - Scott,REDACTED,60,1,2024
1075,171 - Shenandoah,43,14293,8,2017
2073,171 - Shenandoah,37,11374,12,2017
5056,171 - Shenandoah,43,16963,7,2017
9032,171 - Shenandoah,36,9839,11,2017
10025,171 - Shenandoah,32,7863,10,2017
11018,171 - Shenandoah,41,11593,9,2017
79,171 - Shenandoah,41,13655,4,2018
1200,171 - Shenandoah,47,19672,8,2018
2198,171 - Shenandoah,54,23339,12,2018
3067,171 - Shenandoah,39,11796,2,2018
4062,171 - Shenandoah,38,11249,1,2018
5181,171 - Shenandoah,45,17616,7,2018
6050,171 - Shenandoah,41,12150,6,2018
7046,171 - Shenandoah,36,10247,3,2018
8042,171 - Shenandoah,39,12692,5,2018
9156,171 - Shenandoah,49,25920,11,2018
10150,171 - Shenandoah,54,20894,10,2018
11143,171 - Shenandoah,65,27135,9,2018
205,171 - Shenandoah,55,24504,4,2019
1326,171 - Shenandoah,57,25134,8,2019
2322,171 - Shenandoah,63,24085.2,12,2019
3192,171 - Shenandoah,51,25022,2,2019
4187,171 - Shenandoah,51,23901,1,2019
5306,171 - Shenandoah,59,25742,7,2019
6176,171 - Shenandoah,59,26300,6,2019
7172,171 - Shenandoah,55,21310,3,2019
8168,171 - Shenandoah,59,24980,5,2019
9280,171 - Shenandoah,63,27495.4,11,2019
10274,171 - Shenandoah,66,22864,10,2019
11268,171 - Shenandoah,58,21575,9,2019
330,171 - Shenandoah,58,22262,4,2020
1449,171 - Shenandoah,51,25406,8,2020
2443,171 - Shenandoah,52,23722.62,12,2020
3317,171 - Shenandoah,60,27796.2,2,2020
4312,171 - Shenandoah,60,25346.2,1,2020
5428,171 - Shenandoah,50,23185.8,7,2020
6298,171 - Shenandoah,46,21771.6,6,2020
7297,171 - Shenandoah,62,22389,3,2020
8289,171 - Shenandoah,39,22828,5,2020
9402,171 - Shenandoah,57,21302.64,11,2020
10395,171 - Shenandoah,55,21245,10,2020
11390,171 - Shenandoah,46,18726,9,2020
451,171 - Shenandoah,57,29201.6,4,2021
1573,171 - Shenandoah,91,52018.88,8,2021
2567,171 - Shenandoah,110,55680.43,12,2021
3438,171 - Shenandoah,52,22589.2,2,2021
4433,171 - Shenandoah,50,22494.34,1,2021
5551,171 - Shenandoah,86,49041.68,7,2021
6421,171 - Shenandoah,68,28233.34,6,2021
7418,171 - Shenandoah,58,23012,3,2021
8408,171 - Shenandoah,60,27732.8,5,2021
9526,171 - Shenandoah,103,50400.83,11,2021
10519,171 - Shenandoah,99,50132.26,10,2021
11515,171 - Shenandoah,96,49216.66,9,2021
575,171 - Shenandoah,118,61193.4,4,2022
1698,171 - Shenandoah,134,69679.4,8,2022
2692,171 - Shenandoah,137,114994,12,2022
3561,171 - Shenandoah,109,50488.6,2,2022
4557,171 - Shenandoah,110,59956.6,1,2022
5675,171 - Shenandoah,131,70160.8,7,2022
6545,171 - Shenandoah,138,65502,6,2022
7542,171 - Shenandoah,111,51747.8,3,2022
8532,171 - Shenandoah,120,54831,5,2022
9651,171 - Shenandoah,141,112571,11,2022
10644,171 - Shenandoah,139,69935.6,10,2022
11640,171 - Shenandoah,154,74438.8,9,2022
701,171 - Shenandoah,143,121323,4,2023
1823,171 - Shenandoah,176,147339,8,2023
2817,171 - Shenandoah,153,134909.34,12,2023
3686,171 - Shenandoah,141,130050,2,2023
4682,171 - Shenandoah,138,121421,1,2023
5801,171 - Shenandoah,165,144777,7,2023
6671,171 - Shenandoah,157,120447,6,2023
7667,171 - Shenandoah,137,103240,3,2023
8658,171 - Shenandoah,139,99480,5,2023
9776,171 - Shenandoah,156,130929,11,2023
10769,171 - Shenandoah,153,123032,10,2023
11764,171 - Shenandoah,181,149207,9,2023
825,171 - Shenandoah,163,136983,4,2024
1949,171 - Shenandoah,198,184268,8,2024
2943,171 - Shenandoah,173,142739,12,2024
3811,171 - Shenandoah,161,148472.62,2,2024
4806,171 - Shenandoah,157,132174.34,1,2024
5927,171 - Shenandoah,203,160623,7,2024
6795,171 - Shenandoah,184,155747,6,2024
7791,171 - Shenandoah,159,129272.98,3,2024
8782,171 - Shenandoah,162,143679.2,5,2024
9902,171 - Shenandoah,170,152710,11,2024
10894,171 - Shenandoah,168,140383,10,2024
11890,171 - Shenandoah,194,154887,9,2024
951,171 - Shenandoah,193,161731,4,2025
3938,171 - Shenandoah,195,170646,2,2025
4932,171 - Shenandoah,181,156239,1,2025
6922,171 - Shenandoah,223,190876,6,2025
7917,171 - Shenandoah,191,150082,3,2025
8908,171 - Shenandoah,204,182512,5,2025
1076,173 - Smyth,62,12132,8,2017
2074,173 - Smyth,53,10726,12,2017
5057,173 - Smyth,65,12272,7,2017
9033,173 - Smyth,49,8323,11,2017
10026,173 - Smyth,51,7830,10,2017
11019,173 - Smyth,64,12422,9,2017
80,173 - Smyth,59,11558,4,2018
1201,173 - Smyth,46,9065,8,2018
2199,173 - Smyth,42,7510,12,2018
3068,173 - Smyth,59,12850,2,2018
4063,173 - Smyth,51,9796,1,2018
5182,173 - Smyth,45,10811,7,2018
6051,173 - Smyth,53,15124,6,2018
7047,173 - Smyth,55,11361,3,2018
8043,173 - Smyth,59,9989,5,2018
9157,173 - Smyth,36,7560,11,2018
10151,173 - Smyth,16,4280,10,2018
11144,173 - Smyth,28,4275,9,2018
206,173 - Smyth,55,11213,4,2019
1327,173 - Smyth,69,16316.5,8,2019
2323,173 - Smyth,59,8964,12,2019
3193,173 - Smyth,54,10806,2,2019
4188,173 - Smyth,41,7772,1,2019
5307,173 - Smyth,68,12519.5,7,2019
6177,173 - Smyth,56,9293,6,2019
7173,173 - Smyth,58,9769,3,2019
8169,173 - Smyth,57,9560,5,2019
9281,173 - Smyth,58,10697,11,2019
10275,173 - Smyth,55,7000,10,2019
11269,173 - Smyth,63,8177,9,2019
331,173 - Smyth,70,10115.8,4,2020
1450,173 - Smyth,57,14120.8,8,2020
2444,173 - Smyth,35,8498.6,12,2020
3318,173 - Smyth,66,11713,2,2020
4313,173 - Smyth,60,9214,1,2020
5429,173 - Smyth,62,17082.4,7,2020
6299,173 - Smyth,56,12843,6,2020
7298,173 - Smyth,68,10809,3,2020
8290,173 - Smyth,55,12005,5,2020
9403,173 - Smyth,38,9386,11,2020
10396,173 - Smyth,46,8088.6,10,2020
11391,173 - Smyth,49,10208.4,9,2020
452,173 - Smyth,43,8651.4,4,2021
1574,173 - Smyth,35,11097.4,8,2021
2568,173 - Smyth,36,9266.4,12,2021
3439,173 - Smyth,42,9318,2,2021
4434,173 - Smyth,34,9208.6,1,2021
5552,173 - Smyth,40,12080,7,2021
6422,173 - Smyth,38,9269.6,6,2021
7419,173 - Smyth,43,9282.6,3,2021
8409,173 - Smyth,39,10034,5,2021
9527,173 - Smyth,34,7065,11,2021
10520,173 - Smyth,33,8271,10,2021
11516,173 - Smyth,36,8982.4,9,2021
576,173 - Smyth,24,8157.6,4,2022
1699,173 - Smyth,37,12051,8,2022
2693,173 - Smyth,24,20633,12,2022
3562,173 - Smyth,33,7953.2,2,2022
4558,173 - Smyth,33,9142.6,1,2022
5676,173 - Smyth,37,12053,7,2022
6546,173 - Smyth,31,10573.4,6,2022
7543,173 - Smyth,30,7551,3,2022
8533,173 - Smyth,30,8726.2,5,2022
9652,173 - Smyth,24,17823,11,2022
10645,173 - Smyth,24,7986,10,2022
11641,173 - Smyth,34,10475,9,2022
702,173 - Smyth,36,30815,4,2023
1824,173 - Smyth,55,43239,8,2023
2818,173 - Smyth,54,43520,12,2023
3687,173 - Smyth,26,23972,2,2023
4683,173 - Smyth,31,29853,1,2023
5802,173 - Smyth,50,41803,7,2023
6672,173 - Smyth,46,38174,6,2023
7668,173 - Smyth,33,24262,3,2023
8659,173 - Smyth,28,21471,5,2023
9777,173 - Smyth,54,43773,11,2023
10770,173 - Smyth,53,40681,10,2023
11765,173 - Smyth,57,46690,9,2023
826,173 - Smyth,67,49185,4,2024
1950,173 - Smyth,96,80678,8,2024
2944,173 - Smyth,78,60707,12,2024
3812,173 - Smyth,58,50731,2,2024
4807,173 - Smyth,53,41740,1,2024
5928,173 - Smyth,88,65692,7,2024
6796,173 - Smyth,76,65683,6,2024
7792,173 - Smyth,67,48074,3,2024
8783,173 - Smyth,67,53414,5,2024
9903,173 - Smyth,77,64323,11,2024
10895,173 - Smyth,78,58913,10,2024
11891,173 - Smyth,89,64477,9,2024
952,173 - Smyth,84,67946,4,2025
3939,173 - Smyth,81,74035,2,2025
4933,173 - Smyth,89,69666,1,2025
6923,173 - Smyth,85,77171,6,2025
7918,173 - Smyth,90,64411,3,2025
8909,173 - Smyth,92,76978,5,2025
1077,175 - Southampton,13,4241,8,2017
2075,175 - Southampton,12,2822,12,2017
5058,175 - Southampton,14,3580,7,2017
9034,175 - Southampton,18,3738,11,2017
10027,175 - Southampton,16,4028,10,2017
11020,175 - Southampton,12,3831,9,2017
81,175 - Southampton,11,3467,4,2018
1202,175 - Southampton,REDACTED,3787,8,2018
2200,175 - Southampton,REDACTED,4327,12,2018
3069,175 - Southampton,11,3265,2,2018
4064,175 - Southampton,12,3296,1,2018
5183,175 - Southampton,REDACTED,3943,7,2018
6052,175 - Southampton,REDACTED,2627,6,2018
7048,175 - Southampton,12,2949,3,2018
8044,175 - Southampton,10,2403,5,2018
9158,175 - Southampton,REDACTED,4358,11,2018
10152,175 - Southampton,REDACTED,2598,10,2018
11145,175 - Southampton,REDACTED,3004,9,2018
207,175 - Southampton,16,7379,4,2019
1328,175 - Southampton,REDACTED,3642,8,2019
2324,175 - Southampton,14,6116,12,2019
3194,175 - Southampton,12,7072,2,2019
4189,175 - Southampton,11,4579,1,2019
5308,175 - Southampton,13,4877,7,2019
6178,175 - Southampton,15,7985,6,2019
7174,175 - Southampton,14,6747,3,2019
8170,175 - Southampton,15,7683,5,2019
9282,175 - Southampton,12,6434,11,2019
10276,175 - Southampton,13,3994,10,2019
11270,175 - Southampton,REDACTED,2533,9,2019
332,175 - Southampton,12,4007,4,2020
1451,175 - Southampton,12,7149,8,2020
2445,175 - Southampton,15,6887,12,2020
3319,175 - Southampton,15,6492,2,2020
4314,175 - Southampton,15,5127,1,2020
5430,175 - Southampton,16,8410,7,2020
6300,175 - Southampton,15,8979,6,2020
7299,175 - Southampton,14,5011,3,2020
8291,175 - Southampton,REDACTED,2846,5,2020
9404,175 - Southampton,14,7481,11,2020
10397,175 - Southampton,16,6416,10,2020
11392,175 - Southampton,12,5478,9,2020
453,175 - Southampton,15,6350,4,2021
1575,175 - Southampton,22,14428,8,2021
2569,175 - Southampton,24,9734,12,2021
3440,175 - Southampton,17,7826,2,2021
4435,175 - Southampton,17,8418,1,2021
5553,175 - Southampton,25,14181,7,2021
6423,175 - Southampton,19,7000,6,2021
7420,175 - Southampton,16,6157,3,2021
8410,175 - Southampton,18,7157,5,2021
9528,175 - Southampton,19,7615,11,2021
10521,175 - Southampton,24,9827,10,2021
11517,175 - Southampton,26,14836,9,2021
577,175 - Southampton,21,8298,4,2022
1700,175 - Southampton,41,22498.01,8,2022
2694,175 - Southampton,43,30333.6,12,2022
3563,175 - Southampton,24,8681,2,2022
4559,175 - Southampton,26,11513,1,2022
5677,175 - Southampton,33,17921.9,7,2022
6547,175 - Southampton,22,7626.61,6,2022
7544,175 - Southampton,22,8068,3,2022
8534,175 - Southampton,21,8106,5,2022
9653,175 - Southampton,39,25022.78,11,2022
10646,175 - Southampton,34,17032.8,10,2022
11642,175 - Southampton,42,26008.11,9,2022
703,175 - Southampton,39,29598.91,4,2023
1825,175 - Southampton,57,44862.06,8,2023
2819,175 - Southampton,43,35677.68,12,2023
3688,175 - Southampton,37,27110.94,2,2023
4684,175 - Southampton,36,23394.6,1,2023
5803,175 - Southampton,56,40187.58,7,2023
6673,175 - Southampton,42,31543.54,6,2023
7669,175 - Southampton,33,20928.24,3,2023
8660,175 - Southampton,38,24529.2,5,2023
9778,175 - Southampton,41,36027.36,11,2023
10771,175 - Southampton,42,33226.48,10,2023
11766,175 - Southampton,53,44641.87,9,2023
827,175 - Southampton,48,41841.29,4,2024
1951,175 - Southampton,49,48479.06,8,2024
2945,175 - Southampton,39,28111,12,2024
3813,175 - Southampton,43,39141.62,2,2024
4808,175 - Southampton,34,29515.74,1,2024
5929,175 - Southampton,45,33711,7,2024
6797,175 - Southampton,49,41927.96,6,2024
7793,175 - Southampton,42,34605.77,3,2024
8784,175 - Southampton,50,46311.48,5,2024
9904,175 - Southampton,41,33546,11,2024
10896,175 - Southampton,43,32818.97,10,2024
11892,175 - Southampton,47,41245.29,9,2024
953,175 - Southampton,23,16999,4,2025
3940,175 - Southampton,38,30382,2,2025
4934,175 - Southampton,30,25460,1,2025
6924,175 - Southampton,34,28033,6,2025
7919,175 - Southampton,36,21232,3,2025
8910,175 - Southampton,27,21827,5,2025
1078,177 - Spotsylvania,208,101001,8,2017
2076,177 - Spotsylvania,186,93941,12,2017
5059,177 - Spotsylvania,219,107866,7,2017
9035,177 - Spotsylvania,190,87376,11,2017
10028,177 - Spotsylvania,197,82626,10,2017
11021,177 - Spotsylvania,204,107298,9,2017
82,177 - Spotsylvania,190,93681,4,2018
1203,177 - Spotsylvania,232,177662,8,2018
2201,177 - Spotsylvania,218,142458,12,2018
3070,177 - Spotsylvania,206,102662,2,2018
4065,177 - Spotsylvania,184,85342,1,2018
5184,177 - Spotsylvania,232,172007,7,2018
6053,177 - Spotsylvania,221,113507,6,2018
7049,177 - Spotsylvania,193,92941,3,2018
8045,177 - Spotsylvania,208,101792,5,2018
9159,177 - Spotsylvania,199,144112,11,2018
10153,177 - Spotsylvania,209,123214,10,2018
11146,177 - Spotsylvania,231,151308,9,2018
208,177 - Spotsylvania,243,167393,4,2019
1329,177 - Spotsylvania,263,189162.4,8,2019
2325,177 - Spotsylvania,299,171004.8,12,2019
3195,177 - Spotsylvania,238,164765,2,2019
4190,177 - Spotsylvania,232,148740,1,2019
5309,177 - Spotsylvania,250,178736.8,7,2019
6179,177 - Spotsylvania,256,187463,6,2019
7175,177 - Spotsylvania,246,146915,3,2019
8171,177 - Spotsylvania,253,178967,5,2019
9283,177 - Spotsylvania,290,184898.6,11,2019
10277,177 - Spotsylvania,291,160783.2,10,2019
11271,177 - Spotsylvania,270,168398,9,2019
333,177 - Spotsylvania,283,161905.2,4,2020
1452,177 - Spotsylvania,285,201410,8,2020
2446,177 - Spotsylvania,244,165690.4,12,2020
3320,177 - Spotsylvania,309,201879.6,2,2020
4315,177 - Spotsylvania,301,186583.8,1,2020
5431,177 - Spotsylvania,264,225834.2,7,2020
6301,177 - Spotsylvania,261,193507.8,6,2020
7300,177 - Spotsylvania,293,164486.8,3,2020
8292,177 - Spotsylvania,222,150260.4,5,2020
9405,177 - Spotsylvania,243,168030.4,11,2020
10398,177 - Spotsylvania,289,173173.6,10,2020
11393,177 - Spotsylvania,259,185300.2,9,2020
454,177 - Spotsylvania,251,182215.6,4,2021
1576,177 - Spotsylvania,353,276351.4,8,2021
2570,177 - Spotsylvania,498,376812.6,12,2021
3441,177 - Spotsylvania,228,133241.6,2,2021
4436,177 - Spotsylvania,236,173127.4,1,2021
5554,177 - Spotsylvania,325,286306.8,7,2021
6424,177 - Spotsylvania,291,202023.6,6,2021
7421,177 - Spotsylvania,227,138436.4,3,2021
8411,177 - Spotsylvania,263,193872.8,5,2021
9529,177 - Spotsylvania,466,329199.2,11,2021
10522,177 - Spotsylvania,436,315077,10,2021
11518,177 - Spotsylvania,414,301576.6,9,2021
578,177 - Spotsylvania,568,454874.84,4,2022
1701,177 - Spotsylvania,555,443158.28,8,2022
2695,177 - Spotsylvania,657,649211.82,12,2022
3564,177 - Spotsylvania,526,366042.6,2,2022
4560,177 - Spotsylvania,517,402319.8,1,2022
5678,177 - Spotsylvania,551,437759.76,7,2022
6548,177 - Spotsylvania,571,423851.36,6,2022
7545,177 - Spotsylvania,537,370314.88,3,2022
8535,177 - Spotsylvania,542,386812.28,5,2022
9654,177 - Spotsylvania,619,590452.5,11,2022
10647,177 - Spotsylvania,620,471208.16,10,2022
11643,177 - Spotsylvania,627,481538.24,9,2022
704,177 - Spotsylvania,747,757399.5,4,2023
1826,177 - Spotsylvania,824,818189,8,2023
2820,177 - Spotsylvania,794,803907.4,12,2023
3689,177 - Spotsylvania,705,688944.82,2,2023
4685,177 - Spotsylvania,669,690669.91,1,2023
5804,177 - Spotsylvania,815,889152,7,2023
6674,177 - Spotsylvania,795,806749.5,6,2023
7670,177 - Spotsylvania,715,630799,3,2023
8661,177 - Spotsylvania,747,649449,5,2023
9779,177 - Spotsylvania,822,811028.06,11,2023
10772,177 - Spotsylvania,817,755785.51,10,2023
11767,177 - Spotsylvania,886,852444.5,9,2023
828,177 - Spotsylvania,843,783760.35,4,2024
1952,177 - Spotsylvania,922,1004349.73,8,2024
2946,177 - Spotsylvania,826,756515,12,2024
3814,177 - Spotsylvania,818,829750.35,2,2024
4809,177 - Spotsylvania,787,743734.1,1,2024
5930,177 - Spotsylvania,930,933368.23,7,2024
6798,177 - Spotsylvania,944,962607.65,6,2024
7794,177 - Spotsylvania,801,736272.7,3,2024
8785,177 - Spotsylvania,891,873525.1,5,2024
9905,177 - Spotsylvania,853,863886,11,2024
10897,177 - Spotsylvania,865,789427.21,10,2024
11893,177 - Spotsylvania,928,864875.22,9,2024
954,177 - Spotsylvania,845,773683,4,2025
3941,177 - Spotsylvania,849,845908,2,2025
4935,177 - Spotsylvania,832,816398,1,2025
6925,177 - Spotsylvania,893,843942,6,2025
7920,177 - Spotsylvania,832,719319,3,2025
8911,177 - Spotsylvania,874,830552,5,2025
1079,179 - Stafford,246,136470,8,2017
2077,179 - Stafford,218,115121,12,2017
5060,179 - Stafford,252,173980,7,2017
9036,179 - Stafford,227,118692,11,2017
10029,179 - Stafford,237,107398,10,2017
11022,179 - Stafford,223,134238,9,2017
83,179 - Stafford,243,125890,4,2018
1204,179 - Stafford,258,180044,8,2018
2202,179 - Stafford,247,162318,12,2018
3071,179 - Stafford,245,134872,2,2018
4066,179 - Stafford,224,116577,1,2018
5185,179 - Stafford,280,203260,7,2018
6054,179 - Stafford,285,161632,6,2018
7050,179 - Stafford,241,116155,3,2018
8046,179 - Stafford,271,146391,5,2018
9160,179 - Stafford,240,161936,11,2018
10154,179 - Stafford,231,133872,10,2018
11147,179 - Stafford,245,177255,9,2018
209,179 - Stafford,284,181889,4,2019
1330,179 - Stafford,308,224720.6,8,2019
2326,179 - Stafford,388,222920.24,12,2019
3196,179 - Stafford,268,184338,2,2019
4191,179 - Stafford,262,157090,1,2019
5310,179 - Stafford,319,215550.6,7,2019
6180,179 - Stafford,290,192227,6,2019
7176,179 - Stafford,282,161761,3,2019
8172,179 - Stafford,284,192577,5,2019
9284,179 - Stafford,398,253889.52,11,2019
10278,179 - Stafford,364,213823.6,10,2019
11272,179 - Stafford,349,201283.68,9,2019
334,179 - Stafford,394,242253.88,4,2020
1453,179 - Stafford,319,252645.2,8,2020
2447,179 - Stafford,258,173331.83,12,2020
3321,179 - Stafford,400,270351.36,2,2020
4316,179 - Stafford,387,248728.8,1,2020
5432,179 - Stafford,297,251331,7,2020
6302,179 - Stafford,329,263957.28,6,2020
7301,179 - Stafford,403,232916.36,3,2020
8293,179 - Stafford,314,224781.36,5,2020
9406,179 - Stafford,266,191209.66,11,2020
10399,179 - Stafford,286,185957.2,10,2020
11394,179 - Stafford,299,217745.4,9,2020
455,179 - Stafford,249,180881.88,4,2021
1577,179 - Stafford,317,279003.86,8,2021
2571,179 - Stafford,407,326849.24,12,2021
3442,179 - Stafford,232,149361.8,2,2021
4437,179 - Stafford,249,186931.24,1,2021
5555,179 - Stafford,308,290458.32,7,2021
6425,179 - Stafford,283,203408.74,6,2021
7422,179 - Stafford,222,136036.86,3,2021
8412,179 - Stafford,282,211262.07,5,2021
9530,179 - Stafford,401,302261.24,11,2021
10523,179 - Stafford,399,313118.08,10,2021
11519,179 - Stafford,396,291689.66,9,2021
579,179 - Stafford,488,429228.08,4,2022
1702,179 - Stafford,513,427321.52,8,2022
2696,179 - Stafford,591,574258.69,12,2022
3565,179 - Stafford,448,362489.11,2,2022
4561,179 - Stafford,420,342775.03,1,2022
5679,179 - Stafford,503,447126.02,7,2022
6549,179 - Stafford,504,399121.4,6,2022
7546,179 - Stafford,453,353247.95,3,2022
8536,179 - Stafford,487,374195.69,5,2022
9655,179 - Stafford,569,522426.22,11,2022
10648,179 - Stafford,579,436096.14,10,2022
11644,179 - Stafford,563,452476,9,2022
705,179 - Stafford,676,670842.74,4,2023
1827,179 - Stafford,714,710806.43,8,2023
2821,179 - Stafford,770,764673.18,12,2023
3690,179 - Stafford,628,591686.7,2,2023
4686,179 - Stafford,598,599943.42,1,2023
5805,179 - Stafford,717,805977.26,7,2023
6675,179 - Stafford,719,715604.73,6,2023
7671,179 - Stafford,657,557991.2,3,2023
8662,179 - Stafford,689,597191.04,5,2023
9780,179 - Stafford,771,721938.2,11,2023
10773,179 - Stafford,751,684780.13,10,2023
11768,179 - Stafford,751,741751.14,9,2023
829,179 - Stafford,790,725114.82,4,2024
1953,179 - Stafford,790,873828.64,8,2024
2947,179 - Stafford,732,654407,12,2024
3815,179 - Stafford,764,784107.49,2,2024
4810,179 - Stafford,771,715858.27,1,2024
5931,179 - Stafford,766,791441.1,7,2024
6799,179 - Stafford,813,835846.13,6,2024
7795,179 - Stafford,776,718112.43,3,2024
8786,179 - Stafford,782,762847.6,5,2024
9906,179 - Stafford,746,737596.43,11,2024
10898,179 - Stafford,740,665128.1,10,2024
11894,179 - Stafford,803,734833.36,9,2024
955,179 - Stafford,748,672420,4,2025
3942,179 - Stafford,719,701480,2,2025
4936,179 - Stafford,733,692143,1,2025
6926,179 - Stafford,787,745091,6,2025
7921,179 - Stafford,712,587764,3,2025
8912,179 - Stafford,789,744895,5,2025
1080,181 - Surry,15,4164,8,2017
2078,181 - Surry,15,4882,12,2017
5061,181 - Surry,REDACTED,1811,7,2017
9037,181 - Surry,16,6380,11,2017
10030,181 - Surry,17,6030,10,2017
11023,181 - Surry,16,5102,9,2017
84,181 - Surry,16,4772,4,2018
1205,181 - Surry,18,7101,8,2018
2203,181 - Surry,12,4996,12,2018
3072,181 - Surry,17,4430,2,2018
4067,181 - Surry,14,4071,1,2018
5186,181 - Surry,16,7475,7,2018
6055,181 - Surry,16,4867,6,2018
7051,181 - Surry,14,3810,3,2018
8047,181 - Surry,17,5488,5,2018
9161,181 - Surry,12,5443,11,2018
10155,181 - Surry,11,4002,10,2018
11148,181 - Surry,17,7006,9,2018
210,181 - Surry,12,4310,4,2019
1331,181 - Surry,REDACTED,2518,8,2019
2327,181 - Surry,11,3240.4,12,2019
3197,181 - Surry,12,4483,2,2019
4192,181 - Surry,12,3744,1,2019
5311,181 - Surry,REDACTED,5005,7,2019
6181,181 - Surry,14,3155,6,2019
7177,181 - Surry,11,3753,3,2019
8173,181 - Surry,14,5146,5,2019
9285,181 - Surry,10,3148,11,2019
10279,181 - Surry,REDACTED,3039,10,2019
11273,181 - Surry,10,2534,9,2019
335,181 - Surry,REDACTED,983,4,2020
2448,181 - Surry,REDACTED,1264,12,2020
3322,181 - Surry,REDACTED,2346,2,2020
4317,181 - Surry,REDACTED,2277,1,2020
6303,181 - Surry,REDACTED,2495,6,2020
7302,181 - Surry,REDACTED,2261,3,2020
9407,181 - Surry,REDACTED,434,11,2020
10400,181 - Surry,REDACTED,371,10,2020
11395,181 - Surry,REDACTED,2692,9,2020
456,181 - Surry,REDACTED,2972,4,2021
1578,181 - Surry,REDACTED,4017,8,2021
2572,181 - Surry,REDACTED,2860,12,2021
3443,181 - Surry,REDACTED,1439,2,2021
4438,181 - Surry,REDACTED,941,1,2021
5556,181 - Surry,REDACTED,3212,7,2021
6426,181 - Surry,REDACTED,2534,6,2021
7423,181 - Surry,REDACTED,1992,3,2021
8413,181 - Surry,REDACTED,2685,5,2021
9531,181 - Surry,REDACTED,2822,11,2021
10524,181 - Surry,REDACTED,4841,10,2021
11520,181 - Surry,REDACTED,3374,9,2021
580,181 - Surry,REDACTED,3069,4,2022
1703,181 - Surry,REDACTED,3071,8,2022
2697,181 - Surry,REDACTED,3607,12,2022
3566,181 - Surry,REDACTED,2730,2,2022
4562,181 - Surry,REDACTED,2990,1,2022
5680,181 - Surry,REDACTED,2026,7,2022
6550,181 - Surry,REDACTED,2264,6,2022
7547,181 - Surry,REDACTED,2405,3,2022
8537,181 - Surry,REDACTED,2519,5,2022
9656,181 - Surry,REDACTED,2563,11,2022
10649,181 - Surry,REDACTED,2648,10,2022
11645,181 - Surry,REDACTED,4664,9,2022
706,181 - Surry,REDACTED,5154,4,2023
1828,181 - Surry,REDACTED,5569,8,2023
2822,181 - Surry,10,9016,12,2023
3691,181 - Surry,REDACTED,2873,2,2023
4687,181 - Surry,REDACTED,3261,1,2023
5806,181 - Surry,10,4655,7,2023
6676,181 - Surry,REDACTED,4539,6,2023
7672,181 - Surry,REDACTED,4000,3,2023
8663,181 - Surry,REDACTED,4741,5,2023
9781,181 - Surry,REDACTED,6334,11,2023
10774,181 - Surry,REDACTED,6120,10,2023
11769,181 - Surry,REDACTED,5810,9,2023
830,181 - Surry,13,12032,4,2024
1954,181 - Surry,21,19903,8,2024
2948,181 - Surry,12,10953,12,2024
3816,181 - Surry,10,9644,2,2024
4811,181 - Surry,12,9735,1,2024
5932,181 - Surry,18,14433,7,2024
6800,181 - Surry,15,15134,6,2024
7796,181 - Surry,10,9222,3,2024
8787,181 - Surry,16,13922,5,2024
9907,181 - Surry,15,15924,11,2024
10899,181 - Surry,22,17160,10,2024
11895,181 - Surry,19,18198,9,2024
956,181 - Surry,10,9707,4,2025
3943,181 - Surry,10,11022,2,2025
4937,181 - Surry,10,10532,1,2025
6927,181 - Surry,12,10219,6,2025
7922,181 - Surry,11,10348,3,2025
8913,181 - Surry,12,10720,5,2025
1081,183 - Sussex,20,3125,8,2017
2079,183 - Sussex,10,1751,12,2017
5062,183 - Sussex,21,3205,7,2017
9038,183 - Sussex,11,1858,11,2017
10031,183 - Sussex,11,1627,10,2017
11024,183 - Sussex,12,2219,9,2017
85,183 - Sussex,10,1500,4,2018
1206,183 - Sussex,17,5251,8,2018
2204,183 - Sussex,14,4359,12,2018
3073,183 - Sussex,REDACTED,1197,2,2018
4068,183 - Sussex,REDACTED,1549,1,2018
5187,183 - Sussex,17,4455,7,2018
6056,183 - Sussex,19,4131,6,2018
7052,183 - Sussex,REDACTED,1359,3,2018
8048,183 - Sussex,11,2296,5,2018
9162,183 - Sussex,15,5873,11,2018
10156,183 - Sussex,13,4911,10,2018
11149,183 - Sussex,17,5310,9,2018
211,183 - Sussex,11,4023,4,2019
1332,183 - Sussex,REDACTED,2559,8,2019
2328,183 - Sussex,REDACTED,3058,12,2019
3198,183 - Sussex,15,6788,2,2019
4193,183 - Sussex,14,3384,1,2019
5312,183 - Sussex,REDACTED,1657.5,7,2019
6182,183 - Sussex,REDACTED,2267,6,2019
7178,183 - Sussex,12,3940,3,2019
8174,183 - Sussex,REDACTED,2933,5,2019
9286,183 - Sussex,REDACTED,3533.7,11,2019
10280,183 - Sussex,REDACTED,2423,10,2019
11274,183 - Sussex,10,2853,9,2019
336,183 - Sussex,REDACTED,2252,4,2020
1454,183 - Sussex,10,4139,8,2020
2449,183 - Sussex,11,4008,12,2020
3323,183 - Sussex,11,2905.9,2,2020
4318,183 - Sussex,10,2678.2,1,2020
5433,183 - Sussex,10,3492,7,2020
6304,183 - Sussex,REDACTED,2232,6,2020
7303,183 - Sussex,11,1941.9,3,2020
8294,183 - Sussex,REDACTED,2723,5,2020
9408,183 - Sussex,11,4602,11,2020
10401,183 - Sussex,11,4491,10,2020
11396,183 - Sussex,11,3847,9,2020
457,183 - Sussex,11,4516,4,2021
1579,183 - Sussex,16,7683,8,2021
2573,183 - Sussex,19,11290,12,2021
3444,183 - Sussex,13,4633,2,2021
4439,183 - Sussex,14,4984,1,2021
5557,183 - Sussex,10,5011,7,2021
6427,183 - Sussex,11,4583,6,2021
7424,183 - Sussex,12,4251,3,2021
8414,183 - Sussex,11,4180,5,2021
9532,183 - Sussex,20,9307,11,2021
10525,183 - Sussex,14,7920,10,2021
11521,183 - Sussex,16,9024,9,2021
581,183 - Sussex,20,11341,4,2022
1704,183 - Sussex,27,13662,8,2022
2698,183 - Sussex,29,28789,12,2022
3567,183 - Sussex,19,10374,2,2022
4563,183 - Sussex,20,11407,1,2022
5681,183 - Sussex,26,13744,7,2022
6551,183 - Sussex,27,12376,6,2022
7548,183 - Sussex,22,10739,3,2022
8538,183 - Sussex,24,11532,5,2022
9657,183 - Sussex,27,25830,11,2022
10650,183 - Sussex,28,17623,10,2022
11646,183 - Sussex,28,13684,9,2022
707,183 - Sussex,37,37500,4,2023
1829,183 - Sussex,47,40764,8,2023
2823,183 - Sussex,56,42012,12,2023
3692,183 - Sussex,36,36243,2,2023
4688,183 - Sussex,31,29841,1,2023
5807,183 - Sussex,44,36110,7,2023
6677,183 - Sussex,39,36513,6,2023
7673,183 - Sussex,38,31745,3,2023
8664,183 - Sussex,37,30109,5,2023
9782,183 - Sussex,57,43546,11,2023
10775,183 - Sussex,52,40684,10,2023
11770,183 - Sussex,47,42873,9,2023
831,183 - Sussex,51,41501,4,2024
1955,183 - Sussex,64,60155,8,2024
2949,183 - Sussex,58,49417,12,2024
3817,183 - Sussex,61,52212,2,2024
4812,183 - Sussex,56,44387,1,2024
5933,183 - Sussex,57,45590,7,2024
6801,183 - Sussex,56,47776,6,2024
7797,183 - Sussex,51,41429,3,2024
8788,183 - Sussex,52,43996,5,2024
9908,183 - Sussex,63,57352,11,2024
10900,183 - Sussex,60,50338,10,2024
11896,183 - Sussex,68,58293,9,2024
957,183 - Sussex,70,59430,4,2025
3944,183 - Sussex,63,58980,2,2025
4938,183 - Sussex,60,53775,1,2025
6928,183 - Sussex,71,60741,6,2025
7923,183 - Sussex,65,52643,3,2025
8914,183 - Sussex,70,61794,5,2025
1082,185 - Tazewell,80,22030,8,2017
2080,185 - Tazewell,57,15007,12,2017
5063,185 - Tazewell,83,23601,7,2017
9039,185 - Tazewell,61,16733,11,2017
10032,185 - Tazewell,67,16273,10,2017
11025,185 - Tazewell,82,20640,9,2017
86,185 - Tazewell,57,13195,4,2018
1207,185 - Tazewell,55,16194,8,2018
2205,185 - Tazewell,48,12835,12,2018
3074,185 - Tazewell,67,17413,2,2018
4069,185 - Tazewell,60,13793,1,2018
5188,185 - Tazewell,59,14783,7,2018
6057,185 - Tazewell,56,13159,6,2018
7053,185 - Tazewell,58,12668,3,2018
8049,185 - Tazewell,51,12123,5,2018
9163,185 - Tazewell,48,14542,11,2018
10157,185 - Tazewell,44,11366,10,2018
11150,185 - Tazewell,54,16320,9,2018
212,185 - Tazewell,41,9473,4,2019
1333,185 - Tazewell,49,15106,8,2019
2329,185 - Tazewell,51,12145.8,12,2019
3199,185 - Tazewell,42,12603,2,2019
4194,185 - Tazewell,46,10835,1,2019
5313,185 - Tazewell,44,12164.8,7,2019
6183,185 - Tazewell,50,13454,6,2019
7179,185 - Tazewell,40,9319,3,2019
8175,185 - Tazewell,39,10733,5,2019
9287,185 - Tazewell,53,12311.6,11,2019
10281,185 - Tazewell,56,11944,10,2019
11275,185 - Tazewell,53,12391,9,2019
337,185 - Tazewell,53,13147,4,2020
1455,185 - Tazewell,51,14189,8,2020
2450,185 - Tazewell,41,9196,12,2020
3324,185 - Tazewell,54,13006.6,2,2020
4319,185 - Tazewell,55,11829.4,1,2020
5434,185 - Tazewell,50,18875,7,2020
6305,185 - Tazewell,41,14493,6,2020
7304,185 - Tazewell,55,11461.8,3,2020
8295,185 - Tazewell,40,13581,5,2020
9409,185 - Tazewell,41,10815.4,11,2020
10402,185 - Tazewell,42,11352.4,10,2020
11397,185 - Tazewell,46,11832.2,9,2020
458,185 - Tazewell,41,10942,4,2021
1580,185 - Tazewell,54,18372,8,2021
2574,185 - Tazewell,81,26784.6,12,2021
3445,185 - Tazewell,41,9351,2,2021
4440,185 - Tazewell,40,10599,1,2021
5558,185 - Tazewell,54,19278,7,2021
6428,185 - Tazewell,49,11179,6,2021
7425,185 - Tazewell,41,9315,3,2021
8415,185 - Tazewell,45,11630,5,2021
9533,185 - Tazewell,76,27498.4,11,2021
10526,185 - Tazewell,62,17860.8,10,2021
11522,185 - Tazewell,60,20503.4,9,2021
582,185 - Tazewell,99,33923.6,4,2022
1705,185 - Tazewell,109,36569,8,2022
2699,185 - Tazewell,83,44530,12,2022
3568,185 - Tazewell,88,28465.2,2,2022
4564,185 - Tazewell,89,32161,1,2022
5682,185 - Tazewell,95,33860,7,2022
6552,185 - Tazewell,98,30460.2,6,2022
7549,185 - Tazewell,93,25130,3,2022
8539,185 - Tazewell,102,32570.8,5,2022
9658,185 - Tazewell,77,40551,11,2022
10651,185 - Tazewell,102,28234,10,2022
11647,185 - Tazewell,103,32716.4,9,2022
708,185 - Tazewell,107,57204,4,2023
1830,185 - Tazewell,124,78463,8,2023
2824,185 - Tazewell,129,74298,12,2023
3693,185 - Tazewell,100,55034,2,2023
4689,185 - Tazewell,100,58523,1,2023
5808,185 - Tazewell,107,68654,7,2023
6678,185 - Tazewell,110,60863,6,2023
7674,185 - Tazewell,105,49208,3,2023
8665,185 - Tazewell,118,59670,5,2023
9783,185 - Tazewell,124,69682,11,2023
10776,185 - Tazewell,125,71452,10,2023
11771,185 - Tazewell,103,61957,9,2023
832,185 - Tazewell,131,66102,4,2024
1956,185 - Tazewell,158,109572,8,2024
2950,185 - Tazewell,129,70009,12,2024
3818,185 - Tazewell,136,80796,2,2024
4813,185 - Tazewell,134,76039,1,2024
5934,185 - Tazewell,155,90439,7,2024
6802,185 - Tazewell,145,82016,6,2024
7798,185 - Tazewell,125,65525,3,2024
8789,185 - Tazewell,135,77509,5,2024
9909,185 - Tazewell,132,75981,11,2024
10901,185 - Tazewell,135,70587,10,2024
11897,185 - Tazewell,156,86016,9,2024
958,185 - Tazewell,132,69298,4,2025
3945,185 - Tazewell,142,84395,2,2025
4939,185 - Tazewell,134,78816,1,2025
6929,185 - Tazewell,134,78053,6,2025
7924,185 - Tazewell,141,69075,3,2025
8915,185 - Tazewell,129,72844,5,2025
1083,187 - Warren,145,54193,8,2017
2081,187 - Warren,132,45254,12,2017
5064,187 - Warren,153,66737,7,2017
9040,187 - Warren,115,38998,11,2017
10033,187 - Warren,130,38395,10,2017
11026,187 - Warren,129,47694,9,2017
87,187 - Warren,138,49877,4,2018
1208,187 - Warren,121,58738,8,2018
2206,187 - Warren,124,51572,12,2018
3075,187 - Warren,133,51654,2,2018
4070,187 - Warren,126,42490,1,2018
5189,187 - Warren,118,52944,7,2018
6058,187 - Warren,117,45722,6,2018
7054,187 - Warren,125,42999,3,2018
8050,187 - Warren,127,43955,5,2018
9164,187 - Warren,123,56817,11,2018
10158,187 - Warren,125,45821,10,2018
11151,187 - Warren,124,58675,9,2018
213,187 - Warren,122,45653,4,2019
1334,187 - Warren,150,70808,8,2019
2330,187 - Warren,139,53975,12,2019
3200,187 - Warren,128,56776,2,2019
4195,187 - Warren,129,58698,1,2019
5314,187 - Warren,146,59545,7,2019
6184,187 - Warren,139,61412,6,2019
7180,187 - Warren,120,46530,3,2019
8176,187 - Warren,130,50066,5,2019
9288,187 - Warren,141,58797,11,2019
10282,187 - Warren,145,54605,10,2019
11276,187 - Warren,157,61475,9,2019
338,187 - Warren,127,43756,4,2020
1456,187 - Warren,105,51343.6,8,2020
2451,187 - Warren,49,22965,12,2020
3325,187 - Warren,131,55257,2,2020
4320,187 - Warren,136,53664,1,2020
5435,187 - Warren,108,60167,7,2020
6306,187 - Warren,109,60181,6,2020
7305,187 - Warren,127,43988,3,2020
8296,187 - Warren,97,50079,5,2020
9410,187 - Warren,57,24301,11,2020
10403,187 - Warren,92,32415,10,2020
11398,187 - Warren,87,40101,9,2020
459,187 - Warren,42,21594,4,2021
1581,187 - Warren,69,39538.4,8,2021
2575,187 - Warren,69,39251,12,2021
3446,187 - Warren,41,17889,2,2021
4441,187 - Warren,41,18677,1,2021
5559,187 - Warren,67,34947,7,2021
6429,187 - Warren,55,26017,6,2021
7426,187 - Warren,41,17003,3,2021
8416,187 - Warren,47,20598,5,2021
9534,187 - Warren,71,37435,11,2021
10527,187 - Warren,73,39077,10,2021
11523,187 - Warren,86,42129.4,9,2021
583,187 - Warren,97,54410,4,2022
1706,187 - Warren,122,72965,8,2022
2700,187 - Warren,141,115197,12,2022
3569,187 - Warren,74,40077,2,2022
4565,187 - Warren,74,43738,1,2022
5683,187 - Warren,112,66712,7,2022
6553,187 - Warren,101,52797,6,2022
7550,187 - Warren,82,42797,3,2022
8540,187 - Warren,97,51835,5,2022
9659,187 - Warren,138,108975,11,2022
10652,187 - Warren,134,77032.2,10,2022
11648,187 - Warren,130,72628.6,9,2022
709,187 - Warren,156,119449,4,2023
1831,187 - Warren,155,130049,8,2023
2825,187 - Warren,156,121515,12,2023
3694,187 - Warren,152,117611,2,2023
4690,187 - Warren,139,116340,1,2023
5809,187 - Warren,150,129777,7,2023
6679,187 - Warren,155,98329,6,2023
7675,187 - Warren,151,104998,3,2023
8666,187 - Warren,147,102330,5,2023
9784,187 - Warren,155,119923,11,2023
10777,187 - Warren,145,104297,10,2023
11772,187 - Warren,144,114230,9,2023
833,187 - Warren,155,115826,4,2024
1957,187 - Warren,162,147733,8,2024
2951,187 - Warren,155,116417,12,2024
3819,187 - Warren,153,127634,2,2024
4814,187 - Warren,153,115836,1,2024
5935,187 - Warren,168,138400,7,2024
6803,187 - Warren,151,135393,6,2024
7799,187 - Warren,152,116860,3,2024
8790,187 - Warren,157,127300,5,2024
9910,187 - Warren,155,122670,11,2024
10902,187 - Warren,157,116537,10,2024
11898,187 - Warren,167,124383,9,2024
959,187 - Warren,153,110434,4,2025
3946,187 - Warren,144,119270,2,2025
4940,187 - Warren,151,120978,1,2025
6930,187 - Warren,158,117008,6,2025
7925,187 - Warren,151,102002,3,2025
8916,187 - Warren,156,115196,5,2025
1084,191 - Washington,50,11516,8,2017
2082,191 - Washington,51,11149,12,2017
5065,191 - Washington,55,14473,7,2017
9041,191 - Washington,50,11439,11,2017
10034,191 - Washington,56,10750,10,2017
11027,191 - Washington,53,11644,9,2017
88,191 - Washington,45,9524,4,2018
1209,191 - Washington,33,11096,8,2018
2207,191 - Washington,29,7537,12,2018
3076,191 - Washington,48,11506,2,2018
4071,191 - Washington,46,8852,1,2018
5190,191 - Washington,33,10558,7,2018
6059,191 - Washington,40,8857,6,2018
7055,191 - Washington,46,8487,3,2018
8051,191 - Washington,40,9297,5,2018
9165,191 - Washington,30,10494,11,2018
10159,191 - Washington,33,9880,10,2018
11152,191 - Washington,37,10943,9,2018
214,191 - Washington,32,7935,4,2019
1335,191 - Washington,29,11416.2,8,2019
2331,191 - Washington,28,8335.4,12,2019
3201,191 - Washington,33,8551,2,2019
4196,191 - Washington,29,7451,1,2019
5315,191 - Washington,29,11947.4,7,2019
6185,191 - Washington,36,10783,6,2019
7181,191 - Washington,31,7005,3,2019
8177,191 - Washington,35,9373,5,2019
9289,191 - Washington,31,9778.6,11,2019
10283,191 - Washington,32,9813.6,10,2019
11277,191 - Washington,35,10312.6,9,2019
339,191 - Washington,32,6490.6,4,2020
1457,191 - Washington,33,17476.4,8,2020
2452,191 - Washington,32,10472,12,2020
3326,191 - Washington,31,9747,2,2020
4321,191 - Washington,31,8347,1,2020
5436,191 - Washington,26,11058.8,7,2020
6307,191 - Washington,18,10071.2,6,2020
7306,191 - Washington,34,9213.4,3,2020
8297,191 - Washington,REDACTED,1120,5,2020
9411,191 - Washington,29,10953.2,11,2020
10404,191 - Washington,33,11641.6,10,2020
11399,191 - Washington,34,11681.4,9,2020
460,191 - Washington,31,9391.6,4,2021
1582,191 - Washington,44,19747,8,2021
2576,191 - Washington,50,23268,12,2021
3447,191 - Washington,32,10183.4,2,2021
4442,191 - Washington,34,10616.8,1,2021
5560,191 - Washington,45,22093.8,7,2021
6430,191 - Washington,38,13912.4,6,2021
7427,191 - Washington,31,9234,3,2021
8417,191 - Washington,35,11534,5,2021
9535,191 - Washington,49,19602.8,11,2021
10528,191 - Washington,46,22282.4,10,2021
11524,191 - Washington,49,18369.8,9,2021
584,191 - Washington,56,24443.2,4,2022
1707,191 - Washington,71,34958.4,8,2022
2701,191 - Washington,71,57625,12,2022
3570,191 - Washington,48,19207.8,2,2022
4566,191 - Washington,53,22666.6,1,2022
5684,191 - Washington,75,40568.8,7,2022
6554,191 - Washington,65,27946.8,6,2022
7551,191 - Washington,49,19897.8,3,2022
8541,191 - Washington,58,24072.4,5,2022
9660,191 - Washington,61,43024,11,2022
10653,191 - Washington,58,24201.8,10,2022
11649,191 - Washington,67,29387.8,9,2022
710,191 - Washington,75,59581,4,2023
1832,191 - Washington,78,59369,8,2023
2826,191 - Washington,68,53180,12,2023
3695,191 - Washington,77,58158,2,2023
4691,191 - Washington,76,61321,1,2023
5810,191 - Washington,75,67710,7,2023
6680,191 - Washington,77,59830,6,2023
7676,191 - Washington,79,51903,3,2023
8667,191 - Washington,69,46851,5,2023
9785,191 - Washington,68,56481,11,2023
10778,191 - Washington,58,44107,10,2023
11773,191 - Washington,82,56515,9,2023
834,191 - Washington,75,51646,4,2024
1958,191 - Washington,94,79535,8,2024
2952,191 - Washington,81,60078,12,2024
3820,191 - Washington,74,58651,2,2024
4815,191 - Washington,76,53758,1,2024
5936,191 - Washington,97,68421,7,2024
6804,191 - Washington,85,66175,6,2024
7800,191 - Washington,78,52898,3,2024
8791,191 - Washington,78,56587,5,2024
9911,191 - Washington,82,60293,11,2024
10903,191 - Washington,77,52320,10,2024
11899,191 - Washington,91,59463,9,2024
960,191 - Washington,96,69818,4,2025
3947,191 - Washington,93,72763,2,2025
4941,191 - Washington,90,65819,1,2025
6931,191 - Washington,108,92131,6,2025
7926,191 - Washington,96,61605,3,2025
8917,191 - Washington,100,76456,5,2025
1085,193 - Westmoreland,34,13523,8,2017
2083,193 - Westmoreland,24,7957,12,2017
5066,193 - Westmoreland,34,11978,7,2017
9042,193 - Westmoreland,29,8944,11,2017
10035,193 - Westmoreland,29,7181,10,2017
11028,193 - Westmoreland,37,14000,9,2017
89,193 - Westmoreland,28,11895,4,2018
1210,193 - Westmoreland,35,17249,8,2018
2208,193 - Westmoreland,33,17142,12,2018
3077,193 - Westmoreland,31,11167,2,2018
4072,193 - Westmoreland,24,7916,1,2018
5191,193 - Westmoreland,39,16961,7,2018
6060,193 - Westmoreland,38,15577,6,2018
7056,193 - Westmoreland,31,10728,3,2018
8052,193 - Westmoreland,34,11406,5,2018
9166,193 - Westmoreland,36,17675,11,2018
10160,193 - Westmoreland,30,12494,10,2018
11153,193 - Westmoreland,35,19240,9,2018
215,193 - Westmoreland,38,16927,4,2019
1336,193 - Westmoreland,54,35364,8,2019
2332,193 - Westmoreland,42,16868,12,2019
3202,193 - Westmoreland,41,23171,2,2019
4197,193 - Westmoreland,32,15276,1,2019
5316,193 - Westmoreland,42,19767,7,2019
6186,193 - Westmoreland,45,29944,6,2019
7182,193 - Westmoreland,30,15356,3,2019
8178,193 - Westmoreland,43,19537,5,2019
9290,193 - Westmoreland,46,21412,11,2019
10284,193 - Westmoreland,49,25095,10,2019
11278,193 - Westmoreland,53,27661,9,2019
340,193 - Westmoreland,43,19371,4,2020
1458,193 - Westmoreland,51,28001,8,2020
2453,193 - Westmoreland,41,27490,12,2020
3327,193 - Westmoreland,44,22290,2,2020
4322,193 - Westmoreland,44,22291,1,2020
5437,193 - Westmoreland,48,30695,7,2020
6308,193 - Westmoreland,44,23095,6,2020
7307,193 - Westmoreland,46,17606,3,2020
8298,193 - Westmoreland,42,21333,5,2020
9412,193 - Westmoreland,42,20973,11,2020
10405,193 - Westmoreland,56,24486,10,2020
11400,193 - Westmoreland,52,24736,9,2020
461,193 - Westmoreland,44,25846,4,2021
1583,193 - Westmoreland,50,31768,8,2021
2577,193 - Westmoreland,60,34712.6,12,2021
3448,193 - Westmoreland,43,16320,2,2021
4443,193 - Westmoreland,33,19400,1,2021
5561,193 - Westmoreland,52,30665,7,2021
6431,193 - Westmoreland,47,23820,6,2021
7428,193 - Westmoreland,44,20692,3,2021
8418,193 - Westmoreland,45,24714,5,2021
9536,193 - Westmoreland,56,30208.4,11,2021
10529,193 - Westmoreland,54,29679,10,2021
11525,193 - Westmoreland,55,32226.2,9,2021
585,193 - Westmoreland,68,37637.8,4,2022
1708,193 - Westmoreland,72,38997,8,2022
2702,193 - Westmoreland,80,72555,12,2022
3571,193 - Westmoreland,66,35169,2,2022
4567,193 - Westmoreland,60,37352.2,1,2022
5685,193 - Westmoreland,71,41969.2,7,2022
6555,193 - Westmoreland,65,35305.8,6,2022
7552,193 - Westmoreland,66,33152.4,3,2022
8542,193 - Westmoreland,63,33894,5,2022
9661,193 - Westmoreland,89,70416,11,2022
10654,193 - Westmoreland,81,44660.6,10,2022
11650,193 - Westmoreland,72,40007.8,9,2022
711,193 - Westmoreland,115,113447,4,2023
1833,193 - Westmoreland,124,103015,8,2023
2827,193 - Westmoreland,109,96946,12,2023
3696,193 - Westmoreland,98,85035,2,2023
4692,193 - Westmoreland,93,78601,1,2023
5811,193 - Westmoreland,130,109044,7,2023
6681,193 - Westmoreland,130,107293,6,2023
7677,193 - Westmoreland,103,78538,3,2023
8668,193 - Westmoreland,115,88706,5,2023
9786,193 - Westmoreland,114,98409,11,2023
10779,193 - Westmoreland,109,93167,10,2023
11774,193 - Westmoreland,125,106701,9,2023
835,193 - Westmoreland,107,90790,4,2024
1959,193 - Westmoreland,109,110769.63,8,2024
2953,193 - Westmoreland,83,70211,12,2024
3821,193 - Westmoreland,123,105224,2,2024
4816,193 - Westmoreland,114,91687,1,2024
5937,193 - Westmoreland,105,93000,7,2024
6805,193 - Westmoreland,108,101441,6,2024
7801,193 - Westmoreland,124,97410,3,2024
8792,193 - Westmoreland,108,94023,5,2024
9912,193 - Westmoreland,93,79058,11,2024
10904,193 - Westmoreland,98,81349.01,10,2024
11900,193 - Westmoreland,108,88744.82,9,2024
961,193 - Westmoreland,76,63326,4,2025
3948,193 - Westmoreland,87,77096,2,2025
4942,193 - Westmoreland,83,71876,1,2025
6932,193 - Westmoreland,79,65907,6,2025
7927,193 - Westmoreland,81,60987,3,2025
8918,193 - Westmoreland,77,64271,5,2025
1086,195 - Wise,40,11201,8,2017
2084,195 - Wise,36,9851,12,2017
5067,195 - Wise,39,13459,7,2017
9043,195 - Wise,37,9217,11,2017
10036,195 - Wise,38,7689,10,2017
11029,195 - Wise,46,11757,9,2017
90,195 - Wise,33,8269,4,2018
1211,195 - Wise,34,12523,8,2018
2209,195 - Wise,36,10301,12,2018
3078,195 - Wise,37,12002,2,2018
4073,195 - Wise,38,10079,1,2018
5192,195 - Wise,34,13476,7,2018
6061,195 - Wise,34,8514,6,2018
7057,195 - Wise,38,8865,3,2018
8053,195 - Wise,34,8125,5,2018
9167,195 - Wise,37,10963,11,2018
10161,195 - Wise,35,9478,10,2018
11154,195 - Wise,40,12245,9,2018
216,195 - Wise,28,9602,4,2019
1337,195 - Wise,26,9301,8,2019
2333,195 - Wise,37,10846,12,2019
3203,195 - Wise,32,10687,2,2019
4198,195 - Wise,32,7591,1,2019
5317,195 - Wise,30,11238,7,2019
6187,195 - Wise,33,9805,6,2019
7183,195 - Wise,32,10196,3,2019
8179,195 - Wise,32,9974,5,2019
9291,195 - Wise,37,12234,11,2019
10285,195 - Wise,34,9532,10,2019
11279,195 - Wise,30,8454,9,2019
341,195 - Wise,30,7975,4,2020
1459,195 - Wise,22,9717,8,2020
2454,195 - Wise,14,4742,12,2020
3328,195 - Wise,32,10921,2,2020
4323,195 - Wise,34,10960,1,2020
5438,195 - Wise,22,9288,7,2020
6309,195 - Wise,23,9721,6,2020
7308,195 - Wise,31,9550,3,2020
8299,195 - Wise,22,8540,5,2020
9413,195 - Wise,13,4018,11,2020
10406,195 - Wise,17,6724,10,2020
11401,195 - Wise,20,6641,9,2020
462,195 - Wise,14,5236,4,2021
1584,195 - Wise,12,5847,8,2021
2578,195 - Wise,18,6595,12,2021
3449,195 - Wise,12,5066,2,2021
4444,195 - Wise,14,5746,1,2021
5562,195 - Wise,11,5522,7,2021
6432,195 - Wise,10,4316,6,2021
7429,195 - Wise,14,3759,3,2021
8419,195 - Wise,14,4642,5,2021
9537,195 - Wise,18,5904,11,2021
10530,195 - Wise,15,5292,10,2021
11526,195 - Wise,14,5253,9,2021
586,195 - Wise,21,7646,4,2022
1709,195 - Wise,20,8753,8,2022
2703,195 - Wise,20,16452,12,2022
3572,195 - Wise,24,8614,2,2022
4568,195 - Wise,18,7171,1,2022
5686,195 - Wise,21,9551,7,2022
6556,195 - Wise,23,8825,6,2022
7553,195 - Wise,16,6480,3,2022
8543,195 - Wise,21,8052,5,2022
9662,195 - Wise,19,13586,11,2022
10655,195 - Wise,15,6376,10,2022
11651,195 - Wise,23,6790,9,2022
712,195 - Wise,16,10334,4,2023
1834,195 - Wise,15,11854,8,2023
2828,195 - Wise,REDACTED,7917,12,2023
3697,195 - Wise,19,12064,2,2023
4693,195 - Wise,16,13297,1,2023
5812,195 - Wise,18,12398,7,2023
6682,195 - Wise,14,11017,6,2023
7678,195 - Wise,15,9184,3,2023
8669,195 - Wise,16,8745,5,2023
9787,195 - Wise,REDACTED,7820,11,2023
10780,195 - Wise,REDACTED,7595,10,2023
11775,195 - Wise,12,8646,9,2023
836,195 - Wise,11,8753,4,2024
1960,195 - Wise,13,12486,8,2024
2954,195 - Wise,11,8163,12,2024
3822,195 - Wise,REDACTED,8798,2,2024
4817,195 - Wise,REDACTED,8118,1,2024
5938,195 - Wise,16,11608,7,2024
6806,195 - Wise,15,13938,6,2024
7802,195 - Wise,10,11526,3,2024
8793,195 - Wise,15,10701,5,2024
9913,195 - Wise,11,8009,11,2024
10905,195 - Wise,11,8430,10,2024
11901,195 - Wise,12,9176,9,2024
962,195 - Wise,14,10539,4,2025
3949,195 - Wise,REDACTED,7993,2,2025
4943,195 - Wise,11,7582,1,2025
6933,195 - Wise,16,11748,6,2025
7928,195 - Wise,13,8407,3,2025
8919,195 - Wise,15,11836,5,2025
1087,197 - Wythe,61,15081,8,2017
2085,197 - Wythe,64,16462,12,2017
5068,197 - Wythe,70,23171,7,2017
9044,197 - Wythe,73,17591,11,2017
10037,197 - Wythe,58,11181,10,2017
11030,197 - Wythe,67,14170,9,2017
91,197 - Wythe,59,16380,4,2018
1212,197 - Wythe,65,21301,8,2018
2210,197 - Wythe,62,21358,12,2018
3079,197 - Wythe,68,22057,2,2018
4074,197 - Wythe,60,15135,1,2018
5193,197 - Wythe,72,26464,7,2018
6062,197 - Wythe,62,19536,6,2018
7058,197 - Wythe,61,17154,3,2018
8054,197 - Wythe,61,18362,5,2018
9168,197 - Wythe,69,23323,11,2018
10162,197 - Wythe,60,17897,10,2018
11155,197 - Wythe,74,22775,9,2018
217,197 - Wythe,66,21592,4,2019
1338,197 - Wythe,75,25643.8,8,2019
2334,197 - Wythe,67,17935,12,2019
3204,197 - Wythe,71,24947,2,2019
4199,197 - Wythe,71,19120,1,2019
5318,197 - Wythe,72,22432,7,2019
6188,197 - Wythe,66,23763,6,2019
7184,197 - Wythe,69,20945,3,2019
8180,197 - Wythe,65,22742,5,2019
9292,197 - Wythe,70,21396.8,11,2019
10286,197 - Wythe,68,20201.4,10,2019
11280,197 - Wythe,77,21868.2,9,2019
342,197 - Wythe,62,12324,4,2020
1460,197 - Wythe,51,29183.2,8,2020
2455,197 - Wythe,45,13862,12,2020
3329,197 - Wythe,70,26816.4,2,2020
4324,197 - Wythe,40,12851.6,1,2020
5439,197 - Wythe,59,25160.2,7,2020
6310,197 - Wythe,38,10030.6,6,2020
7309,197 - Wythe,65,18568.6,3,2020
8300,197 - Wythe,39,11203.8,5,2020
9414,197 - Wythe,53,21172.2,11,2020
10407,197 - Wythe,51,14675,10,2020
11402,197 - Wythe,53,16709.4,9,2020
463,197 - Wythe,38,13496.2,4,2021
1585,197 - Wythe,46,19755.6,8,2021
2579,197 - Wythe,33,13225.99,12,2021
3450,197 - Wythe,40,12460.8,2,2021
4445,197 - Wythe,46,15812.2,1,2021
5563,197 - Wythe,46,21207,7,2021
6433,197 - Wythe,44,14756.6,6,2021
7430,197 - Wythe,36,10721.6,3,2021
8420,197 - Wythe,39,13497.2,5,2021
9538,197 - Wythe,33,13171.21,11,2021
10531,197 - Wythe,34,13061.6,10,2021
11527,197 - Wythe,46,16375.2,9,2021
587,197 - Wythe,35,13528.63,4,2022
1710,197 - Wythe,39,15363.35,8,2022
2704,197 - Wythe,67,52106.43,12,2022
3573,197 - Wythe,32,11713.49,2,2022
4569,197 - Wythe,28,12546.46,1,2022
5687,197 - Wythe,40,17941.7,7,2022
6557,197 - Wythe,36,13585.5,6,2022
7554,197 - Wythe,32,11126.2,3,2022
8544,197 - Wythe,33,12297.35,5,2022
9663,197 - Wythe,63,39950.23,11,2022
10656,197 - Wythe,51,17239.1,10,2022
11652,197 - Wythe,46,16803.05,9,2022
713,197 - Wythe,70,49449.71,4,2023
1835,197 - Wythe,81,59065.86,8,2023
2829,197 - Wythe,106,83256.52,12,2023
3698,197 - Wythe,76,59693.2,2,2023
4694,197 - Wythe,62,49129.79,1,2023
5813,197 - Wythe,74,56369.52,7,2023
6683,197 - Wythe,80,54595.18,6,2023
7679,197 - Wythe,70,43425.34,3,2023
8670,197 - Wythe,77,49921.2,5,2023
9788,197 - Wythe,104,73947.52,11,2023
10781,197 - Wythe,95,71425.86,10,2023
11776,197 - Wythe,88,61732.18,9,2023
837,197 - Wythe,133,92872.72,4,2024
1961,197 - Wythe,128,109379.36,8,2024
2955,197 - Wythe,108,75188,12,2024
3823,197 - Wythe,118,88518.36,2,2024
4818,197 - Wythe,112,81246.72,1,2024
5939,197 - Wythe,132,97236.4,7,2024
6807,197 - Wythe,122,101421.36,6,2024
7803,197 - Wythe,126,86255.72,3,2024
8794,197 - Wythe,123,91460.04,5,2024
9914,197 - Wythe,104,81429,11,2024
10906,197 - Wythe,112,75503,10,2024
11902,197 - Wythe,136,91187.88,9,2024
963,197 - Wythe,119,82335,4,2025
3950,197 - Wythe,118,83791,2,2025
4944,197 - Wythe,104,76869,1,2025
6934,197 - Wythe,128,91393,6,2025
7929,197 - Wythe,123,76400,3,2025
8920,197 - Wythe,120,83470,5,2025
1088,199 - York,102,45766,8,2017
2086,199 - York,100,38927,12,2017
5069,199 - York,110,51987,7,2017
9045,199 - York,99,46370,11,2017
10038,199 - York,103,32927,10,2017
11031,199 - York,95,48012,9,2017
92,199 - York,90,38072,4,2018
1213,199 - York,95,55549,8,2018
2211,199 - York,71,37558,12,2018
3080,199 - York,96,34735,2,2018
4075,199 - York,95,37168,1,2018
5194,199 - York,91,48959,7,2018
6063,199 - York,89,40380,6,2018
7059,199 - York,93,34888,3,2018
8055,199 - York,93,35432,5,2018
9169,199 - York,69,39027,11,2018
10163,199 - York,67,28756,10,2018
11156,199 - York,82,49788,9,2018
218,199 - York,74,41151,4,2019
1339,199 - York,78,43339.2,8,2019
2335,199 - York,88,36266.6,12,2019
3205,199 - York,65,40726,2,2019
4200,199 - York,72,36679,1,2019
5319,199 - York,80,37350.4,7,2019
6189,199 - York,68,42635,6,2019
7185,199 - York,78,37635,3,2019
8181,199 - York,71,38449,5,2019
9293,199 - York,92,46013.6,11,2019
10287,199 - York,88,42000.8,10,2019
11281,199 - York,76,45771.4,9,2019
343,199 - York,91,26356.1,4,2020
1461,199 - York,79,63404,8,2020
2456,199 - York,58,29462.8,12,2020
3330,199 - York,83,43191.7,2,2020
4325,199 - York,86,40987.7,1,2020
5440,199 - York,70,50744.2,7,2020
6311,199 - York,69,41339.6,6,2020
7310,199 - York,92,39765,3,2020
8301,199 - York,42,18868.2,5,2020
9415,199 - York,56,29199,11,2020
10408,199 - York,59,27670.6,10,2020
11403,199 - York,53,31653.8,9,2020
464,199 - York,49,24790.8,4,2021
1586,199 - York,60,40993.8,8,2021
2580,199 - York,64,46165,12,2021
3451,199 - York,54,25067.2,2,2021
4446,199 - York,57,30748.2,1,2021
5564,199 - York,61,38785.6,7,2021
6434,199 - York,57,30958.2,6,2021
7431,199 - York,54,21063,3,2021
8421,199 - York,55,27854,5,2021
9539,199 - York,74,48155,11,2021
10532,199 - York,61,40026,10,2021
11528,199 - York,66,40912.4,9,2021
588,199 - York,78,51198.2,4,2022
1711,199 - York,74,51033,8,2022
2705,199 - York,102,84110,12,2022
3574,199 - York,69,45128.6,2,2022
4570,199 - York,65,45181,1,2022
5688,199 - York,77,51622.8,7,2022
6558,199 - York,72,47986.2,6,2022
7555,199 - York,75,47126.8,3,2022
8545,199 - York,75,46751.2,5,2022
9664,199 - York,101,72397,11,2022
10657,199 - York,94,60376.6,10,2022
11653,199 - York,96,66429.6,9,2022
714,199 - York,125,94692.28,4,2023
1836,199 - York,137,101416.5,8,2023
2830,199 - York,123,103706.5,12,2023
3699,199 - York,124,92568.3,2,2023
4695,199 - York,117,90454.26,1,2023
5814,199 - York,124,97921.43,7,2023
6684,199 - York,124,94386.5,6,2023
7680,199 - York,120,79294,3,2023
8671,199 - York,123,84720.4,5,2023
9789,199 - York,116,95279.6,11,2023
10782,199 - York,124,91026.01,10,2023
11777,199 - York,146,113656.29,9,2023
838,199 - York,128,98022.14,4,2024
1962,199 - York,130,109640.47,8,2024
2956,199 - York,120,82722,12,2024
3824,199 - York,144,116988.68,2,2024
4819,199 - York,113,92168.25,1,2024
5940,199 - York,126,94748.8,7,2024
6808,199 - York,115,92707.85,6,2024
7804,199 - York,131,106230.68,3,2024
8795,199 - York,126,98128.33,5,2024
9915,199 - York,116,89443,11,2024
10907,199 - York,120,82366.94,10,2024
11903,199 - York,139,101198.63,9,2024
964,199 - York,132,89965,4,2025
3951,199 - York,134,104819,2,2025
4945,199 - York,124,95757,1,2025
6935,199 - York,143,103837,6,2025
7930,199 - York,138,89461,3,2025
8921,199 - York,144,101060,5,2025
1089,510 - Alexandria,458,351936,8,2017
2087,510 - Alexandria,422,304387,12,2017
5070,510 - Alexandria,466,353917,7,2017
9046,510 - Alexandria,422,299719,11,2017
10039,510 - Alexandria,452,271526,10,2017
11032,510 - Alexandria,435,321884,9,2017
93,510 - Alexandria,452,332835,4,2018
1214,510 - Alexandria,489,588544,8,2018
2212,510 - Alexandria,455,487278,12,2018
3081,510 - Alexandria,446,334101,2,2018
4076,510 - Alexandria,417,299457,1,2018
5195,510 - Alexandria,484,507241,7,2018
6064,510 - Alexandria,470,361726,6,2018
7060,510 - Alexandria,438,304264,3,2018
8056,510 - Alexandria,468,337923,5,2018
9170,510 - Alexandria,452,513751,11,2018
10164,510 - Alexandria,476,435758,10,2018
11157,510 - Alexandria,490,532147,9,2018
219,510 - Alexandria,511,588430,4,2019
1340,510 - Alexandria,472,539831.2,8,2019
2336,510 - Alexandria,459,436497.6,12,2019
3206,510 - Alexandria,489,552380,2,2019
4201,510 - Alexandria,475,505848,1,2019
5320,510 - Alexandria,490,488528.45,7,2019
6190,510 - Alexandria,506,582856,6,2019
7186,510 - Alexandria,495,512651,3,2019
8182,510 - Alexandria,520,563053,5,2019
9294,510 - Alexandria,438,464840.8,11,2019
10288,510 - Alexandria,436,410329.35,10,2019
11282,510 - Alexandria,448,451772.9,9,2019
344,510 - Alexandria,472,393615.6,4,2020
1462,510 - Alexandria,306,365244.6,8,2020
2457,510 - Alexandria,245,248187.8,12,2020
3331,510 - Alexandria,484,488343.2,2,2020
4326,510 - Alexandria,458,465899.8,1,2020
5441,510 - Alexandria,348,456383.4,7,2020
6312,510 - Alexandria,353,395694,6,2020
7311,510 - Alexandria,474,447477.85,3,2020
8302,510 - Alexandria,318,332959.8,5,2020
9416,510 - Alexandria,273,296095.2,11,2020
10409,510 - Alexandria,344,348977.8,10,2020
11404,510 - Alexandria,338,486686.8,9,2020
465,510 - Alexandria,232,255541.6,4,2021
1587,510 - Alexandria,309,391352,8,2021
2581,510 - Alexandria,351,429892.24,12,2021
3452,510 - Alexandria,229,231093.8,2,2021
4447,510 - Alexandria,224,242753.2,1,2021
5565,510 - Alexandria,287,374520.5,7,2021
6435,510 - Alexandria,259,302221,6,2021
7432,510 - Alexandria,225,210516.4,3,2021
8422,510 - Alexandria,241,280301,5,2021
9540,510 - Alexandria,325,375074.2,11,2021
10533,510 - Alexandria,326,370691,10,2021
11529,510 - Alexandria,343,407260,9,2021
589,510 - Alexandria,394,501472.4,4,2022
1712,510 - Alexandria,428,554590.9,8,2022
2706,510 - Alexandria,465,622395.2,12,2022
3575,510 - Alexandria,374,437120.2,2,2022
4571,510 - Alexandria,354,448947,1,2022
5689,510 - Alexandria,426,530217.6,7,2022
6559,510 - Alexandria,415,504350.1,6,2022
7556,510 - Alexandria,384,423294.8,3,2022
8546,510 - Alexandria,402,477190.6,5,2022
9665,510 - Alexandria,455,568466,11,2022
10658,510 - Alexandria,435,524858.8,10,2022
11654,510 - Alexandria,470,579631.8,9,2022
715,510 - Alexandria,482,671067.07,4,2023
1837,510 - Alexandria,548,723662.11,8,2023
2831,510 - Alexandria,565,823885.92,12,2023
3700,510 - Alexandria,474,634461.55,2,2023
4696,510 - Alexandria,462,635170.03,1,2023
5815,510 - Alexandria,564,750923.89,7,2023
6685,510 - Alexandria,531,736676.08,6,2023
7681,510 - Alexandria,467,568734.03,3,2023
8672,510 - Alexandria,500,614499.6,5,2023
9790,510 - Alexandria,566,805543.94,11,2023
10783,510 - Alexandria,556,744558.69,10,2023
11778,510 - Alexandria,559,812793.36,9,2023
839,510 - Alexandria,616,833798.57,4,2024
1963,510 - Alexandria,623,948053.53,8,2024
2957,510 - Alexandria,603,810518,12,2024
3825,510 - Alexandria,586,869895.07,2,2024
4820,510 - Alexandria,558,778646.83,1,2024
5941,510 - Alexandria,646,841709.2,7,2024
6809,510 - Alexandria,633,952336.15,6,2024
7805,510 - Alexandria,599,802965.87,3,2024
8796,510 - Alexandria,639,892172.72,5,2024
9916,510 - Alexandria,595,860030,11,2024
10908,510 - Alexandria,577,788526.84,10,2024
11904,510 - Alexandria,631,851893.32,9,2024
965,510 - Alexandria,629,845682,4,2025
3952,510 - Alexandria,630,931097,2,2025
4946,510 - Alexandria,611,869459,1,2025
6936,510 - Alexandria,647,932524,6,2025
7931,510 - Alexandria,623,793094,3,2025
8922,510 - Alexandria,649,924968,5,2025
1090,520 - Bristol,106,39171,8,2017
2088,520 - Bristol,111,33642,12,2017
5071,520 - Bristol,110,42389,7,2017
9047,520 - Bristol,116,40019,11,2017
10040,520 - Bristol,118,31868,10,2017
11033,520 - Bristol,114,33913,9,2017
94,520 - Bristol,107,28148,4,2018
1215,520 - Bristol,128,47268,8,2018
2213,520 - Bristol,108,41292,12,2018
3082,520 - Bristol,109,36492,2,2018
4077,520 - Bristol,99,24539,1,2018
5196,520 - Bristol,124,45298,7,2018
6065,520 - Bristol,113,34518,6,2018
7061,520 - Bristol,110,33389,3,2018
8057,520 - Bristol,117,40344,5,2018
9171,520 - Bristol,118,42368,11,2018
10165,520 - Bristol,125,39535,10,2018
11158,520 - Bristol,131,55585,9,2018
220,520 - Bristol,103,38673,4,2019
1341,520 - Bristol,114,41593.2,8,2019
2337,520 - Bristol,107,36375.95,12,2019
3207,520 - Bristol,111,38815,2,2019
4202,520 - Bristol,113,40630,1,2019
5321,520 - Bristol,98,39211,7,2019
6191,520 - Bristol,113,46392,6,2019
7187,520 - Bristol,106,38280,3,2019
8183,520 - Bristol,105,36859,5,2019
9295,520 - Bristol,111,42078,11,2019
10289,520 - Bristol,120,40665.75,10,2019
11283,520 - Bristol,110,41455.4,9,2019
345,520 - Bristol,107,29869.75,4,2020
1463,520 - Bristol,102,57284.8,8,2020
2458,520 - Bristol,66,18901.4,12,2020
3332,520 - Bristol,124,45237.95,2,2020
4327,520 - Bristol,120,44019.95,1,2020
5442,520 - Bristol,91,39232.3,7,2020
6313,520 - Bristol,113,55766.5,6,2020
7312,520 - Bristol,114,36402.85,3,2020
8303,520 - Bristol,64,20536.1,5,2020
9417,520 - Bristol,71,23632,11,2020
10410,520 - Bristol,73,26113.2,10,2020
11405,520 - Bristol,70,36925.4,9,2020
466,520 - Bristol,50,18713.8,4,2021
1588,520 - Bristol,67,28398.8,8,2021
2582,520 - Bristol,74,30032.8,12,2021
3453,520 - Bristol,64,17274,2,2021
4448,520 - Bristol,63,20432.6,1,2021
5566,520 - Bristol,60,31359.2,7,2021
6436,520 - Bristol,61,21982.6,6,2021
7433,520 - Bristol,54,18980.4,3,2021
8423,520 - Bristol,57,23528.6,5,2021
9541,520 - Bristol,75,30063,11,2021
10534,520 - Bristol,74,31632.4,10,2021
11530,520 - Bristol,70,28344.6,9,2021
590,520 - Bristol,93,36955,4,2022
1713,520 - Bristol,79,37236,8,2022
2707,520 - Bristol,83,68902,12,2022
3576,520 - Bristol,83,34027.8,2,2022
4572,520 - Bristol,79,34141,1,2022
5690,520 - Bristol,89,45701.8,7,2022
6560,520 - Bristol,78,31982.2,6,2022
7557,520 - Bristol,92,33846.4,3,2022
8547,520 - Bristol,89,34821.6,5,2022
9666,520 - Bristol,91,65388,11,2022
10659,520 - Bristol,72,29690.8,10,2022
11655,520 - Bristol,79,33312,9,2022
716,520 - Bristol,91,67037,4,2023
1838,520 - Bristol,101,74534,8,2023
2832,520 - Bristol,91,70029,12,2023
3701,520 - Bristol,101,75538,2,2023
4697,520 - Bristol,88,69116,1,2023
5816,520 - Bristol,97,80365,7,2023
6686,520 - Bristol,102,71920,6,2023
7682,520 - Bristol,99,64159,3,2023
8673,520 - Bristol,93,60123,5,2023
9791,520 - Bristol,94,70740,11,2023
10784,520 - Bristol,106,75398,10,2023
11779,520 - Bristol,105,82493,9,2023
840,520 - Bristol,102,76978,4,2024
1964,520 - Bristol,104,98610,8,2024
2958,520 - Bristol,103,79870,12,2024
3826,520 - Bristol,99,74402,2,2024
4821,520 - Bristol,96,75291,1,2024
5942,520 - Bristol,103,86577,7,2024
6810,520 - Bristol,97,81331,6,2024
7806,520 - Bristol,105,79470,3,2024
8797,520 - Bristol,103,75227,5,2024
9917,520 - Bristol,108,85251,11,2024
10909,520 - Bristol,107,81186,10,2024
11905,520 - Bristol,108,84936,9,2024
966,520 - Bristol,111,82124,4,2025
3953,520 - Bristol,114,92424,2,2025
4947,520 - Bristol,114,86538,1,2025
6937,520 - Bristol,115,88815,6,2025
7932,520 - Bristol,112,81916,3,2025
8923,520 - Bristol,109,84250,5,2025
1091,530 - Buena Vista,REDACTED,1049,8,2017
2089,530 - Buena Vista,REDACTED,970,12,2017
5072,530 - Buena Vista,REDACTED,800,7,2017
9048,530 - Buena Vista,REDACTED,1459,11,2017
10041,530 - Buena Vista,REDACTED,1718,10,2017
11034,530 - Buena Vista,REDACTED,819,9,2017
95,530 - Buena Vista,REDACTED,1014,4,2018
1216,530 - Buena Vista,REDACTED,1545,8,2018
2214,530 - Buena Vista,REDACTED,538,12,2018
3083,530 - Buena Vista,REDACTED,938,2,2018
4078,530 - Buena Vista,REDACTED,502,1,2018
5197,530 - Buena Vista,REDACTED,1076,7,2018
6066,530 - Buena Vista,REDACTED,790,6,2018
7062,530 - Buena Vista,REDACTED,626,3,2018
8058,530 - Buena Vista,REDACTED,1014,5,2018
9172,530 - Buena Vista,REDACTED,1078,11,2018
10166,530 - Buena Vista,REDACTED,478,10,2018
11159,530 - Buena Vista,REDACTED,448,9,2018
221,530 - Buena Vista,REDACTED,260,4,2019
1342,530 - Buena Vista,REDACTED,1433,8,2019
2338,530 - Buena Vista,REDACTED,957.6,12,2019
3208,530 - Buena Vista,REDACTED,418,2,2019
4203,530 - Buena Vista,REDACTED,418,1,2019
5322,530 - Buena Vista,REDACTED,450,7,2019
6192,530 - Buena Vista,REDACTED,410,6,2019
7188,530 - Buena Vista,REDACTED,328,3,2019
8184,530 - Buena Vista,REDACTED,350,5,2019
9296,530 - Buena Vista,REDACTED,1151.2,11,2019
10290,530 - Buena Vista,REDACTED,1021,10,2019
11284,530 - Buena Vista,REDACTED,459,9,2019
346,530 - Buena Vista,REDACTED,401.8,4,2020
1464,530 - Buena Vista,REDACTED,3057,8,2020
2459,530 - Buena Vista,REDACTED,1495.86,12,2020
3333,530 - Buena Vista,REDACTED,1650,2,2020
4328,530 - Buena Vista,REDACTED,797,1,2020
5443,530 - Buena Vista,REDACTED,624,7,2020
6314,530 - Buena Vista,REDACTED,870,6,2020
7313,530 - Buena Vista,REDACTED,1030.6,3,2020
9418,530 - Buena Vista,REDACTED,1717.84,11,2020
10411,530 - Buena Vista,REDACTED,1122,10,2020
11406,530 - Buena Vista,REDACTED,4570,9,2020
467,530 - Buena Vista,REDACTED,1993.41,4,2021
1589,530 - Buena Vista,REDACTED,3149.18,8,2021
2583,530 - Buena Vista,REDACTED,2750.97,12,2021
3454,530 - Buena Vista,REDACTED,1595.37,2,2021
4449,530 - Buena Vista,REDACTED,837.81,1,2021
5567,530 - Buena Vista,REDACTED,3832.15,7,2021
6437,530 - Buena Vista,REDACTED,1958.59,6,2021
7434,530 - Buena Vista,REDACTED,1473.39,3,2021
8424,530 - Buena Vista,REDACTED,1582.53,5,2021
9542,530 - Buena Vista,REDACTED,3165.69,11,2021
10535,530 - Buena Vista,REDACTED,3184.98,10,2021
11531,530 - Buena Vista,REDACTED,2603.48,9,2021
591,530 - Buena Vista,REDACTED,2584.05,4,2022
1714,530 - Buena Vista,REDACTED,4100.88,8,2022
2708,530 - Buena Vista,REDACTED,6693.95,12,2022
3577,530 - Buena Vista,REDACTED,2359.35,2,2022
4573,530 - Buena Vista,REDACTED,2064.03,1,2022
5691,530 - Buena Vista,REDACTED,4874.39,7,2022
6561,530 - Buena Vista,REDACTED,1977.36,6,2022
7558,530 - Buena Vista,REDACTED,2247,3,2022
8548,530 - Buena Vista,REDACTED,2359.35,5,2022
9667,530 - Buena Vista,REDACTED,6969.39,11,2022
10660,530 - Buena Vista,REDACTED,3812.38,10,2022
11656,530 - Buena Vista,REDACTED,3223.36,9,2022
717,530 - Buena Vista,REDACTED,6594.58,4,2023
1839,530 - Buena Vista,REDACTED,4133.76,8,2023
2833,530 - Buena Vista,REDACTED,5577.64,12,2023
3702,530 - Buena Vista,REDACTED,7551.4,2,2023
4698,530 - Buena Vista,REDACTED,7404.26,1,2023
5817,530 - Buena Vista,REDACTED,7330.08,7,2023
6687,530 - Buena Vista,REDACTED,5712.58,6,2023
7683,530 - Buena Vista,REDACTED,5889.2,3,2023
8674,530 - Buena Vista,REDACTED,5367.1,5,2023
9792,530 - Buena Vista,REDACTED,5844.27,11,2023
10785,530 - Buena Vista,REDACTED,3072.04,10,2023
11780,530 - Buena Vista,REDACTED,4513.92,9,2023
841,530 - Buena Vista,REDACTED,5644.8,4,2024
1965,530 - Buena Vista,10,8338.08,8,2024
2959,530 - Buena Vista,REDACTED,6679,12,2024
3827,530 - Buena Vista,REDACTED,4578.25,2,2024
4822,530 - Buena Vista,REDACTED,3723.57,1,2024
5943,530 - Buena Vista,11,6592.5,7,2024
6811,530 - Buena Vista,REDACTED,6579.57,6,2024
7807,530 - Buena Vista,REDACTED,4446.8,3,2024
8798,530 - Buena Vista,REDACTED,5783.24,5,2024
9918,530 - Buena Vista,REDACTED,7186,11,2024
10910,530 - Buena Vista,REDACTED,6039.3,10,2024
11906,530 - Buena Vista,12,7295.97,9,2024
967,530 - Buena Vista,10,6777,4,2025
3954,530 - Buena Vista,REDACTED,5042,2,2025
4948,530 - Buena Vista,11,7610,1,2025
6938,530 - Buena Vista,10,7595,6,2025
7933,530 - Buena Vista,REDACTED,6153,3,2025
8924,530 - Buena Vista,10,7449,5,2025
1092,540 - Charlottesville,127,78238,8,2017
2090,540 - Charlottesville,117,57283,12,2017
5073,540 - Charlottesville,121,62241,7,2017
9049,540 - Charlottesville,116,73878,11,2017
10042,540 - Charlottesville,112,57119,10,2017
11035,540 - Charlottesville,112,60920,9,2017
96,540 - Charlottesville,118,63582,4,2018
1217,540 - Charlottesville,114,74373,8,2018
2215,540 - Charlottesville,103,67480,12,2018
3084,540 - Charlottesville,121,64224,2,2018
4079,540 - Charlottesville,112,45521,1,2018
5198,540 - Charlottesville,114,71894,7,2018
6067,540 - Charlottesville,122,66614,6,2018
7063,540 - Charlottesville,125,72199,3,2018
8059,540 - Charlottesville,127,65803,5,2018
9173,540 - Charlottesville,105,70905,11,2018
10167,540 - Charlottesville,101,62748,10,2018
11160,540 - Charlottesville,118,69337,9,2018
222,540 - Charlottesville,100,66259,4,2019
1343,540 - Charlottesville,109,82057.6,8,2019
2339,540 - Charlottesville,83,48177,12,2019
3209,540 - Charlottesville,99,60595,2,2019
4204,540 - Charlottesville,103,82825,1,2019
5323,540 - Charlottesville,105,76418,7,2019
6193,540 - Charlottesville,111,84445,6,2019
7189,540 - Charlottesville,102,79200,3,2019
8185,540 - Charlottesville,113,86578,5,2019
9297,540 - Charlottesville,103,82576.4,11,2019
10291,540 - Charlottesville,113,63979.2,10,2019
11285,540 - Charlottesville,109,65777.6,9,2019
347,540 - Charlottesville,101,46466.8,4,2020
1465,540 - Charlottesville,90,70281.8,8,2020
2460,540 - Charlottesville,90,63183,12,2020
3334,540 - Charlottesville,101,67740,2,2020
4329,540 - Charlottesville,103,67706.8,1,2020
5444,540 - Charlottesville,83,86395,7,2020
6315,540 - Charlottesville,90,81118.2,6,2020
7314,540 - Charlottesville,94,61953.6,3,2020
8304,540 - Charlottesville,48,31030,5,2020
9419,540 - Charlottesville,83,57717,11,2020
10412,540 - Charlottesville,82,58053.2,10,2020
11407,540 - Charlottesville,78,57700.2,9,2020
468,540 - Charlottesville,78,59583,4,2021
1590,540 - Charlottesville,78,63247,8,2021
2584,540 - Charlottesville,101,74166.6,12,2021
3455,540 - Charlottesville,81,52472,2,2021
4450,540 - Charlottesville,81,55460,1,2021
5568,540 - Charlottesville,82,65944.8,7,2021
6438,540 - Charlottesville,85,56979,6,2021
7435,540 - Charlottesville,81,49207,3,2021
8425,540 - Charlottesville,83,61775,5,2021
9543,540 - Charlottesville,86,58732.2,11,2021
10536,540 - Charlottesville,79,51463.6,10,2021
11532,540 - Charlottesville,84,61552,9,2021
592,540 - Charlottesville,113,86782.2,4,2022
1715,540 - Charlottesville,103,70389,8,2022
2709,540 - Charlottesville,120,105000,12,2022
3578,540 - Charlottesville,104,87118,2,2022
4574,540 - Charlottesville,100,72820.4,1,2022
5692,540 - Charlottesville,104,75897.6,7,2022
6562,540 - Charlottesville,108,81533,6,2022
7559,540 - Charlottesville,110,74282.6,3,2022
8549,540 - Charlottesville,115,81653,5,2022
9668,540 - Charlottesville,119,95744,11,2022
10661,540 - Charlottesville,105,75850,10,2022
11657,540 - Charlottesville,109,77205.2,9,2022
718,540 - Charlottesville,121,104174,4,2023
1840,540 - Charlottesville,122,101227,8,2023
2834,540 - Charlottesville,100,96842.8,12,2023
3703,540 - Charlottesville,117,100314.6,2,2023
4699,540 - Charlottesville,117,106940,1,2023
5818,540 - Charlottesville,119,101113,7,2023
6688,540 - Charlottesville,115,96973,6,2023
7684,540 - Charlottesville,112,84861,3,2023
8675,540 - Charlottesville,119,85701,5,2023
9793,540 - Charlottesville,101,97090.8,11,2023
10786,540 - Charlottesville,104,86844.81,10,2023
11781,540 - Charlottesville,119,97469.32,9,2023
842,540 - Charlottesville,93,79866.64,4,2024
1966,540 - Charlottesville,99,108685,8,2024
2960,540 - Charlottesville,100,99018,12,2024
3828,540 - Charlottesville,106,103591.45,2,2024
4823,540 - Charlottesville,104,92118.49,1,2024
5944,540 - Charlottesville,97,81169.6,7,2024
6812,540 - Charlottesville,97,95017.67,6,2024
7808,540 - Charlottesville,98,87516.34,3,2024
8799,540 - Charlottesville,102,91617.68,5,2024
9919,540 - Charlottesville,107,116207,11,2024
10911,540 - Charlottesville,107,101816.7,10,2024
11907,540 - Charlottesville,124,112498.8,9,2024
968,540 - Charlottesville,102,103666,4,2025
3955,540 - Charlottesville,100,109774,2,2025
4949,540 - Charlottesville,103,104226,1,2025
6939,540 - Charlottesville,103,105907,6,2025
7934,540 - Charlottesville,102,94133,3,2025
8925,540 - Charlottesville,105,105790,5,2025
1093,550 - Chesapeake,666,291732,8,2017
2091,550 - Chesapeake,658,277398,12,2017
5074,550 - Chesapeake,713,347339,7,2017
9050,550 - Chesapeake,672,280015,11,2017
10043,550 - Chesapeake,683,260654,10,2017
11036,550 - Chesapeake,642,294660,9,2017
97,550 - Chesapeake,719,308078,4,2018
1218,550 - Chesapeake,670,399019,8,2018
2216,550 - Chesapeake,757,421536,12,2018
3085,550 - Chesapeake,699,280875,2,2018
4080,550 - Chesapeake,673,255039,1,2018
5199,550 - Chesapeake,734,439424,7,2018
6068,550 - Chesapeake,715,312605,6,2018
7064,550 - Chesapeake,706,270891,3,2018
8060,550 - Chesapeake,711,281273,5,2018
9174,550 - Chesapeake,742,424579,11,2018
10168,550 - Chesapeake,668,309253,10,2018
11161,550 - Chesapeake,676,424633,9,2018
223,550 - Chesapeake,823,468494,4,2019
1344,550 - Chesapeake,881,559613.8,8,2019
2340,550 - Chesapeake,932,497781.99,12,2019
3210,550 - Chesapeake,784,486528,2,2019
4205,550 - Chesapeake,776,401629,1,2019
5324,550 - Chesapeake,920,558620.6,7,2019
6194,550 - Chesapeake,875,545079,6,2019
7190,550 - Chesapeake,811,431404,3,2019
8186,550 - Chesapeake,864,511824,5,2019
9298,550 - Chesapeake,923,541258.66,11,2019
10292,550 - Chesapeake,911,461067.6,10,2019
11286,550 - Chesapeake,857,518559.29,9,2019
348,550 - Chesapeake,925,455325.25,4,2020
1466,550 - Chesapeake,743,535370.02,8,2020
2461,550 - Chesapeake,638,358733.02,12,2020
3335,550 - Chesapeake,934,549612.38,2,2020
4330,550 - Chesapeake,939,497010.34,1,2020
5445,550 - Chesapeake,779,622027.5,7,2020
6316,550 - Chesapeake,756,505688.8,6,2020
7315,550 - Chesapeake,936,465083.35,3,2020
8305,550 - Chesapeake,698,431853.85,5,2020
9420,550 - Chesapeake,658,390813.22,11,2020
10413,550 - Chesapeake,774,411601.84,10,2020
11408,550 - Chesapeake,688,393819.58,9,2020
469,550 - Chesapeake,588,378097.22,4,2021
1591,550 - Chesapeake,868,634112.64,8,2021
2585,550 - Chesapeake,1044,704262.42,12,2021
3456,550 - Chesapeake,608,335114.4,2,2021
4451,550 - Chesapeake,608,336985.02,1,2021
5569,550 - Chesapeake,828,644273.64,7,2021
6439,550 - Chesapeake,713,453788.74,6,2021
7436,550 - Chesapeake,581,302557.8,3,2021
8426,550 - Chesapeake,648,416223.6,5,2021
9544,550 - Chesapeake,999,623864.81,11,2021
10537,550 - Chesapeake,1000,639838.2,10,2021
11533,550 - Chesapeake,909,658853.8,9,2021
593,550 - Chesapeake,1136,811083.14,4,2022
1716,550 - Chesapeake,1133,802468.84,8,2022
2710,550 - Chesapeake,1229,1029554.7,12,2022
3579,550 - Chesapeake,1081,681437.81,2,2022
4575,550 - Chesapeake,1069,768393.03,1,2022
5693,550 - Chesapeake,1166,903330.5,7,2022
6563,550 - Chesapeake,1107,769674.39,6,2022
7560,550 - Chesapeake,1101,685167.05,3,2022
8550,550 - Chesapeake,1132,742154.18,5,2022
9669,550 - Chesapeake,1217,944227.62,11,2022
10662,550 - Chesapeake,1226,802014.87,10,2022
11658,550 - Chesapeake,1134,850810.05,9,2022
719,550 - Chesapeake,1284,1061822.25,4,2023
1841,550 - Chesapeake,1338,1083931.95,8,2023
2835,550 - Chesapeake,1351,1096496.08,12,2023
3704,550 - Chesapeake,1270,1007440.92,2,2023
4700,550 - Chesapeake,1265,1061476.31,1,2023
5819,550 - Chesapeake,1369,1189772.24,7,2023
6689,550 - Chesapeake,1321,1072871.16,6,2023
7685,550 - Chesapeake,1271,900295,3,2023
8676,550 - Chesapeake,1293,931399.2,5,2023
9794,550 - Chesapeake,1367,1067918.7,11,2023
10787,550 - Chesapeake,1347,989452.18,10,2023
11782,550 - Chesapeake,1381,1194819.14,9,2023
843,550 - Chesapeake,1454,1125084.41,4,2024
1967,550 - Chesapeake,1553,1427918.23,8,2024
2961,550 - Chesapeake,1484,1146076,12,2024
3829,550 - Chesapeake,1408,1182247.14,2,2024
4824,550 - Chesapeake,1372,1056017.79,1,2024
5945,550 - Chesapeake,1609,1302089.2,7,2024
6813,550 - Chesapeake,1551,1309617.83,6,2024
7809,550 - Chesapeake,1419,1084477.88,3,2024
8800,550 - Chesapeake,1550,1258655.62,5,2024
9920,550 - Chesapeake,1481,1227316,11,2024
10912,550 - Chesapeake,1444,1084339.99,10,2024
11908,550 - Chesapeake,1504,1253935.22,9,2024
969,550 - Chesapeake,1600,1179730,4,2025
3956,550 - Chesapeake,1581,1312138,2,2025
4950,550 - Chesapeake,1531,1215318,1,2025
6940,550 - Chesapeake,1623,1296079,6,2025
7935,550 - Chesapeake,1561,1118517,3,2025
8926,550 - Chesapeake,1616,1295388,5,2025
1094,570 - Colonial Heights,27,10328,8,2017
2092,570 - Colonial Heights,30,11842,12,2017
5075,570 - Colonial Heights,36,15791,7,2017
9051,570 - Colonial Heights,33,11392,11,2017
10044,570 - Colonial Heights,27,11611,10,2017
11037,570 - Colonial Heights,22,11867,9,2017
98,570 - Colonial Heights,33,14092,4,2018
1219,570 - Colonial Heights,41,23916,8,2018
2217,570 - Colonial Heights,32,20081,12,2018
3086,570 - Colonial Heights,30,12628,2,2018
4081,570 - Colonial Heights,30,11611,1,2018
5200,570 - Colonial Heights,43,25238,7,2018
6069,570 - Colonial Heights,42,21434,6,2018
7065,570 - Colonial Heights,32,13749,3,2018
8061,570 - Colonial Heights,40,17871,5,2018
9175,570 - Colonial Heights,39,20659,11,2018
10169,570 - Colonial Heights,39,19965,10,2018
11162,570 - Colonial Heights,42,27115,9,2018
224,570 - Colonial Heights,31,18576,4,2019
1345,570 - Colonial Heights,41,24194,8,2019
2341,570 - Colonial Heights,46,22200.4,12,2019
3211,570 - Colonial Heights,33,21633,2,2019
4206,570 - Colonial Heights,31,16613,1,2019
5325,570 - Colonial Heights,42,23143.4,7,2019
6195,570 - Colonial Heights,40,26501,6,2019
7191,570 - Colonial Heights,34,19581,3,2019
8187,570 - Colonial Heights,40,24550,5,2019
9299,570 - Colonial Heights,46,25385.2,11,2019
10293,570 - Colonial Heights,44,21034.6,10,2019
11287,570 - Colonial Heights,41,22284.6,9,2019
349,570 - Colonial Heights,50,28020.6,4,2020
1467,570 - Colonial Heights,45,31442.8,8,2020
2462,570 - Colonial Heights,48,22324.2,12,2020
3336,570 - Colonial Heights,54,29940.6,2,2020
4331,570 - Colonial Heights,51,24599.4,1,2020
5446,570 - Colonial Heights,47,34189.6,7,2020
6317,570 - Colonial Heights,44,30456.6,6,2020
7316,570 - Colonial Heights,52,24913,3,2020
8306,570 - Colonial Heights,44,28827.2,5,2020
9421,570 - Colonial Heights,41,19610.2,11,2020
10414,570 - Colonial Heights,41,21442.8,10,2020
11409,570 - Colonial Heights,46,24790.2,9,2020
470,570 - Colonial Heights,34,20429,4,2021
1592,570 - Colonial Heights,51,36060,8,2021
2586,570 - Colonial Heights,66,39526.2,12,2021
3457,570 - Colonial Heights,46,22146.8,2,2021
4452,570 - Colonial Heights,37,19795.2,1,2021
5570,570 - Colonial Heights,46,36131.6,7,2021
6440,570 - Colonial Heights,43,27272.6,6,2021
7437,570 - Colonial Heights,40,18583.6,3,2021
8427,570 - Colonial Heights,39,25503.6,5,2021
9545,570 - Colonial Heights,60,32408.6,11,2021
10538,570 - Colonial Heights,54,32406.2,10,2021
11534,570 - Colonial Heights,48,32513.8,9,2021
594,570 - Colonial Heights,76,49554.2,4,2022
1717,570 - Colonial Heights,84,55635.8,8,2022
2711,570 - Colonial Heights,97,81423,12,2022
3580,570 - Colonial Heights,68,40679.2,2,2022
4576,570 - Colonial Heights,62,43334.4,1,2022
5694,570 - Colonial Heights,81,57780.2,7,2022
6564,570 - Colonial Heights,76,51758.8,6,2022
7561,570 - Colonial Heights,72,39743.8,3,2022
8551,570 - Colonial Heights,78,45979,5,2022
9670,570 - Colonial Heights,95,75902,11,2022
10663,570 - Colonial Heights,87,57263.2,10,2022
11659,570 - Colonial Heights,85,63605.6,9,2022
720,570 - Colonial Heights,99,78360.72,4,2023
1842,570 - Colonial Heights,109,89617.24,8,2023
2836,570 - Colonial Heights,110,90594.84,12,2023
3705,570 - Colonial Heights,97,79378.44,2,2023
4701,570 - Colonial Heights,97,83620.58,1,2023
5820,570 - Colonial Heights,101,93018.69,7,2023
6690,570 - Colonial Heights,99,79974.24,6,2023
7686,570 - Colonial Heights,97,74813.32,3,2023
8677,570 - Colonial Heights,103,71953.4,5,2023
9795,570 - Colonial Heights,114,90716.84,11,2023
10788,570 - Colonial Heights,110,81210.62,10,2023
11783,570 - Colonial Heights,113,93541.06,9,2023
844,570 - Colonial Heights,115,85884,4,2024
1968,570 - Colonial Heights,119,109404,8,2024
2962,570 - Colonial Heights,126,90567,12,2024
3830,570 - Colonial Heights,114,99961.62,2,2024
4825,570 - Colonial Heights,105,81576.62,1,2024
5946,570 - Colonial Heights,119,95650,7,2024
6814,570 - Colonial Heights,115,99916,6,2024
7810,570 - Colonial Heights,121,89309,3,2024
8801,570 - Colonial Heights,118,94078,5,2024
9921,570 - Colonial Heights,122,99378,11,2024
10913,570 - Colonial Heights,123,93563,10,2024
11909,570 - Colonial Heights,126,101471,9,2024
970,570 - Colonial Heights,122,91927,4,2025
3957,570 - Colonial Heights,122,100610,2,2025
4951,570 - Colonial Heights,123,92884,1,2025
6941,570 - Colonial Heights,122,92494,6,2025
7936,570 - Colonial Heights,120,84834,3,2025
8927,570 - Colonial Heights,122,94178,5,2025
1095,580 - Covington,18,2673,8,2017
2093,580 - Covington,18,3478,12,2017
5076,580 - Covington,12,3382,7,2017
9052,580 - Covington,18,4579,11,2017
10045,580 - Covington,19,1959,10,2017
11038,580 - Covington,18,2947,9,2017
99,580 - Covington,17,2163,4,2018
1220,580 - Covington,20,4108,8,2018
2218,580 - Covington,24,3992,12,2018
3087,580 - Covington,18,3782,2,2018
4082,580 - Covington,17,2397,1,2018
5201,580 - Covington,19,3727,7,2018
6070,580 - Covington,22,2336,6,2018
7066,580 - Covington,14,2680,3,2018
8062,580 - Covington,22,4676,5,2018
9176,580 - Covington,23,6776,11,2018
10170,580 - Covington,19,6091,10,2018
11163,580 - Covington,22,7030,9,2018
225,580 - Covington,23,5026,4,2019
1346,580 - Covington,35,11703,8,2019
2342,580 - Covington,30,6702,12,2019
3212,580 - Covington,27,5388,2,2019
4207,580 - Covington,22,3356,1,2019
5326,580 - Covington,30,7454,7,2019
6196,580 - Covington,24,6232,6,2019
7192,580 - Covington,24,6414,3,2019
8188,580 - Covington,23,4875,5,2019
9300,580 - Covington,31,11800,11,2019
10294,580 - Covington,38,11840,10,2019
11288,580 - Covington,34,7690,9,2019
350,580 - Covington,15,1300,4,2020
1468,580 - Covington,25,14112,8,2020
3337,580 - Covington,18,4114,2,2020
4332,580 - Covington,19,2827,1,2020
5447,580 - Covington,25,10794,7,2020
6318,580 - Covington,23,8168,6,2020
7317,580 - Covington,17,3333,3,2020
8307,580 - Covington,REDACTED,600,5,2020
9422,580 - Covington,10,1704,11,2020
10415,580 - Covington,REDACTED,206,10,2020
11410,580 - Covington,REDACTED,1066,9,2020
471,580 - Covington,REDACTED,227,4,2021
1593,580 - Covington,REDACTED,1012,8,2021
2587,580 - Covington,REDACTED,2838,12,2021
5571,580 - Covington,REDACTED,2549,7,2021
6441,580 - Covington,REDACTED,1239,6,2021
7438,580 - Covington,REDACTED,176,3,2021
8428,580 - Covington,REDACTED,3597,5,2021
9546,580 - Covington,REDACTED,2089,11,2021
10539,580 - Covington,REDACTED,2205,10,2021
11535,580 - Covington,REDACTED,1207,9,2021
595,580 - Covington,REDACTED,3068,4,2022
1718,580 - Covington,REDACTED,1806,8,2022
2712,580 - Covington,20,12829,12,2022
3581,580 - Covington,REDACTED,2258,2,2022
4577,580 - Covington,REDACTED,3458,1,2022
5695,580 - Covington,REDACTED,2156,7,2022
6565,580 - Covington,REDACTED,3049,6,2022
7562,580 - Covington,REDACTED,2880,3,2022
8552,580 - Covington,REDACTED,2610,5,2022
9671,580 - Covington,14,8067,11,2022
10664,580 - Covington,10,2732,10,2022
11660,580 - Covington,REDACTED,1846,9,2022
721,580 - Covington,41,30503,4,2023
1843,580 - Covington,59,43720,8,2023
2837,580 - Covington,50,36851,12,2023
3706,580 - Covington,39,28413,2,2023
4702,580 - Covington,34,26509,1,2023
5821,580 - Covington,55,41903,7,2023
6691,580 - Covington,47,35909,6,2023
7687,580 - Covington,44,30100,3,2023
8678,580 - Covington,46,30668,5,2023
9796,580 - Covington,51,37361,11,2023
10789,580 - Covington,52,35660,10,2023
11784,580 - Covington,56,40573,9,2023
845,580 - Covington,50,35005,4,2024
1969,580 - Covington,46,38792,8,2024
2963,580 - Covington,39,32814,12,2024
3831,580 - Covington,50,36482,2,2024
4826,580 - Covington,46,31081,1,2024
5947,580 - Covington,46,36904,7,2024
6815,580 - Covington,45,35992,6,2024
7811,580 - Covington,45,35076,3,2024
8802,580 - Covington,49,35959,5,2024
9922,580 - Covington,42,35812,11,2024
10914,580 - Covington,35,25673,10,2024
11910,580 - Covington,47,28899,9,2024
971,580 - Covington,49,38336,4,2025
3958,580 - Covington,47,39659,2,2025
4952,580 - Covington,40,34910,1,2025
6942,580 - Covington,51,41523,6,2025
7937,580 - Covington,48,34976,3,2025
8928,580 - Covington,50,40602,5,2025
1096,590 - Danville,215,51089,8,2017
2094,590 - Danville,199,51682,12,2017
5077,590 - Danville,246,82356,7,2017
9053,590 - Danville,204,46826,11,2017
10046,590 - Danville,202,39204,10,2017
11039,590 - Danville,205,51365,9,2017
100,590 - Danville,183,41358,4,2018
1221,590 - Danville,188,55349,8,2018
2219,590 - Danville,181,60218,12,2018
3088,590 - Danville,184,44753,2,2018
4083,590 - Danville,176,38812,1,2018
5202,590 - Danville,176,67048,7,2018
6071,590 - Danville,188,45415,6,2018
7067,590 - Danville,179,40138,3,2018
8063,590 - Danville,168,36652,5,2018
9177,590 - Danville,183,50524,11,2018
10171,590 - Danville,188,49943,10,2018
11164,590 - Danville,188,55753,9,2018
226,590 - Danville,183,52444,4,2019
1347,590 - Danville,195,71193.6,8,2019
2343,590 - Danville,230,70613.6,12,2019
3213,590 - Danville,187,54019,2,2019
4208,590 - Danville,179,43055,1,2019
5327,590 - Danville,173,72093,7,2019
6197,590 - Danville,175,54242,6,2019
7193,590 - Danville,186,48574,3,2019
8189,590 - Danville,175,50115,5,2019
9301,590 - Danville,235,78002.6,11,2019
10295,590 - Danville,234,73695,10,2019
11289,590 - Danville,213,69376.8,9,2019
351,590 - Danville,243,64473.2,4,2020
1469,590 - Danville,136,36361,8,2020
2463,590 - Danville,150,45113,12,2020
3338,590 - Danville,231,78625.2,2,2020
4333,590 - Danville,227,59690.4,1,2020
5448,590 - Danville,189,95106,7,2020
6319,590 - Danville,157,55695,6,2020
7318,590 - Danville,236,65931.6,3,2020
8308,590 - Danville,173,46923,5,2020
9423,590 - Danville,147,52379.6,11,2020
10416,590 - Danville,163,47759.8,10,2020
11411,590 - Danville,160,66010.8,9,2020
472,590 - Danville,135,44643,4,2021
1594,590 - Danville,162,76502,8,2021
2588,590 - Danville,206,83290,12,2021
3458,590 - Danville,143,44553,2,2021
4453,590 - Danville,138,44579,1,2021
5572,590 - Danville,150,77397,7,2021
6442,590 - Danville,128,44822,6,2021
7439,590 - Danville,143,37426,3,2021
8429,590 - Danville,129,46513,5,2021
9547,590 - Danville,187,64664.5,11,2021
10540,590 - Danville,155,62702.5,10,2021
11536,590 - Danville,183,71956,9,2021
596,590 - Danville,226,96568.5,4,2022
1719,590 - Danville,282,123015.81,8,2022
2713,590 - Danville,326,224603.42,12,2022
3582,590 - Danville,214,81144,2,2022
4578,590 - Danville,208,95178,1,2022
5696,590 - Danville,289,144882.42,7,2022
6566,590 - Danville,269,111226.73,6,2022
7563,590 - Danville,215,78230.5,3,2022
8553,590 - Danville,248,96286.5,5,2022
9672,590 - Danville,314,197345.06,11,2022
10665,590 - Danville,292,113835.08,10,2022
11661,590 - Danville,297,120856.03,9,2022
722,590 - Danville,328,228574.41,4,2023
1844,590 - Danville,326,230440.18,8,2023
2838,590 - Danville,334,224736.42,12,2023
3707,590 - Danville,319,205379.96,2,2023
4703,590 - Danville,308,223759.52,1,2023
5822,590 - Danville,332,254695.22,7,2023
6692,590 - Danville,330,227751.52,6,2023
7688,590 - Danville,322,191662.24,3,2023
8679,590 - Danville,341,203906.84,5,2023
9797,590 - Danville,356,241457,11,2023
10790,590 - Danville,341,233829.03,10,2023
11785,590 - Danville,359,247187.27,9,2023
846,590 - Danville,278,184591.86,4,2024
1970,590 - Danville,279,227964.92,8,2024
2964,590 - Danville,244,151877,12,2024
3832,590 - Danville,292,204002.16,2,2024
4827,590 - Danville,298,179164.99,1,2024
5948,590 - Danville,275,201785.23,7,2024
6816,590 - Danville,256,183520.53,6,2024
7812,590 - Danville,285,181336.9,3,2024
8803,590 - Danville,267,181906.24,5,2024
9923,590 - Danville,240,163401,11,2024
10915,590 - Danville,242,156554.54,10,2024
11911,590 - Danville,273,179435.07,9,2024
972,590 - Danville,286,182070,4,2025
3959,590 - Danville,271,181511,2,2025
4953,590 - Danville,264,171984,1,2025
6943,590 - Danville,287,198775,6,2025
7938,590 - Danville,288,171912,3,2025
8929,590 - Danville,288,200450,5,2025
1097,620 - Franklin City,39,13737,8,2017
2095,620 - Franklin City,34,13966,12,2017
5078,620 - Franklin City,33,11997,7,2017
9054,620 - Franklin City,38,13851,11,2017
10047,620 - Franklin City,35,10413,10,2017
11040,620 - Franklin City,43,16205,9,2017
101,620 - Franklin City,37,13869,4,2018
1222,620 - Franklin City,46,19247,8,2018
2220,620 - Franklin City,37,19122,12,2018
3089,620 - Franklin City,33,11470,2,2018
4084,620 - Franklin City,34,9817,1,2018
5203,620 - Franklin City,38,17539,7,2018
6072,620 - Franklin City,38,14174,6,2018
7068,620 - Franklin City,40,12747,3,2018
8064,620 - Franklin City,39,12491,5,2018
9178,620 - Franklin City,36,18427,11,2018
10172,620 - Franklin City,41,18044,10,2018
11165,620 - Franklin City,48,24086,9,2018
227,620 - Franklin City,35,17008,4,2019
1348,620 - Franklin City,50,26133,8,2019
2344,620 - Franklin City,50,24313,12,2019
3214,620 - Franklin City,37,19910,2,2019
4209,620 - Franklin City,36,11636,1,2019
5328,620 - Franklin City,53,22477,7,2019
6198,620 - Franklin City,47,23037,6,2019
7194,620 - Franklin City,33,14812,3,2019
8190,620 - Franklin City,40,17064,5,2019
9302,620 - Franklin City,45,24049,11,2019
10296,620 - Franklin City,50,22492,10,2019
11290,620 - Franklin City,51,24971,9,2019
352,620 - Franklin City,52,24745,4,2020
1470,620 - Franklin City,43,33090,8,2020
2464,620 - Franklin City,29,14288,12,2020
3339,620 - Franklin City,49,26366,2,2020
4334,620 - Franklin City,45,20606,1,2020
5449,620 - Franklin City,49,26320,7,2020
6320,620 - Franklin City,56,35641,6,2020
7319,620 - Franklin City,48,25771,3,2020
8309,620 - Franklin City,37,19584,5,2020
9424,620 - Franklin City,32,16203,11,2020
10417,620 - Franklin City,42,20163,10,2020
11412,620 - Franklin City,39,21437,9,2020
473,620 - Franklin City,28,15173,4,2021
1595,620 - Franklin City,33,21531,8,2021
2589,620 - Franklin City,35,21472,12,2021
3459,620 - Franklin City,28,13933,2,2021
4454,620 - Franklin City,27,14428,1,2021
5573,620 - Franklin City,29,17158,7,2021
6443,620 - Franklin City,26,15464,6,2021
7440,620 - Franklin City,27,12422,3,2021
8430,620 - Franklin City,27,14696,5,2021
9548,620 - Franklin City,33,19850,11,2021
10541,620 - Franklin City,30,19283,10,2021
11537,620 - Franklin City,34,21798,9,2021
597,620 - Franklin City,42,27959,4,2022
1720,620 - Franklin City,54,30338.16,8,2022
2714,620 - Franklin City,55,41957.39,12,2022
3583,620 - Franklin City,40,23888,2,2022
4579,620 - Franklin City,41,25644,1,2022
5697,620 - Franklin City,47,27985.32,7,2022
6567,620 - Franklin City,43,26580.41,6,2022
7564,620 - Franklin City,42,24851,3,2022
8554,620 - Franklin City,44,25552,5,2022
9673,620 - Franklin City,56,42041.78,11,2022
10666,620 - Franklin City,59,32048.51,10,2022
11662,620 - Franklin City,56,37433.4,9,2022
723,620 - Franklin City,60,44927.34,4,2023
1845,620 - Franklin City,81,62195.21,8,2023
2839,620 - Franklin City,68,57356.66,12,2023
3708,620 - Franklin City,61,47083.76,2,2023
4704,620 - Franklin City,58,40726.41,1,2023
5823,620 - Franklin City,75,55074.72,7,2023
6693,620 - Franklin City,64,48608.58,6,2023
7689,620 - Franklin City,60,40489.6,3,2023
8680,620 - Franklin City,63,37785.27,5,2023
9798,620 - Franklin City,71,51996.74,11,2023
10791,620 - Franklin City,71,46289.96,10,2023
11786,620 - Franklin City,82,66651.61,9,2023
847,620 - Franklin City,77,62767.37,4,2024
1971,620 - Franklin City,101,94764.29,8,2024
2965,620 - Franklin City,96,78176,12,2024
3833,620 - Franklin City,73,60705.96,2,2024
4828,620 - Franklin City,75,54979.16,1,2024
5949,620 - Franklin City,108,86073,7,2024
6817,620 - Franklin City,83,76094.31,6,2024
7813,620 - Franklin City,72,54844.03,3,2024
8804,620 - Franklin City,87,73203.72,5,2024
9924,620 - Franklin City,106,91684,11,2024
10916,620 - Franklin City,102,87688.9,10,2024
11912,620 - Franklin City,103,89385.18,9,2024
973,620 - Franklin City,108,89380,4,2025
3960,620 - Franklin City,100,85176,2,2025
4954,620 - Franklin City,103,82488,1,2025
6944,620 - Franklin City,115,92432,6,2025
7939,620 - Franklin City,103,81993,3,2025
8930,620 - Franklin City,105,91078,5,2025
1098,630 - Fredericksburg,151,82776,8,2017
2096,630 - Fredericksburg,141,71281,12,2017
5079,630 - Fredericksburg,155,89470,7,2017
9055,630 - Fredericksburg,149,79101,11,2017
10048,630 - Fredericksburg,156,65265,10,2017
11041,630 - Fredericksburg,149,83666,9,2017
102,630 - Fredericksburg,150,77962,4,2018
1223,630 - Fredericksburg,152,106092,8,2018
2221,630 - Fredericksburg,135,80285,12,2018
3090,630 - Fredericksburg,158,80709,2,2018
4085,630 - Fredericksburg,144,69194,1,2018
5204,630 - Fredericksburg,160,106257,7,2018
6073,630 - Fredericksburg,167,93112,6,2018
7069,630 - Fredericksburg,159,78513,3,2018
8065,630 - Fredericksburg,153,69700,5,2018
9179,630 - Fredericksburg,138,87645,11,2018
10173,630 - Fredericksburg,148,78483,10,2018
11166,630 - Fredericksburg,162,113624,9,2018
228,630 - Fredericksburg,133,82504,4,2019
1349,630 - Fredericksburg,158,104384,8,2019
2345,630 - Fredericksburg,166,101948.68,12,2019
3215,630 - Fredericksburg,130,87625,2,2019
4210,630 - Fredericksburg,133,74623,1,2019
5329,630 - Fredericksburg,150,94798.68,7,2019
6199,630 - Fredericksburg,153,97654,6,2019
7195,630 - Fredericksburg,138,74464,3,2019
8191,630 - Fredericksburg,146,102854,5,2019
9303,630 - Fredericksburg,165,114297.52,11,2019
10297,630 - Fredericksburg,163,92875.44,10,2019
11291,630 - Fredericksburg,157,94043.04,9,2019
353,630 - Fredericksburg,184,108771.8,4,2020
1471,630 - Fredericksburg,165,126711,8,2020
2465,630 - Fredericksburg,161,110016.16,12,2020
3340,630 - Fredericksburg,172,120275.8,2,2020
4335,630 - Fredericksburg,170,110951.96,1,2020
5450,630 - Fredericksburg,157,124196,7,2020
6321,630 - Fredericksburg,154,107282,6,2020
7320,630 - Fredericksburg,181,112669.76,3,2020
8310,630 - Fredericksburg,141,105329.8,5,2020
9425,630 - Fredericksburg,162,113123.16,11,2020
10418,630 - Fredericksburg,164,107888,10,2020
11413,630 - Fredericksburg,167,116636.6,9,2020
474,630 - Fredericksburg,155,113019.72,4,2021
1596,630 - Fredericksburg,163,132727.88,8,2021
2590,630 - Fredericksburg,147,114980.4,12,2021
3460,630 - Fredericksburg,140,88438.12,2,2021
4455,630 - Fredericksburg,155,106972.12,1,2021
5574,630 - Fredericksburg,170,151324.48,7,2021
6444,630 - Fredericksburg,155,105023.86,6,2021
7441,630 - Fredericksburg,149,88277.28,3,2021
8431,630 - Fredericksburg,162,112474.46,5,2021
9549,630 - Fredericksburg,149,98991.7,11,2021
10542,630 - Fredericksburg,140,104265.84,10,2021
11538,630 - Fredericksburg,167,112700.92,9,2021
598,630 - Fredericksburg,175,136613.28,4,2022
1721,630 - Fredericksburg,193,144983.44,8,2022
2715,630 - Fredericksburg,264,249283,12,2022
3584,630 - Fredericksburg,154,108387.86,2,2022
4580,630 - Fredericksburg,149,119448.54,1,2022
5698,630 - Fredericksburg,189,149995.64,7,2022
6568,630 - Fredericksburg,186,133371.72,6,2022
7565,630 - Fredericksburg,161,116251,3,2022
8555,630 - Fredericksburg,175,128262.36,5,2022
9674,630 - Fredericksburg,242,221484.5,11,2022
10667,630 - Fredericksburg,244,183876.68,10,2022
11663,630 - Fredericksburg,220,167038.72,9,2022
724,630 - Fredericksburg,266,271660.92,4,2023
1846,630 - Fredericksburg,268,253037.5,8,2023
2840,630 - Fredericksburg,287,281746.7,12,2023
3709,630 - Fredericksburg,272,254422.88,2,2023
4705,630 - Fredericksburg,270,260779.8,1,2023
5824,630 - Fredericksburg,258,286694.08,7,2023
6694,630 - Fredericksburg,254,243827.6,6,2023
7690,630 - Fredericksburg,269,226800.8,3,2023
8681,630 - Fredericksburg,263,219411.52,5,2023
9799,630 - Fredericksburg,285,277898.7,11,2023
10792,630 - Fredericksburg,283,248784.85,10,2023
11787,630 - Fredericksburg,291,273237.55,9,2023
848,630 - Fredericksburg,290,269885.71,4,2024
1972,630 - Fredericksburg,335,361387.18,8,2024
2966,630 - Fredericksburg,316,292289,12,2024
3834,630 - Fredericksburg,286,283286.05,2,2024
4829,630 - Fredericksburg,289,263270.35,1,2024
5950,630 - Fredericksburg,312,321775.2,7,2024
6818,630 - Fredericksburg,315,324200.68,6,2024
7814,630 - Fredericksburg,279,257157.79,3,2024
8805,630 - Fredericksburg,292,282532.67,5,2024
9925,630 - Fredericksburg,312,313086,11,2024
10917,630 - Fredericksburg,299,271040.36,10,2024
11913,630 - Fredericksburg,333,298657.52,9,2024
974,630 - Fredericksburg,355,337454,4,2025
3961,630 - Fredericksburg,342,355659,2,2025
4955,630 - Fredericksburg,339,333165,1,2025
6945,630 - Fredericksburg,367,352958,6,2025
7940,630 - Fredericksburg,350,312399,3,2025
8931,630 - Fredericksburg,351,341830,5,2025
1099,640 - Galax,18,4074,8,2017
2097,640 - Galax,14,2536,12,2017
5080,640 - Galax,18,4544,7,2017
9056,640 - Galax,17,3203,11,2017
10049,640 - Galax,14,3329,10,2017
11042,640 - Galax,19,4151,9,2017
103,640 - Galax,12,2406,4,2018
1224,640 - Galax,17,4154,8,2018
2222,640 - Galax,11,3621,12,2018
3091,640 - Galax,14,2510,2,2018
4086,640 - Galax,18,3083,1,2018
5205,640 - Galax,15,4022,7,2018
6074,640 - Galax,14,3283,6,2018
7070,640 - Galax,13,2770,3,2018
8066,640 - Galax,11,2301,5,2018
9180,640 - Galax,REDACTED,2604,11,2018
10174,640 - Galax,REDACTED,2078,10,2018
11167,640 - Galax,13,3187,9,2018
229,640 - Galax,REDACTED,2210,4,2019
1350,640 - Galax,10,3924,8,2019
2346,640 - Galax,REDACTED,2875,12,2019
3216,640 - Galax,11,4559,2,2019
4211,640 - Galax,10,3918,1,2019
5330,640 - Galax,10,3128,7,2019
6200,640 - Galax,12,4311,6,2019
7196,640 - Galax,12,2790,3,2019
8192,640 - Galax,11,3559,5,2019
9304,640 - Galax,REDACTED,3433,11,2019
10298,640 - Galax,REDACTED,3051,10,2019
11292,640 - Galax,10,3181,9,2019
354,640 - Galax,REDACTED,2745,4,2020
1472,640 - Galax,REDACTED,2952,8,2020
2466,640 - Galax,REDACTED,2559,12,2020
3341,640 - Galax,REDACTED,3140,2,2020
4336,640 - Galax,REDACTED,2867,1,2020
5451,640 - Galax,REDACTED,3070,7,2020
6322,640 - Galax,REDACTED,2835,6,2020
7321,640 - Galax,REDACTED,2451,3,2020
8311,640 - Galax,REDACTED,2964,5,2020
9426,640 - Galax,REDACTED,2819,11,2020
10419,640 - Galax,REDACTED,2740,10,2020
11414,640 - Galax,REDACTED,2706,9,2020
475,640 - Galax,REDACTED,2791,4,2021
1597,640 - Galax,16,7706,8,2021
2591,640 - Galax,30,12380,12,2021
3461,640 - Galax,REDACTED,2591,2,2021
4456,640 - Galax,REDACTED,2995,1,2021
5575,640 - Galax,10,5868,7,2021
6445,640 - Galax,10,4344,6,2021
7442,640 - Galax,REDACTED,2371,3,2021
8432,640 - Galax,REDACTED,3732.2,5,2021
9550,640 - Galax,26,10093,11,2021
10543,640 - Galax,23,9946,10,2021
11539,640 - Galax,20,8768,9,2021
599,640 - Galax,40,18476,4,2022
1722,640 - Galax,50,22552,8,2022
2716,640 - Galax,43,32179,12,2022
3585,640 - Galax,32,13319,2,2022
4581,640 - Galax,33,14847,1,2022
5699,640 - Galax,50,26397,7,2022
6569,640 - Galax,44,18993,6,2022
7566,640 - Galax,42,15950,3,2022
8556,640 - Galax,43,17209,5,2022
9675,640 - Galax,48,34967,11,2022
10668,640 - Galax,43,18510,10,2022
11664,640 - Galax,46,20911,9,2022
725,640 - Galax,41,29271,4,2023
1847,640 - Galax,51,33637,8,2023
2841,640 - Galax,52,36122,12,2023
3710,640 - Galax,40,30589,2,2023
4706,640 - Galax,43,32839,1,2023
5825,640 - Galax,53,40477,7,2023
6695,640 - Galax,44,32376,6,2023
7691,640 - Galax,39,25932,3,2023
8682,640 - Galax,45,27423,5,2023
9800,640 - Galax,54,38680,11,2023
10793,640 - Galax,43,30908,10,2023
11788,640 - Galax,49,38527,9,2023
849,640 - Galax,57,38196,4,2024
1973,640 - Galax,54,46023,8,2024
2967,640 - Galax,52,37273,12,2024
3835,640 - Galax,55,43179,2,2024
4830,640 - Galax,53,38411,1,2024
5951,640 - Galax,59,41337,7,2024
6819,640 - Galax,51,42386,6,2024
7815,640 - Galax,51,38284,3,2024
8806,640 - Galax,49,34303,5,2024
9926,640 - Galax,46,37971,11,2024
10918,640 - Galax,46,34600,10,2024
11914,640 - Galax,56,39506,9,2024
975,640 - Galax,58,43116,4,2025
3962,640 - Galax,57,44902,2,2025
4956,640 - Galax,63,46569,1,2025
6946,640 - Galax,64,48554,6,2025
7941,640 - Galax,55,39414,3,2025
8932,640 - Galax,59,46449,5,2025
1100,650 - Hampton,467,189718,8,2017
2098,650 - Hampton,430,173227,12,2017
5081,650 - Hampton,506,232890,7,2017
9057,650 - Hampton,460,190803,11,2017
10050,650 - Hampton,487,165593,10,2017
11043,650 - Hampton,469,209833,9,2017
104,650 - Hampton,448,180899,4,2018
1225,650 - Hampton,467,251391,8,2018
2223,650 - Hampton,457,232659,12,2018
3092,650 - Hampton,434,170302,2,2018
4087,650 - Hampton,441,158379,1,2018
5206,650 - Hampton,485,271387,7,2018
6075,650 - Hampton,490,204945,6,2018
7071,650 - Hampton,428,157825,3,2018
8067,650 - Hampton,499,186255,5,2018
9181,650 - Hampton,451,257926,11,2018
10175,650 - Hampton,438,197214,10,2018
11168,650 - Hampton,457,247468,9,2018
230,650 - Hampton,524,279010,4,2019
1351,650 - Hampton,594,315498.15,8,2019
2347,650 - Hampton,595,269356.7,12,2019
3217,650 - Hampton,474,268776,2,2019
4212,650 - Hampton,465,224263,1,2019
5331,650 - Hampton,581,283052.55,7,2019
6201,650 - Hampton,559,332019,6,2019
7197,650 - Hampton,489,244647,3,2019
8193,650 - Hampton,559,306806,5,2019
9305,650 - Hampton,622,308860.55,11,2019
10299,650 - Hampton,594,260740.3,10,2019
11293,650 - Hampton,596,294083.4,9,2019
355,650 - Hampton,586,217014,4,2020
1473,650 - Hampton,482,284163.4,8,2020
2467,650 - Hampton,428,217984.05,12,2020
3342,650 - Hampton,647,315579.6,2,2020
4337,650 - Hampton,640,280684.7,1,2020
5452,650 - Hampton,494,317767.2,7,2020
6323,650 - Hampton,466,274379.4,6,2020
7322,650 - Hampton,630,256860.5,3,2020
8312,650 - Hampton,390,176233.3,5,2020
9427,650 - Hampton,424,213498.36,11,2020
10420,650 - Hampton,470,207943.6,10,2020
11415,650 - Hampton,469,233021.4,9,2020
476,650 - Hampton,431,228794.59,4,2021
1598,650 - Hampton,500,326962.4,8,2021
2592,650 - Hampton,607,380776.74,12,2021
3462,650 - Hampton,410,198004.4,2,2021
4457,650 - Hampton,403,192971.35,1,2021
5576,650 - Hampton,493,353924.46,7,2021
6446,650 - Hampton,460,246235.74,6,2021
7443,650 - Hampton,421,189609.85,3,2021
8433,650 - Hampton,442,230057.33,5,2021
9551,650 - Hampton,567,341353,11,2021
10544,650 - Hampton,569,332985.92,10,2021
11540,650 - Hampton,537,331234.99,9,2021
600,650 - Hampton,695,457133.18,4,2022
1723,650 - Hampton,790,525740.63,8,2022
2717,650 - Hampton,865,694925.21,12,2022
3586,650 - Hampton,613,367787.18,2,2022
4582,650 - Hampton,589,391832.62,1,2022
5700,650 - Hampton,785,547089.57,7,2022
6570,650 - Hampton,712,450267.91,6,2022
7567,650 - Hampton,639,371930.57,3,2022
8557,650 - Hampton,687,416720.28,5,2022
9676,650 - Hampton,856,640722.92,11,2022
10669,650 - Hampton,815,506611.58,10,2022
11665,650 - Hampton,807,525949.2,9,2022
726,650 - Hampton,929,739520.3,4,2023
1848,650 - Hampton,989,772605.5,8,2023
2842,650 - Hampton,919,756327.28,12,2023
3711,650 - Hampton,892,683098.52,2,2023
4707,650 - Hampton,881,707600.57,1,2023
5826,650 - Hampton,981,853771.43,7,2023
6696,650 - Hampton,924,744749.03,6,2023
7692,650 - Hampton,861,601681.22,3,2023
8683,650 - Hampton,907,629524.56,5,2023
9801,650 - Hampton,874,723896.51,11,2023
10794,650 - Hampton,901,699498.84,10,2023
11789,650 - Hampton,1031,833810.66,9,2023
850,650 - Hampton,937,724485.5,4,2024
1974,650 - Hampton,1003,888292.14,8,2024
2968,650 - Hampton,845,656517,12,2024
3836,650 - Hampton,942,805222.37,2,2024
4831,650 - Hampton,903,709469.99,1,2024
5952,650 - Hampton,1013,833472.68,7,2024
6820,650 - Hampton,962,839178.19,6,2024
7816,650 - Hampton,928,731052.37,3,2024
8807,650 - Hampton,947,779407.38,5,2024
9927,650 - Hampton,864,730037.4,11,2024
10919,650 - Hampton,895,694408.22,10,2024
11915,650 - Hampton,1012,800057.53,9,2024
976,650 - Hampton,846,632803,4,2025
3963,650 - Hampton,835,694709,2,2025
4957,650 - Hampton,832,684632,1,2025
6947,650 - Hampton,861,685788,6,2025
7942,650 - Hampton,824,589750,3,2025
8933,650 - Hampton,846,676362,5,2025
1101,660 - Harrisonburg,111,43869,8,2017
2099,660 - Harrisonburg,116,37136,12,2017
5082,660 - Harrisonburg,129,44459,7,2017
9058,660 - Harrisonburg,118,47745,11,2017
10051,660 - Harrisonburg,113,41315,10,2017
11044,660 - Harrisonburg,118,44799,9,2017
105,660 - Harrisonburg,109,37724,4,2018
1226,660 - Harrisonburg,99,53756,8,2018
2224,660 - Harrisonburg,111,44078,12,2018
3093,660 - Harrisonburg,124,44351,2,2018
4088,660 - Harrisonburg,117,37641,1,2018
5207,660 - Harrisonburg,106,44947,7,2018
6076,660 - Harrisonburg,104,39748,6,2018
7072,660 - Harrisonburg,126,40934,3,2018
8068,660 - Harrisonburg,108,43618,5,2018
9182,660 - Harrisonburg,105,53789,11,2018
10176,660 - Harrisonburg,98,45952,10,2018
11169,660 - Harrisonburg,96,43835,9,2018
231,660 - Harrisonburg,114,52828,4,2019
1352,660 - Harrisonburg,134,70771,8,2019
2348,660 - Harrisonburg,130,52979,12,2019
3218,660 - Harrisonburg,116,58456,2,2019
4213,660 - Harrisonburg,106,44247,1,2019
5332,660 - Harrisonburg,137,55275,7,2019
6202,660 - Harrisonburg,128,65531,6,2019
7198,660 - Harrisonburg,114,53380,3,2019
8194,660 - Harrisonburg,120,59221,5,2019
9306,660 - Harrisonburg,133,67132,11,2019
10300,660 - Harrisonburg,127,56526,10,2019
11294,660 - Harrisonburg,146,60432,9,2019
356,660 - Harrisonburg,122,40168,4,2020
1474,660 - Harrisonburg,93,55039,8,2020
2468,660 - Harrisonburg,90,42930.8,12,2020
3343,660 - Harrisonburg,131,55832.6,2,2020
4338,660 - Harrisonburg,136,52607.6,1,2020
5453,660 - Harrisonburg,99,77289.4,7,2020
6324,660 - Harrisonburg,78,44568.6,6,2020
7323,660 - Harrisonburg,125,46597.2,3,2020
8313,660 - Harrisonburg,78,41476.8,5,2020
9428,660 - Harrisonburg,93,47908.01,11,2020
10421,660 - Harrisonburg,119,51257.4,10,2020
11416,660 - Harrisonburg,94,44097.2,9,2020
477,660 - Harrisonburg,91,47522.68,4,2021
1599,660 - Harrisonburg,104,63396.71,8,2021
2593,660 - Harrisonburg,104,58153.97,12,2021
3463,660 - Harrisonburg,90,43995.66,2,2021
4458,660 - Harrisonburg,89,39896.1,1,2021
5577,660 - Harrisonburg,111,68557.97,7,2021
6447,660 - Harrisonburg,94,44915.23,6,2021
7444,660 - Harrisonburg,81,32443.28,3,2021
8434,660 - Harrisonburg,86,44159.52,5,2021
9552,660 - Harrisonburg,98,50654.13,11,2021
10545,660 - Harrisonburg,95,51080.83,10,2021
11541,660 - Harrisonburg,111,55549.46,9,2021
601,660 - Harrisonburg,128,76513.19,4,2022
1724,660 - Harrisonburg,130,69112.96,8,2022
2718,660 - Harrisonburg,122,102575.74,12,2022
3587,660 - Harrisonburg,107,58387.71,2,2022
4583,660 - Harrisonburg,105,60118.19,1,2022
5701,660 - Harrisonburg,147,84148.83,7,2022
6571,660 - Harrisonburg,127,67818.46,6,2022
7568,660 - Harrisonburg,114,61081.74,3,2022
8558,660 - Harrisonburg,122,67279.84,5,2022
9677,660 - Harrisonburg,114,87400.17,11,2022
10670,660 - Harrisonburg,112,60647,10,2022
11666,660 - Harrisonburg,140,79422.45,9,2022
727,660 - Harrisonburg,121,115432.95,4,2023
1849,660 - Harrisonburg,127,103685.39,8,2023
2843,660 - Harrisonburg,124,110456.61,12,2023
3712,660 - Harrisonburg,124,101570.98,2,2023
4708,660 - Harrisonburg,118,100182.1,1,2023
5827,660 - Harrisonburg,141,114071.58,7,2023
6697,660 - Harrisonburg,130,112575.99,6,2023
7693,660 - Harrisonburg,124,88426.64,3,2023
8684,660 - Harrisonburg,127,92590.43,5,2023
9802,660 - Harrisonburg,128,110075.16,11,2023
10795,660 - Harrisonburg,127,104381.26,10,2023
11790,660 - Harrisonburg,131,96277.69,9,2023
851,660 - Harrisonburg,144,116857.34,4,2024
1975,660 - Harrisonburg,143,140277.24,8,2024
2969,660 - Harrisonburg,150,131637.11,12,2024
3837,660 - Harrisonburg,139,122220.4,2,2024
4832,660 - Harrisonburg,132,108363.38,1,2024
5953,660 - Harrisonburg,143,108241.68,7,2024
6821,660 - Harrisonburg,139,125931.55,6,2024
7817,660 - Harrisonburg,132,115001.62,3,2024
8808,660 - Harrisonburg,142,116260.48,5,2024
9928,660 - Harrisonburg,156,143751.75,11,2024
10920,660 - Harrisonburg,162,135928.47,10,2024
11916,660 - Harrisonburg,164,134176.09,9,2024
977,660 - Harrisonburg,151,131577.16,4,2025
3964,660 - Harrisonburg,154,149173.84,2,2025
4958,660 - Harrisonburg,135,120567.22,1,2025
6948,660 - Harrisonburg,157,143516.35,6,2025
7943,660 - Harrisonburg,148,124887.48,3,2025
8934,660 - Harrisonburg,157,140159.74,5,2025
1102,670 - Hopewell,160,53041,8,2017
2100,670 - Hopewell,138,44125,12,2017
5083,670 - Hopewell,151,59809,7,2017
9059,670 - Hopewell,155,46277,11,2017
10052,670 - Hopewell,153,41818,10,2017
11045,670 - Hopewell,154,54315,9,2017
106,670 - Hopewell,132,40629,4,2018
1227,670 - Hopewell,127,65937,8,2018
2225,670 - Hopewell,129,61564,12,2018
3094,670 - Hopewell,121,37685,2,2018
4089,670 - Hopewell,132,38663,1,2018
5208,670 - Hopewell,138,68271,7,2018
6077,670 - Hopewell,131,42571,6,2018
7073,670 - Hopewell,125,33778,3,2018
8069,670 - Hopewell,137,40369,5,2018
9183,670 - Hopewell,133,63737,11,2018
10177,670 - Hopewell,122,47744,10,2018
11170,670 - Hopewell,130,68581,9,2018
232,670 - Hopewell,149,62712,4,2019
1353,670 - Hopewell,164,77766,8,2019
2349,670 - Hopewell,154,63793.8,12,2019
3219,670 - Hopewell,133,67428,2,2019
4214,670 - Hopewell,127,55293,1,2019
5333,670 - Hopewell,171,77665.2,7,2019
6203,670 - Hopewell,163,76826,6,2019
7199,670 - Hopewell,134,57111,3,2019
8195,670 - Hopewell,157,70001,5,2019
9307,670 - Hopewell,160,71218.2,11,2019
10301,670 - Hopewell,168,63625.4,10,2019
11295,670 - Hopewell,155,75046.2,9,2019
357,670 - Hopewell,161,64602.4,4,2020
1475,670 - Hopewell,154,70971,8,2020
2469,670 - Hopewell,134,57790,12,2020
3344,670 - Hopewell,158,72885.8,2,2020
4339,670 - Hopewell,156,61724.4,1,2020
5454,670 - Hopewell,148,89487.4,7,2020
6325,670 - Hopewell,162,79635.4,6,2020
7324,670 - Hopewell,160,61006.4,3,2020
8314,670 - Hopewell,146,69907.2,5,2020
9429,670 - Hopewell,135,61064.4,11,2020
10422,670 - Hopewell,153,61625.2,10,2020
11417,670 - Hopewell,138,61364.8,9,2020
478,670 - Hopewell,125,65450.35,4,2021
1600,670 - Hopewell,138,74827.2,8,2021
2594,670 - Hopewell,143,69866.4,12,2021
3464,670 - Hopewell,129,57295.4,2,2021
4459,670 - Hopewell,128,59776.4,1,2021
5578,670 - Hopewell,138,84900.4,7,2021
6448,670 - Hopewell,123,63193.6,6,2021
7445,670 - Hopewell,126,49015.75,3,2021
8435,670 - Hopewell,125,65764.9,5,2021
9553,670 - Hopewell,135,66090.4,11,2021
10546,670 - Hopewell,139,70784.4,10,2021
11542,670 - Hopewell,136,66731.4,9,2021
602,670 - Hopewell,161,91067.4,4,2022
1725,670 - Hopewell,170,86583.6,8,2022
2719,670 - Hopewell,178,122429,12,2022
3588,670 - Hopewell,149,67839.4,2,2022
4584,670 - Hopewell,144,79185.4,1,2022
5702,670 - Hopewell,171,92182.6,7,2022
6572,670 - Hopewell,160,78939.8,6,2022
7569,670 - Hopewell,146,65695.8,3,2022
8559,670 - Hopewell,157,72954.8,5,2022
9678,670 - Hopewell,172,118779,11,2022
10671,670 - Hopewell,175,88399.2,10,2022
11667,670 - Hopewell,175,87339.8,9,2022
728,670 - Hopewell,183,137231,4,2023
1850,670 - Hopewell,197,136783,8,2023
2844,670 - Hopewell,193,140397,12,2023
3713,670 - Hopewell,172,119921,2,2023
4709,670 - Hopewell,174,128848,1,2023
5828,670 - Hopewell,192,154473,7,2023
6698,670 - Hopewell,181,128534,6,2023
7694,670 - Hopewell,175,106505,3,2023
8685,670 - Hopewell,187,112685,5,2023
9803,670 - Hopewell,192,136072,11,2023
10796,670 - Hopewell,189,130215,10,2023
11791,670 - Hopewell,188,137487,9,2023
852,670 - Hopewell,226,163773,4,2024
1976,670 - Hopewell,251,215787,8,2024
2970,670 - Hopewell,240,171045,12,2024
3838,670 - Hopewell,217,166353,2,2024
4833,670 - Hopewell,207,147383,1,2024
5954,670 - Hopewell,240,177681,7,2024
6822,670 - Hopewell,217,177138,6,2024
7818,670 - Hopewell,219,144118,3,2024
8809,670 - Hopewell,229,171656,5,2024
9929,670 - Hopewell,249,209452,11,2024
10921,670 - Hopewell,257,189569,10,2024
11917,670 - Hopewell,253,197942,9,2024
978,670 - Hopewell,236,167091,4,2025
3965,670 - Hopewell,236,179095,2,2025
4959,670 - Hopewell,238,181472,1,2025
6949,670 - Hopewell,245,178216,6,2025
7944,670 - Hopewell,242,157719,3,2025
8935,670 - Hopewell,241,174347,5,2025
1103,678 - Lexington,REDACTED,549,8,2017
2101,678 - Lexington,REDACTED,774,12,2017
5084,678 - Lexington,REDACTED,984,7,2017
9060,678 - Lexington,REDACTED,824,11,2017
10053,678 - Lexington,REDACTED,801,10,2017
11046,678 - Lexington,REDACTED,510,9,2017
107,678 - Lexington,REDACTED,903,4,2018
1228,678 - Lexington,REDACTED,3522,8,2018
2226,678 - Lexington,REDACTED,3480,12,2018
3095,678 - Lexington,REDACTED,704,2,2018
4090,678 - Lexington,REDACTED,499,1,2018
5209,678 - Lexington,REDACTED,3772,7,2018
6078,678 - Lexington,REDACTED,2242,6,2018
7074,678 - Lexington,REDACTED,607,3,2018
8070,678 - Lexington,REDACTED,878,5,2018
9184,678 - Lexington,REDACTED,4065,11,2018
10178,678 - Lexington,REDACTED,4318,10,2018
11171,678 - Lexington,REDACTED,2727,9,2018
233,678 - Lexington,REDACTED,3221,4,2019
1354,678 - Lexington,10,3856,8,2019
2350,678 - Lexington,11,4303.8,12,2019
3220,678 - Lexington,REDACTED,4108,2,2019
4215,678 - Lexington,REDACTED,1969,1,2019
5334,678 - Lexington,REDACTED,3129,7,2019
6204,678 - Lexington,REDACTED,1650,6,2019
7200,678 - Lexington,REDACTED,3087,3,2019
8196,678 - Lexington,REDACTED,3275,5,2019
9308,678 - Lexington,11,4516.4,11,2019
10302,678 - Lexington,REDACTED,3150,10,2019
11296,678 - Lexington,10,3351,9,2019
358,678 - Lexington,11,1522,4,2020
1476,678 - Lexington,REDACTED,9380,8,2020
2470,678 - Lexington,REDACTED,4517.16,12,2020
3345,678 - Lexington,11,4437.2,2,2020
4340,678 - Lexington,11,2628.4,1,2020
6326,678 - Lexington,REDACTED,2083.2,6,2020
7325,678 - Lexington,12,4161.2,3,2020
8315,678 - Lexington,REDACTED,2482,5,2020
9430,678 - Lexington,REDACTED,3786.23,11,2020
10423,678 - Lexington,REDACTED,2868,10,2020
11418,678 - Lexington,REDACTED,7909,9,2020
479,678 - Lexington,REDACTED,4887.31,4,2021
1601,678 - Lexington,14,8211.4,8,2021
2595,678 - Lexington,REDACTED,3468.91,12,2021
3465,678 - Lexington,REDACTED,3907.89,2,2021
4460,678 - Lexington,REDACTED,2611.66,1,2021
5579,678 - Lexington,10,6501.4,7,2021
6449,678 - Lexington,REDACTED,4822.49,6,2021
7446,678 - Lexington,REDACTED,3733.67,3,2021
8436,678 - Lexington,REDACTED,4708,5,2021
9554,678 - Lexington,REDACTED,3749.3,11,2021
10547,678 - Lexington,REDACTED,3709.66,10,2021
11543,678 - Lexington,12,6367.8,9,2021
603,678 - Lexington,REDACTED,3296.59,4,2022
1726,678 - Lexington,REDACTED,2697.86,8,2022
2720,678 - Lexington,REDACTED,2887.98,12,2022
3589,678 - Lexington,REDACTED,3334.63,2,2022
4585,678 - Lexington,REDACTED,3273.05,1,2022
5703,678 - Lexington,REDACTED,3330.92,7,2022
6573,678 - Lexington,REDACTED,3377.96,6,2022
7570,678 - Lexington,REDACTED,2866.6,3,2022
8560,678 - Lexington,REDACTED,2785.23,5,2022
9679,678 - Lexington,REDACTED,2731.89,11,2022
10672,678 - Lexington,REDACTED,2925.77,10,2022
11668,678 - Lexington,REDACTED,2517.14,9,2022
729,678 - Lexington,REDACTED,1535.69,4,2023
1851,678 - Lexington,10,9181.39,8,2023
2845,678 - Lexington,REDACTED,8474.12,12,2023
3714,678 - Lexington,REDACTED,4764.64,2,2023
4710,678 - Lexington,REDACTED,2575.65,1,2023
5829,678 - Lexington,10,11088.16,7,2023
6699,678 - Lexington,REDACTED,4136.57,6,2023
7695,678 - Lexington,REDACTED,3524.04,3,2023
8686,678 - Lexington,REDACTED,2467.2,5,2023
9804,678 - Lexington,REDACTED,7223.88,11,2023
10797,678 - Lexington,REDACTED,6288.34,10,2023
11792,678 - Lexington,12,9318.22,9,2023
853,678 - Lexington,REDACTED,7529.31,4,2024
1977,678 - Lexington,10,10157.29,8,2024
2971,678 - Lexington,11,8395,12,2024
3839,678 - Lexington,REDACTED,8257.48,2,2024
4834,678 - Lexington,10,9958.44,1,2024
5955,678 - Lexington,10,9036.85,7,2024
6823,678 - Lexington,REDACTED,8300.63,6,2024
7819,678 - Lexington,REDACTED,7057.01,3,2024
8810,678 - Lexington,REDACTED,8092.82,5,2024
9930,678 - Lexington,12,9871,11,2024
10922,678 - Lexington,12,10468.07,10,2024
11918,678 - Lexington,12,7791.69,9,2024
979,678 - Lexington,11,6281,4,2025
3966,678 - Lexington,11,9139,2,2025
4960,678 - Lexington,11,7514,1,2025
6950,678 - Lexington,11,6302,6,2025
7945,678 - Lexington,10,6564,3,2025
8936,678 - Lexington,10,7039,5,2025
1104,680 - Lynchburg,316,97583,8,2017
2102,680 - Lynchburg,303,84015,12,2017
5085,680 - Lynchburg,328,105339,7,2017
9061,680 - Lynchburg,315,94381,11,2017
10054,680 - Lynchburg,311,78919,10,2017
11047,680 - Lynchburg,325,99063,9,2017
108,680 - Lynchburg,252,66906,4,2018
1229,680 - Lynchburg,247,98370,8,2018
2227,680 - Lynchburg,284,100432,12,2018
3096,680 - Lynchburg,286,84817,2,2018
4091,680 - Lynchburg,295,72059,1,2018
5210,680 - Lynchburg,238,95812,7,2018
6079,680 - Lynchburg,247,67009,6,2018
7075,680 - Lynchburg,263,67360,3,2018
8071,680 - Lynchburg,248,71239,5,2018
9185,680 - Lynchburg,267,104758,11,2018
10179,680 - Lynchburg,247,88507,10,2018
11172,680 - Lynchburg,265,98657,9,2018
234,680 - Lynchburg,307,120189,4,2019
1355,680 - Lynchburg,335,138365.7,8,2019
2351,680 - Lynchburg,325,107690.9,12,2019
3221,680 - Lynchburg,289,116936,2,2019
4216,680 - Lynchburg,285,105402,1,2019
5335,680 - Lynchburg,315,128360.6,7,2019
6205,680 - Lynchburg,293,125494,6,2019
7201,680 - Lynchburg,295,108969,3,2019
8197,680 - Lynchburg,320,127116,5,2019
9309,680 - Lynchburg,326,114108.8,11,2019
10303,680 - Lynchburg,305,108466.2,10,2019
11297,680 - Lynchburg,351,112531.4,9,2019
359,680 - Lynchburg,352,113901.6,4,2020
1477,680 - Lynchburg,301,144596.3,8,2020
2471,680 - Lynchburg,228,90076.2,12,2020
3346,680 - Lynchburg,347,127305.5,2,2020
4341,680 - Lynchburg,329,110702.9,1,2020
5455,680 - Lynchburg,295,148425,7,2020
6327,680 - Lynchburg,286,114310,6,2020
7326,680 - Lynchburg,337,111558,3,2020
8316,680 - Lynchburg,289,113783.7,5,2020
9431,680 - Lynchburg,231,92158.4,11,2020
10424,680 - Lynchburg,275,96987.6,10,2020
11419,680 - Lynchburg,253,105456,9,2020
480,680 - Lynchburg,209,89933,4,2021
1602,680 - Lynchburg,332,166127.4,8,2021
2596,680 - Lynchburg,335,154627.4,12,2021
3466,680 - Lynchburg,220,83184,2,2021
4461,680 - Lynchburg,224,88901.4,1,2021
5580,680 - Lynchburg,287,153671.4,7,2021
6450,680 - Lynchburg,263,113293,6,2021
7447,680 - Lynchburg,225,86038,3,2021
8437,680 - Lynchburg,237,96546,5,2021
9555,680 - Lynchburg,340,146228,11,2021
10548,680 - Lynchburg,325,151039.8,10,2021
11544,680 - Lynchburg,340,147266.8,9,2021
604,680 - Lynchburg,376,182240,4,2022
1727,680 - Lynchburg,404,192810,8,2022
2721,680 - Lynchburg,464,335467,12,2022
3590,680 - Lynchburg,364,153403,2,2022
4586,680 - Lynchburg,340,166464,1,2022
5704,680 - Lynchburg,392,216794,7,2022
6574,680 - Lynchburg,405,178344,6,2022
7571,680 - Lynchburg,368,159616,3,2022
8561,680 - Lynchburg,387,172936,5,2022
9680,680 - Lynchburg,431,288370,11,2022
10673,680 - Lynchburg,405,184894,10,2022
11669,680 - Lynchburg,434,196476,9,2022
730,680 - Lynchburg,482,370303.79,4,2023
1852,680 - Lynchburg,567,419892.34,8,2023
2846,680 - Lynchburg,590,441342.77,12,2023
3715,680 - Lynchburg,483,334862.06,2,2023
4711,680 - Lynchburg,456,337316.06,1,2023
5830,680 - Lynchburg,555,456075.06,7,2023
6700,680 - Lynchburg,523,389392.79,6,2023
7696,680 - Lynchburg,497,312667.66,3,2023
8687,680 - Lynchburg,527,340618.6,5,2023
9805,680 - Lynchburg,587,442021.24,11,2023
10798,680 - Lynchburg,552,385620.02,10,2023
11793,680 - Lynchburg,558,407006.61,9,2023
854,680 - Lynchburg,621,431776.02,4,2024
1978,680 - Lynchburg,672,560267,8,2024
2972,680 - Lynchburg,624,441637,12,2024
3840,680 - Lynchburg,625,468335.56,2,2024
4835,680 - Lynchburg,605,424126.01,1,2024
5956,680 - Lynchburg,658,507212,7,2024
6824,680 - Lynchburg,653,491235.4,6,2024
7820,680 - Lynchburg,620,423874.25,3,2024
8811,680 - Lynchburg,639,471450.21,5,2024
9931,680 - Lynchburg,619,470560,11,2024
10923,680 - Lynchburg,619,425498,10,2024
11919,680 - Lynchburg,666,484581,9,2024
980,680 - Lynchburg,629,450450,4,2025
3967,680 - Lynchburg,606,475145,2,2025
4961,680 - Lynchburg,627,458413,1,2025
6951,680 - Lynchburg,642,479179,6,2025
7946,680 - Lynchburg,608,411047,3,2025
8937,680 - Lynchburg,636,485297,5,2025
1105,683 - Manassas,161,108875,8,2017
2103,683 - Manassas,182,111722,12,2017
5086,683 - Manassas,169,121161,7,2017
9062,683 - Manassas,187,111536,11,2017
10055,683 - Manassas,187,92564,10,2017
11048,683 - Manassas,164,112023,9,2017
109,683 - Manassas,179,114235,4,2018
1230,683 - Manassas,186,185212,8,2018
2228,683 - Manassas,169,136320,12,2018
3097,683 - Manassas,184,115258,2,2018
4092,683 - Manassas,174,107643,1,2018
5211,683 - Manassas,193,177387,7,2018
6080,683 - Manassas,197,126280,6,2018
7076,683 - Manassas,192,108472,3,2018
8072,683 - Manassas,188,117162,5,2018
9186,683 - Manassas,169,148755,11,2018
10180,683 - Manassas,179,134944,10,2018
11173,683 - Manassas,182,170662,9,2018
235,683 - Manassas,176,146599,4,2019
1356,683 - Manassas,161,157714,8,2019
2352,683 - Manassas,160,114944.05,12,2019
3222,683 - Manassas,175,155665,2,2019
4217,683 - Manassas,180,154739,1,2019
5336,683 - Manassas,156,126645.4,7,2019
6206,683 - Manassas,159,138319,6,2019
7202,683 - Manassas,168,130497,3,2019
8198,683 - Manassas,167,145868,5,2019
9310,683 - Manassas,164,128334.8,11,2019
10304,683 - Manassas,154,112783.35,10,2019
11298,683 - Manassas,154,123269.6,9,2019
360,683 - Manassas,138,107015.5,4,2020
1478,683 - Manassas,118,112003.65,8,2020
2472,683 - Manassas,116,97395.8,12,2020
3347,683 - Manassas,146,115567.05,2,2020
4342,683 - Manassas,150,108888.1,1,2020
5456,683 - Manassas,124,127338.6,7,2020
6328,683 - Manassas,119,111374.2,6,2020
7327,683 - Manassas,142,94998.65,3,2020
8317,683 - Manassas,118,108090.7,5,2020
9432,683 - Manassas,126,93293.6,11,2020
10425,683 - Manassas,139,101320.4,10,2020
11420,683 - Manassas,126,130772,9,2020
481,683 - Manassas,123,107191.8,4,2021
1603,683 - Manassas,181,169903.8,8,2021
2597,683 - Manassas,191,174276.4,12,2021
3467,683 - Manassas,110,96062.2,2,2021
4462,683 - Manassas,112,101448.2,1,2021
5581,683 - Manassas,157,162511.4,7,2021
6451,683 - Manassas,146,131530,6,2021
7448,683 - Manassas,115,91127,3,2021
8438,683 - Manassas,131,130058.2,5,2021
9556,683 - Manassas,193,162355.2,11,2021
10549,683 - Manassas,195,164977.05,10,2021
11545,683 - Manassas,192,167375.15,9,2021
605,683 - Manassas,200,183153,4,2022
1728,683 - Manassas,216,208661.64,8,2022
2722,683 - Manassas,247,250473.8,12,2022
3591,683 - Manassas,200,173438.6,2,2022
4587,683 - Manassas,203,189082.8,1,2022
5705,683 - Manassas,222,215241.28,7,2022
6575,683 - Manassas,216,186422.28,6,2022
7572,683 - Manassas,196,160233.2,3,2022
8562,683 - Manassas,197,170943,5,2022
9681,683 - Manassas,242,225959,11,2022
10674,683 - Manassas,234,202429.48,10,2022
11670,683 - Manassas,238,208651.92,9,2022
731,683 - Manassas,264,265832,4,2023
1853,683 - Manassas,266,274490,8,2023
2847,683 - Manassas,276,284563.67,12,2023
3716,683 - Manassas,249,241061,2,2023
4712,683 - Manassas,251,258004,1,2023
5831,683 - Manassas,269,310558,7,2023
6701,683 - Manassas,269,287564,6,2023
7697,683 - Manassas,251,220639,3,2023
8688,683 - Manassas,270,247217,5,2023
9806,683 - Manassas,287,277712,11,2023
10799,683 - Manassas,273,263905,10,2023
11794,683 - Manassas,271,285763,9,2023
855,683 - Manassas,288,283388,4,2024
1979,683 - Manassas,306,359109,8,2024
2973,683 - Manassas,289,267594,12,2024
3841,683 - Manassas,283,302285,2,2024
4836,683 - Manassas,270,262156,1,2024
5957,683 - Manassas,315,338099,7,2024
6825,683 - Manassas,304,328062,6,2024
7821,683 - Manassas,280,272899,3,2024
8812,683 - Manassas,296,298677,5,2024
9932,683 - Manassas,293,291366,11,2024
10924,683 - Manassas,291,266872,10,2024
11920,683 - Manassas,316,290960,9,2024
981,683 - Manassas,282,250003,4,2025
3968,683 - Manassas,291,282685,2,2025
4962,683 - Manassas,286,273832,1,2025
6952,683 - Manassas,286,264953,6,2025
7947,683 - Manassas,285,245094,3,2025
8938,683 - Manassas,284,270588,5,2025
1106,685 - Manassas Park,19,12802,8,2017
2104,685 - Manassas Park,23,11048,12,2017
5087,685 - Manassas Park,25,15184,7,2017
9063,685 - Manassas Park,19,11755,11,2017
10056,685 - Manassas Park,28,12961,10,2017
11049,685 - Manassas Park,22,12661,9,2017
110,685 - Manassas Park,30,16721,4,2018
1231,685 - Manassas Park,35,33401,8,2018
2229,685 - Manassas Park,29,23746,12,2018
3098,685 - Manassas Park,25,14398,2,2018
4093,685 - Manassas Park,23,13386,1,2018
5212,685 - Manassas Park,42,34035,7,2018
6081,685 - Manassas Park,39,21791,6,2018
7077,685 - Manassas Park,26,12915,3,2018
8073,685 - Manassas Park,36,19254,5,2018
9187,685 - Manassas Park,32,25965,11,2018
10181,685 - Manassas Park,33,24946,10,2018
11174,685 - Manassas Park,33,32464,9,2018
236,685 - Manassas Park,36,32342,4,2019
1357,685 - Manassas Park,35,36884,8,2019
2353,685 - Manassas Park,39,31073.55,12,2019
3223,685 - Manassas Park,29,23988,2,2019
4218,685 - Manassas Park,28,22356,1,2019
5337,685 - Manassas Park,36,33110.6,7,2019
6207,685 - Manassas Park,35,32617,6,2019
7203,685 - Manassas Park,38,24055,3,2019
8199,685 - Manassas Park,34,32277,5,2019
9311,685 - Manassas Park,39,35087.6,11,2019
10305,685 - Manassas Park,36,31250.4,10,2019
11299,685 - Manassas Park,34,31502.2,9,2019
361,685 - Manassas Park,34,28807.35,4,2020
1479,685 - Manassas Park,32,35826.45,8,2020
2473,685 - Manassas Park,29,28973.4,12,2020
3348,685 - Manassas Park,43,36559.9,2,2020
4343,685 - Manassas Park,43,39468.25,1,2020
5457,685 - Manassas Park,31,35438,7,2020
6329,685 - Manassas Park,28,28406.95,6,2020
7328,685 - Manassas Park,36,29305.8,3,2020
8318,685 - Manassas Park,29,31065.4,5,2020
9433,685 - Manassas Park,29,30361.8,11,2020
10426,685 - Manassas Park,32,28502.6,10,2020
11421,685 - Manassas Park,29,28858.2,9,2020
482,685 - Manassas Park,37,38122,4,2021
1604,685 - Manassas Park,46,49902,8,2021
2598,685 - Manassas Park,53,60433.6,12,2021
3468,685 - Manassas Park,36,32746,2,2021
4463,685 - Manassas Park,28,30091.8,1,2021
5582,685 - Manassas Park,45,54706.4,7,2021
6452,685 - Manassas Park,47,45648.2,6,2021
7449,685 - Manassas Park,36,34301,3,2021
8439,685 - Manassas Park,40,45309.6,5,2021
9557,685 - Manassas Park,47,50325.8,11,2021
10550,685 - Manassas Park,45,52241.6,10,2021
11546,685 - Manassas Park,45,50787.2,9,2021
606,685 - Manassas Park,51,58485.4,4,2022
1729,685 - Manassas Park,50,56078.6,8,2022
2723,685 - Manassas Park,60,69946,12,2022
3592,685 - Manassas Park,54,58163,2,2022
4588,685 - Manassas Park,51,64035.4,1,2022
5706,685 - Manassas Park,54,63427.6,7,2022
6576,685 - Manassas Park,53,58123.6,6,2022
7573,685 - Manassas Park,51,52431,3,2022
8563,685 - Manassas Park,58,56104.8,5,2022
9682,685 - Manassas Park,61,69077,11,2022
10675,685 - Manassas Park,58,67590.8,10,2022
11671,685 - Manassas Park,61,67537.4,9,2022
732,685 - Manassas Park,57,65259,4,2023
1854,685 - Manassas Park,65,66299,8,2023
2848,685 - Manassas Park,77,86077,12,2023
3717,685 - Manassas Park,57,61428,2,2023
4713,685 - Manassas Park,58,69474,1,2023
5832,685 - Manassas Park,59,72720,7,2023
6702,685 - Manassas Park,60,66653,6,2023
7698,685 - Manassas Park,60,58199,3,2023
8689,685 - Manassas Park,62,58625,5,2023
9807,685 - Manassas Park,80,86078,11,2023
10800,685 - Manassas Park,78,75287,10,2023
11795,685 - Manassas Park,79,77689,9,2023
856,685 - Manassas Park,82,88027,4,2024
1980,685 - Manassas Park,75,89094,8,2024
2974,685 - Manassas Park,57,61249,12,2024
3842,685 - Manassas Park,72,87457,2,2024
4837,685 - Manassas Park,71,77040,1,2024
5958,685 - Manassas Park,76,82110,7,2024
6826,685 - Manassas Park,84,97169,6,2024
7822,685 - Manassas Park,79,81043,3,2024
8813,685 - Manassas Park,81,93941,5,2024
9933,685 - Manassas Park,60,67619,11,2024
10925,685 - Manassas Park,62,61237,10,2024
11921,685 - Manassas Park,70,81178,9,2024
982,685 - Manassas Park,75,79533,4,2025
3969,685 - Manassas Park,65,69104,2,2025
4963,685 - Manassas Park,56,65364,1,2025
6953,685 - Manassas Park,82,83196,6,2025
7948,685 - Manassas Park,71,68640,3,2025
8939,685 - Manassas Park,72,77092,5,2025
1107,690 - Martinsville,48,9067,8,2017
2105,690 - Martinsville,67,12873,12,2017
5088,690 - Martinsville,53,10894,7,2017
9064,690 - Martinsville,57,10152,11,2017
10057,690 - Martinsville,71,13147,10,2017
11050,690 - Martinsville,57,14965,9,2017
111,690 - Martinsville,45,8463,4,2018
1232,690 - Martinsville,55,14802,8,2018
2230,690 - Martinsville,38,8714,12,2018
3099,690 - Martinsville,51,10606,2,2018
4094,690 - Martinsville,50,7581,1,2018
5213,690 - Martinsville,44,8316,7,2018
6082,690 - Martinsville,46,8082,6,2018
7078,690 - Martinsville,43,6654,3,2018
8074,690 - Martinsville,40,7842,5,2018
9188,690 - Martinsville,45,11766,11,2018
10182,690 - Martinsville,42,8474,10,2018
11175,690 - Martinsville,49,10164,9,2018
237,690 - Martinsville,40,10533,4,2019
1358,690 - Martinsville,68,22031.2,8,2019
2354,690 - Martinsville,62,15462.6,12,2019
3224,690 - Martinsville,43,10718,2,2019
4219,690 - Martinsville,47,12884,1,2019
5338,690 - Martinsville,42,12487,7,2019
6208,690 - Martinsville,59,16002,6,2019
7204,690 - Martinsville,53,12293,3,2019
8200,690 - Martinsville,54,11888,5,2019
9312,690 - Martinsville,76,19755.6,11,2019
10306,690 - Martinsville,82,19021.6,10,2019
11300,690 - Martinsville,63,14828,9,2019
362,690 - Martinsville,77,20181.2,4,2020
1480,690 - Martinsville,55,18167,8,2020
2474,690 - Martinsville,46,13839,12,2020
3349,690 - Martinsville,65,19834.6,2,2020
4344,690 - Martinsville,61,16673,1,2020
5458,690 - Martinsville,52,17241,7,2020
6330,690 - Martinsville,54,17680,6,2020
7329,690 - Martinsville,65,16309.6,3,2020
8319,690 - Martinsville,53,16298.2,5,2020
9434,690 - Martinsville,44,12230,11,2020
10427,690 - Martinsville,43,12486,10,2020
11422,690 - Martinsville,49,14392,9,2020
483,690 - Martinsville,43,11920,4,2021
1605,690 - Martinsville,63,26003,8,2021
2599,690 - Martinsville,53,17001.08,12,2021
3469,690 - Martinsville,30,8881,2,2021
4464,690 - Martinsville,29,10082,1,2021
5583,690 - Martinsville,56,23202,7,2021
6453,690 - Martinsville,47,15638,6,2021
7450,690 - Martinsville,40,11660,3,2021
8440,690 - Martinsville,44,16066,5,2021
9558,690 - Martinsville,68,29101.12,11,2021
10551,690 - Martinsville,56,17553,10,2021
11547,690 - Martinsville,60,18395.8,9,2021
607,690 - Martinsville,68,23984.62,4,2022
1730,690 - Martinsville,67,23759.06,8,2022
2724,690 - Martinsville,66,46407.84,12,2022
3593,690 - Martinsville,51,15700.34,2,2022
4589,690 - Martinsville,58,17961.22,1,2022
5707,690 - Martinsville,69,24903.68,7,2022
6577,690 - Martinsville,72,23260.28,6,2022
7574,690 - Martinsville,70,25863.4,3,2022
8564,690 - Martinsville,68,21677.54,5,2022
9683,690 - Martinsville,64,39963.82,11,2022
10676,690 - Martinsville,63,19798.6,10,2022
11672,690 - Martinsville,84,31972,9,2022
733,690 - Martinsville,88,66864.44,4,2023
1855,690 - Martinsville,90,71806.38,8,2023
2849,690 - Martinsville,91,69921.99,12,2023
3718,690 - Martinsville,91,71986.14,2,2023
4714,690 - Martinsville,95,62104.36,1,2023
5833,690 - Martinsville,96,74719.02,7,2023
6703,690 - Martinsville,84,65181.01,6,2023
7699,690 - Martinsville,84,52859.13,3,2023
8690,690 - Martinsville,67,47226.7,5,2023
9808,690 - Martinsville,87,66907.74,11,2023
10801,690 - Martinsville,95,61537.41,10,2023
11796,690 - Martinsville,92,68835.17,9,2023
857,690 - Martinsville,101,76293.05,4,2024
1981,690 - Martinsville,107,94801.39,8,2024
2975,690 - Martinsville,89,65347,12,2024
3843,690 - Martinsville,93,81068.67,2,2024
4838,690 - Martinsville,88,68528.98,1,2024
5959,690 - Martinsville,105,88455.44,7,2024
6827,690 - Martinsville,107,86053.46,6,2024
7823,690 - Martinsville,97,73901.15,3,2024
8814,690 - Martinsville,108,86147.72,5,2024
9934,690 - Martinsville,97,74193,11,2024
10926,690 - Martinsville,98,73797.04,10,2024
11922,690 - Martinsville,104,82093.36,9,2024
983,690 - Martinsville,90,63911,4,2025
3970,690 - Martinsville,92,76528,2,2025
4964,690 - Martinsville,86,67804,1,2025
6954,690 - Martinsville,113,85075,6,2025
7949,690 - Martinsville,95,62563,3,2025
8940,690 - Martinsville,105,78830,5,2025
1108,700 - Newport News,1246,473351,8,2017
2106,700 - Newport News,1094,375800,12,2017
5089,700 - Newport News,1288,495127,7,2017
9065,700 - Newport News,1151,406794,11,2017
10058,700 - Newport News,1214,388308,10,2017
11051,700 - Newport News,1254,494350,9,2017
112,700 - Newport News,1115,408413,4,2018
1233,700 - Newport News,1105,535468,8,2018
2231,700 - Newport News,1064,508173,12,2018
3100,700 - Newport News,1134,387312,2,2018
4095,700 - Newport News,1058,339743,1,2018
5214,700 - Newport News,1135,496184,7,2018
6083,700 - Newport News,1136,424064,6,2018
7079,700 - Newport News,1111,359023,3,2018
8075,700 - Newport News,1134,386037,5,2018
9189,700 - Newport News,1077,543860,11,2018
10183,700 - Newport News,1024,408603,10,2018
11176,700 - Newport News,1052,529067,9,2018
238,700 - Newport News,1171,557865,4,2019
1359,700 - Newport News,1252,656009.8,8,2019
2355,700 - Newport News,1328,566895.2,12,2019
3225,700 - Newport News,1091,554844,2,2019
4220,700 - Newport News,1039,453727,1,2019
5339,700 - Newport News,1280,530788.4,7,2019
6209,700 - Newport News,1281,662855,6,2019
7205,700 - Newport News,1113,489158,3,2019
8201,700 - Newport News,1246,602345,5,2019
9313,700 - Newport News,1334,669004.9,11,2019
10307,700 - Newport News,1330,572890.1,10,2019
11301,700 - Newport News,1234,609040.6,9,2019
363,700 - Newport News,1311,522025.8,4,2020
1481,700 - Newport News,1149,676320,8,2020
2475,700 - Newport News,865,398376.3,12,2020
3350,700 - Newport News,1371,661992.8,2,2020
4345,700 - Newport News,1325,584598.2,1,2020
5459,700 - Newport News,1116,651370.1,7,2020
6331,700 - Newport News,1045,579764.3,6,2020
7330,700 - Newport News,1348,562579.2,3,2020
8320,700 - Newport News,942,524972.4,5,2020
9435,700 - Newport News,863,421545.2,11,2020
10428,700 - Newport News,998,435188.4,10,2020
11423,700 - Newport News,1046,603287.7,9,2020
484,700 - Newport News,822,422065.5,4,2021
1606,700 - Newport News,979,621168.38,8,2021
2600,700 - Newport News,1123,686411.82,12,2021
3470,700 - Newport News,795,355629.55,2,2021
4465,700 - Newport News,851,386079.4,1,2021
5584,700 - Newport News,958,595643.18,7,2021
6454,700 - Newport News,908,495780.2,6,2021
7451,700 - Newport News,820,352937.2,3,2021
8441,700 - Newport News,848,467132.1,5,2021
9559,700 - Newport News,1099,623848.83,11,2021
10552,700 - Newport News,1076,602904.43,10,2021
11548,700 - Newport News,991,612413.28,9,2021
608,700 - Newport News,1247,769991.05,4,2022
1731,700 - Newport News,1284,781908.02,8,2022
2725,700 - Newport News,1475,1141650.36,12,2022
3594,700 - Newport News,1177,668575.49,2,2022
4590,700 - Newport News,1119,708108.27,1,2022
5708,700 - Newport News,1370,800304.91,7,2022
6578,700 - Newport News,1287,759146.54,6,2022
7575,700 - Newport News,1171,639375.32,3,2022
8565,700 - Newport News,1282,722835.1,5,2022
9684,700 - Newport News,1408,1016288.2,11,2022
10677,700 - Newport News,1357,800642.78,10,2022
11673,700 - Newport News,1357,827335.12,9,2022
734,700 - Newport News,1622,1240079.61,4,2023
1856,700 - Newport News,1622,1225631.53,8,2023
2850,700 - Newport News,1661,1258009.39,12,2023
3719,700 - Newport News,1532,1141845.93,2,2023
4715,700 - Newport News,1444,1120885.55,1,2023
5834,700 - Newport News,1670,1279513.66,7,2023
6704,700 - Newport News,1617,1266079.72,6,2023
7700,700 - Newport News,1545,1032270.54,3,2023
8691,700 - Newport News,1594,1094727.41,5,2023
9809,700 - Newport News,1667,1270804.4,11,2023
10802,700 - Newport News,1655,1182891.03,10,2023
11797,700 - Newport News,1688,1308945.05,9,2023
858,700 - Newport News,1698,1212431.26,4,2024
1982,700 - Newport News,1767,1520720.94,8,2024
2976,700 - Newport News,1601,1152064,12,2024
3844,700 - Newport News,1673,1326699.88,2,2024
4839,700 - Newport News,1596,1154681.28,1,2024
5960,700 - Newport News,1776,1248340.29,7,2024
6828,700 - Newport News,1659,1344360.45,6,2024
7824,700 - Newport News,1670,1205632.35,3,2024
8815,700 - Newport News,1664,1275929.39,5,2024
9935,700 - Newport News,1619,1265064.32,11,2024
10927,700 - Newport News,1634,1161987.48,10,2024
11923,700 - Newport News,1753,1337395.66,9,2024
984,700 - Newport News,1659,1201836,4,2025
3971,700 - Newport News,1641,1311994,2,2025
4965,700 - Newport News,1573,1181707,1,2025
6955,700 - Newport News,1719,1302893,6,2025
7950,700 - Newport News,1651,1133033,3,2025
8941,700 - Newport News,1704,1317985,5,2025
1109,710 - Norfolk,1100,439269,8,2017
2107,710 - Norfolk,1150,432908,12,2017
5090,710 - Norfolk,1146,498315,7,2017
9066,710 - Norfolk,1118,412501,11,2017
10059,710 - Norfolk,1108,350951,10,2017
11052,710 - Norfolk,1119,483519,9,2017
113,710 - Norfolk,1099,416062,4,2018
1234,710 - Norfolk,1121,631405,8,2018
2232,710 - Norfolk,973,513163,12,2018
3101,710 - Norfolk,1080,379763,2,2018
4096,710 - Norfolk,1165,405841,1,2018
5215,710 - Norfolk,1106,641279,7,2018
6084,710 - Norfolk,1103,436703,6,2018
7080,710 - Norfolk,1116,381778,3,2018
8076,710 - Norfolk,1109,407806,5,2018
9190,710 - Norfolk,985,538051,11,2018
10184,710 - Norfolk,983,422881,10,2018
11177,710 - Norfolk,1052,594582,9,2018
239,710 - Norfolk,1163,618817,4,2019
1360,710 - Norfolk,1245,710354.05,8,2019
2356,710 - Norfolk,1259,592144.7,12,2019
3226,710 - Norfolk,1070,607006,2,2019
4221,710 - Norfolk,1008,487995,1,2019
5340,710 - Norfolk,1223,657033.55,7,2019
6210,710 - Norfolk,1194,682556,6,2019
7206,710 - Norfolk,1086,524598,3,2019
8202,710 - Norfolk,1208,648811,5,2019
9314,710 - Norfolk,1225,636980.5,11,2019
10308,710 - Norfolk,1218,549462.65,10,2019
11302,710 - Norfolk,1227,633065.9,9,2019
364,710 - Norfolk,1287,607412.5,4,2020
1482,710 - Norfolk,1112,656521.2,8,2020
2476,710 - Norfolk,948,492612.6,12,2020
3351,710 - Norfolk,1279,673877.3,2,2020
4346,710 - Norfolk,1248,601166.15,1,2020
5460,710 - Norfolk,1155,800325.4,7,2020
6332,710 - Norfolk,1132,643076.05,6,2020
7331,710 - Norfolk,1265,577481.3,3,2020
8321,710 - Norfolk,1150,630833.75,5,2020
9436,710 - Norfolk,932,489817.5,11,2020
10429,710 - Norfolk,1125,504272.4,10,2020
11424,710 - Norfolk,1104,589891.2,9,2020
485,710 - Norfolk,880,472169.4,4,2021
1607,710 - Norfolk,1030,685510,8,2021
2601,710 - Norfolk,1121,721027.64,12,2021
3471,710 - Norfolk,911,446778.05,2,2021
4466,710 - Norfolk,956,512229,1,2021
5585,710 - Norfolk,1002,730191,7,2021
6455,710 - Norfolk,947,535759.82,6,2021
7452,710 - Norfolk,890,416258.76,3,2021
8442,710 - Norfolk,896,528217.7,5,2021
9560,710 - Norfolk,1102,662563.12,11,2021
10553,710 - Norfolk,1147,698085.12,10,2021
11549,710 - Norfolk,1100,711649.4,9,2021
609,710 - Norfolk,1263,844876.38,4,2022
1732,710 - Norfolk,1314,840794.15,8,2022
2726,710 - Norfolk,1387,1132548.21,12,2022
3595,710 - Norfolk,1190,716981.44,2,2022
4591,710 - Norfolk,1134,776036.16,1,2022
5709,710 - Norfolk,1386,999475.48,7,2022
6579,710 - Norfolk,1346,847192.97,6,2022
7576,710 - Norfolk,1200,690767.78,3,2022
8566,710 - Norfolk,1296,798750.01,5,2022
9685,710 - Norfolk,1335,1012240.09,11,2022
10678,710 - Norfolk,1383,830286.08,10,2022
11674,710 - Norfolk,1308,885211.24,9,2022
735,710 - Norfolk,1497,1216786.51,4,2023
1857,710 - Norfolk,1554,1240734.43,8,2023
2851,710 - Norfolk,1542,1283111.32,12,2023
3720,710 - Norfolk,1473,1152637.68,2,2023
4716,710 - Norfolk,1445,1172207.18,1,2023
5835,710 - Norfolk,1612,1428054.71,7,2023
6705,710 - Norfolk,1551,1266105.01,6,2023
7701,710 - Norfolk,1478,1042482.1,3,2023
8692,710 - Norfolk,1516,1068349.2,5,2023
9810,710 - Norfolk,1494,1237141.74,11,2023
10803,710 - Norfolk,1464,1127421.21,10,2023
11798,710 - Norfolk,1616,1391489.13,9,2023
859,710 - Norfolk,1675,1315276.99,4,2024
1983,710 - Norfolk,1735,1611373.64,8,2024
2977,710 - Norfolk,1655,1314273,12,2024
3845,710 - Norfolk,1616,1369721.07,2,2024
4840,710 - Norfolk,1578,1228439.75,1,2024
5961,710 - Norfolk,1775,1498468.3,7,2024
6829,710 - Norfolk,1761,1514219.6,6,2024
7825,710 - Norfolk,1601,1251462.47,3,2024
8816,710 - Norfolk,1771,1455493.53,5,2024
9936,710 - Norfolk,1633,1422327,11,2024
10928,710 - Norfolk,1647,1286570.38,10,2024
11924,710 - Norfolk,1760,1419599.21,9,2024
985,710 - Norfolk,1659,1291744,4,2025
3972,710 - Norfolk,1652,1397557,2,2025
4966,710 - Norfolk,1647,1353972,1,2025
6956,710 - Norfolk,1709,1413941,6,2025
7951,710 - Norfolk,1629,1200117,3,2025
8942,710 - Norfolk,1708,1401525,5,2025
1110,720 - Norton,REDACTED,333,8,2017
2108,720 - Norton,REDACTED,469,12,2017
5091,720 - Norton,REDACTED,593,7,2017
9067,720 - Norton,REDACTED,519,11,2017
10060,720 - Norton,REDACTED,585,10,2017
11053,720 - Norton,REDACTED,2308,9,2017
114,720 - Norton,REDACTED,538,4,2018
1235,720 - Norton,REDACTED,437,8,2018
3102,720 - Norton,REDACTED,532,2,2018
4097,720 - Norton,REDACTED,414,1,2018
5216,720 - Norton,REDACTED,511,7,2018
6085,720 - Norton,REDACTED,444,6,2018
7081,720 - Norton,REDACTED,424,3,2018
8077,720 - Norton,REDACTED,342,5,2018
11178,720 - Norton,REDACTED,139,9,2018
1483,720 - Norton,REDACTED,365,8,2020
5461,720 - Norton,REDACTED,110,7,2020
11425,720 - Norton,REDACTED,320,9,2020
1858,720 - Norton,REDACTED,3108,8,2023
2852,720 - Norton,REDACTED,1484,12,2023
5836,720 - Norton,REDACTED,2220,7,2023
9811,720 - Norton,REDACTED,424,11,2023
11799,720 - Norton,REDACTED,424,9,2023
860,720 - Norton,REDACTED,2441,4,2024
1984,720 - Norton,REDACTED,8801,8,2024
2978,720 - Norton,REDACTED,5921,12,2024
3846,720 - Norton,REDACTED,2452,2,2024
4841,720 - Norton,REDACTED,1820,1,2024
5962,720 - Norton,REDACTED,7417,7,2024
6830,720 - Norton,REDACTED,3967,6,2024
7826,720 - Norton,REDACTED,714,3,2024
8817,720 - Norton,REDACTED,3920,5,2024
9937,720 - Norton,REDACTED,2827,11,2024
10929,720 - Norton,REDACTED,2081,10,2024
11925,720 - Norton,REDACTED,3568,9,2024
986,720 - Norton,REDACTED,6612,4,2025
3973,720 - Norton,10,18856,2,2025
4967,720 - Norton,11,6967,1,2025
6957,720 - Norton,REDACTED,7867,6,2025
7952,720 - Norton,REDACTED,5954,3,2025
8943,720 - Norton,REDACTED,6323,5,2025
1111,730 - Petersburg,236,73779,8,2017
2109,730 - Petersburg,218,63574,12,2017
5092,730 - Petersburg,238,88278,7,2017
9068,730 - Petersburg,214,66298,11,2017
10061,730 - Petersburg,232,61051,10,2017
11054,730 - Petersburg,229,74933,9,2017
115,730 - Petersburg,222,65939,4,2018
1236,730 - Petersburg,205,94064,8,2018
2233,730 - Petersburg,218,87660,12,2018
3103,730 - Petersburg,208,62979,2,2018
4098,730 - Petersburg,208,60406,1,2018
5217,730 - Petersburg,209,97143,7,2018
6086,730 - Petersburg,208,62618,6,2018
7082,730 - Petersburg,205,50335,3,2018
8078,730 - Petersburg,213,63609,5,2018
9191,730 - Petersburg,220,99161,11,2018
10185,730 - Petersburg,210,77312,10,2018
11179,730 - Petersburg,202,94345,9,2018
240,730 - Petersburg,235,92637,4,2019
1361,730 - Petersburg,240,101235.4,8,2019
2357,730 - Petersburg,274,97506.4,12,2019
3227,730 - Petersburg,220,94254,2,2019
4222,730 - Petersburg,211,79585,1,2019
5341,730 - Petersburg,243,99531.2,7,2019
6211,730 - Petersburg,243,107923,6,2019
7207,730 - Petersburg,233,85102,3,2019
8203,730 - Petersburg,249,104302,5,2019
9315,730 - Petersburg,275,104227.8,11,2019
10309,730 - Petersburg,265,93518.8,10,2019
11303,730 - Petersburg,237,101313,9,2019
365,730 - Petersburg,298,103928.2,4,2020
1484,730 - Petersburg,276,136288.2,8,2020
2477,730 - Petersburg,240,107334.2,12,2020
3352,730 - Petersburg,310,127440.8,2,2020
4347,730 - Petersburg,291,111585.6,1,2020
5462,730 - Petersburg,276,159277,7,2020
6333,730 - Petersburg,265,136728.4,6,2020
7332,730 - Petersburg,301,104414.2,3,2020
8322,730 - Petersburg,251,112396.8,5,2020
9437,730 - Petersburg,246,117595.2,11,2020
10430,730 - Petersburg,287,113775,10,2020
11426,730 - Petersburg,265,129861.6,9,2020
486,730 - Petersburg,199,97164,4,2021
1608,730 - Petersburg,259,143017,8,2021
2602,730 - Petersburg,356,182366.7,12,2021
3472,730 - Petersburg,204,85385.4,2,2021
4467,730 - Petersburg,234,111696.4,1,2021
5586,730 - Petersburg,233,136784.6,7,2021
6456,730 - Petersburg,217,103294.4,6,2021
7453,730 - Petersburg,196,71656.8,3,2021
8443,730 - Petersburg,201,103226.2,5,2021
9561,730 - Petersburg,326,152386.7,11,2021
10554,730 - Petersburg,310,160704.2,10,2021
11550,730 - Petersburg,285,155136.4,9,2021
610,730 - Petersburg,378,207382.3,4,2022
1733,730 - Petersburg,410,215357.6,8,2022
2727,730 - Petersburg,447,351280,12,2022
3596,730 - Petersburg,368,170720,2,2022
4592,730 - Petersburg,362,194064.2,1,2022
5710,730 - Petersburg,400,247902.8,7,2022
6580,730 - Petersburg,388,191439.5,6,2022
7577,730 - Petersburg,372,163753.3,3,2022
8567,730 - Petersburg,381,180996.9,5,2022
9686,730 - Petersburg,434,305385.2,11,2022
10679,730 - Petersburg,417,203705.5,10,2022
11675,730 - Petersburg,421,224998,9,2022
736,730 - Petersburg,503,403713,4,2023
1859,730 - Petersburg,518,412500,8,2023
2853,730 - Petersburg,544,438407.38,12,2023
3721,730 - Petersburg,486,372714,2,2023
4717,730 - Petersburg,456,375201,1,2023
5837,730 - Petersburg,525,455037,7,2023
6706,730 - Petersburg,501,395818,6,2023
7702,730 - Petersburg,498,351731,3,2023
8693,730 - Petersburg,503,352998,5,2023
9812,730 - Petersburg,538,428194.67,11,2023
10804,730 - Petersburg,551,412248.2,10,2023
11800,730 - Petersburg,544,478908.8,9,2023
861,730 - Petersburg,587,449460.09,4,2024
1985,730 - Petersburg,620,547318.67,8,2024
2979,730 - Petersburg,597,465916,12,2024
3847,730 - Petersburg,575,476216.67,2,2024
4842,730 - Petersburg,551,425063.09,1,2024
5963,730 - Petersburg,626,483457.8,7,2024
6831,730 - Petersburg,623,521072.67,6,2024
7827,730 - Petersburg,570,437979.09,3,2024
8818,730 - Petersburg,596,486545.38,5,2024
9938,730 - Petersburg,593,494384,11,2024
10930,730 - Petersburg,591,440023,10,2024
11926,730 - Petersburg,647,525345.19,9,2024
987,730 - Petersburg,594,455354,4,2025
3974,730 - Petersburg,589,497680,2,2025
4968,730 - Petersburg,608,490917,1,2025
6958,730 - Petersburg,589,470406,6,2025
7953,730 - Petersburg,582,417818,3,2025
8944,730 - Petersburg,589,478511,5,2025
3848,735 - Poquoson,REDACTED,46,2,2024
6832,735 - Poquoson,REDACTED,118,6,2024
1112,740 - Portsmouth,457,195847,8,2017
2110,740 - Portsmouth,376,139254,12,2017
5093,740 - Portsmouth,488,201504,7,2017
9069,740 - Portsmouth,393,146146,11,2017
10062,740 - Portsmouth,420,137997,10,2017
11055,740 - Portsmouth,426,196770,9,2017
116,740 - Portsmouth,389,158846,4,2018
1237,740 - Portsmouth,399,222935,8,2018
2234,740 - Portsmouth,375,184272,12,2018
3104,740 - Portsmouth,371,136740,2,2018
4099,740 - Portsmouth,360,114936,1,2018
5218,740 - Portsmouth,431,221636,7,2018
6087,740 - Portsmouth,429,166810,6,2018
7083,740 - Portsmouth,381,137370,3,2018
8079,740 - Portsmouth,412,151168,5,2018
9192,740 - Portsmouth,366,189623,11,2018
10186,740 - Portsmouth,373,145701,10,2018
11180,740 - Portsmouth,380,205191,9,2018
241,740 - Portsmouth,464,238511,4,2019
1362,740 - Portsmouth,545,325702,8,2019
2358,740 - Portsmouth,524,254816,12,2019
3228,740 - Portsmouth,403,214536,2,2019
4223,740 - Portsmouth,383,169972,1,2019
5342,740 - Portsmouth,525,269251,7,2019
6212,740 - Portsmouth,486,269858,6,2019
7208,740 - Portsmouth,426,192450,3,2019
8204,740 - Portsmouth,491,260634,5,2019
9316,740 - Portsmouth,503,274827.6,11,2019
10310,740 - Portsmouth,516,242376.2,10,2019
11304,740 - Portsmouth,556,302154.5,9,2019
366,740 - Portsmouth,551,234568.2,4,2020
1485,740 - Portsmouth,446,240575,8,2020
2478,740 - Portsmouth,425,223491,12,2020
3353,740 - Portsmouth,543,288056.6,2,2020
4348,740 - Portsmouth,532,254605.6,1,2020
5463,740 - Portsmouth,490,313254,7,2020
6334,740 - Portsmouth,449,292403,6,2020
7333,740 - Portsmouth,544,247130.9,3,2020
8323,740 - Portsmouth,370,223734,5,2020
9438,740 - Portsmouth,439,249745,11,2020
10431,740 - Portsmouth,479,243972,10,2020
11427,740 - Portsmouth,461,261432,9,2020
487,740 - Portsmouth,412,232654,4,2021
1609,740 - Portsmouth,520,337093.6,8,2021
2603,740 - Portsmouth,699,422752,12,2021
3473,740 - Portsmouth,405,199324,2,2021
4468,740 - Portsmouth,407,222566,1,2021
5587,740 - Portsmouth,484,323955.6,7,2021
6457,740 - Portsmouth,436,243851,6,2021
7454,740 - Portsmouth,407,205029,3,2021
8444,740 - Portsmouth,420,240112,5,2021
9562,740 - Portsmouth,646,380241.2,11,2021
10555,740 - Portsmouth,614,365036.8,10,2021
11551,740 - Portsmouth,553,359912,9,2021
611,740 - Portsmouth,833,521590.6,4,2022
1734,740 - Portsmouth,842,518727.5,8,2022
2728,740 - Portsmouth,982,776951.2,12,2022
3597,740 - Portsmouth,753,428450.2,2,2022
4593,740 - Portsmouth,738,477827.2,1,2022
5711,740 - Portsmouth,900,574389.5,7,2022
6581,740 - Portsmouth,875,524234,6,2022
7578,740 - Portsmouth,783,433027,3,2022
8568,740 - Portsmouth,854,497432.2,5,2022
9687,740 - Portsmouth,966,700965,11,2022
10680,740 - Portsmouth,947,539715.1,10,2022
11676,740 - Portsmouth,873,583609.45,9,2022
737,740 - Portsmouth,1034,820131,4,2023
1860,740 - Portsmouth,1083,842241,8,2023
2854,740 - Portsmouth,1152,932648.2,12,2023
3722,740 - Portsmouth,1019,764346,2,2023
4718,740 - Portsmouth,977,775827,1,2023
5838,740 - Portsmouth,1080,875835,7,2023
6707,740 - Portsmouth,1056,831105,6,2023
7703,740 - Portsmouth,1039,702546,3,2023
8694,740 - Portsmouth,1037,713913,5,2023
9813,740 - Portsmouth,1147,894729.2,11,2023
10805,740 - Portsmouth,1120,807616.15,10,2023
11801,740 - Portsmouth,1086,965693,9,2023
862,740 - Portsmouth,1205,928554.16,4,2024
1986,740 - Portsmouth,1308,1208851.47,8,2024
2980,740 - Portsmouth,1220,940201,12,2024
3849,740 - Portsmouth,1186,1005247.44,2,2024
4843,740 - Portsmouth,1157,895910.16,1,2024
5964,740 - Portsmouth,1304,998058.08,7,2024
6833,740 - Portsmouth,1244,1054965.64,6,2024
7828,740 - Portsmouth,1189,912376.92,3,2024
8819,740 - Portsmouth,1207,1001305.68,5,2024
9939,740 - Portsmouth,1212,1006719,11,2024
10931,740 - Portsmouth,1200,910890.47,10,2024
11927,740 - Portsmouth,1325,1073088.21,9,2024
988,740 - Portsmouth,1266,943854,4,2025
3975,740 - Portsmouth,1242,1030575,2,2025
4969,740 - Portsmouth,1220,975798,1,2025
6959,740 - Portsmouth,1250,999418,6,2025
7954,740 - Portsmouth,1245,877044,3,2025
8945,740 - Portsmouth,1282,1011214,5,2025
1113,750 - Radford,29,5256,8,2017
2111,750 - Radford,33,7629,12,2017
5094,750 - Radford,32,6337,7,2017
9070,750 - Radford,29,7730,11,2017
10063,750 - Radford,28,5735,10,2017
11056,750 - Radford,27,6010,9,2017
117,750 - Radford,32,7925,4,2018
1238,750 - Radford,35,13428,8,2018
2235,750 - Radford,33,9229,12,2018
3105,750 - Radford,34,7484,2,2018
4100,750 - Radford,32,5360,1,2018
5219,750 - Radford,36,12587,7,2018
6088,750 - Radford,39,10538,6,2018
7084,750 - Radford,39,8761,3,2018
8080,750 - Radford,37,8265,5,2018
9193,750 - Radford,35,8190,11,2018
10187,750 - Radford,36,10070,10,2018
11181,750 - Radford,33,10366,9,2018
242,750 - Radford,38,9997,4,2019
1363,750 - Radford,34,12373.8,8,2019
2359,750 - Radford,28,8084.2,12,2019
3229,750 - Radford,31,9038,2,2019
4224,750 - Radford,29,8076,1,2019
5343,750 - Radford,33,11420.9,7,2019
6213,750 - Radford,36,10351,6,2019
7209,750 - Radford,37,8811,3,2019
8205,750 - Radford,37,9489,5,2019
9317,750 - Radford,41,11410.6,11,2019
10311,750 - Radford,42,11550.4,10,2019
11305,750 - Radford,43,11703.6,9,2019
367,750 - Radford,34,8544.6,4,2020
1486,750 - Radford,24,9662.6,8,2020
2479,750 - Radford,26,8636.72,12,2020
3354,750 - Radford,41,14480,2,2020
4349,750 - Radford,33,7991.6,1,2020
5464,750 - Radford,30,11032.2,7,2020
6335,750 - Radford,31,11217,6,2020
7334,750 - Radford,37,8985.6,3,2020
8324,750 - Radford,24,7799,5,2020
9439,750 - Radford,25,8827.56,11,2020
10432,750 - Radford,27,9115.4,10,2020
11428,750 - Radford,26,9409,9,2020
488,750 - Radford,37,16542.44,4,2021
1610,750 - Radford,55,29536.94,8,2021
2604,750 - Radford,60,34894.29,12,2021
3474,750 - Radford,24,9929.46,2,2021
4469,750 - Radford,26,8109.19,1,2021
5588,750 - Radford,43,26001.94,7,2021
6458,750 - Radford,40,17451.95,6,2021
7455,750 - Radford,29,8829.29,3,2021
8445,750 - Radford,44,18869.51,5,2021
9563,750 - Radford,49,23509.67,11,2021
10556,750 - Radford,61,29275.54,10,2021
11552,750 - Radford,58,27106.14,9,2021
612,750 - Radford,62,33998.02,4,2022
1735,750 - Radford,72,37236.41,8,2022
2729,750 - Radford,81,54740.16,12,2022
3598,750 - Radford,62,29809.21,2,2022
4594,750 - Radford,63,35107.89,1,2022
5712,750 - Radford,81,46467.38,7,2022
6582,750 - Radford,67,34342.3,6,2022
7579,750 - Radford,63,31416.77,3,2022
8569,750 - Radford,61,30969.08,5,2022
9688,750 - Radford,81,55030.88,11,2022
10681,750 - Radford,81,39504.46,10,2022
11677,750 - Radford,79,40939.23,9,2022
738,750 - Radford,81,55031.51,4,2023
1861,750 - Radford,76,51976.24,8,2023
2855,750 - Radford,83,57640.26,12,2023
3723,750 - Radford,80,48317.27,2,2023
4719,750 - Radford,80,52912.92,1,2023
5839,750 - Radford,108,82331.13,7,2023
6708,750 - Radford,88,62505.48,6,2023
7704,750 - Radford,79,44790.15,3,2023
8695,750 - Radford,79,49700.7,5,2023
9814,750 - Radford,89,63006.86,11,2023
10806,750 - Radford,81,56578.29,10,2023
11802,750 - Radford,90,61452.79,9,2023
863,750 - Radford,101,65695.02,4,2024
1987,750 - Radford,100,74886.72,8,2024
2981,750 - Radford,87,51897,12,2024
3850,750 - Radford,94,74135.96,2,2024
4844,750 - Radford,81,55194.35,1,2024
5965,750 - Radford,99,67965.2,7,2024
6834,750 - Radford,101,67635.26,6,2024
7829,750 - Radford,99,65093.34,3,2024
8820,750 - Radford,101,71430.12,5,2024
9940,750 - Radford,86,60433,11,2024
10932,750 - Radford,85,53750.69,10,2024
11928,750 - Radford,96,59124.06,9,2024
989,750 - Radford,76,49122,4,2025
3976,750 - Radford,85,58395,2,2025
4970,750 - Radford,80,54934,1,2025
6960,750 - Radford,78,52451,6,2025
7955,750 - Radford,80,47436,3,2025
8946,750 - Radford,74,49066,5,2025
1114,760 - Richmond City,980,453648,8,2017
2112,760 - Richmond City,887,373731,12,2017
5095,760 - Richmond City,1031,498486,7,2017
9071,760 - Richmond City,905,370991,11,2017
10064,760 - Richmond City,972,358149,10,2017
11057,760 - Richmond City,957,466182,9,2017
118,760 - Richmond City,952,423931,4,2018
1239,760 - Richmond City,984,665359,8,2018
2236,760 - Richmond City,921,565975,12,2018
3106,760 - Richmond City,903,401165,2,2018
4101,760 - Richmond City,878,348659,1,2018
5220,760 - Richmond City,999,656291,7,2018
6089,760 - Richmond City,976,452154,6,2018
7085,760 - Richmond City,908,370433,3,2018
8081,760 - Richmond City,990,431767,5,2018
9194,760 - Richmond City,928,583229,11,2018
10188,760 - Richmond City,982,539442,10,2018
11182,760 - Richmond City,947,666710,9,2018
243,760 - Richmond City,989,607732,4,2019
1364,760 - Richmond City,1019,678855,8,2019
2360,760 - Richmond City,1093,597346,12,2019
3230,760 - Richmond City,978,661448,2,2019
4225,760 - Richmond City,929,509521,1,2019
5344,760 - Richmond City,983,599793.2,7,2019
6214,760 - Richmond City,1011,645329,6,2019
7210,760 - Richmond City,974,560455,3,2019
8206,760 - Richmond City,1019,617209,5,2019
9318,760 - Richmond City,1043,630424.5,11,2019
10312,760 - Richmond City,1098,587079.2,10,2019
11306,760 - Richmond City,1022,638972.4,9,2019
368,760 - Richmond City,1066,593363.4,4,2020
1487,760 - Richmond City,973,687555.6,8,2020
2480,760 - Richmond City,714,421389.84,12,2020
3355,760 - Richmond City,1119,705788.8,2,2020
4350,760 - Richmond City,1120,631181.3,1,2020
5465,760 - Richmond City,978,763037,7,2020
6336,760 - Richmond City,975,627734,6,2020
7335,760 - Richmond City,1084,591028.5,3,2020
8325,760 - Richmond City,925,570564,5,2020
9440,760 - Richmond City,773,476897.96,11,2020
10433,760 - Richmond City,904,477530,10,2020
11429,760 - Richmond City,895,587804.2,9,2020
489,760 - Richmond City,590,395373.55,4,2021
1611,760 - Richmond City,729,562715.33,8,2021
2605,760 - Richmond City,854,610122.9,12,2021
3475,760 - Richmond City,637,355893.45,2,2021
4470,760 - Richmond City,652,394263.76,1,2021
5589,760 - Richmond City,678,553834.48,7,2021
6459,760 - Richmond City,633,439069.62,6,2021
7456,760 - Richmond City,598,323561.58,3,2021
8446,760 - Richmond City,611,424878.09,5,2021
9564,760 - Richmond City,829,538651.43,11,2021
10557,760 - Richmond City,830,572484.79,10,2021
11553,760 - Richmond City,804,590112.82,9,2021
613,760 - Richmond City,970,712155.42,4,2022
1736,760 - Richmond City,1094,786169.74,8,2022
2730,760 - Richmond City,1129,906344,12,2022
3599,760 - Richmond City,874,595025.54,2,2022
4595,760 - Richmond City,870,662188.13,1,2022
5713,760 - Richmond City,1067,829429.48,7,2022
6583,760 - Richmond City,1041,712622.96,6,2022
7580,760 - Richmond City,937,589941.2,3,2022
8570,760 - Richmond City,1024,689854.22,5,2022
9689,760 - Richmond City,1133,838323.1,11,2022
10682,760 - Richmond City,1070,717848.84,10,2022
11678,760 - Richmond City,1131,835701.06,9,2022
739,760 - Richmond City,1184,956869.48,4,2023
1862,760 - Richmond City,1282,1042853.68,8,2023
2856,760 - Richmond City,1334,1085743.8,12,2023
3724,760 - Richmond City,1167,906117.24,2,2023
4720,760 - Richmond City,1147,913448.1,1,2023
5840,760 - Richmond City,1271,1130598.78,7,2023
6709,760 - Richmond City,1229,986174.36,6,2023
7705,760 - Richmond City,1165,800783,3,2023
8696,760 - Richmond City,1235,871053.56,5,2023
9815,760 - Richmond City,1297,1043491.78,11,2023
10807,760 - Richmond City,1301,993110.63,10,2023
11803,760 - Richmond City,1349,1122023.48,9,2023
864,760 - Richmond City,1403,1065942.97,4,2024
1988,760 - Richmond City,1452,1369311.59,8,2024
2982,760 - Richmond City,1289,1015477,12,2024
3851,760 - Richmond City,1408,1192882.49,2,2024
4845,760 - Richmond City,1303,1012667.75,1,2024
5966,760 - Richmond City,1445,1255151.49,7,2024
6835,760 - Richmond City,1417,1258215.98,6,2024
7830,760 - Richmond City,1400,1086732.23,3,2024
8821,760 - Richmond City,1400,1145325.87,5,2024
9941,760 - Richmond City,1310,1105105,11,2024
10933,760 - Richmond City,1324,1020929.82,10,2024
11929,760 - Richmond City,1457,1207349.43,9,2024
990,760 - Richmond City,1328,1016105,4,2025
3977,760 - Richmond City,1306,1070526,2,2025
4971,760 - Richmond City,1300,1048264,1,2025
6961,760 - Richmond City,1334,1066258,6,2025
7956,760 - Richmond City,1311,954362,3,2025
8947,760 - Richmond City,1358,1100091,5,2025
1115,770 - Roanoke City,715,310839,8,2017
2113,770 - Roanoke City,694,287125,12,2017
5096,770 - Roanoke City,716,315715,7,2017
9072,770 - Roanoke City,686,256394,11,2017
10065,770 - Roanoke City,667,230526,10,2017
11058,770 - Roanoke City,695,285254,9,2017
119,770 - Roanoke City,658,259720,4,2018
1240,770 - Roanoke City,677,364565,8,2018
2237,770 - Roanoke City,614,294933,12,2018
3107,770 - Roanoke City,714,308423,2,2018
4102,770 - Roanoke City,647,231837,1,2018
5221,770 - Roanoke City,680,347001,7,2018
6090,770 - Roanoke City,656,264061,6,2018
7086,770 - Roanoke City,656,248339,3,2018
8082,770 - Roanoke City,690,276850,5,2018
9195,770 - Roanoke City,603,299641,11,2018
10189,770 - Roanoke City,640,274974,10,2018
11183,770 - Roanoke City,670,336377,9,2018
244,770 - Roanoke City,670,310983,4,2019
1365,770 - Roanoke City,762,421112.3,8,2019
2361,770 - Roanoke City,761,327163.1,12,2019
3231,770 - Roanoke City,646,354051,2,2019
4226,770 - Roanoke City,631,287318,1,2019
5345,770 - Roanoke City,730,376917.1,7,2019
6215,770 - Roanoke City,708,357688,6,2019
7211,770 - Roanoke City,672,316399,3,2019
8207,770 - Roanoke City,707,339423,5,2019
9319,770 - Roanoke City,765,365188.4,11,2019
10313,770 - Roanoke City,823,359354.9,10,2019
11307,770 - Roanoke City,801,385361.98,9,2019
369,770 - Roanoke City,777,337234.1,4,2020
1488,770 - Roanoke City,725,399427.2,8,2020
2481,770 - Roanoke City,589,269080.06,12,2020
3356,770 - Roanoke City,786,382433.7,2,2020
4351,770 - Roanoke City,768,345598.3,1,2020
5466,770 - Roanoke City,711,419572.2,7,2020
6337,770 - Roanoke City,680,368216.8,6,2020
7336,770 - Roanoke City,781,323255.7,3,2020
8326,770 - Roanoke City,691,362493.8,5,2020
9441,770 - Roanoke City,575,287612.38,11,2020
10434,770 - Roanoke City,659,315666.4,10,2020
11430,770 - Roanoke City,701,394748.2,9,2020
490,770 - Roanoke City,523,254177.16,4,2021
1612,770 - Roanoke City,651,411738.63,8,2021
2606,770 - Roanoke City,773,422760.96,12,2021
3476,770 - Roanoke City,535,260712.38,2,2021
4471,770 - Roanoke City,556,278747.6,1,2021
5590,770 - Roanoke City,637,403838.84,7,2021
6460,770 - Roanoke City,587,304729.2,6,2021
7457,770 - Roanoke City,523,244485.22,3,2021
8447,770 - Roanoke City,536,285443.8,5,2021
9565,770 - Roanoke City,750,383061.01,11,2021
10558,770 - Roanoke City,741,383542.87,10,2021
11554,770 - Roanoke City,728,410172.93,9,2021
614,770 - Roanoke City,805,455737.56,4,2022
1737,770 - Roanoke City,878,521262.63,8,2022
2731,770 - Roanoke City,861,612862.73,12,2022
3600,770 - Roanoke City,779,389349.62,2,2022
4596,770 - Roanoke City,774,438078.67,1,2022
5714,770 - Roanoke City,846,488445.4,7,2022
6584,770 - Roanoke City,827,463047.9,6,2022
7581,770 - Roanoke City,789,392348.61,3,2022
8571,770 - Roanoke City,831,435944.88,5,2022
9690,770 - Roanoke City,865,572709.73,11,2022
10683,770 - Roanoke City,847,447617.53,10,2022
11679,770 - Roanoke City,923,517335.59,9,2022
740,770 - Roanoke City,935,663521.61,4,2023
1863,770 - Roanoke City,1043,762407.93,8,2023
2857,770 - Roanoke City,1073,748902.76,12,2023
3725,770 - Roanoke City,908,631171.02,2,2023
4721,770 - Roanoke City,858,619399.65,1,2023
5841,770 - Roanoke City,1016,766197.62,7,2023
6710,770 - Roanoke City,965,700453.16,6,2023
7706,770 - Roanoke City,931,569086.06,3,2023
8697,770 - Roanoke City,963,587679.35,5,2023
9816,770 - Roanoke City,1113,784538.63,11,2023
10808,770 - Roanoke City,1089,758714.98,10,2023
11804,770 - Roanoke City,1094,795900.19,9,2023
865,770 - Roanoke City,1136,797800.92,4,2024
1989,770 - Roanoke City,1236,1024951.53,8,2024
2983,770 - Roanoke City,1167,818717,12,2024
3852,770 - Roanoke City,1103,819367.76,2,2024
4846,770 - Roanoke City,1098,770300.88,1,2024
5967,770 - Roanoke City,1172,863099.14,7,2024
6836,770 - Roanoke City,1134,858458.44,6,2024
7831,770 - Roanoke City,1118,757332.98,3,2024
8822,770 - Roanoke City,1088,785621.98,5,2024
9942,770 - Roanoke City,1140,852705,11,2024
10934,770 - Roanoke City,1168,797063.14,10,2024
11930,770 - Roanoke City,1221,878824.98,9,2024
991,770 - Roanoke City,1282,913677,4,2025
3978,770 - Roanoke City,1227,910939,2,2025
4972,770 - Roanoke City,1191,876672,1,2025
6962,770 - Roanoke City,1239,894071,6,2025
7957,770 - Roanoke City,1225,777277,3,2025
8948,770 - Roanoke City,1243,905711,5,2025
1116,790 - Staunton,43,19649,8,2017
2114,790 - Staunton,47,18551,12,2017
5097,790 - Staunton,49,21798,7,2017
9073,790 - Staunton,53,22119,11,2017
10066,790 - Staunton,45,13718,10,2017
11059,790 - Staunton,57,29184,9,2017
120,790 - Staunton,57,16989,4,2018
1241,790 - Staunton,75,38668,8,2018
2238,790 - Staunton,45,17735,12,2018
3108,790 - Staunton,65,27303,2,2018
4103,790 - Staunton,44,14473,1,2018
5222,790 - Staunton,57,27659,7,2018
6091,790 - Staunton,56,16719,6,2018
7087,790 - Staunton,58,17545,3,2018
8083,790 - Staunton,58,15143,5,2018
9196,790 - Staunton,46,20788,11,2018
10190,790 - Staunton,53,19406,10,2018
11184,790 - Staunton,63,22736,9,2018
245,790 - Staunton,57,24465,4,2019
1366,790 - Staunton,68,34557,8,2019
2362,790 - Staunton,82,27549,12,2019
3232,790 - Staunton,59,31831,2,2019
4227,790 - Staunton,50,19516,1,2019
5346,790 - Staunton,61,30517,7,2019
6216,790 - Staunton,65,29859,6,2019
7212,790 - Staunton,52,23576,3,2019
8208,790 - Staunton,59,27038,5,2019
9320,790 - Staunton,77,35437,11,2019
10314,790 - Staunton,83,29553,10,2019
11308,790 - Staunton,82,35320.8,9,2019
370,790 - Staunton,72,24623.2,4,2020
1489,790 - Staunton,60,30378,8,2020
2482,790 - Staunton,49,24253.6,12,2020
3357,790 - Staunton,78,30432.6,2,2020
4352,790 - Staunton,75,26135.2,1,2020
5467,790 - Staunton,54,33605,7,2020
6338,790 - Staunton,54,27601.8,6,2020
7337,790 - Staunton,71,26987,3,2020
8327,790 - Staunton,45,20047,5,2020
9442,790 - Staunton,55,25736,11,2020
10435,790 - Staunton,62,27248,10,2020
11431,790 - Staunton,55,43756.8,9,2020
491,790 - Staunton,42,18217,4,2021
1613,790 - Staunton,50,28921,8,2021
2607,790 - Staunton,58,31125.4,12,2021
3477,790 - Staunton,41,16250,2,2021
4472,790 - Staunton,47,19875,1,2021
5591,790 - Staunton,44,30721,7,2021
6461,790 - Staunton,44,19114,6,2021
7458,790 - Staunton,41,16076,3,2021
8448,790 - Staunton,42,19629,5,2021
9566,790 - Staunton,58,28879.71,11,2021
10559,790 - Staunton,54,30541,10,2021
11555,790 - Staunton,41,21394,9,2021
615,790 - Staunton,64,38084.2,4,2022
1738,790 - Staunton,60,46493.6,8,2022
2732,790 - Staunton,69,54891.6,12,2022
3601,790 - Staunton,58,32314.2,2,2022
4597,790 - Staunton,65,38636.8,1,2022
5715,790 - Staunton,51,34164.6,7,2022
6585,790 - Staunton,67,33868.4,6,2022
7582,790 - Staunton,55,28211.2,3,2022
8572,790 - Staunton,67,38534.4,5,2022
9691,790 - Staunton,74,52671.4,11,2022
10684,790 - Staunton,70,33744.8,10,2022
11680,790 - Staunton,69,35975,9,2022
741,790 - Staunton,85,72878,4,2023
1864,790 - Staunton,95,76323,8,2023
2858,790 - Staunton,86,66741,12,2023
3726,790 - Staunton,82,58066,2,2023
4722,790 - Staunton,69,51247.8,1,2023
5842,790 - Staunton,90,72222,7,2023
6711,790 - Staunton,80,68990,6,2023
7707,790 - Staunton,79,46954,3,2023
8698,790 - Staunton,81,55526,5,2023
9817,790 - Staunton,83,63174,11,2023
10809,790 - Staunton,78,53108.66,10,2023
11805,790 - Staunton,82,56221.66,9,2023
866,790 - Staunton,72,48580,4,2024
1990,790 - Staunton,76,63874.7,8,2024
2984,790 - Staunton,66,45331.67,12,2024
3853,790 - Staunton,76,60861,2,2024
4847,790 - Staunton,81,55473,1,2024
5968,790 - Staunton,82,65029,7,2024
6837,790 - Staunton,76,53531.7,6,2024
7832,790 - Staunton,72,52213,3,2024
8823,790 - Staunton,71,52247.7,5,2024
9943,790 - Staunton,62,48452.21,11,2024
10935,790 - Staunton,60,40545.71,10,2024
11931,790 - Staunton,70,47946.8,9,2024
992,790 - Staunton,67,48430.67,4,2025
3979,790 - Staunton,70,53045.21,2,2025
4973,790 - Staunton,68,51526.94,1,2025
6963,790 - Staunton,73,59991.24,6,2025
7958,790 - Staunton,59,41277.4,3,2025
8949,790 - Staunton,61,48151.94,5,2025
1117,800 - Suffolk,181,68737,8,2017
2115,800 - Suffolk,183,67834,12,2017
5098,800 - Suffolk,196,81981,7,2017
9074,800 - Suffolk,180,69404,11,2017
10067,800 - Suffolk,175,56173,10,2017
11060,800 - Suffolk,176,67779,9,2017
121,800 - Suffolk,170,61405,4,2018
1242,800 - Suffolk,160,83570,8,2018
2239,800 - Suffolk,156,77804,12,2018
3109,800 - Suffolk,175,63601,2,2018
4104,800 - Suffolk,174,57143,1,2018
5223,800 - Suffolk,160,85430,7,2018
6092,800 - Suffolk,168,58671,6,2018
7088,800 - Suffolk,162,55537,3,2018
8084,800 - Suffolk,166,54470,5,2018
9197,800 - Suffolk,156,79195,11,2018
10191,800 - Suffolk,152,63651,10,2018
11185,800 - Suffolk,164,91595,9,2018
246,800 - Suffolk,201,104497,4,2019
1367,800 - Suffolk,216,132418,8,2019
2363,800 - Suffolk,192,95818.2,12,2019
3233,800 - Suffolk,189,113545,2,2019
4228,800 - Suffolk,162,74468,1,2019
5347,800 - Suffolk,225,124982.8,7,2019
6217,800 - Suffolk,210,117702,6,2019
7213,800 - Suffolk,191,91872,3,2019
8209,800 - Suffolk,204,111842,5,2019
9321,800 - Suffolk,203,101581.8,11,2019
10315,800 - Suffolk,196,87578.6,10,2019
11309,800 - Suffolk,215,126209,9,2019
371,800 - Suffolk,206,91306.8,4,2020
1490,800 - Suffolk,170,109409,8,2020
2483,800 - Suffolk,168,89267.47,12,2020
3358,800 - Suffolk,213,116581.8,2,2020
4353,800 - Suffolk,202,99367.2,1,2020
5468,800 - Suffolk,186,145563,7,2020
6339,800 - Suffolk,193,141581,6,2020
7338,800 - Suffolk,210,94638.4,3,2020
8328,800 - Suffolk,147,85587.8,5,2020
9443,800 - Suffolk,172,95375.94,11,2020
10436,800 - Suffolk,193,94944.8,10,2020
11432,800 - Suffolk,176,101339,9,2020
492,800 - Suffolk,150,82286.2,4,2021
1614,800 - Suffolk,208,142619.92,8,2021
2608,800 - Suffolk,236,155585.56,12,2021
3478,800 - Suffolk,154,74335.13,2,2021
4473,800 - Suffolk,158,82875.41,1,2021
5592,800 - Suffolk,200,140897.76,7,2021
6462,800 - Suffolk,170,89488.68,6,2021
7459,800 - Suffolk,152,75429.26,3,2021
8449,800 - Suffolk,163,92207.28,5,2021
9567,800 - Suffolk,225,134555.64,11,2021
10560,800 - Suffolk,227,130975.24,10,2021
11556,800 - Suffolk,212,135754.52,9,2021
616,800 - Suffolk,261,173081.81,4,2022
1739,800 - Suffolk,287,187235.96,8,2022
2733,800 - Suffolk,309,252520.04,12,2022
3602,800 - Suffolk,253,148318.67,2,2022
4598,800 - Suffolk,248,165785.68,1,2022
5716,800 - Suffolk,307,211977.56,7,2022
6586,800 - Suffolk,281,175104.77,6,2022
7583,800 - Suffolk,263,149136.4,3,2022
8573,800 - Suffolk,287,168178.87,5,2022
9692,800 - Suffolk,294,230552.36,11,2022
10685,800 - Suffolk,312,175833.07,10,2022
11681,800 - Suffolk,290,204573.67,9,2022
742,800 - Suffolk,348,269546.41,4,2023
1865,800 - Suffolk,379,292601.08,8,2023
2859,800 - Suffolk,433,353120.02,12,2023
3727,800 - Suffolk,324,244072.48,2,2023
4723,800 - Suffolk,299,245923.31,1,2023
5843,800 - Suffolk,379,305815.7,7,2023
6712,800 - Suffolk,344,275122.13,6,2023
7708,800 - Suffolk,329,223039.5,3,2023
8699,800 - Suffolk,342,235448.48,5,2023
9818,800 - Suffolk,408,337363.02,11,2023
10810,800 - Suffolk,387,305420.08,10,2023
11806,800 - Suffolk,383,336719.15,9,2023
867,800 - Suffolk,466,366858.7,4,2024
1991,800 - Suffolk,456,423727.29,8,2024
2985,800 - Suffolk,395,312308,12,2024
3854,800 - Suffolk,451,378873.61,2,2024
4848,800 - Suffolk,430,331210.38,1,2024
5969,800 - Suffolk,457,383349.21,7,2024
6838,800 - Suffolk,483,419813.82,6,2024
7833,800 - Suffolk,451,352634.59,3,2024
8824,800 - Suffolk,473,391213.4,5,2024
9944,800 - Suffolk,407,353863,11,2024
10936,800 - Suffolk,415,322740.09,10,2024
11932,800 - Suffolk,475,379610.34,9,2024
993,800 - Suffolk,378,288380,4,2025
3980,800 - Suffolk,401,331817,2,2025
4974,800 - Suffolk,394,317072,1,2025
6964,800 - Suffolk,377,294812,6,2025
7959,800 - Suffolk,378,273858,3,2025
8950,800 - Suffolk,391,309900,5,2025
1118,810 - Virginia Beach,1043,519610,8,2017
2116,810 - Virginia Beach,1089,513999,12,2017
5099,810 - Virginia Beach,1124,619650,7,2017
9075,810 - Virginia Beach,1084,502431,11,2017
10068,810 - Virginia Beach,1140,452201,10,2017
11061,810 - Virginia Beach,1049,564251,9,2017
122,810 - Virginia Beach,1045,475666,4,2018
1243,810 - Virginia Beach,958,670450,8,2018
2240,810 - Virginia Beach,959,615818,12,2018
3110,810 - Virginia Beach,1024,458465,2,2018
4105,810 - Virginia Beach,1038,454280,1,2018
5224,810 - Virginia Beach,1023,693560,7,2018
6093,810 - Virginia Beach,1013,504818,6,2018
7089,810 - Virginia Beach,1030,440641,3,2018
8085,810 - Virginia Beach,1024,471764,5,2018
9198,810 - Virginia Beach,951,638883,11,2018
10192,810 - Virginia Beach,956,521615,10,2018
11186,810 - Virginia Beach,990,671195,9,2018
247,810 - Virginia Beach,1010,623814,4,2019
1368,810 - Virginia Beach,1100,764540.2,8,2019
2364,810 - Virginia Beach,1153,677426,12,2019
3234,810 - Virginia Beach,928,614827,2,2019
4229,810 - Virginia Beach,931,568701,1,2019
5348,810 - Virginia Beach,1127,725498.4,7,2019
6218,810 - Virginia Beach,1067,732895,6,2019
7214,810 - Virginia Beach,947,594124,3,2019
8210,810 - Virginia Beach,1068,695248,5,2019
9322,810 - Virginia Beach,1127,723999.6,11,2019
10316,810 - Virginia Beach,1107,625493.2,10,2019
11310,810 - Virginia Beach,1092,717016.6,9,2019
372,810 - Virginia Beach,1141,589653.2,4,2020
1491,810 - Virginia Beach,922,648900.8,8,2020
2484,810 - Virginia Beach,833,502845.6,12,2020
3359,810 - Virginia Beach,1182,777265.45,2,2020
4354,810 - Virginia Beach,1140,689831.6,1,2020
5469,810 - Virginia Beach,964,805042.2,7,2020
6340,810 - Virginia Beach,1000,893401.8,6,2020
7339,810 - Virginia Beach,1159,672369.9,3,2020
8329,810 - Virginia Beach,709,480510,5,2020
9444,810 - Virginia Beach,839,534679.2,11,2020
10437,810 - Virginia Beach,915,549588,10,2020
11433,810 - Virginia Beach,909,600634.6,9,2020
493,810 - Virginia Beach,846,538410.8,4,2021
1615,810 - Virginia Beach,1055,831576.2,8,2021
2609,810 - Virginia Beach,1262,954711.67,12,2021
3479,810 - Virginia Beach,822,491784.2,2,2021
4474,810 - Virginia Beach,815,522751.8,1,2021
5593,810 - Virginia Beach,1018,851992,7,2021
6463,810 - Virginia Beach,930,631050.8,6,2021
7460,810 - Virginia Beach,828,453295.2,3,2021
8450,810 - Virginia Beach,865,613891.8,5,2021
9568,810 - Virginia Beach,1233,864666.78,11,2021
10561,810 - Virginia Beach,1215,861205.8,10,2021
11557,810 - Virginia Beach,1118,850935.2,9,2021
617,810 - Virginia Beach,1464,1150327.38,4,2022
1740,810 - Virginia Beach,1532,1235862.98,8,2022
2734,810 - Virginia Beach,1749,1506198.49,12,2022
3603,810 - Virginia Beach,1358,971429.62,2,2022
4599,810 - Virginia Beach,1334,1063420.57,1,2022
5717,810 - Virginia Beach,1573,1220989.97,7,2022
6587,810 - Virginia Beach,1505,1113948.31,6,2022
7584,810 - Virginia Beach,1402,968405.45,3,2022
8574,810 - Virginia Beach,1486,1073866.87,5,2022
9693,810 - Virginia Beach,1677,1347137.53,11,2022
10686,810 - Virginia Beach,1727,1237493.02,10,2022
11682,810 - Virginia Beach,1590,1287535.27,9,2022
743,810 - Virginia Beach,1807,1516055.95,4,2023
1866,810 - Virginia Beach,1869,1540452.99,8,2023
2860,810 - Virginia Beach,1937,1605707.19,12,2023
3728,810 - Virginia Beach,1771,1416068.38,2,2023
4724,810 - Virginia Beach,1776,1505532.08,1,2023
5844,810 - Virginia Beach,1932,1722680.81,7,2023
6713,810 - Virginia Beach,1887,1597753.86,6,2023
7709,810 - Virginia Beach,1799,1310058.73,3,2023
8700,810 - Virginia Beach,1837,1347854.53,5,2023
9819,810 - Virginia Beach,1943,1553566.49,11,2023
10811,810 - Virginia Beach,1872,1431557.74,10,2023
11807,810 - Virginia Beach,1960,1661372.95,9,2023
868,810 - Virginia Beach,1952,1516995.87,4,2024
1992,810 - Virginia Beach,2101,1903403.07,8,2024
2986,810 - Virginia Beach,2018,1559162,12,2024
3855,810 - Virginia Beach,1960,1645358.45,2,2024
4849,810 - Virginia Beach,1956,1528876.28,1,2024
5970,810 - Virginia Beach,2147,1749449.91,7,2024
6839,810 - Virginia Beach,2054,1782239.8,6,2024
7834,810 - Virginia Beach,1958,1500810.75,3,2024
8825,810 - Virginia Beach,2030,1658232.26,5,2024
9945,810 - Virginia Beach,1936,1629236,11,2024
10937,810 - Virginia Beach,1944,1474696.05,10,2024
11933,810 - Virginia Beach,2123,1698204.92,9,2024
994,810 - Virginia Beach,2153,1663612,4,2025
3981,810 - Virginia Beach,2136,1784429,2,2025
4975,810 - Virginia Beach,2065,1690185,1,2025
6965,810 - Virginia Beach,2165,1748072,6,2025
7960,810 - Virginia Beach,2142,1558024,3,2025
8951,810 - Virginia Beach,2174,1769799,5,2025
1119,820 - Waynesboro,59,19253,8,2017
2117,820 - Waynesboro,44,15311,12,2017
5100,820 - Waynesboro,67,23085,7,2017
9076,820 - Waynesboro,40,11623,11,2017
10069,820 - Waynesboro,45,15315,10,2017
11062,820 - Waynesboro,51,15675,9,2017
123,820 - Waynesboro,54,19579,4,2018
1244,820 - Waynesboro,52,24553,8,2018
2241,820 - Waynesboro,48,17622,12,2018
3111,820 - Waynesboro,53,16218,2,2018
4106,820 - Waynesboro,49,17356,1,2018
5225,820 - Waynesboro,52,28070,7,2018
6094,820 - Waynesboro,50,18086,6,2018
7090,820 - Waynesboro,49,15037,3,2018
8086,820 - Waynesboro,48,16189,5,2018
9199,820 - Waynesboro,53,22047,11,2018
10193,820 - Waynesboro,50,24680,10,2018
11187,820 - Waynesboro,50,20640,9,2018
248,820 - Waynesboro,47,16591,4,2019
1369,820 - Waynesboro,64,26089,8,2019
2365,820 - Waynesboro,67,22333.6,12,2019
3235,820 - Waynesboro,52,21118,2,2019
4230,820 - Waynesboro,47,16368,1,2019
5349,820 - Waynesboro,61,29302,7,2019
6219,820 - Waynesboro,53,22798,6,2019
7215,820 - Waynesboro,50,22287,3,2019
8211,820 - Waynesboro,62,25411,5,2019
9323,820 - Waynesboro,69,25586.2,11,2019
10317,820 - Waynesboro,66,19938.6,10,2019
11311,820 - Waynesboro,64,21475.8,9,2019
373,820 - Waynesboro,58,19871.4,4,2020
1492,820 - Waynesboro,42,24448,8,2020
2485,820 - Waynesboro,33,13345.8,12,2020
3360,820 - Waynesboro,59,22325.6,2,2020
4355,820 - Waynesboro,65,20926.8,1,2020
5470,820 - Waynesboro,51,32876,7,2020
6341,820 - Waynesboro,42,19607,6,2020
7340,820 - Waynesboro,59,17426.6,3,2020
8330,820 - Waynesboro,47,19448,5,2020
9445,820 - Waynesboro,35,14721.6,11,2020
10438,820 - Waynesboro,40,13600,10,2020
11434,820 - Waynesboro,48,24086,9,2020
494,820 - Waynesboro,44,17395.8,4,2021
1616,820 - Waynesboro,47,30542.2,8,2021
2610,820 - Waynesboro,51,23160.4,12,2021
3480,820 - Waynesboro,36,15389.8,2,2021
4475,820 - Waynesboro,34,11896.4,1,2021
5594,820 - Waynesboro,49,33225.2,7,2021
6464,820 - Waynesboro,44,21457.8,6,2021
7461,820 - Waynesboro,39,14499,3,2021
8451,820 - Waynesboro,42,23865.2,5,2021
9569,820 - Waynesboro,46,23732.2,11,2021
10562,820 - Waynesboro,45,22902.2,10,2021
11558,820 - Waynesboro,53,23171,9,2021
618,820 - Waynesboro,68,34539.4,4,2022
1741,820 - Waynesboro,92,51493.1,8,2022
2735,820 - Waynesboro,82,60381,12,2022
3604,820 - Waynesboro,62,26546.6,2,2022
4600,820 - Waynesboro,58,33163,1,2022
5718,820 - Waynesboro,82,47990.2,7,2022
6588,820 - Waynesboro,77,36645.6,6,2022
7585,820 - Waynesboro,58,25671,3,2022
8575,820 - Waynesboro,71,36367.6,5,2022
9694,820 - Waynesboro,78,57203,11,2022
10687,820 - Waynesboro,82,42275.2,10,2022
11683,820 - Waynesboro,92,51585.8,9,2022
744,820 - Waynesboro,88,68090.99,4,2023
1867,820 - Waynesboro,92,69571.33,8,2023
2861,820 - Waynesboro,82,62621.68,12,2023
3729,820 - Waynesboro,80,54903,2,2023
4725,820 - Waynesboro,80,60910,1,2023
5845,820 - Waynesboro,97,80752.99,7,2023
6714,820 - Waynesboro,100,76288.99,6,2023
7710,820 - Waynesboro,81,49975,3,2023
8701,820 - Waynesboro,88,56000.99,5,2023
9820,820 - Waynesboro,84,62090.03,11,2023
10812,820 - Waynesboro,76,54767.75,10,2023
11808,820 - Waynesboro,84,59886.66,9,2023
869,820 - Waynesboro,71,51213,4,2024
1993,820 - Waynesboro,76,65279,8,2024
2987,820 - Waynesboro,68,47342,12,2024
3856,820 - Waynesboro,79,61800.34,2,2024
4850,820 - Waynesboro,74,56826.74,1,2024
5971,820 - Waynesboro,72,61447,7,2024
6840,820 - Waynesboro,75,59323,6,2024
7835,820 - Waynesboro,76,53681,3,2024
8826,820 - Waynesboro,78,54799,5,2024
9946,820 - Waynesboro,65,49768,11,2024
10938,820 - Waynesboro,72,45073,10,2024
11934,820 - Waynesboro,77,49004,9,2024
995,820 - Waynesboro,56,37426,4,2025
3982,820 - Waynesboro,66,49959,2,2025
4976,820 - Waynesboro,61,47781,1,2025
6966,820 - Waynesboro,63,49678,6,2025
7961,820 - Waynesboro,58,37107,3,2025
8952,820 - Waynesboro,55,38145,5,2025
1120,830 - Williamsburg,50,26152,8,2017
2118,830 - Williamsburg,36,14544,12,2017
5101,830 - Williamsburg,47,24452,7,2017
9077,830 - Williamsburg,48,25042,11,2017
10070,830 - Williamsburg,49,21873,10,2017
11063,830 - Williamsburg,50,24449,9,2017
124,830 - Williamsburg,34,20337,4,2018
1245,830 - Williamsburg,46,27786,8,2018
2242,830 - Williamsburg,40,21823,12,2018
3112,830 - Williamsburg,36,16885,2,2018
4107,830 - Williamsburg,34,17515,1,2018
5226,830 - Williamsburg,42,22348,7,2018
6095,830 - Williamsburg,40,19206,6,2018
7091,830 - Williamsburg,33,13637,3,2018
8087,830 - Williamsburg,38,15970,5,2018
9200,830 - Williamsburg,47,24659,11,2018
10194,830 - Williamsburg,47,23377,10,2018
11188,830 - Williamsburg,43,27911,9,2018
249,830 - Williamsburg,47,25362,4,2019
1370,830 - Williamsburg,51,26452.2,8,2019
2366,830 - Williamsburg,37,14322.9,12,2019
3236,830 - Williamsburg,36,19143,2,2019
4231,830 - Williamsburg,39,17992,1,2019
5350,830 - Williamsburg,42,24723.6,7,2019
6220,830 - Williamsburg,45,28081,6,2019
7216,830 - Williamsburg,37,15631,3,2019
8212,830 - Williamsburg,43,22579,5,2019
9324,830 - Williamsburg,31,20206,11,2019
10318,830 - Williamsburg,38,17326.9,10,2019
11312,830 - Williamsburg,37,23075.2,9,2019
374,830 - Williamsburg,23,11558,4,2020
1493,830 - Williamsburg,26,16834,8,2020
2486,830 - Williamsburg,26,13460.2,12,2020
3361,830 - Williamsburg,33,15756.1,2,2020
4356,830 - Williamsburg,36,21481.8,1,2020
5471,830 - Williamsburg,26,18503.4,7,2020
6342,830 - Williamsburg,23,12741,6,2020
7341,830 - Williamsburg,24,12822.3,3,2020
8331,830 - Williamsburg,20,10790.2,5,2020
9446,830 - Williamsburg,22,12566.6,11,2020
10439,830 - Williamsburg,31,14990.4,10,2020
11435,830 - Williamsburg,26,13836.4,9,2020
495,830 - Williamsburg,18,10529.4,4,2021
1617,830 - Williamsburg,17,14432,8,2021
2611,830 - Williamsburg,24,17260.96,12,2021
3481,830 - Williamsburg,21,11638.4,2,2021
4476,830 - Williamsburg,18,11975.2,1,2021
5595,830 - Williamsburg,20,15884,7,2021
6465,830 - Williamsburg,17,12007.8,6,2021
7462,830 - Williamsburg,19,8985,3,2021
8452,830 - Williamsburg,21,11935.8,5,2021
9570,830 - Williamsburg,21,14332.88,11,2021
10563,830 - Williamsburg,23,16824.36,10,2021
11559,830 - Williamsburg,19,14480.96,9,2021
619,830 - Williamsburg,31,24274.44,4,2022
1742,830 - Williamsburg,39,30608,8,2022
2736,830 - Williamsburg,40,36792,12,2022
3605,830 - Williamsburg,26,19562.88,2,2022
4601,830 - Williamsburg,22,17089.24,1,2022
5719,830 - Williamsburg,34,25282.2,7,2022
6589,830 - Williamsburg,33,25362.92,6,2022
7586,830 - Williamsburg,27,19282.6,3,2022
8576,830 - Williamsburg,32,23580.88,5,2022
9695,830 - Williamsburg,41,33030,11,2022
10688,830 - Williamsburg,35,26540.05,10,2022
11684,830 - Williamsburg,38,31764,9,2022
745,830 - Williamsburg,42,37750,4,2023
1868,830 - Williamsburg,33,28132,8,2023
2862,830 - Williamsburg,32,27911,12,2023
3730,830 - Williamsburg,45,40996,2,2023
4726,830 - Williamsburg,45,39704,1,2023
5846,830 - Williamsburg,38,33361,7,2023
6715,830 - Williamsburg,40,36091,6,2023
7711,830 - Williamsburg,41,30577,3,2023
8702,830 - Williamsburg,44,30781,5,2023
9821,830 - Williamsburg,30,24646,11,2023
10813,830 - Williamsburg,36,27558,10,2023
11809,830 - Williamsburg,27,25534,9,2023
870,830 - Williamsburg,32,26095,4,2024
1994,830 - Williamsburg,48,38899,8,2024
2988,830 - Williamsburg,35,27575,12,2024
3857,830 - Williamsburg,31,28620,2,2024
4851,830 - Williamsburg,31,26123,1,2024
5972,830 - Williamsburg,45,35441,7,2024
6841,830 - Williamsburg,41,35699,6,2024
7836,830 - Williamsburg,33,26539,3,2024
8827,830 - Williamsburg,35,30857,5,2024
9947,830 - Williamsburg,41,32472,11,2024
10939,830 - Williamsburg,41,28851,10,2024
11935,830 - Williamsburg,42,32961,9,2024
996,830 - Williamsburg,36,28880,4,2025
3983,830 - Williamsburg,33,30961,2,2025
4977,830 - Williamsburg,38,31121,1,2025
6967,830 - Williamsburg,32,27719,6,2025
7962,830 - Williamsburg,32,26623,3,2025
8953,830 - Williamsburg,35,29260,5,2025
1121,840 - Winchester,77,36834,8,2017
2119,840 - Winchester,63,26053,12,2017
5102,840 - Winchester,73,37241,7,2017
9078,840 - Winchester,67,32770,11,2017
10071,840 - Winchester,67,25819,10,2017
11064,840 - Winchester,78,32634,9,2017
125,840 - Winchester,75,28875,4,2018
1246,840 - Winchester,80,47617,8,2018
2243,840 - Winchester,71,36545,12,2018
3113,840 - Winchester,72,32834,2,2018
4108,840 - Winchester,72,26499,1,2018
5227,840 - Winchester,81,46546,7,2018
6096,840 - Winchester,81,35410,6,2018
7092,840 - Winchester,74,28475,3,2018
8088,840 - Winchester,84,31298,5,2018
9201,840 - Winchester,73,40394,11,2018
10195,840 - Winchester,78,40419,10,2018
11189,840 - Winchester,74,43912,9,2018
250,840 - Winchester,69,39487,4,2019
1371,840 - Winchester,73,36836.8,8,2019
2367,840 - Winchester,92,36371,12,2019
3237,840 - Winchester,78,45850,2,2019
4232,840 - Winchester,70,38569,1,2019
5351,840 - Winchester,72,35654.4,7,2019
6221,840 - Winchester,74,45490,6,2019
7217,840 - Winchester,72,39453,3,2019
8213,840 - Winchester,71,41197,5,2019
9325,840 - Winchester,88,43099.4,11,2019
10319,840 - Winchester,94,38451.7,10,2019
11313,840 - Winchester,75,37812.9,9,2019
375,840 - Winchester,79,33304.6,4,2020
1494,840 - Winchester,64,34431.4,8,2020
2487,840 - Winchester,50,24329.4,12,2020
3362,840 - Winchester,88,40533.6,2,2020
4357,840 - Winchester,89,37611.6,1,2020
5472,840 - Winchester,77,54880.2,7,2020
6343,840 - Winchester,76,34862.2,6,2020
7342,840 - Winchester,90,34853.4,3,2020
8332,840 - Winchester,51,30546,5,2020
9447,840 - Winchester,53,32895,11,2020
10440,840 - Winchester,60,29070.6,10,2020
11436,840 - Winchester,54,27967,9,2020
496,840 - Winchester,52,28579,4,2021
1618,840 - Winchester,64,40175.6,8,2021
2612,840 - Winchester,64,38629,12,2021
3482,840 - Winchester,48,25789.4,2,2021
4477,840 - Winchester,50,25330.4,1,2021
5596,840 - Winchester,57,39594.6,7,2021
6466,840 - Winchester,70,36674.8,6,2021
7463,840 - Winchester,48,25763.6,3,2021
8453,840 - Winchester,56,33417,5,2021
9571,840 - Winchester,67,36863.4,11,2021
10564,840 - Winchester,69,40055.6,10,2021
11560,840 - Winchester,68,37223.8,9,2021
620,840 - Winchester,77,46002,4,2022
1743,840 - Winchester,96,57656.4,8,2022
2737,840 - Winchester,95,85650,12,2022
3606,840 - Winchester,68,37614.4,2,2022
4602,840 - Winchester,68,41882.6,1,2022
5720,840 - Winchester,92,60546.6,7,2022
6590,840 - Winchester,86,52223.4,6,2022
7587,840 - Winchester,72,46488.4,3,2022
8577,840 - Winchester,85,60903.2,5,2022
9696,840 - Winchester,98,75813,11,2022
10689,840 - Winchester,94,56832.2,10,2022
11685,840 - Winchester,96,60303.2,9,2022
746,840 - Winchester,109,90846,4,2023
1869,840 - Winchester,110,91247,8,2023
2863,840 - Winchester,117,103047,12,2023
3731,840 - Winchester,96,81608,2,2023
4727,840 - Winchester,92,82254,1,2023
5847,840 - Winchester,119,111272,7,2023
6716,840 - Winchester,113,98641,6,2023
7712,840 - Winchester,100,78879,3,2023
8703,840 - Winchester,105,81306,5,2023
9822,840 - Winchester,117,100596,11,2023
10814,840 - Winchester,112,88182,10,2023
11810,840 - Winchester,108,97323,9,2023
871,840 - Winchester,137,114789,4,2024
1995,840 - Winchester,174,167709.48,8,2024
2989,840 - Winchester,143,119056,12,2024
3858,840 - Winchester,123,107607,2,2024
4852,840 - Winchester,118,97367,1,2024
5973,840 - Winchester,171,153624.2,7,2024
6842,840 - Winchester,155,145355.48,6,2024
7837,840 - Winchester,129,107096,3,2024
8828,840 - Winchester,145,136050.36,5,2024
9948,840 - Winchester,147,128411,11,2024
10940,840 - Winchester,156,123542,10,2024
11936,840 - Winchester,179,145345.88,9,2024
997,840 - Winchester,149,125045,4,2025
3984,840 - Winchester,143,124303,2,2025
4978,840 - Winchester,150,130637,1,2025
6968,840 - Winchester,148,127308,6,2025
7963,840 - Winchester,145,111962,3,2025
8954,840 - Winchester,148,127790,5,2025
